浦东,潍坊,潍坊九村,内环内,490,98632,2室0厅1厨1卫,49.68O,低楼层 (共6层),平层,东 南 北,一梯四户,简装,70年,砖混结构,无,,https://sh.lianjia.com/ershoufang/107101423181.html
浦东,高东,扬盛佳苑,中环至外环,408,33367,3室2厅2厨2卫,122.28O,低楼层 (共6层),平层,南,一梯两户,精装,70年,钢混结构,无,,https://sh.lianjia.com/ershoufang/107101482291.html
浦东,惠南,华钜御庭(二期)(公寓),外环外,330,36280,2室2厅1厨1卫,90.96O,低楼层 (共18层),平层,南,两梯两户,毛坯,70年,钢混结构,有,,https://sh.lianjia.com/ershoufang/107101061339.html
浦东,惠南,惠康苑,外环外,145,25000,1室1厅1厨1卫,58O,低楼层 (共18层),平层,南,两梯六户,毛坯,70年,钢混结构,有,,https://sh.lianjia.com/ershoufang/107100637039.html
浦东,金杨,金杨二街坊,内环至中环,260,62097,1室1厅1厨1卫,41.87O,低楼层 (共6层),暂无数据,南,一梯两户,简装,未知,砖混结构,无,,https://sh.lianjia.com/ershoufang/107000706813.html
浦东,泥城镇,丽都华庭,外环外,205,24016,2室1厅1厨1卫,85.36O,低楼层 (共13层),平层,东南,一梯两户,精装,70年,钢混结构,有,,https://sh.lianjia.com/ershoufang/107101472475.html
浦东,外高桥,南新西园,中环至外环,375,40998,2室2厅1厨1卫,91.47O,低楼层 (共11层),平层,南,一梯三户,毛坯,70年,钢混结构,有,,https://sh.lianjia.com/ershoufang/107100790072.html
浦东,川沙,东郊半岛,外环外,1200,40405,4室2厅1厨3卫,297O,低楼层 (共3层),,南,,简装,70年,钢混结构,,暂无数据,https://sh.lianjia.com/ershoufang/107002311733.html
浦东,金桥,金桥新村四街坊(长岛路1203弄),中环至外环,360,55385,2室1厅0厨1卫,65O,高楼层 (共6层),平层,南,一梯四户,简装,未知,砖混结构,无,,https://sh.lianjia.com/ershoufang/107100450604.html
浦东,康桥,达城锦园,外环外,218,39803,1室1厅1厨1卫,54.77O,中楼层 (共14层),平层,南,一梯三户,精装,未知,钢混结构,有,,https://sh.lianjia.com/ershoufang/107101358828.html
浦东,三林,翰城国际,内环至中环,560,57056,2室2厅1厨2卫,98.15O,低楼层 (共17层),平层,南 北,两梯三户,精装,70年,钢混结构,有,,https://sh.lianjia.com/ershoufang/107101314948.html
浦东,泥城镇,荷风翠庭,外环外,105,21034,1室1厅1厨1卫,49.92O,低楼层 (共4层),暂无数据,南,一梯三户,简装,未知,钢混结构,无,,https://sh.lianjia.com/ershoufang/107001974297.html
浦东,川沙,天和湖滨家园(公寓),外环外,508,31166,4室2厅1厨2卫,163O,低楼层 (共13层),平层,南 北,一梯两户,精装,70年,钢混结构,有,,https://sh.lianjia.com/ershoufang/107100704254.html
浦东,花木,新领地,内环内,555,43968,3室2厅1厨2卫,126.23O,中楼层 (共29层),暂无数据,东北,三梯十二户,简装,50年,钢混结构,有,,https://sh.lianjia.com/ershoufang/107100603852.html
浦东,金桥,金桥湾清水苑,中环至外环,400,58233,2室1厅1厨1卫,68.69O,中楼层 (共6层),平层,南,一梯两户,简装,未知,砖混结构,无,,https://sh.lianjia.com/ershoufang/107101016931.html
浦东,康桥,达城锦园,外环外,295,38903,2室1厅1厨1卫,75.83O,低楼层 (共14层),平层,南,一梯三户,简装,未知,钢混结构,有,,https://sh.lianjia.com/ershoufang/107100390867.html
浦东,三林,浦发绿城西泰林路750弄,,525,43157,3室2厅1厨2卫,121.65O,中楼层 (共6层),暂无数据,南,一梯两户,精装,未知,钢混结构,无,,https://sh.lianjia.com/ershoufang/107002161099.html
浦东,大团镇,同润蓝美俊庭,外环外,187,21250,2室2厅1厨1卫,88O,中楼层 (共18层),平层,南,两梯四户,毛坯,70年,钢混结构,有,,https://sh.lianjia.com/ershoufang/107100956121.html
浦东,川沙,凌港城,外环外,178,30360,2室1厅1厨1卫,58.63O,低楼层 (共6层),平层,南,一梯两户,简装,70年,钢混结构,无,,https://sh.lianjia.com/ershoufang/107101064220.html
浦东,外高桥,和祥佳园,中环至外环,483,40250,3室2厅1厨2卫,120O,高楼层 (共14层),平层,南,一梯两户,精装,未知,钢混结构,有,,https://sh.lianjia.com/ershoufang/107100410867.html
浦东,康桥,城中花园,外环外,402,41788,3室2厅1厨1卫,96.2O,低楼层 (共12层),暂无数据,南,一梯两户,精装,70年,钢混结构,有,,https://sh.lianjia.com/ershoufang/107101025004.html
浦东,潍坊,潍坊四村,内环内,235,70192,1室1厅1厨1卫,33.48O,高楼层 (共6层),平层,南,一梯四户,简装,未知,砖混结构,无,,https://sh.lianjia.com/ershoufang/107101093107.html
浦东,川沙,凌港城,外环外,248,29000,2室2厅1厨1卫,85.52O,高楼层 (共6层),平层,南,一梯两户,精装,未知,钢混结构,无,,https://sh.lianjia.com/ershoufang/107101506723.html
浦东,张江,阳光花城,内环至中环,620,63021,2室2厅1厨1卫,98.38O,高楼层 (共19层),平层,南,两梯三户,简装,未知,钢混结构,有,,https://sh.lianjia.com/ershoufang/107101253404.html
浦东,北蔡,万邦都市花园,内环至中环,475,83334,1室1厅1厨1卫,57O,低楼层 (共16层),平层,南,两梯五户,精装,70年,钢混结构,有,,https://sh.lianjia.com/ershoufang/107101009627.html
浦东,川沙,华川家园,外环外,488,43163,3室2厅1厨1卫,113.06O,中楼层 (共15层),平层,南,一梯四户,毛坯,70年,钢混结构,暂无数据,,https://sh.lianjia.com/ershoufang/107101272562.html
浦东,北蔡,绿川新苑,内环至中环,415,49517,3室1厅1厨1卫,83.81O,低楼层 (共6层),平层,南,一梯两户,简装,未知,砖混结构,无,,https://sh.lianjia.com/ershoufang/107101438924.html
浦东,塘桥,家化滨江苑,内环内,4000,89775,5室2厅1厨3卫,445.56O,低楼层 (共35层),暂无数据,南,一梯一户,其他,未知,钢混结构,有,,https://sh.lianjia.com/ershoufang/107101303086.html
浦东,杨东,涵合园(公寓),内环内,1188,72018,3室2厅1厨2卫,164.96O,低楼层 (共3层),暂无数据,南,一梯两户,精装,未知,钢混结构,无,,https://sh.lianjia.com/ershoufang/107000212095.html
浦东,张江,春港丽园(公寓),内环至中环,510,41410,3室2厅1厨2卫,123.16O,高楼层 (共6层),暂无数据,南,一梯两户,精装,未知,砖混结构,无,,https://sh.lianjia.com/ershoufang/107001682965.html
浦东,花木,浦东世纪花园(公寓),内环内,2100,92761,4室2厅1厨2卫,226.39O,低楼层 (共30层),平层,南,两梯两户,精装,未知,钢混结构,有,,https://sh.lianjia.com/ershoufang/107101325074.html
浦东,金桥,兰城小区,中环至外环,360,56058,2室1厅1厨1卫,64.22O,高楼层 (共6层),平层,南,一梯四户,简装,未知,砖混结构,无,,https://sh.lianjia.com/ershoufang/107101105324.html
浦东,三林,联丰二期,内环至中环,410,57910,2室1厅1厨1卫,70.8O,高楼层 (共6层),平层,南,一梯两户,精装,未知,砖混结构,无,,https://sh.lianjia.com/ershoufang/107100605124.html
浦东,金桥,金桥好人家,中环至外环,676,60918,3室2厅1厨1卫,110.97O,中楼层 (共5层),平层,南,一梯两户,精装,未知,钢混结构,无,,https://sh.lianjia.com/ershoufang/107101448282.html
浦东,川沙,界龙新世纪公寓,外环外,540,38769,3室2厅1厨2卫,139.29O,中楼层 (共5层),暂无数据,南,一梯两户,精装,未知,钢混结构,无,,https://sh.lianjia.com/ershoufang/107002160041.html
浦东,世博,昌七小区,内环至中环,355,47530,2室2厅1厨1卫,74.69O,高楼层 (共6层),平层,南,一梯两户,简装,70年,砖混结构,无,,https://sh.lianjia.com/ershoufang/107100200525.html
浦东,高行,幸福小镇,中环至外环,388,51803,2室1厅1厨1卫,74.9O,中楼层 (共5层),平层,南,一梯两户,精装,70年,钢混结构,无,,https://sh.lianjia.com/ershoufang/107100984441.html
浦东,金桥,金桥横街小区,中环至外环,370,57507,2室1厅1厨1卫,64.34O,高楼层 (共6层),暂无数据,南,一梯两户,简装,70年,混合结构,无,,https://sh.lianjia.com/ershoufang/107002314527.html
浦东,陆家嘴,东园三村,内环内,720,70340,3室2厅1厨1卫,102.36O,高楼层 (共26层),平层,东南,两梯六户,简装,70年,钢混结构,有,,https://sh.lianjia.com/ershoufang/107101210939.html
浦东,外高桥,陆凌新村,中环至外环,300,34735,2室1厅1厨1卫,86.37O,中楼层 (共6层),平层,南,一梯两户,简装,未知,砖混结构,无,,https://sh.lianjia.com/ershoufang/107001764215.html
浦东,惠南,布鲁斯小镇(一期)(别墅),外环外,490,27719,5室2厅1厨3卫,176.78O,低楼层 (共3层),,南,,毛坯,70年,未知结构,,联排,https://sh.lianjia.com/ershoufang/107100160260.html
浦东,联洋,仁恒河滨城(一期),内环内,1300,99169,3室2厅1厨2卫,131.09O,中楼层 (共26层),暂无数据,东南 南,两梯四户,精装,70年,钢混结构,有,,https://sh.lianjia.com/ershoufang/107100712412.html
浦东,康桥,世茂云图,外环外,486,57130,3室2厅1厨1卫,85.07O,中楼层 (共16层),平层,南,两梯四户,精装,70年,钢混结构,有,,https://sh.lianjia.com/ershoufang/107101160537.html
浦东,金杨,寺前浜,内环至中环,235,49412,1室1厅1厨1卫,47.56O,低楼层 (共6层),暂无数据,南,一梯三户,毛坯,未知,砖混结构,无,,https://sh.lianjia.com/ershoufang/107101425302.html
浦东,三林,东方滨港园,内环至中环,730,75609,2室2厅1厨2卫,96.55O,高楼层 (共6层),平层,南 北,一梯两户,精装,未知,钢混结构,无,,https://sh.lianjia.com/ershoufang/107100925777.html
浦东,惠南,听潮二村,外环外,198,23654,3室1厅1厨1卫,83.71O,高楼层 (共5层),暂无数据,南,一梯两户,简装,未知,砖混结构,无,,https://sh.lianjia.com/ershoufang/107000721639.html
浦东,世博,上钢二村,内环至中环,325,61137,3室1厅1厨1卫,53.16O,低楼层 (共6层),平层,南 北,一梯两户,精装,未知,砖混结构,无,,https://sh.lianjia.com/ershoufang/107101039880.html
浦东,世博,浦三路759弄,内环至中环,310,46680,2室1厅1厨1卫,66.41O,高楼层 (共6层),暂无数据,南,一梯三户,简装,未知,砖混结构,无,,https://sh.lianjia.com/ershoufang/107000914433.html
浦东,北蔡,浦东星河湾,内环至中环,2500,102062,4室2厅1厨4卫,244.95O,中楼层 (共15层),平层,南 北,两梯两户,简装,70年,钢混结构,有,,https://sh.lianjia.com/ershoufang/107101213686.html
浦东,唐镇,保集澜湾(别墅),外环外,1680,64123,4室2厅1厨4卫,262O,低楼层 (共1层),,南,,精装,70年,钢混结构,,联排,https://sh.lianjia.com/ershoufang/107100437319.html
浦东,洋泾,洋泾花园城,内环内,820,67330,3室2厅1厨2卫,121.79O,中楼层 (共6层),暂无数据,南,一梯两户,精装,未知,砖混结构,无,,https://sh.lianjia.com/ershoufang/107100642713.html
浦东,潍坊,潍坊四村,内环内,341,65464,2室1厅1厨1卫,52.09O,中楼层 (共6层),平层,南,一梯四户,简装,未知,砖混结构,无,,https://sh.lianjia.com/ershoufang/107101017274.html
浦东,北蔡,玉兰小区,内环至中环,182,49336,1室1厅1厨1卫,36.89O,高楼层 (共6层),平层,南,一梯四户,简装,未知,砖混结构,无,,https://sh.lianjia.com/ershoufang/107101154008.html
浦东,周浦,安康新村,外环外,310,36536,3室1厅1厨1卫,84.85O,中楼层 (共5层),平层,南,一梯两户,精装,未知,砖混结构,无,,https://sh.lianjia.com/ershoufang/107101369995.html
浦东,周浦,公元新村,外环外,150,36874,1室1厅1厨1卫,40.68O,高楼层 (共5层),平层,南,一梯三户,简装,未知,砖混结构,无,,https://sh.lianjia.com/ershoufang/107101058066.html
浦东,周浦,小上海新城,外环外,320,38485,2室2厅1厨1卫,83.15O,低楼层 (共18层),平层,南,一梯三户,简装,未知,钢混结构,有,,https://sh.lianjia.com/ershoufang/107100390008.html
浦东,惠南,中汇花园(南汇),外环外,215,23975,3室1厅1厨1卫,89.68O,中楼层 (共6层),平层,南 北,一梯两户,简装,70年,砖混结构,无,,https://sh.lianjia.com/ershoufang/107101501906.html
浦东,新场,汇善嘉苑,外环外,240,32433,2室1厅1厨1卫,74O,低楼层 (共20层),暂无数据,南,一梯四户,简装,70年,钢混结构,暂无数据,,https://sh.lianjia.com/ershoufang/107101262268.html
浦东,金杨,云山星座苑,内环至中环,1480,82063,4室2厅1厨2卫,180.35O,高楼层 (共11层),复式,南,一梯两户,精装,未知,钢混结构,有,,https://sh.lianjia.com/ershoufang/107101154358.html
浦东,外高桥,富特三村,中环至外环,260,45495,2室1厅1厨1卫,57.15O,高楼层 (共6层),平层,南,一梯三户,简装,70年,砖混结构,无,,https://sh.lianjia.com/ershoufang/107101187229.html
浦东,陆家嘴,东港公寓,内环内,295,71291,1室1厅1厨1卫,41.38O,低楼层 (共15层),平层,南,两梯七户,精装,未知,钢混结构,有,,https://sh.lianjia.com/ershoufang/107101128406.html
浦东,南码头,欣宇小区,内环至中环,550,64951,2室2厅1厨1卫,84.68O,高楼层 (共6层),暂无数据,南,一梯两户,简装,未知,砖混结构,无,,https://sh.lianjia.com/ershoufang/107002171325.html
浦东,三林,艾南小区,内环至中环,312,42934,3室1厅1厨1卫,72.67O,中楼层 (共6层),平层,南,一梯四户,简装,未知,砖混结构,无,,https://sh.lianjia.com/ershoufang/107100461597.html
浦东,唐镇,金唐公寓,外环外,370,41799,2室2厅1厨1卫,88.52O,低楼层 (共6层),暂无数据,南,一梯两户,精装,未知,钢混结构,无,,https://sh.lianjia.com/ershoufang/107101507204.html
浦东,万祥镇,凯德新视界(一期),外环外,170,20255,2室1厅1厨1卫,83.93O,高楼层 (共18层),平层,南,一梯四户,精装,70年,钢混结构,有,,https://sh.lianjia.com/ershoufang/107100776480.html
浦东,三林,晶耀名邸,内环至中环,1550,106165,3室2厅1厨3卫,146O,低楼层 (共13层),平层,南,两梯两户,精装,70年,钢混结构,有,,https://sh.lianjia.com/ershoufang/107101072663.html
浦东,陆家嘴,盛大金磐,内环内,2800,105058,3室1厅1厨4卫,266.52O,低楼层 (共43层),平层,南,三梯两户,精装,70年,钢混结构,有,,https://sh.lianjia.com/ershoufang/107101262985.html
浦东,北蔡,海上国际花园(一期),内环至中环,687,75346,2室2厅1厨1卫,91.18O,中楼层 (共18层),平层,南,两梯三户,精装,未知,钢混结构,有,,https://sh.lianjia.com/ershoufang/107101326743.html
浦东,川沙,施镇公寓,外环外,205,26974,2室1厅1厨1卫,76O,高楼层 (共6层),平层,南,一梯两户,毛坯,70年,未知结构,无,,https://sh.lianjia.com/ershoufang/107101179225.html
浦东,北蔡,连波路228弄,内环至中环,340,57686,2室1厅1厨1卫,58.94O,低楼层 (共6层),平层,南,一梯两户,简装,70年,砖混结构,无,,https://sh.lianjia.com/ershoufang/107101273213.html
浦东,源深,梅园三村,内环内,600,79471,3室1厅1厨1卫,75.5O,高楼层 (共5层),平层,南 北,一梯两户,简装,未知,砖混结构,无,,https://sh.lianjia.com/ershoufang/107100797641.html
浦东,金桥,爱法新城,中环至外环,578,61126,2室2厅1厨1卫,94.56O,中楼层 (共11层),暂无数据,南 北,一梯两户,精装,未知,钢混结构,有,,https://sh.lianjia.com/ershoufang/107101177564.html
浦东,周浦,绿地东上海,外环外,620,49207,3室2厅1厨2卫,126O,低楼层 (共21层),平层,南 北,一梯两户,精装,70年,钢混结构,有,,https://sh.lianjia.com/ershoufang/107100083213.html
浦东,金桥,朱家门小区,中环至外环,313,44235,2室1厅1厨1卫,70.76O,高楼层 (共6层),平层,南,一梯两户,简装,70年,砖混结构,无,,https://sh.lianjia.com/ershoufang/107101359501.html
浦东,张江,陶园,内环至中环,2860,96828,5室3厅3厨3卫,295.37O,低楼层 (共2层),,南,,简装,未知,钢混结构,,独栋,https://sh.lianjia.com/ershoufang/107100803849.html
浦东,潍坊,朱家滩小区,内环内,465,111833,1室1厅1厨1卫,41.58O,低楼层 (共6层),平层,南,一梯四户,精装,未知,砖混结构,无,,https://sh.lianjia.com/ershoufang/107101361139.html
浦东,三林,都林嘉苑南苑(杨南路1168弄),内环至中环,530,59278,2室2厅1厨1卫,89.41O,高楼层 (共6层),平层,南 北,一梯两户,精装,未知,钢混结构,无,,https://sh.lianjia.com/ershoufang/107101128241.html
浦东,北蔡,大华锦绣华城(十六街区)(公寓),内环至中环,885,81074,2室2厅1厨1卫,109.16O,中楼层 (共6层),平层,南 北,一梯两户,精装,70年,钢混结构,无,,https://sh.lianjia.com/ershoufang/107101186103.html
浦东,北蔡,大华锦绣华城(二街区),内环至中环,497,65672,2室1厅1厨1卫,75.68O,中楼层 (共18层),暂无数据,南 北,两梯五户,简装,70年,钢混结构,有,,https://sh.lianjia.com/ershoufang/107101352336.html
浦东,北蔡,南新四村,内环至中环,268.5,48301,2室1厅1厨1卫,55.59O,中楼层 (共6层),平层,南,一梯四户,简装,未知,砖混结构,无,,https://sh.lianjia.com/ershoufang/107101001084.html
浦东,潍坊,潍坊九村,内环内,410,105021,1室1厅1厨1卫,39.04O,高楼层 (共6层),平层,南,一梯四户,简装,70年,砖混结构,无,,https://sh.lianjia.com/ershoufang/107101419095.html
浦东,南码头,临沂六村,内环至中环,185,50190,1室1厅1厨1卫,36.86O,高楼层 (共6层),平层,南,一梯四户,精装,70年,砖混结构,无,,https://sh.lianjia.com/ershoufang/107101276251.html
浦东,潍坊,潍坊九村,内环内,469,90927,2室1厅1厨1卫,51.58O,高楼层 (共6层),平层,南 西 北,一梯四户,精装,未知,砖混结构,无,,https://sh.lianjia.com/ershoufang/107101256750.html
浦东,世博,德州一村,内环至中环,258,52514,2室1厅1厨1卫,49.13O,中楼层 (共6层),平层,东南,一梯五户,简装,未知,砖混结构,无,,https://sh.lianjia.com/ershoufang/107100830333.html
浦东,金杨,蝶恋园,内环至中环,650,69408,2室1厅1厨1卫,93.65O,中楼层 (共6层),平层,南,一梯两户,精装,未知,钢混结构,无,,https://sh.lianjia.com/ershoufang/107100596901.html
浦东,御桥,御桥花园,中环至外环,590,52679,3室2厅1厨2卫,112O,高楼层 (共6层),复式,南,一梯六户,精装,未知,砖混结构,无,,https://sh.lianjia.com/ershoufang/107101297154.html
浦东,潍坊,潍坊六村,内环内,390,99643,1室1厅1厨1卫,39.14O,高楼层 (共6层),暂无数据,南,一梯四户,精装,未知,砖混结构,无,,https://sh.lianjia.com/ershoufang/107101283264.html
浦东,周浦,汇福家园吉祥里,外环外,265,35044,2室1厅1厨1卫,75.62O,高楼层 (共18层),平层,南,两梯四户,毛坯,未知,钢混结构,有,,https://sh.lianjia.com/ershoufang/107101243296.html
浦东,陆家嘴,世茂滨江花园,内环内,3350,106064,4室2厅1厨4卫,315.85O,中楼层 (共45层),平层,西北,三梯两户,精装,70年,钢混结构,有,,https://sh.lianjia.com/ershoufang/107100434866.html
浦东,康桥,康桥干部村,外环外,430,32534,3室2厅1厨2卫,132.17O,高楼层 (共6层),平层,南 北,一梯两户,简装,未知,砖混结构,无,,https://sh.lianjia.com/ershoufang/107100475870.html
浦东,金桥,荷一小区,中环至外环,225,46623,1室1厅1厨1卫,48.26O,中楼层 (共6层),平层,南,一梯三户,精装,未知,砖混结构,无,,https://sh.lianjia.com/ershoufang/107101492197.html
浦东,康桥,康桥月苑,外环外,210,39172,1室1厅1厨1卫,53.61O,中楼层 (共14层),平层,南,一梯三户,精装,未知,钢混结构,有,,https://sh.lianjia.com/ershoufang/107101460981.html
浦东,曹路,龚路新城,外环外,280,36843,2室1厅1厨1卫,76O,低楼层 (共6层),暂无数据,南,一梯两户,毛坯,未知,钢混结构,无,,https://sh.lianjia.com/ershoufang/107002255231.html
浦东,惠南,听潮六村,外环外,560,23141,4室3厅1厨4卫,242O,低楼层 (共1层),暂无数据,南,一梯一户,简装,70年,砖混结构,无,,https://sh.lianjia.com/ershoufang/107000922031.html
浦东,花木,浦东世纪花园(公寓),内环内,1680,88889,4室2厅1厨2卫,189O,低楼层 (共22层),暂无数据,南,两梯两户,精装,70年,钢混结构,有,,https://sh.lianjia.com/ershoufang/107100911800.html
浦东,惠南,远洋万和四季,外环外,315,31500,3室2厅0厨1卫,100O,中楼层 (共17层),平层,南,两梯四户,简装,70年,钢混结构,有,,https://sh.lianjia.com/ershoufang/107101426346.html
浦东,潍坊,新明大楼,内环内,630,93974,2室1厅1厨1卫,67.04O,高楼层 (共18层),平层,南,两梯八户,简装,未知,钢混结构,有,,https://sh.lianjia.com/ershoufang/107101311962.html
浦东,三林,恒大华城长清苑,内环至中环,872,58289,3室2厅1厨2卫,149.6O,高楼层 (共6层),跃层,南,一梯两户,其他,未知,钢混结构,无,,https://sh.lianjia.com/ershoufang/107101323750.html
浦东,张江,汤臣豪庭,内环至中环,1350,62964,5室2厅1厨3卫,214.41O,低楼层 (共3层),,南,,精装,70年,钢混结构,,叠拼,https://sh.lianjia.com/ershoufang/107100751802.html
浦东,航头,鹤沙航城瑞馨苑,外环外,225,29451,2室1厅1厨1卫,76.4O,低楼层 (共14层),暂无数据,南,一梯四户,其他,70年,钢混结构,暂无数据,,https://sh.lianjia.com/ershoufang/107101371060.html
浦东,北蔡,由由四村,内环至中环,249,47601,1室1厅1厨1卫,52.31O,高楼层 (共6层),平层,南,一梯两户,简装,未知,砖混结构,无,,https://sh.lianjia.com/ershoufang/107101094306.html
浦东,高行,幸福小镇,中环至外环,485,50125,2室1厅1厨1卫,96.76O,中楼层 (共6层),平层,南 北,一梯两户,精装,70年,钢混结构,有,,https://sh.lianjia.com/ershoufang/107101309764.html
浦东,三林,三林苑,中环至外环,356,50583,2室1厅1厨1卫,70.38O,低楼层 (共6层),平层,南,一梯两户,精装,70年,砖混结构,无,,https://sh.lianjia.com/ershoufang/107100552016.html
浦东,惠南,听潮民乐苑,外环外,288,26360,3室2厅1厨1卫,109.26O,低楼层 (共5层),平层,南 北,一梯两户,简装,未知,钢混结构,无,,https://sh.lianjia.com/ershoufang/107101377224.html
浦东,惠南,布鲁斯小镇(二期)(别墅),,490,32451,3室1厅1厨2卫,151O,低楼层 (共3层),,南,,毛坯,70年,钢混结构,,联排,https://sh.lianjia.com/ershoufang/107100664281.html
浦东,金杨,金杨新村三街坊,内环至中环,210,49169,1室1厅1厨1卫,42.71O,高楼层 (共7层),平层,南 北,一梯两户,简装,70年,砖混结构,无,,https://sh.lianjia.com/ershoufang/107101416054.html
浦东,外高桥,潼港六村,中环至外环,193,37955,2室0厅1厨1卫,50.85O,中楼层 (共6层),平层,南,一梯四户,精装,70年,砖混结构,无,,https://sh.lianjia.com/ershoufang/107100636601.html
浦东,外高桥,潼港八村,中环至外环,210,33871,2室1厅1厨1卫,62O,高楼层 (共6层),平层,南,一梯两户,简装,未知,砖混结构,无,,https://sh.lianjia.com/ershoufang/107100497303.html
浦东,外高桥,东兴苑,中环至外环,375,44638,2室1厅1厨1卫,84.01O,低楼层 (共6层),暂无数据,南,一梯两户,简装,未知,钢混结构,无,,https://sh.lianjia.com/ershoufang/107101281347.html
浦东,宣桥,艺泰安邦,外环外,280,25674,2室2厅1厨1卫,109.06O,低楼层 (共17层),平层,南 北,两梯三户,精装,70年,钢混结构,有,,https://sh.lianjia.com/ershoufang/107101452417.html
浦东,周浦,九龙仓兰廷,外环外,780,60000,3室2厅1厨2卫,130O,高楼层 (共18层),平层,南 北,一梯两户,精装,70年,钢混结构,暂无数据,,https://sh.lianjia.com/ershoufang/107101481996.html
浦东,陆家嘴,滨江兰庭,内环内,1430,83626,3室2厅1厨2卫,171O,低楼层 (共23层),平层,南,两梯两户,精装,70年,钢混结构,有,,https://sh.lianjia.com/ershoufang/107100784432.html
浦东,祝桥,祝安苑,外环外,199,30225,2室1厅0厨1卫,65.84O,高楼层 (共5层),平层,南,一梯两户,毛坯,未知,钢混结构,无,,https://sh.lianjia.com/ershoufang/107101388765.html
浦东,外高桥,富特五村,中环至外环,240,38549,2室1厅1厨1卫,62.26O,中楼层 (共6层),暂无数据,南,一梯两户,精装,未知,砖混结构,无,,https://sh.lianjia.com/ershoufang/107101292359.html
浦东,潍坊,泉东小区,内环内,585,95464,2室0厅1厨1卫,61.28O,低楼层 (共6层),平层,南,一梯三户,简装,70年,砖混结构,无,,https://sh.lianjia.com/ershoufang/107100306228.html
浦东,金桥,金桥新村一街坊,中环至外环,305,43961,2室1厅1厨1卫,69.38O,中楼层 (共6层),平层,南,一梯四户,简装,未知,砖混结构,无,,https://sh.lianjia.com/ershoufang/107101185949.html
浦东,世博,济阳一村,内环至中环,230,53266,1室1厅1厨1卫,43.18O,中楼层 (共6层),平层,南,一梯三户,精装,未知,砖混结构,无,,https://sh.lianjia.com/ershoufang/107101226675.html
浦东,世博,上南七村,内环至中环,192,51655,1室1厅1厨1卫,37.17O,高楼层 (共6层),平层,南,一梯五户,精装,未知,砖混结构,无,,https://sh.lianjia.com/ershoufang/107100754227.html
浦东,金桥,绿城上海御园,中环至外环,1750,96600,4室2厅1厨2卫,181.16O,高楼层 (共5层),平层,南 北,一梯两户,精装,70年,钢混结构,有,,https://sh.lianjia.com/ershoufang/107101195566.html
浦东,三林,成发苑,内环至中环,640,64975,2室2厅1厨2卫,98.5O,中楼层 (共17层),平层,南,一梯三户,精装,未知,钢混结构,有,,https://sh.lianjia.com/ershoufang/107101363850.html
浦东,塘桥,蓝村大厦,内环内,720,46240,3室2厅1厨2卫,155.71O,高楼层 (共28层),暂无数据,南,两梯六户,简装,70年,钢混结构,有,,https://sh.lianjia.com/ershoufang/107101408313.html
浦东,北蔡,鹏健苑,内环至中环,355,59795,1室1厅0厨1卫,59.37O,高楼层 (共13层),暂无数据,南,一梯三户,其他,未知,钢混结构,有,,https://sh.lianjia.com/ershoufang/107101517013.html
浦东,川沙,贝越水岸名邸,外环外,550,54338,2室2厅1厨1卫,101.22O,中楼层 (共8层),平层,南,一梯两户,简装,70年,钢混结构,有,,https://sh.lianjia.com/ershoufang/107001372391.html
浦东,惠南,德盈佳园,外环外,238,18308,3室2厅1厨2卫,130O,低楼层 (共11层),平层,南 北,一梯两户,毛坯,未知,钢混结构,有,,https://sh.lianjia.com/ershoufang/107101441847.html
浦东,临港新城,滴水湖馨苑,外环外,350,36176,2室1厅1厨1卫,96.75O,低楼层 (共5层),暂无数据,南 北,一梯两户,其他,未知,钢混结构,无,,https://sh.lianjia.com/ershoufang/107101066436.html
浦东,泥城镇,碧桂园浦东星作,外环外,410,25490,4室2厅1厨3卫,160.85O,低楼层 (共2层),暂无数据,南,一梯两户,毛坯,70年,未知结构,暂无数据,,https://sh.lianjia.com/ershoufang/107101176166.html
浦东,北蔡,大华锦绣华城(十四街区),内环至中环,580,86568,2室1厅1厨1卫,67O,低楼层 (共17层),暂无数据,南,两梯四户,精装,70年,钢混结构,有,,https://sh.lianjia.com/ershoufang/107001334975.html
浦东,大团镇,汇民锦苑,外环外,158,18500,2室1厅1厨1卫,85.41O,高楼层 (共6层),平层,南,一梯两户,毛坯,70年,砖混结构,无,,https://sh.lianjia.com/ershoufang/107101220276.html
浦东,金桥,金桥新家园,中环至外环,535,53166,2室2厅1厨1卫,100.63O,高楼层 (共20层),暂无数据,南,两梯十户,简装,70年,钢混结构,有,,https://sh.lianjia.com/ershoufang/107000296505.html
浦东,塘桥,东方城市花园(二期),内环至中环,800,65931,2室2厅1厨2卫,121.34O,高楼层 (共31层),平层,南,两梯三户,精装,70年,钢混结构,有,,https://sh.lianjia.com/ershoufang/107101184363.html
浦东,唐镇,白金瀚宫,外环外,3399,89995,4室2厅1厨4卫,377.69O,低楼层 (共3层),,南,,精装,未知,钢混结构,,独栋,https://sh.lianjia.com/ershoufang/107101141594.html
浦东,张江,万科翡翠公园,内环至中环,1500,100000,3室2厅1厨2卫,150O,低楼层 (共16层),暂无数据,南,一梯两户,精装,70年,钢混结构,暂无数据,,https://sh.lianjia.com/ershoufang/107002052315.html
浦东,联洋,联洋花园(一期),内环内,1970,88061,6室2厅1厨4卫,223.71O,高楼层 (共11层),复式,南,一梯两户,精装,70年,钢混结构,有,,https://sh.lianjia.com/ershoufang/107101180033.html
浦东,金杨,金杨新村三街坊,内环至中环,285,46914,2室1厅1厨1卫,60.75O,高楼层 (共6层),平层,南,一梯四户,简装,未知,砖混结构,无,,https://sh.lianjia.com/ershoufang/107100042061.html
浦东,世博,洪高小区,内环至中环,370,53276,2室1厅1厨1卫,69.45O,高楼层 (共16层),平层,东北,两梯八户,简装,70年,钢混结构,有,,https://sh.lianjia.com/ershoufang/107101027157.html
浦东,潍坊,潍坊九村,内环内,467,98172,2室1厅1厨1卫,47.57O,低楼层 (共6层),平层,南,一梯四户,简装,未知,砖混结构,无,,https://sh.lianjia.com/ershoufang/107101390389.html
浦东,金桥,碧云公馆,中环至外环,645,55546,2室1厅1厨1卫,116.12O,高楼层 (共26层),暂无数据,南,一梯十二户,其他,50年,钢混结构,暂无数据,,https://sh.lianjia.com/ershoufang/107100340619.html
浦东,惠南,红光花苑,外环外,155,28704,1室1厅1厨1卫,54O,低楼层 (共3层),平层,南,一梯两户,简装,未知,钢混结构,无,,https://sh.lianjia.com/ershoufang/107101023169.html
浦东,世博,济阳一村,内环至中环,200,46318,1室1厅1厨1卫,43.18O,高楼层 (共6层),平层,南,一梯三户,简装,未知,砖混结构,无,,https://sh.lianjia.com/ershoufang/107100828414.html
浦东,康桥,双秀北园,外环外,380,35186,2室2厅1厨1卫,108O,高楼层 (共6层),平层,南,一梯两户,简装,未知,钢混结构,无,,https://sh.lianjia.com/ershoufang/107100222503.html
浦东,周浦,周东二村,外环外,265,33545,3室1厅1厨1卫,79O,中楼层 (共6层),平层,南,一梯两户,简装,未知,砖混结构,无,,https://sh.lianjia.com/ershoufang/107101412061.html
浦东,宣桥,欣春苑,外环外,215,20335,2室2厅1厨1卫,105.73O,高楼层 (共11层),平层,南,一梯三户,其他,未知,钢混结构,暂无数据,,https://sh.lianjia.com/ershoufang/107101508835.html
浦东,世博,德州二村,内环至中环,295,56384,2室1厅1厨1卫,52.32O,高楼层 (共6层),平层,南,一梯四户,精装,未知,砖混结构,无,,https://sh.lianjia.com/ershoufang/107101449994.html
浦东,花木,锦绣前程阳光苑,内环内,900,84121,3室1厅1厨1卫,106.99O,高楼层 (共10层),平层,南,两梯两户,精装,未知,钢混结构,有,,https://sh.lianjia.com/ershoufang/107101217322.html
浦东,曹路,金领国际(公寓),外环外,290,41042,2室1厅1厨1卫,70.66O,中楼层 (共11层),平层,南,一梯四户,精装,70年,钢混结构,有,,https://sh.lianjia.com/ershoufang/107101175303.html
浦东,康桥,康桥宝邸,外环外,405,39993,3室2厅1厨1卫,101.27O,高楼层 (共14层),平层,南 北,一梯三户,精装,未知,钢混结构,有,,https://sh.lianjia.com/ershoufang/107100910708.html
浦东,高行,绿地崴廉公寓,中环至外环,530,53557,2室2厅1厨1卫,98.96O,低楼层 (共16层),平层,南,一梯三户,简装,未知,钢混结构,有,,https://sh.lianjia.com/ershoufang/107100685852.html
浦东,世博,上南花城,内环至中环,905,71221,3室2厅1厨2卫,127.07O,中楼层 (共6层),暂无数据,南 北,一梯两户,精装,未知,钢混结构,无,,https://sh.lianjia.com/ershoufang/107101448256.html
浦东,周浦,百花新村,外环外,339,33591,2室2厅1厨1卫,100.92O,中楼层 (共6层),暂无数据,南 北,一梯两户,精装,未知,砖混结构,无,,https://sh.lianjia.com/ershoufang/107101221041.html
浦东,金桥,森兰名轩(二期),近6号线东靖路站,940,73813,3室2厅1厨2卫,127.35O,中楼层 (共11层),平层,南,一梯两户,毛坯,70年,未知结构,有,,https://sh.lianjia.com/ershoufang/107101216858.html
浦东,川沙,妙境公寓,外环外,335,31709,2室2厅1厨1卫,105.65O,低楼层 (共5层),暂无数据,暂无数据,一梯两户,简装,未知,砖混结构,无,,https://sh.lianjia.com/ershoufang/107001174733.html
浦东,康桥,康桥月苑,外环外,255,35154,2室1厅1厨1卫,72.54O,高楼层 (共6层),平层,南 北,一梯两户,毛坯,未知,钢混结构,无,,https://sh.lianjia.com/ershoufang/107101223611.html
浦东,花木,新领地,内环内,280,45440,1室1厅1厨1卫,61.62O,高楼层 (共29层),平层,北,三梯十六户,简装,50年,钢混结构,有,,https://sh.lianjia.com/ershoufang/107100341386.html
浦东,新场,东方冠郡,外环外,348,34870,2室2厅1厨1卫,99.8O,高楼层 (共18层),平层,南 北,一梯两户,精装,未知,钢混结构,有,,https://sh.lianjia.com/ershoufang/107101281659.html
浦东,惠南,东方听潮豪园,外环外,360,30083,2室2厅1厨1卫,119.67O,中楼层 (共14层),平层,南 北,一梯两户,精装,未知,钢混结构,有,,https://sh.lianjia.com/ershoufang/107101088413.html
浦东,宣桥,艺泰安邦,外环外,241,26443,2室2厅1厨1卫,91.14O,低楼层 (共10层),平层,南 北,两梯四户,精装,70年,钢混结构,有,,https://sh.lianjia.com/ershoufang/107100649232.html
浦东,康桥,康桥半岛密苏里假日公寓,外环外,930,56767,3室2厅1厨2卫,163.83O,高楼层 (共4层),暂无数据,南,一梯两户,精装,70年,钢混结构,无,,https://sh.lianjia.com/ershoufang/107101273608.html
浦东,北蔡,南杨花园,内环至中环,245,52273,1室1厅1厨1卫,46.87O,高楼层 (共6层),平层,南,一梯两户,简装,70年,砖混结构,无,,https://sh.lianjia.com/ershoufang/107101103462.html
浦东,北蔡,华佳花园,内环至中环,425,54938,2室1厅1厨1卫,77.36O,中楼层 (共7层),平层,南,一梯两户,简装,70年,钢混结构,无,,https://sh.lianjia.com/ershoufang/107101317928.html
浦东,碧云,品赏碧云,内环至中环,1120,85956,3室2厅1厨2卫,130.3O,低楼层 (共10层),平层,南,一梯两户,精装,70年,钢混结构,有,,https://sh.lianjia.com/ershoufang/107000386127.html
浦东,北蔡,大华锦绣华城(十八街区)(公寓),内环至中环,920,83606,3室2厅1厨1卫,110.04O,高楼层 (共16层),平层,南,两梯四户,精装,未知,钢混结构,有,,https://sh.lianjia.com/ershoufang/107101374060.html
浦东,航头,长达佳苑宜居尚城,外环外,285,32759,2室2厅1厨1卫,87O,中楼层 (共5层),暂无数据,南,一梯两户,简装,未知,钢混结构,无,,https://sh.lianjia.com/ershoufang/107001959153.html
浦东,新场,东方冠郡(一期),外环外,278,31689,4室2厅1厨2卫,87.73O,高楼层 (共4层),暂无数据,南,一梯两户,精装,70年,未知结构,暂无数据,,https://sh.lianjia.com/ershoufang/107001027895.html
浦东,金桥,蓝城小区,中环至外环,258,58597,1室1厅1厨1卫,44.03O,高楼层 (共6层),平层,南,一梯四户,精装,未知,砖混结构,无,,https://sh.lianjia.com/ershoufang/107101306635.html
浦东,杨东,陆家嘴中央公寓,内环内,1170,95084,2室2厅1厨2卫,123.05O,低楼层 (共17层),平层,南 北,两梯两户,精装,70年,钢混结构,有,,https://sh.lianjia.com/ershoufang/107100766708.html
浦东,金杨,弘扬雅苑,内环至中环,940,81932,3室2厅1厨1卫,114.73O,高楼层 (共11层),平层,南,一梯两户,精装,未知,钢混结构,有,,https://sh.lianjia.com/ershoufang/107100921593.html
浦东,金桥,金桥湾清水苑,中环至外环,385,58175,2室1厅1厨1卫,66.18O,低楼层 (共6层),平层,南,一梯三户,简装,70年,砖混结构,无,,https://sh.lianjia.com/ershoufang/107101275015.html
浦东,金桥,沪东新村,中环至外环,225,42413,2室1厅1厨1卫,53.05O,高楼层 (共6层),平层,南,一梯三户,精装,未知,砖混结构,无,,https://sh.lianjia.com/ershoufang/107100930865.html
浦东,周浦,龙泽家园,外环外,324,49793,2室1厅1厨1卫,65.07O,高楼层 (共6层),暂无数据,南,一梯两户,精装,未知,钢混结构,无,,https://sh.lianjia.com/ershoufang/107002229855.html
浦东,川沙,金象华庭,外环外,800,41516,5室2厅1厨3卫,192.7O,低楼层 (共3层),,南,,精装,70年,钢混结构,,暂无数据,https://sh.lianjia.com/ershoufang/107100102667.html
浦东,曹路,阳光苑,外环外,440,45361,2室2厅1厨1卫,97O,高楼层 (共6层),平层,南,一梯两户,精装,未知,砖混结构,无,,https://sh.lianjia.com/ershoufang/107101085726.html
浦东,唐镇,绿城玉兰花园(二期),外环外,1688,89407,4室2厅1厨2卫,188.8O,中楼层 (共4层),平层,南,一梯两户,精装,未知,钢混结构,无,,https://sh.lianjia.com/ershoufang/107100389875.html
浦东,北蔡,绿川小区,内环至中环,305,45006,2室1厅1厨1卫,67.77O,高楼层 (共6层),平层,南,一梯两户,简装,未知,砖混结构,无,,https://sh.lianjia.com/ershoufang/107101294381.html
浦东,张江,日月光水岸花园（二期）,近2号线广兰路站,978,68392,3室2厅1厨2卫,143O,低楼层 (共13层),平层,南,两梯两户,精装,70年,钢混结构,有,,https://sh.lianjia.com/ershoufang/107101327512.html
浦东,北蔡,东莲大厦,内环至中环,418,37359,3室1厅1厨1卫,111.89O,低楼层 (共22层),暂无数据,南,两梯八户,其他,未知,钢混结构,有,,https://sh.lianjia.com/ershoufang/107101359042.html
浦东,金杨,香山新村东南街坊,内环至中环,440,58140,2室1厅1厨1卫,75.68O,低楼层 (共22层),平层,南,两梯八户,简装,未知,钢混结构,有,,https://sh.lianjia.com/ershoufang/107101364250.html
浦东,张江,川杨新苑(一期),中环至外环,300,50848,1室1厅1厨1卫,59O,中楼层 (共11层),暂无数据,南,一梯三户,简装,70年,钢混结构,有,,https://sh.lianjia.com/ershoufang/107000395561.html
浦东,三林,万科金色里程(别墅),内环至中环,2500,70423,4室2厅1厨5卫,355O,低楼层 (共6层),,北 南,,精装,未知,钢混结构,,联排,https://sh.lianjia.com/ershoufang/107101251783.html
浦东,三林,中海御景熙岸(公寓),外环外,1200,57972,5室2厅1厨3卫,207O,低楼层 (共3层),暂无数据,南,一梯一户,精装,未知,钢混结构,无,,https://sh.lianjia.com/ershoufang/107101353666.html
浦东,潍坊,东建新村,内环内,230,57472,1室1厅1厨1卫,40.02O,高楼层 (共6层),平层,南,一梯四户,精装,未知,砖混结构,无,,https://sh.lianjia.com/ershoufang/107101184786.html
浦东,源深,山水国际,内环内,1090,101490,2室1厅1厨1卫,107.4O,低楼层 (共29层),平层,南,两梯三户,精装,70年,钢混结构,有,,https://sh.lianjia.com/ershoufang/107100858805.html
浦东,世博,昌四小区,内环至中环,335,53824,2室1厅1厨1卫,62.24O,中楼层 (共6层),平层,南,一梯四户,其他,未知,砖混结构,无,,https://sh.lianjia.com/ershoufang/107101481206.html
浦东,周浦,菱翔苑,外环外,350,48077,2室1厅1厨1卫,72.8O,高楼层 (共6层),平层,南,一梯两户,精装,未知,钢混结构,无,,https://sh.lianjia.com/ershoufang/107100907341.html
浦东,惠南,鑫通公寓,外环外,285,26507,2室2厅1厨1卫,107.52O,低楼层 (共6层),平层,南,一梯两户,精装,未知,砖混结构,无,,https://sh.lianjia.com/ershoufang/107101222992.html
浦东,潍坊,王家宅小区,内环内,355,65741,2室1厅1厨1卫,54O,低楼层 (共6层),暂无数据,南,一梯四户,精装,未知,砖混结构,无,,https://sh.lianjia.com/ershoufang/107000534313.html
浦东,金桥,金巷小区,中环至外环,320,43244,2室1厅1厨1卫,74O,高楼层 (共24层),暂无数据,东南,两梯八户,精装,70年,钢混结构,有,,https://sh.lianjia.com/ershoufang/107100221288.html
浦东,花木,海桐小区,内环内,760,79749,3室2厅1厨1卫,95.3O,低楼层 (共6层),暂无数据,南,一梯两户,精装,未知,钢混结构,无,,https://sh.lianjia.com/ershoufang/107100094133.html
浦东,惠南,布鲁斯小镇(一期)(别墅),外环外,550,35212,4室2厅1厨3卫,156.2O,低楼层 (共3层),,南 北,,精装,未知,钢混结构,,联排,https://sh.lianjia.com/ershoufang/107101218972.html
浦东,唐镇,圣马丽诺桥语,外环外,2800,78745,5室3厅1厨5卫,355.58O,低楼层 (共2层),,南,,精装,未知,钢混结构,,独栋,https://sh.lianjia.com/ershoufang/107100637229.html
浦东,潍坊,开发浦东,内环内,620,92441,2室1厅1厨1卫,67.07O,高楼层 (共25层),平层,东 南 北,两梯八户,其他,70年,钢混结构,有,,https://sh.lianjia.com/ershoufang/107101440578.html
浦东,川沙,天和湖滨家园(公寓),外环外,410,31783,3室2厅1厨2卫,129O,中楼层 (共13层),平层,南,一梯两户,精装,70年,钢混结构,有,,https://sh.lianjia.com/ershoufang/107101105852.html
浦东,金桥,沪东新村,中环至外环,260,41494,2室1厅1厨1卫,62.66O,高楼层 (共6层),暂无数据,南,一梯四户,毛坯,70年,砖混结构,无,,https://sh.lianjia.com/ershoufang/107002132499.html
浦东,碧云,金色碧云,内环至中环,880,92263,2室2厅1厨1卫,95.38O,低楼层 (共6层),平层,南,一梯两户,精装,70年,钢混结构,有,,https://sh.lianjia.com/ershoufang/107101045969.html
浦东,洋泾,凌三小区,内环内,228,59953,1室1厅1厨1卫,38.03O,中楼层 (共7层),平层,南,一梯四户,简装,未知,钢混结构,无,,https://sh.lianjia.com/ershoufang/107101128365.html
浦东,北蔡,联勤小区,内环至中环,288,42279,2室1厅1厨1卫,68.12O,中楼层 (共6层),平层,南,一梯两户,简装,70年,砖混结构,无,,https://sh.lianjia.com/ershoufang/107100114129.html
浦东,碧云,金桥爱建园,内环至中环,1050,79276,3室2厅1厨2卫,132.45O,低楼层 (共10层),平层,南,一梯两户,精装,未知,钢混结构,有,,https://sh.lianjia.com/ershoufang/107101096390.html
浦东,泥城镇,蓝色城邦(公寓),外环外,175,20023,2室2厅1厨1卫,87.4O,中楼层 (共14层),平层,南,一梯两户,简装,70年,钢混结构,有,,https://sh.lianjia.com/ershoufang/107101413633.html
浦东,源深,海院小区,内环内,269,66552,1室1厅1厨1卫,40.42O,高楼层 (共6层),暂无数据,南,一梯三户,简装,70年,砖混结构,无,,https://sh.lianjia.com/ershoufang/107101042928.html
浦东,潍坊,朱家滩小区,内环内,455,104310,1室1厅1厨1卫,43.62O,高楼层 (共6层),暂无数据,南,一梯三户,简装,未知,砖混结构,无,,https://sh.lianjia.com/ershoufang/107101108612.html
浦东,塘桥,家化滨江苑,内环内,1850,75155,3室2厅1厨2卫,246.16O,低楼层 (共33层),平层,南 北,两梯四户,精装,70年,钢混结构,有,,https://sh.lianjia.com/ershoufang/107101112451.html
浦东,洋泾,崮山小区四街坊,近6号线德平路站,480,106620,1室1厅1厨1卫,45.02O,中楼层 (共6层),平层,南,一梯四户,精装,70年,砖混结构,无,,https://sh.lianjia.com/ershoufang/107101039210.html
浦东,金桥,荷三小区,中环至外环,310,46765,2室1厅1厨1卫,66.29O,高楼层 (共6层),平层,南,一梯三户,简装,70年,砖混结构,无,,https://sh.lianjia.com/ershoufang/107100722817.html
浦东,陆家嘴,财富海景花园,内环内,2930,100302,4室2厅1厨3卫,292.12O,中楼层 (共39层),暂无数据,南 北,三梯三户,精装,未知,钢混结构,有,,https://sh.lianjia.com/ershoufang/107100764571.html
浦东,惠南,远洋万和四季,外环外,308,31753,3室2厅1厨1卫,97O,中楼层 (共17层),平层,南,两梯四户,毛坯,70年,钢混结构,有,,https://sh.lianjia.com/ershoufang/107101421742.html
浦东,金杨,住友名人花园,内环至中环,1200,73997,3室2厅1厨2卫,162.17O,低楼层 (共5层),暂无数据,东南,一梯两户,精装,未知,钢混结构,无,,https://sh.lianjia.com/ershoufang/107100723569.html
浦东,川沙,万馨佳园,外环外,440,36864,3室2厅1厨2卫,119.36O,高楼层 (共6层),平层,南,一梯两户,精装,未知,钢混结构,无,,https://sh.lianjia.com/ershoufang/107101113722.html
浦东,塘桥,方圆公寓,内环内,900,72476,3室2厅1厨2卫,124.18O,高楼层 (共11层),暂无数据,南 北,一梯两户,精装,未知,钢混结构,有,,https://sh.lianjia.com/ershoufang/107100486995.html
浦东,洋泾,广洋华景苑,内环内,1350,102584,3室2厅1厨2卫,131.6O,高楼层 (共18层),暂无数据,南,一梯三户,精装,未知,钢混结构,有,,https://sh.lianjia.com/ershoufang/107000113209.html
浦东,御桥,绿洲康城亲水湾(中央区),中环至外环,540,55108,3室2厅1厨2卫,97.99O,中楼层 (共17层),平层,南,一梯四户,精装,70年,钢混结构,暂无数据,,https://sh.lianjia.com/ershoufang/107101466950.html
浦东,川沙,和憬家园,外环外,440,49656,2室2厅1厨1卫,88.61O,中楼层 (共14层),平层,南,一梯两户,毛坯,70年,钢混结构,有,,https://sh.lianjia.com/ershoufang/107100905639.html
浦东,唐镇,绿城玉兰花园(二期),外环外,1200,80478,3室2厅1厨2卫,149.11O,低楼层 (共16层),暂无数据,南,两梯四户,精装,未知,钢混结构,有,,https://sh.lianjia.com/ershoufang/107101190287.html
浦东,源深,竹园新村(浦东),内环内,378,69858,2室1厅1厨1卫,54.11O,高楼层 (共6层),平层,南,一梯四户,简装,未知,砖混结构,无,,https://sh.lianjia.com/ershoufang/107101111088.html
浦东,金桥,五莲一小区,中环至外环,320,46573,2室1厅1厨1卫,68.71O,高楼层 (共18层),平层,南,两梯八户,精装,未知,钢混结构,有,,https://sh.lianjia.com/ershoufang/107101333860.html
浦东,北蔡,芳雅苑,内环至中环,205,55346,1室1厅1厨1卫,37.04O,低楼层 (共7层),平层,南,一梯四户,简装,未知,钢混结构,无,,https://sh.lianjia.com/ershoufang/107100010517.html
浦东,唐镇,白金瀚宫,外环外,2800,74135,5室2厅2厨4卫,377.69O,低楼层 (共3层),,南,,毛坯,未知,钢混结构,,独栋,https://sh.lianjia.com/ershoufang/107100695139.html
浦东,陆家嘴,东园三村,内环内,460,85186,2室1厅1厨1卫,54O,低楼层 (共6层),平层,南,一梯三户,精装,未知,砖混结构,无,,https://sh.lianjia.com/ershoufang/107101506146.html
浦东,北蔡,由由一村,内环至中环,363,53906,2室1厅1厨1卫,67.34O,低楼层 (共6层),暂无数据,南,一梯两户,精装,70年,砖混结构,无,,https://sh.lianjia.com/ershoufang/107101472094.html
浦东,泥城镇,云树仁居,外环外,115,17908,1室1厅1厨1卫,64.22O,中楼层 (共6层),平层,南,一梯两户,精装,未知,钢混结构,无,,https://sh.lianjia.com/ershoufang/107101212093.html
浦东,潍坊,竹南小区,内环内,445,88154,2室1厅1厨1卫,50.48O,低楼层 (共6层),暂无数据,南,一梯四户,简装,未知,砖混结构,无,,https://sh.lianjia.com/ershoufang/107101481319.html
浦东,周浦,东方晶华园,外环外,550,44701,3室2厅1厨2卫,123.04O,高楼层 (共17层),暂无数据,西南,一梯两户,精装,未知,钢混结构,有,,https://sh.lianjia.com/ershoufang/107101341526.html
浦东,金桥,银桥花苑,中环至外环,275,57173,1室1厅1厨1卫,48.1O,中楼层 (共6层),平层,南,一梯两户,简装,70年,砖混结构,无,,https://sh.lianjia.com/ershoufang/107101284079.html
浦东,张江,香楠小区,内环至中环,400,54825,2室1厅1厨1卫,72.96O,低楼层 (共6层),暂无数据,南,一梯两户,简装,未知,砖混结构,无,,https://sh.lianjia.com/ershoufang/107100468303.html
浦东,北蔡,天池二村,内环至中环,308,58114,2室1厅1厨1卫,53O,高楼层 (共6层),暂无数据,南,一梯五户,精装,70年,砖混结构,无,,https://sh.lianjia.com/ershoufang/107100943213.html
浦东,泥城镇,泥城路12弄,外环外,150,12730,2室2厅1厨1卫,117.84O,低楼层 (共6层),暂无数据,南 北,一梯两户,其他,未知,钢混结构,无,,https://sh.lianjia.com/ershoufang/107101025352.html
浦东,新场,汇锦城三期,,270,31908,2室2厅1厨1卫,84.62O,低楼层 (共17层),平层,南,一梯四户,精装,70年,钢混结构,有,,https://sh.lianjia.com/ershoufang/107101461690.html
浦东,外高桥,阳明花园广场,中环至外环,415,40171,2室2厅1厨1卫,103.31O,中楼层 (共27层),平层,南,三梯八户,简装,70年,钢混结构,有,,https://sh.lianjia.com/ershoufang/107101002593.html
浦东,杨东,锦绣天第花园,内环内,1489,87005,4室3厅1厨2卫,171.14O,低楼层 (共18层),平层,南,一梯两户,精装,未知,钢混结构,有,,https://sh.lianjia.com/ershoufang/107100863112.html
浦东,张江,申城佳苑,中环至外环,285,47007,1室2厅1厨1卫,60.63O,低楼层 (共15层),平层,南,一梯四户,简装,70年,钢混结构,有,,https://sh.lianjia.com/ershoufang/107101377978.html
浦东,金杨,金杨新村九街坊,内环至中环,310,46008,2室1厅1厨1卫,67.38O,高楼层 (共6层),平层,南,一梯两户,简装,70年,砖混结构,无,,https://sh.lianjia.com/ershoufang/107100872068.html
浦东,花木,牡丹苑(浦东),内环内,650,70660,2室2厅1厨1卫,91.99O,低楼层 (共6层),平层,南,一梯两户,精装,70年,钢混结构,无,,https://sh.lianjia.com/ershoufang/107100919809.html
浦东,陆家嘴,滨江大楼,内环内,675,73251,2室2厅1厨1卫,92.15O,高楼层 (共24层),平层,西北,两梯八户,精装,70年,钢混结构,有,,https://sh.lianjia.com/ershoufang/107100560330.html
浦东,川沙,新建路1-81号,外环外,229,24892,3室1厅1厨2卫,92O,高楼层 (共5层),暂无数据,南,一梯两户,精装,70年,砖混结构,无,,https://sh.lianjia.com/ershoufang/107002139955.html
浦东,陆家嘴,仁恒滨江园,内环内,3000,109738,5室3厅1厨4卫,273.38O,低楼层 (共27层),暂无数据,西南,两梯三户,精装,70年,钢混结构,有,,https://sh.lianjia.com/ershoufang/107100598385.html
浦东,张江,中芯花园(公寓),内环至中环,720,55629,3室2厅1厨2卫,129.43O,低楼层 (共15层),平层,南 北,一梯三户,精装,70年,钢混结构,有,,https://sh.lianjia.com/ershoufang/107101149356.html
浦东,陆家嘴,浦城小区,内环内,485,74777,2室1厅1厨1卫,64.86O,低楼层 (共6层),平层,南 北,一梯四户,简装,未知,砖混结构,无,,https://sh.lianjia.com/ershoufang/107100309826.html
浦东,张江,兰沁苑,内环至中环,610,49115,3室2厅1厨2卫,124.2O,高楼层 (共6层),平层,南,一梯两户,精装,未知,钢混结构,无,,https://sh.lianjia.com/ershoufang/107100706828.html
浦东,周浦,桃园新城中虹佳园,外环外,330,34785,3室1厅1厨1卫,94.87O,低楼层 (共4层),平层,南 北,一梯两户,精装,70年,钢混结构,无,,https://sh.lianjia.com/ershoufang/107101465204.html
浦东,曹路,上川路1468弄,外环外,280,32559,3室1厅1厨1卫,86O,中楼层 (共6层),平层,北,一梯四户,简装,未知,砖混结构,无,,https://sh.lianjia.com/ershoufang/107101266341.html
浦东,塘桥,蓝村小区,内环内,315,57211,2室1厅1厨1卫,55.06O,高楼层 (共6层),平层,南,一梯四户,简装,70年,砖混结构,无,,https://sh.lianjia.com/ershoufang/107100991353.html
浦东,御桥,地杰国际城E欧泊时光,中环至外环,770,77778,2室2厅1厨1卫,99O,高楼层 (共18层),平层,南,两梯三户,毛坯,未知,钢混结构,有,,https://sh.lianjia.com/ershoufang/107100687836.html
浦东,川沙,绿都绣云里,外环外,430,36771,3室1厅1厨1卫,116.94O,中楼层 (共13层),暂无数据,南 北,一梯两户,其他,70年,钢混结构,暂无数据,,https://sh.lianjia.com/ershoufang/107101396819.html
浦东,高行,绿地崴廉公寓,中环至外环,550,54841,2室2厅1厨1卫,100.29O,低楼层 (共16层),平层,南,两梯三户,精装,未知,钢混结构,有,,https://sh.lianjia.com/ershoufang/107100540125.html
浦东,惠南,绿地峰汇,外环外,88,19714,2室2厅1厨2卫,44.64O,高楼层 (共18层),暂无数据,南,一梯二十五户,其他,50年,钢混结构,暂无数据,,https://sh.lianjia.com/ershoufang/107101496796.html
浦东,金杨,罗山四村,内环至中环,230,47384,1室1厅1厨1卫,48.54O,低楼层 (共6层),平层,南,一梯五户,毛坯,未知,砖混结构,无,,https://sh.lianjia.com/ershoufang/107100561663.html
浦东,张江,黄浦花园,中环至外环,355,41716,2室2厅1厨1卫,85.1O,高楼层 (共6层),暂无数据,南,一梯两户,简装,未知,砖混结构,无,,https://sh.lianjia.com/ershoufang/107100627098.html
浦东,航头,鹤沙航城东茗苑,外环外,246,30758,2室1厅1厨1卫,79.98O,中楼层 (共18层),暂无数据,南,一梯四户,其他,未知,钢混结构,暂无数据,,https://sh.lianjia.com/ershoufang/107101482866.html
浦东,三林,金禾新苑,中环至外环,510,62416,2室2厅1厨1卫,81.71O,中楼层 (共14层),平层,暂无数据,一梯三户,简装,未知,钢混结构,有,,https://sh.lianjia.com/ershoufang/107000537433.html
浦东,张江,汤臣高尔夫(别墅),内环至中环,1950,108082,5室2厅1厨4卫,180.42O,低楼层 (共3层),,东,,精装,未知,砖混结构,,联排,https://sh.lianjia.com/ershoufang/107100944445.html
浦东,金桥,朱家门小区,中环至外环,250,45688,2室1厅1厨1卫,54.72O,高楼层 (共6层),平层,南,一梯两户,简装,70年,砖混结构,无,,https://sh.lianjia.com/ershoufang/107100163081.html
浦东,金桥,东陆新村六街坊,中环至外环,285,44173,2室1厅1厨1卫,64.52O,高楼层 (共6层),平层,南,一梯两户,简装,未知,砖混结构,无,,https://sh.lianjia.com/ershoufang/107101312407.html
浦东,唐镇,阳光城魔都,外环外,210,54250,1室1厅1厨1卫,38.71O,高楼层 (共26层),复式,南,一梯三十户,其他,50年,钢混结构,暂无数据,,https://sh.lianjia.com/ershoufang/107100559576.html
浦东,惠南,成功家园(公寓),外环外,280,20866,3室2厅1厨2卫,134.19O,中楼层 (共8层),平层,暂无数据,一梯两户,精装,70年,钢混结构,暂无数据,,https://sh.lianjia.com/ershoufang/107002036579.html
浦东,金杨,金杨新村五街坊,内环至中环,315,52326,2室1厅1厨1卫,60.2O,高楼层 (共7层),平层,西南,一梯四户,精装,70年,砖混结构,无,,https://sh.lianjia.com/ershoufang/107101391771.html
浦东,三林,瑞康苑,外环外,315,43720,2室2厅1厨1卫,72.05O,低楼层 (共31层),平层,南,一梯五户,毛坯,70年,钢混结构,有,,https://sh.lianjia.com/ershoufang/107101486819.html
浦东,川沙,曙光南桥小区,外环外,240,34879,2室1厅1厨1卫,68.81O,高楼层 (共5层),平层,南,一梯两户,简装,未知,砖混结构,无,,https://sh.lianjia.com/ershoufang/107101099879.html
浦东,张江,阳光花城,内环至中环,1300,65069,5室3厅1厨2卫,199.79O,高楼层 (共19层),暂无数据,南 北,两梯三户,简装,未知,钢混结构,有,,https://sh.lianjia.com/ershoufang/107101401571.html
浦东,金杨,罗山三村,内环至中环,228,46779,1室1厅1厨1卫,48.74O,高楼层 (共6层),平层,南 北,一梯四户,精装,70年,砖混结构,无,,https://sh.lianjia.com/ershoufang/107101451777.html
浦东,惠南,东城时代华庭(公寓),外环外,253,30482,2室2厅1厨1卫,83O,高楼层 (共6层),平层,南,一梯两户,精装,70年,钢混结构,无,,https://sh.lianjia.com/ershoufang/107101286094.html
浦东,世博,新世纪花苑(三期)(浦东),内环至中环,755,63827,3室2厅1厨2卫,118.29O,高楼层 (共6层),暂无数据,南,一梯两户,精装,未知,砖混结构,无,,https://sh.lianjia.com/ershoufang/107002214135.html
浦东,金桥,荷三小区,中环至外环,215,51683,1室1厅1厨1卫,41.6O,高楼层 (共6层),平层,南,一梯三户,简装,70年,砖混结构,无,,https://sh.lianjia.com/ershoufang/107101222874.html
浦东,金杨,云山星座苑,内环至中环,1064,89001,3室2厅1厨1卫,119.55O,中楼层 (共11层),平层,南,一梯两户,精装,70年,钢混结构,有,,https://sh.lianjia.com/ershoufang/107101356227.html
浦东,陆家嘴,荣城花苑,内环内,770,79113,2室2厅1厨1卫,97.33O,高楼层 (共22层),暂无数据,南,两梯六户,精装,未知,钢混结构,有,,https://sh.lianjia.com/ershoufang/107101227340.html
浦东,张江,樟盛苑,中环至外环,315,51228,1室2厅1厨1卫,61.49O,低楼层 (共14层),暂无数据,南,一梯两户,毛坯,70年,钢混结构,有,,https://sh.lianjia.com/ershoufang/107101090024.html
浦东,金杨,香山新村东南街坊,内环至中环,185,46659,1室1厅1厨1卫,39.65O,高楼层 (共6层),平层,南,一梯四户,毛坯,未知,砖混结构,无,,https://sh.lianjia.com/ershoufang/107101230270.html
浦东,张江,益丰新村,中环至外环,305,53945,1室1厅1厨1卫,56.54O,高楼层 (共6层),平层,南,一梯两户,精装,未知,砖混结构,无,,https://sh.lianjia.com/ershoufang/107101232811.html
浦东,万祥镇,祥安竹苑,外环外,158,14596,2室2厅1厨1卫,108.25O,低楼层 (共19层),平层,南,一梯两户,毛坯,70年,钢混结构,暂无数据,,https://sh.lianjia.com/ershoufang/107002043157.html
浦东,洋泾,弘扬沁园,内环内,860,84771,2室2厅1厨1卫,101.45O,中楼层 (共16层),平层,南,一梯两户,简装,70年,钢混结构,有,,https://sh.lianjia.com/ershoufang/107101152961.html
浦东,张江,城市经典(五期),内环至中环,2500,64739,5室2厅1厨4卫,386.17O,低楼层 (共2层),,北,,毛坯,70年,钢混结构,,独栋,https://sh.lianjia.com/ershoufang/107000188479.html
浦东,金桥,长岛公寓,中环至外环,500,47277,3室1厅1厨1卫,105.76O,低楼层 (共24层),平层,东南,两梯八户,精装,70年,钢混结构,有,,https://sh.lianjia.com/ershoufang/107101019168.html
浦东,航头,长泰东郊御园(公寓),外环外,430,39815,3室2厅1厨2卫,108O,高楼层 (共18层),暂无数据,南,一梯两户,其他,70年,钢混结构,暂无数据,,https://sh.lianjia.com/ershoufang/107100510481.html
浦东,北蔡,鹏海小区,内环至中环,289,44183,2室1厅1厨1卫,65.41O,高楼层 (共6层),平层,东 南 北,一梯四户,简装,70年,砖混结构,无,,https://sh.lianjia.com/ershoufang/107101188143.html
浦东,三林,中海御景熙岸(公寓),外环外,510,57576,3室2厅1厨1卫,88.58O,低楼层 (共20层),暂无数据,南 北,两梯四户,精装,70年,钢混结构,有,,https://sh.lianjia.com/ershoufang/107101286652.html
浦东,惠南,城基路148弄,外环外,270,22186,2室2厅1厨2卫,121.7O,中楼层 (共6层),平层,南,一梯两户,精装,未知,钢混结构,无,,https://sh.lianjia.com/ershoufang/107100524729.html
浦东,唐镇,保利御樽苑(公寓),外环外,725,53356,3室2厅1厨2卫,135.88O,高楼层 (共17层),暂无数据,南,两梯两户,毛坯,70年,钢混结构,有,,https://sh.lianjia.com/ershoufang/107100614216.html
浦东,周浦,绿地景汇佳苑,外环外,930,45983,4室2厅1厨2卫,202.25O,低楼层 (共18层),暂无数据,南,一梯两户,精装,70年,钢混结构,有,,https://sh.lianjia.com/ershoufang/107101136472.html
浦东,康桥,康桥宝邸,外环外,324,43426,2室2厅1厨1卫,74.61O,高楼层 (共6层),平层,南,一梯两户,精装,未知,钢混结构,无,,https://sh.lianjia.com/ershoufang/107101421719.html
浦东,洋泾,西镇小区(浦东),内环内,360,60131,2室1厅1厨1卫,59.87O,高楼层 (共6层),暂无数据,南,一梯五户,简装,未知,砖混结构,无,,https://sh.lianjia.com/ershoufang/107100694242.html
浦东,世博,东盛公寓,内环至中环,564,58861,3室1厅1厨1卫,95.82O,低楼层 (共7层),平层,南,一梯两户,精装,70年,钢混结构,无,,https://sh.lianjia.com/ershoufang/107101199091.html
浦东,泥城镇,美轮新村,外环外,150,13393,3室2厅1厨1卫,112O,中楼层 (共5层),暂无数据,南 北,一梯两户,其他,70年,砖混结构,无,,https://sh.lianjia.com/ershoufang/107101468506.html
浦东,金杨,香山新村西北街坊,内环至中环,390,51458,2室1厅1厨1卫,75.79O,高楼层 (共6层),平层,南,一梯两户,毛坯,70年,砖混结构,无,,https://sh.lianjia.com/ershoufang/107101358380.html
浦东,唐镇,唐人苑,外环外,450,41807,3室2厅1厨1卫,107.64O,中楼层 (共6层),平层,南,一梯两户,精装,未知,钢混结构,无,,https://sh.lianjia.com/ershoufang/107101122420.html
浦东,外高桥,学前一村,中环至外环,250,38617,2室1厅1厨1卫,64.74O,低楼层 (共6层),平层,南,一梯两户,简装,未知,砖混结构,无,,https://sh.lianjia.com/ershoufang/107101096330.html
浦东,三林,香樟苑(浦东),内环至中环,320,47387,2室1厅1厨1卫,67.53O,高楼层 (共6层),暂无数据,南,一梯两户,简装,未知,砖混结构,无,,https://sh.lianjia.com/ershoufang/107101020072.html
浦东,潍坊,众城公寓,内环内,850,61249,3室2厅1厨2卫,138.78O,低楼层 (共26层),平层,东,两梯五户,精装,未知,钢混结构,有,,https://sh.lianjia.com/ershoufang/107101249325.html
浦东,张江,盛大天地青春里(一期),中环至外环,278,41549,1室2厅1厨1卫,66.91O,高楼层 (共9层),暂无数据,南,一梯十二户,精装,50年,未知结构,暂无数据,,https://sh.lianjia.com/ershoufang/107101296333.html
浦东,川沙,心圆东苑,外环外,370,47583,2室2厅1厨1卫,77.76O,中楼层 (共15层),平层,南 北,两梯四户,毛坯,70年,钢混结构,有,,https://sh.lianjia.com/ershoufang/107101203716.html
浦东,康桥,昱龙家园,外环外,215,36147,1室1厅1厨1卫,59.48O,中楼层 (共14层),平层,南,一梯四户,精装,70年,钢混结构,有,,https://sh.lianjia.com/ershoufang/107100937825.html
浦东,三林,美林别墅,中环至外环,2500,100693,4室2厅1厨4卫,248.28O,低楼层 (共2层),,东,,精装,未知,钢混结构,,独栋,https://sh.lianjia.com/ershoufang/107101080059.html
浦东,世博,上南六村,内环至中环,279,53428,2室1厅1厨1卫,52.22O,高楼层 (共6层),平层,南,一梯三户,精装,70年,砖混结构,无,,https://sh.lianjia.com/ershoufang/107101414813.html
浦东,唐镇,毕加索小镇(一期)(公寓),外环外,360,54373,1室2厅1厨1卫,66.21O,低楼层 (共8层),平层,南,一梯四户,精装,70年,钢混结构,有,,https://sh.lianjia.com/ershoufang/107101148751.html
浦东,川沙,新德佳苑,外环外,320,43432,2室2厅1厨2卫,73.68O,高楼层 (共6层),暂无数据,南 北,一梯两户,毛坯,70年,钢混结构,无,,https://sh.lianjia.com/ershoufang/107101447547.html
浦东,金桥,沪南船舶小区,中环至外环,365,57175,3室1厅1厨1卫,63.84O,低楼层 (共6层),平层,南,一梯两户,精装,70年,砖混结构,无,,https://sh.lianjia.com/ershoufang/107101289608.html
浦东,张江,益丰新村,中环至外环,360,47500,2室2厅1厨1卫,75.79O,高楼层 (共6层),平层,南,一梯两户,简装,未知,砖混结构,无,,https://sh.lianjia.com/ershoufang/107101499447.html
浦东,花木,花木苑,内环内,575,77577,2室2厅1厨1卫,74.12O,中楼层 (共6层),平层,南,一梯两户,精装,70年,钢混结构,有,,https://sh.lianjia.com/ershoufang/107100738674.html
浦东,祝桥,祝和苑,外环外,200,30793,2室1厅1厨1卫,64.95O,中楼层 (共5层),暂无数据,南,一梯两户,毛坯,未知,钢混结构,无,,https://sh.lianjia.com/ershoufang/107101504270.html
浦东,高东,森兰名佳,中环至外环,930,58828,4室2厅1厨2卫,158.09O,中楼层 (共12层),平层,南,两梯三户,精装,70年,钢混结构,有,,https://sh.lianjia.com/ershoufang/107101501565.html
浦东,陆家嘴,滨江大楼,内环内,463,65433,2室1厅0厨1卫,70.76O,低楼层 (共24层),平层,南,两梯八户,精装,未知,钢混结构,有,,https://sh.lianjia.com/ershoufang/107101379092.html
浦东,金杨,金杨路750弄,内环至中环,465,54102,2室2厅1厨1卫,85.95O,低楼层 (共6层),平层,南,一梯两户,简装,70年,砖混结构,无,,https://sh.lianjia.com/ershoufang/107101425121.html
浦东,世博,东盛公寓,内环至中环,618,51651,3室2厅1厨2卫,119.65O,高楼层 (共6层),暂无数据,南,一梯两户,简装,未知,砖混结构,无,,https://sh.lianjia.com/ershoufang/107101347041.html
浦东,花木,杏花新苑,内环内,368,62479,2室1厅1厨1卫,58.9O,中楼层 (共6层),平层,南 西 北,一梯四户,精装,未知,砖混结构,无,,https://sh.lianjia.com/ershoufang/107101314991.html
浦东,北蔡,绿川馨康苑,内环至中环,480,52208,2室2厅1厨2卫,91.94O,低楼层 (共5层),平层,南,一梯两户,简装,未知,钢混结构,无,,https://sh.lianjia.com/ershoufang/107100701919.html
浦东,北蔡,绿川新苑,内环至中环,548,50503,3室2厅1厨1卫,108.51O,高楼层 (共6层),平层,南 北,一梯一户,简装,未知,砖混结构,无,,https://sh.lianjia.com/ershoufang/107101294875.html
浦东,花木,花木苑,内环内,648,69956,3室2厅1厨1卫,92.63O,中楼层 (共6层),平层,南,一梯两户,精装,70年,混合结构,无,,https://sh.lianjia.com/ershoufang/107101358456.html
浦东,金桥,莱阳新家园,中环至外环,340,49190,1室2厅1厨1卫,69.12O,中楼层 (共6层),平层,南,一梯两户,简装,70年,钢混结构,无,,https://sh.lianjia.com/ershoufang/107101385469.html
浦东,高东,品欣雅苑,中环至外环,310,32012,2室2厅1厨1卫,96.84O,低楼层 (共20层),暂无数据,南,一梯三户,简装,70年,钢混结构,暂无数据,,https://sh.lianjia.com/ershoufang/107101495187.html
浦东,金桥,金桥新家园,中环至外环,650,50833,3室2厅1厨1卫,127.87O,中楼层 (共20层),暂无数据,南,两梯十户,精装,70年,钢混结构,有,,https://sh.lianjia.com/ershoufang/107001916081.html
浦东,金桥,中环滨江大厦,中环至外环,765,65129,3室2厅1厨1卫,117.46O,高楼层 (共15层),平层,南 北,一梯三户,精装,50年,钢混结构,有,,https://sh.lianjia.com/ershoufang/107101073220.html
浦东,康桥,绿地康桥新苑,外环外,385,47946,2室2厅1厨1卫,80.3O,中楼层 (共6层),平层,南 北,一梯两户,精装,未知,钢混结构,无,,https://sh.lianjia.com/ershoufang/107101239557.html
浦东,唐镇,张江公馆,中环至外环,500,47452,3室2厅1厨2卫,105.37O,中楼层 (共25层),暂无数据,南,两梯四户,精装,50年,钢混结构,有,,https://sh.lianjia.com/ershoufang/107101382630.html
浦东,张江,展想悦廷,中环至外环,150,28847,1室1厅0厨1卫,52O,中楼层 (共16层),平层,南,一梯三十三户,精装,50年,钢混结构,暂无数据,,https://sh.lianjia.com/ershoufang/107101010685.html
浦东,世博,上南十村,内环至中环,240,52655,1室1厅1厨1卫,45.58O,高楼层 (共5层),平层,南,一梯三户,毛坯,未知,砖混结构,无,,https://sh.lianjia.com/ershoufang/107101494641.html
浦东,川沙,妙栏小区,外环外,305,41006,2室2厅0厨1卫,74.38O,高楼层 (共6层),平层,南,一梯两户,精装,70年,砖混结构,无,,https://sh.lianjia.com/ershoufang/107101418045.html
浦东,唐镇,金利公寓,外环外,470,37202,3室2厅1厨2卫,126.34O,高楼层 (共6层),平层,南,一梯两户,毛坯,未知,钢混结构,无,,https://sh.lianjia.com/ershoufang/107002323569.html
浦东,高东,高东馨苑,中环至外环,325,35746,2室2厅1厨1卫,90.92O,中楼层 (共11层),平层,南,一梯两户,毛坯,未知,钢混结构,有,,https://sh.lianjia.com/ershoufang/107100853494.html
浦东,张江,虹御公寓,中环至外环,430,37441,3室2厅1厨2卫,114.85O,中楼层 (共6层),平层,南,一梯两户,简装,未知,砖混结构,无,,https://sh.lianjia.com/ershoufang/107100598284.html
浦东,潍坊,潍坊二村,内环内,300,66460,2室0厅1厨1卫,45.14O,高楼层 (共6层),平层,南,一梯五户,简装,未知,砖混结构,无,,https://sh.lianjia.com/ershoufang/107101405002.html
浦东,花木,御翠园,内环内,1.1,185170,5室3厅1厨5卫,594.05O,低楼层 (共2层),,南,,简装,未知,钢混结构,,独栋,https://sh.lianjia.com/ershoufang/107100429629.html
浦东,泥城镇,乾耀东港,外环外,210,23282,2室2厅1厨1卫,90.2O,低楼层 (共11层),暂无数据,南,一梯四户,精装,70年,钢混结构,有,,https://sh.lianjia.com/ershoufang/107001696971.html
浦东,碧云,凤凰大厦,内环至中环,1061,64311,2室2厅1厨2卫,164.98O,中楼层 (共23层),平层,南,两梯五户,简装,未知,钢混结构,有,,https://sh.lianjia.com/ershoufang/107100382515.html
浦东,潍坊,竹南小区,内环内,400,82305,2室1厅1厨1卫,48.6O,高楼层 (共6层),平层,南,一梯两户,其他,70年,砖混结构,无,,https://sh.lianjia.com/ershoufang/107101354726.html
浦东,张江,张江汤臣豪园(二期),内环至中环,985,79952,3室2厅1厨2卫,123.2O,中楼层 (共16层),平层,南 北,两梯三户,简装,未知,钢混结构,有,,https://sh.lianjia.com/ershoufang/107101033767.html
浦东,塘桥,雍江星座香园,内环内,995,66923,4室2厅1厨2卫,148.68O,高楼层 (共6层),暂无数据,南 北,一梯两户,简装,未知,钢混结构,无,,https://sh.lianjia.com/ershoufang/107100035177.html
浦东,塘桥,金龙东苑,内环内,1050,68588,3室2厅1厨2卫,153.09O,高楼层 (共10层),暂无数据,南,一梯两户,精装,未知,钢混结构,有,,https://sh.lianjia.com/ershoufang/107101319043.html
浦东,潍坊,潍坊八村,内环内,370,67978,2室1厅1厨1卫,54.43O,高楼层 (共6层),平层,南,一梯四户,其他,未知,砖混结构,无,,https://sh.lianjia.com/ershoufang/107101436714.html
浦东,曹路,新芳邻,外环外,290,41613,2室2厅1厨1卫,69.69O,中楼层 (共6层),平层,南,一梯两户,简装,未知,钢混结构,无,,https://sh.lianjia.com/ershoufang/107101072293.html
浦东,曹路,金领国际(公寓),外环外,269,37888,2室1厅1厨1卫,71O,低楼层 (共10层),平层,南 北,一梯四户,精装,70年,钢混结构,有,,https://sh.lianjia.com/ershoufang/107100944409.html
浦东,金桥,邮电小区(浦东),中环至外环,355,50008,2室1厅1厨1卫,70.99O,中楼层 (共6层),平层,南,一梯两户,简装,未知,砖混结构,无,,https://sh.lianjia.com/ershoufang/107100294272.html
浦东,花木,花木苑,内环内,648,68218,3室1厅1厨1卫,94.99O,中楼层 (共6层),平层,南,一梯两户,简装,未知,钢混结构,无,,https://sh.lianjia.com/ershoufang/107101236019.html
浦东,花木,金色维也纳(公寓),内环内,2215,104625,4室2厅1厨2卫,211.71O,中楼层 (共7层),平层,南,一梯两户,精装,未知,钢混结构,有,,https://sh.lianjia.com/ershoufang/107101353268.html
浦东,金杨,大桥花苑,内环至中环,538,49618,2室1厅1厨2卫,108.43O,低楼层 (共6层),暂无数据,南,一梯两户,简装,未知,砖混结构,无,,https://sh.lianjia.com/ershoufang/107101371907.html
浦东,三林,金谊河畔,中环至外环,720,66760,2室2厅1厨2卫,107.85O,低楼层 (共18层),平层,南 北,两梯两户,精装,70年,钢混结构,有,,https://sh.lianjia.com/ershoufang/107101336359.html
浦东,三林,杨新路198弄,内环至中环,299,49934,2室1厅1厨1卫,59.88O,低楼层 (共6层),平层,南 北,一梯六户,精装,未知,砖混结构,无,,https://sh.lianjia.com/ershoufang/107101270719.html
浦东,金桥,江南山水,中环至外环,615,64540,2室2厅1厨1卫,95.29O,高楼层 (共11层),平层,南,一梯两户,简装,70年,钢混结构,有,,https://sh.lianjia.com/ershoufang/107101497713.html
浦东,世博,上南六村,内环至中环,327,62994,2室1厅1厨1卫,51.91O,中楼层 (共5层),平层,南,一梯四户,其他,70年,砖混结构,无,,https://sh.lianjia.com/ershoufang/107101487037.html
浦东,塘桥,峨山小区,内环内,335,61468,2室1厅1厨1卫,54.5O,高楼层 (共6层),平层,南,一梯三户,精装,70年,砖混结构,无,,https://sh.lianjia.com/ershoufang/107100578680.html
浦东,川沙,天和湖滨家园(公寓),外环外,238,32483,2室1厅1厨1卫,73.27O,低楼层 (共13层),平层,南,一梯四户,精装,70年,钢混结构,有,,https://sh.lianjia.com/ershoufang/107100785904.html
浦东,川沙,运通路728弄,外环外,185,25208,2室2厅1厨1卫,73.39O,高楼层 (共6层),平层,南,一梯两户,毛坯,未知,砖混结构,无,,https://sh.lianjia.com/ershoufang/107100703635.html
浦东,泥城镇,云帆名苑,外环外,160,13410,3室2厅1厨2卫,119.32O,高楼层 (共6层),平层,南,一梯两户,简装,未知,钢混结构,无,,https://sh.lianjia.com/ershoufang/107001660987.html
浦东,川沙,沙田公寓,外环外,340,29941,4室2厅1厨2卫,113.56O,高楼层 (共6层),暂无数据,南,一梯两户,精装,未知,砖混结构,无,,https://sh.lianjia.com/ershoufang/107101442252.html
浦东,航头,鹤沙航城汇诚佳苑,外环外,233,32579,2室1厅1厨1卫,71.52O,中楼层 (共18层),平层,南,一梯四户,毛坯,未知,钢混结构,暂无数据,,https://sh.lianjia.com/ershoufang/107100730452.html
浦东,金桥,金桥新村一街坊,中环至外环,340,50633,2室1厅1厨1卫,67.15O,低楼层 (共6层),平层,南,一梯两户,精装,未知,砖混结构,无,,https://sh.lianjia.com/ershoufang/107101215542.html
浦东,陆家嘴,东园四村,内环内,450,84682,2室1厅1厨1卫,53.14O,高楼层 (共6层),平层,东 南,一梯四户,精装,70年,砖混结构,无,,https://sh.lianjia.com/ershoufang/107101239486.html
浦东,陆家嘴,乳山四村,内环内,358,72602,2室1厅1厨1卫,49.31O,低楼层 (共5层),平层,南 北,一梯四户,精装,未知,砖混结构,无,,https://sh.lianjia.com/ershoufang/107101487815.html
浦东,御桥,绿洲康城亲水湾(中央区),中环至外环,480,46431,2室2厅1厨1卫,103.38O,低楼层 (共17层),暂无数据,南,一梯两户,精装,70年,钢混结构,有,,https://sh.lianjia.com/ershoufang/107101510797.html
浦东,周浦,金宝公寓,外环外,500,31441,3室1厅1厨2卫,159.03O,中楼层 (共6层),平层,南,一梯一户,简装,未知,钢混结构,无,,https://sh.lianjia.com/ershoufang/107100899059.html
浦东,新场,汇锦城二期,外环外,255,30257,2室2厅1厨1卫,84.28O,低楼层 (共18层),平层,南,一梯四户,精装,70年,钢混结构,有,,https://sh.lianjia.com/ershoufang/107101310591.html
浦东,金杨,金杨新村九街坊,内环至中环,310,53932,2室1厅1厨1卫,57.48O,低楼层 (共6层),平层,南,一梯三户,精装,70年,砖混结构,无,,https://sh.lianjia.com/ershoufang/107101219864.html
浦东,塘桥,金浦小区(塘桥),内环内,450,67135,2室1厅1厨1卫,67.03O,高楼层 (共6层),平层,南 北,一梯四户,其他,未知,砖混结构,无,,https://sh.lianjia.com/ershoufang/107101421354.html
浦东,宣桥,欣菊苑,外环外,185,17851,2室2厅1厨2卫,103.64O,低楼层 (共6层),平层,南,一梯三户,简装,未知,钢混结构,无,,https://sh.lianjia.com/ershoufang/107101201785.html
浦东,惠南,锦园坊,外环外,268,27258,2室2厅1厨1卫,98.32O,高楼层 (共11层),平层,南 北,一梯四户,毛坯,未知,钢混结构,有,,https://sh.lianjia.com/ershoufang/107100889480.html
浦东,惠南,艺泰一品花园,外环外,565,34243,3室2厅1厨2卫,165O,高楼层 (共13层),平层,南,两梯两户,毛坯,70年,钢混结构,有,,https://sh.lianjia.com/ershoufang/107101008495.html
浦东,惠南,桃源二村,外环外,210,24416,2室1厅1厨1卫,86.01O,中楼层 (共5层),平层,南,一梯两户,简装,70年,砖混结构,有,,https://sh.lianjia.com/ershoufang/107101439594.html
浦东,康桥,康桥月苑,外环外,252,34630,2室2厅1厨1卫,72.77O,低楼层 (共6层),暂无数据,南 北,一梯两户,毛坯,未知,钢混结构,无,,https://sh.lianjia.com/ershoufang/107101429491.html
浦东,陆家嘴,陈家宅小区(潍坊西路),内环内,555,74000,2室1厅1厨1卫,75O,高楼层 (共22层),平层,东南,两梯八户,简装,70年,钢混结构,有,,https://sh.lianjia.com/ershoufang/107100475777.html
浦东,唐镇,毕加索小镇(一期)(公寓),外环外,530,57217,2室2厅1厨1卫,92.63O,高楼层 (共8层),平层,南 北,一梯两户,精装,未知,钢混结构,有,,https://sh.lianjia.com/ershoufang/107101360994.html
浦东,源深,阳升公寓,内环内,440,90146,2室1厅1厨1卫,48.81O,低楼层 (共6层),平层,南,一梯五户,精装,未知,砖混结构,无,,https://sh.lianjia.com/ershoufang/107100864805.html
浦东,张江,玉兰香苑(二期),中环至外环,585,52571,3室2厅1厨2卫,111.28O,高楼层 (共6层),平层,南,一梯两户,精装,未知,砖混结构,无,,https://sh.lianjia.com/ershoufang/107100668101.html
浦东,北蔡,文汇小区(浦东),内环至中环,240,43197,2室1厅1厨1卫,55.56O,高楼层 (共6层),平层,南,一梯四户,简装,未知,砖混结构,无,,https://sh.lianjia.com/ershoufang/107101502804.html
浦东,世博,凯德嘉博名邸,内环至中环,670,72858,2室2厅1厨1卫,91.96O,低楼层 (共16层),平层,南,两梯三户,精装,未知,钢混结构,有,,https://sh.lianjia.com/ershoufang/107101285339.html
浦东,曹路,阳光苑,外环外,245,38583,2室1厅1厨1卫,63.5O,低楼层 (共6层),平层,南,一梯两户,简装,未知,砖混结构,无,,https://sh.lianjia.com/ershoufang/107101317366.html
浦东,康桥,周康二村,外环外,369,39281,3室2厅1厨1卫,93.94O,高楼层 (共5层),平层,南,一梯两户,简装,未知,砖混结构,无,,https://sh.lianjia.com/ershoufang/107101090438.html
浦东,曹路,银丰苑,外环外,365,38422,2室2厅1厨2卫,95O,高楼层 (共6层),平层,南,一梯两户,毛坯,70年,钢混结构,无,,https://sh.lianjia.com/ershoufang/107101325849.html
浦东,康桥,康桥半岛(秀沿路1168弄),外环外,1600,66341,4室2厅1厨3卫,241.18O,低楼层 (共3层),,南,,精装,未知,钢混结构,,暂无数据,https://sh.lianjia.com/ershoufang/107101511782.html
浦东,杨东,仁恒公园世纪,内环内,1880,120513,3室2厅1厨2卫,156O,低楼层 (共32层),暂无数据,南,两梯三户,精装,70年,钢混结构,有,,https://sh.lianjia.com/ershoufang/107100735911.html
浦东,泥城镇,云树雅居,外环外,155,18818,2室2厅1厨1卫,82.37O,中楼层 (共11层),暂无数据,南,一梯两户,简装,未知,钢混结构,有,,https://sh.lianjia.com/ershoufang/107101512818.html
浦东,北蔡,天池二村,内环至中环,490,55262,3室1厅1厨1卫,88.67O,中楼层 (共5层),平层,南,一梯两户,精装,70年,砖混结构,无,,https://sh.lianjia.com/ershoufang/107101373578.html
浦东,川沙,绿海家园,外环外,240,36642,2室1厅1厨1卫,65.5O,高楼层 (共6层),平层,南,一梯两户,精装,70年,砖混结构,无,,https://sh.lianjia.com/ershoufang/107100680717.html
浦东,康桥,中邦城市艺墅,外环外,1750,52396,5室2厅1厨4卫,334O,低楼层 (共1层),,南,,精装,70年,钢混结构,,暂无数据,https://sh.lianjia.com/ershoufang/107100566340.html
浦东,金桥,东陆新村五街坊,中环至外环,480,62910,2室1厅1厨1卫,76.3O,低楼层 (共6层),暂无数据,南 北,一梯三户,精装,未知,钢混结构,无,,https://sh.lianjia.com/ershoufang/107100390330.html
浦东,曹路,金钻苑,外环外,320,35220,2室1厅1厨2卫,90.86O,高楼层 (共6层),平层,南,一梯两户,毛坯,未知,钢混结构,无,,https://sh.lianjia.com/ershoufang/107101200906.html
浦东,三林,三林新村(永泰路258弄),中环至外环,500,56180,3室1厅1厨1卫,89O,高楼层 (共14层),平层,南,一梯两户,简装,未知,钢混结构,有,,https://sh.lianjia.com/ershoufang/107101254360.html
浦东,碧云,金桥爱建园,内环至中环,950,89539,2室2厅1厨2卫,106.1O,低楼层 (共16层),暂无数据,南,两梯三户,精装,未知,钢混结构,有,,https://sh.lianjia.com/ershoufang/107000199493.html
浦东,三林,城林雅苑,外环外,299,44501,2室1厅1厨1卫,67.19O,中楼层 (共26层),平层,南,一梯六户,毛坯,未知,钢混结构,暂无数据,,https://sh.lianjia.com/ershoufang/107101413100.html
浦东,金桥,景源佳苑,中环至外环,285,45622,2室1厅1厨1卫,62.47O,低楼层 (共6层),平层,南,一梯三户,精装,未知,钢混结构,无,,https://sh.lianjia.com/ershoufang/107100488784.html
浦东,外高桥,富特四村,中环至外环,250,41667,2室1厅1厨1卫,60O,高楼层 (共6层),平层,南 北,一梯四户,简装,70年,砖混结构,无,,https://sh.lianjia.com/ershoufang/107101027334.html
浦东,世博,博爱家园,内环至中环,870,71027,3室2厅1厨2卫,122.49O,中楼层 (共11层),平层,南 北,一梯两户,简装,未知,钢混结构,有,,https://sh.lianjia.com/ershoufang/107101446967.html
浦东,川沙,玉兰苑(川沙),外环外,550,37215,3室2厅1厨2卫,147.79O,中楼层 (共18层),暂无数据,南,两梯二十户,简装,70年,钢混结构,有,,https://sh.lianjia.com/ershoufang/107101195672.html
浦东,唐镇,张江公馆,中环至外环,400,56180,2室2厅1厨2卫,71.2O,中楼层 (共27层),暂无数据,南,两梯四户,精装,70年,钢混结构,有,,https://sh.lianjia.com/ershoufang/107100538374.html
浦东,金桥,东陆新村六街坊,中环至外环,295,45972,2室1厅1厨1卫,64.17O,高楼层 (共6层),平层,南,一梯两户,精装,未知,砖混结构,无,,https://sh.lianjia.com/ershoufang/107101093011.html
浦东,外高桥,浦发春晖新苑,中环至外环,247,44634,1室1厅1厨1卫,55.34O,中楼层 (共15层),暂无数据,南,一梯四户,毛坯,未知,钢混结构,有,,https://sh.lianjia.com/ershoufang/107100538023.html
浦东,源深,东晶国际公寓,内环内,565,77355,1室2厅1厨1卫,73.04O,中楼层 (共28层),平层,西南,两梯六户,简装,70年,钢混结构,有,,https://sh.lianjia.com/ershoufang/107101047448.html
浦东,张江,益丰新村,中环至外环,305,53945,1室1厅1厨1卫,56.54O,中楼层 (共6层),暂无数据,南,一梯两户,精装,未知,砖混结构,无,,https://sh.lianjia.com/ershoufang/107100589189.html
浦东,世博,上南十二村,内环至中环,170,45847,1室1厅1厨1卫,37.08O,高楼层 (共6层),平层,南,一梯四户,其他,未知,砖混结构,无,,https://sh.lianjia.com/ershoufang/107101482347.html
浦东,周浦,菱翔苑,外环外,595,43613,3室2厅1厨2卫,136.43O,中楼层 (共14层),暂无数据,南,一梯两户,毛坯,未知,钢混结构,有,,https://sh.lianjia.com/ershoufang/107101148741.html
浦东,外高桥,怡心苑,中环至外环,220,37672,1室1厅1厨1卫,58.4O,中楼层 (共6层),暂无数据,南,一梯两户,毛坯,未知,钢混结构,无,,https://sh.lianjia.com/ershoufang/107101440382.html
浦东,杨东,爱家亚洲花园,内环内,720,73470,3室2厅1厨1卫,98O,低楼层 (共14层),平层,南 北,三梯两户,精装,70年,钢混结构,有,,https://sh.lianjia.com/ershoufang/107100165058.html
浦东,世博,上南十二村,内环至中环,239,53890,1室1厅1厨1卫,44.35O,中楼层 (共6层),平层,南,一梯四户,精装,未知,砖混结构,无,,https://sh.lianjia.com/ershoufang/107100636962.html
浦东,南码头,临沂六村,内环至中环,190,51547,1室1厅1厨1卫,36.86O,高楼层 (共6层),平层,南,一梯四户,精装,未知,砖混结构,无,,https://sh.lianjia.com/ershoufang/107101470782.html
浦东,高行,东力新村,中环至外环,287,40919,2室1厅1厨1卫,70.14O,高楼层 (共6层),平层,南,一梯两户,简装,70年,钢混结构,无,,https://sh.lianjia.com/ershoufang/107101448835.html
浦东,世博,上南七村,内环至中环,205,55153,1室1厅1厨1卫,37.17O,中楼层 (共6层),暂无数据,南,一梯五户,简装,70年,砖混结构,无,,https://sh.lianjia.com/ershoufang/107100890527.html
浦东,泥城镇,蓝色城邦(公寓),外环外,200,22622,2室2厅1厨1卫,88.41O,高楼层 (共12层),暂无数据,南,一梯两户,其他,70年,钢混结构,有,,https://sh.lianjia.com/ershoufang/107100952711.html
浦东,三林,金地湾流域(别墅),中环至外环,2150,69578,6室3厅1厨4卫,309.01O,低楼层 (共3层),,南,,精装,未知,钢混结构,,双拼,https://sh.lianjia.com/ershoufang/107101094386.html
浦东,川沙,青厦小区,外环外,278,35124,3室1厅1厨1卫,79.15O,高楼层 (共6层),平层,南,一梯两户,简装,未知,砖混结构,无,,https://sh.lianjia.com/ershoufang/107101348468.html
浦东,陆家嘴,众盛公寓,内环内,550,58079,3室1厅1厨1卫,94.7O,中楼层 (共7层),平层,南,一梯两户,简装,未知,钢混结构,无,,https://sh.lianjia.com/ershoufang/107101321136.html
浦东,川沙,新德三村,外环外,158,36617,1室1厅1厨1卫,43.15O,高楼层 (共6层),暂无数据,南 北,一梯三户,简装,未知,砖混结构,无,,https://sh.lianjia.com/ershoufang/107101229274.html
浦东,陆家嘴,东南新村(浦东),内环内,327,65782,2室0厅1厨1卫,49.71O,中楼层 (共5层),平层,南,一梯四户,简装,70年,砖混结构,无,,https://sh.lianjia.com/ershoufang/107101051482.html
浦东,南码头,临沂五村,内环至中环,240,54958,2室1厅1厨1卫,43.67O,中楼层 (共6层),平层,南,一梯四户,简装,未知,砖混结构,无,,https://sh.lianjia.com/ershoufang/107101485950.html
浦东,塘桥,南泉小区,内环内,383,59994,2室2厅1厨1卫,63.84O,高楼层 (共6层),平层,南,一梯三户,精装,未知,砖混结构,无,,https://sh.lianjia.com/ershoufang/107100686088.html
浦东,源深,竹园高层,内环内,635,70587,3室1厅1厨1卫,89.96O,低楼层 (共22层),平层,南,两梯八户,精装,70年,钢混结构,有,,https://sh.lianjia.com/ershoufang/107101325272.html
浦东,周浦,汇丽苑,外环外,345,36431,2室2厅1厨1卫,94.7O,低楼层 (共6层),平层,南,一梯两户,精装,未知,钢混结构,无,,https://sh.lianjia.com/ershoufang/107100258682.html
浦东,北蔡,紫叶花园,内环至中环,191,57427,1室1厅1厨1卫,33.26O,中楼层 (共6层),平层,南,一梯八户,毛坯,未知,砖混结构,无,,https://sh.lianjia.com/ershoufang/107100687707.html
浦东,祝桥,朝农新村,外环外,95,19000,2室1厅1厨1卫,50O,低楼层 (共6层),暂无数据,暂无数据,一梯两户,简装,未知,砖混结构,无,,https://sh.lianjia.com/ershoufang/107002222923.html
浦东,塘桥,微山新村,内环内,280,52642,2室1厅1厨1卫,53.19O,低楼层 (共6层),平层,南,一梯四户,简装,未知,砖混结构,无,,https://sh.lianjia.com/ershoufang/107100189477.html
浦东,唐镇,毕加索小镇(一期)(别墅),外环外,1730,50472,3室2厅1厨3卫,342.77O,低楼层 (共3层),,南,,精装,未知,钢混结构,,联排,https://sh.lianjia.com/ershoufang/107101291618.html
浦东,张江,阳光花城,内环至中环,1900,74260,4室2厅1厨2卫,255.86O,低楼层 (共3层),,南,,精装,未知,钢混结构,,联排,https://sh.lianjia.com/ershoufang/107101145794.html
浦东,源深,竹园高层,内环内,910,59431,3室2厅1厨2卫,153.12O,中楼层 (共26层),暂无数据,南,两梯五户,简装,70年,钢混结构,有,,https://sh.lianjia.com/ershoufang/107002139239.html
浦东,张江,紫晶苑,中环至外环,342,43182,2室1厅1厨1卫,79.2O,高楼层 (共6层),平层,南 北,一梯两户,简装,未知,钢混结构,无,,https://sh.lianjia.com/ershoufang/107101296483.html
浦东,北蔡,联勤小区,内环至中环,410,46713,3室2厅1厨1卫,87.77O,高楼层 (共6层),暂无数据,南,一梯两户,简装,未知,砖混结构,无,,https://sh.lianjia.com/ershoufang/107002026685.html
浦东,三林,金橘新苑,中环至外环,490,60094,2室2厅1厨1卫,81.54O,低楼层 (共16层),暂无数据,南 北,两梯四户,简装,70年,钢混结构,有,,https://sh.lianjia.com/ershoufang/107100581777.html
浦东,洋泾,罗山怡景苑,内环内,1000,77876,3室2厅1厨2卫,128.41O,高楼层 (共10层),暂无数据,南,一梯两户,简装,未知,钢混结构,有,,https://sh.lianjia.com/ershoufang/107101377318.html
浦东,陆家嘴,仁恒滨江园,内环内,1350,103338,3室2厅1厨2卫,130.64O,低楼层 (共27层),平层,南,两梯四户,精装,70年,钢混结构,有,,https://sh.lianjia.com/ershoufang/107101465119.html
浦东,北蔡,绿川馨康苑,内环至中环,450,49495,2室2厅1厨1卫,90.92O,低楼层 (共6层),平层,南,一梯两户,简装,未知,钢混结构,无,,https://sh.lianjia.com/ershoufang/107100841013.html
浦东,金桥,东沟七村,中环至外环,240,38968,2室1厅1厨1卫,61.59O,低楼层 (共6层),平层,南,一梯两户,简装,未知,砖混结构,无,,https://sh.lianjia.com/ershoufang/107101505659.html
浦东,北蔡,加东花园,内环至中环,620,44035,4室2厅1厨2卫,140.8O,高楼层 (共6层),暂无数据,南,一梯三户,简装,未知,砖混结构,无,,https://sh.lianjia.com/ershoufang/107002195765.html
浦东,康桥,中邦城市,外环外,590,51755,3室2厅1厨2卫,114O,中楼层 (共8层),平层,南 北,一梯两户,精装,70年,钢混结构,有,,https://sh.lianjia.com/ershoufang/107101386536.html
浦东,金杨,金杨新村三街坊,内环至中环,220,51009,1室1厅1厨1卫,43.13O,中楼层 (共7层),平层,南,一梯两户,简装,未知,砖混结构,无,,https://sh.lianjia.com/ershoufang/107100856256.html
浦东,金桥,金鹏苑,中环至外环,345,61718,2室1厅1厨1卫,55.9O,低楼层 (共6层),平层,南,一梯两户,简装,70年,砖混结构,无,,https://sh.lianjia.com/ershoufang/107100528630.html
浦东,惠南,华钜御庭(一期),外环外,460,33824,4室2厅1厨2卫,136O,高楼层 (共18层),平层,南,两梯两户,精装,未知,钢混结构,有,,https://sh.lianjia.com/ershoufang/107101278182.html
浦东,新场,丝庐雅苑(公寓),外环外,290,32955,2室2厅1厨1卫,88O,低楼层 (共20层),平层,南,两梯四户,精装,70年,钢混结构,有,,https://sh.lianjia.com/ershoufang/107100745239.html
浦东,三林,南江苑,内环至中环,574,47054,3室2厅1厨2卫,121.99O,高楼层 (共6层),复式,南,一梯两户,简装,未知,砖混结构,无,,https://sh.lianjia.com/ershoufang/107100271811.html
浦东,康桥,城中花园,外环外,1070,40929,7室2厅1厨4卫,261.43O,低楼层 (共12层),暂无数据,南,一梯四户,精装,未知,钢混结构,有,,https://sh.lianjia.com/ershoufang/107101439966.html
浦东,航头,昱丽家园,外环外,205,36303,1室1厅1厨1卫,56.47O,中楼层 (共18层),平层,南,一梯四户,其他,未知,钢混结构,暂无数据,,https://sh.lianjia.com/ershoufang/107101039530.html
浦东,联洋,联洋年华,内环内,1550,48438,4室2厅1厨3卫,320O,低楼层 (共22层),暂无数据,南,两梯四户,简装,70年,钢混结构,有,,https://sh.lianjia.com/ershoufang/107101260749.html
浦东,塘桥,东南华庭,内环内,1290,80975,3室2厅1厨2卫,159.31O,中楼层 (共29层),平层,南,两梯八户,其他,未知,钢混结构,有,,https://sh.lianjia.com/ershoufang/107101300540.html
浦东,洋泾,永安新村,内环内,275,55310,2室0厅1厨1卫,49.72O,高楼层 (共6层),平层,南,一梯四户,精装,70年,砖混结构,无,,https://sh.lianjia.com/ershoufang/107101021728.html
浦东,陆家嘴,东园一村,内环内,510,76796,2室1厅1厨1卫,66.41O,中楼层 (共24层),平层,东南,两梯八户,精装,70年,钢混结构,有,,https://sh.lianjia.com/ershoufang/107101392619.html
浦东,张江,玉兰香苑(二期),中环至外环,535,47029,3室2厅1厨2卫,113.76O,低楼层 (共6层),暂无数据,南,一梯两户,毛坯,未知,砖混结构,无,,https://sh.lianjia.com/ershoufang/107101256997.html
浦东,祝桥,千汇苑一村,外环外,285,35268,2室2厅1厨1卫,80.81O,高楼层 (共5层),暂无数据,南,一梯两户,其他,未知,钢混结构,无,,https://sh.lianjia.com/ershoufang/107100500811.html
浦东,张江,广兰名苑,内环至中环,750,59060,3室2厅1厨2卫,126.99O,中楼层 (共11层),暂无数据,南,一梯两户,精装,未知,钢混结构,有,,https://sh.lianjia.com/ershoufang/107101115631.html
浦东,金桥,金巷小区,中环至外环,335,44010,3室1厅1厨1卫,76.12O,低楼层 (共6层),暂无数据,南,一梯四户,简装,未知,砖混结构,无,,https://sh.lianjia.com/ershoufang/107101487293.html
浦东,书院镇,新舒苑,外环外,156,18997,2室1厅1厨1卫,82.12O,中楼层 (共5层),平层,南 北,一梯两户,精装,未知,钢混结构,无,,https://sh.lianjia.com/ershoufang/107101437573.html
浦东,金杨,金杨七街坊,内环至中环,289,51914,2室1厅1厨1卫,55.67O,高楼层 (共6层),平层,南,一梯三户,精装,70年,砖混结构,无,,https://sh.lianjia.com/ershoufang/107101331084.html
浦东,金桥,金桥新村四街坊台儿庄小区,中环至外环,265,80842,1室1厅1厨1卫,32.78O,高楼层 (共6层),暂无数据,南,一梯三户,精装,未知,砖混结构,无,,https://sh.lianjia.com/ershoufang/107101332913.html
浦东,金桥,东沟六村,中环至外环,290,46888,2室1厅1厨1卫,61.85O,低楼层 (共6层),暂无数据,南,一梯四户,精装,未知,砖混结构,无,,https://sh.lianjia.com/ershoufang/107101408743.html
浦东,塘桥,东方城市花园(一期),内环内,870,77108,2室2厅1厨2卫,112.83O,低楼层 (共16层),暂无数据,南 北,一梯两户,精装,未知,钢混结构,有,,https://sh.lianjia.com/ershoufang/107101266048.html
浦东,张江,孙桥公寓,中环至外环,228,44367,1室1厅1厨1卫,51.39O,低楼层 (共6层),平层,南,一梯两户,简装,未知,砖混结构,无,,https://sh.lianjia.com/ershoufang/107100259318.html
浦东,周浦,年家浜路321号,外环外,180,41861,1室1厅1厨1卫,43O,中楼层 (共6层),平层,南,一梯六户,其他,70年,砖混结构,无,,https://sh.lianjia.com/ershoufang/107101399881.html
浦东,泥城镇,荷风华庭,外环外,160,19430,2室2厅1厨1卫,82.35O,高楼层 (共11层),平层,南,一梯三户,精装,未知,钢混结构,有,,https://sh.lianjia.com/ershoufang/107101512925.html
浦东,康桥,汤巷馨村(二期),外环外,350,39973,2室1厅1厨1卫,87.56O,高楼层 (共6层),平层,南,一梯两户,精装,未知,钢混结构,无,,https://sh.lianjia.com/ershoufang/107101210880.html
浦东,世博,新世纪花苑(一期)(浦东),近7号线长清路站,320,47549,2室1厅1厨1卫,67.3O,高楼层 (共7层),暂无数据,南,一梯四户,简装,未知,钢混结构,无,,https://sh.lianjia.com/ershoufang/107001417737.html
浦东,北蔡,大华锦绣华城(十四街区),内环至中环,745,87115,3室2厅1厨1卫,85.52O,高楼层 (共18层),平层,南,两梯四户,精装,70年,钢混结构,有,,https://sh.lianjia.com/ershoufang/107100599399.html
浦东,周浦,御沁园(别墅),外环外,1380,48486,4室2厅1厨5卫,284.62O,低楼层 (共3层),,南,,毛坯,70年,钢混结构,,联排,https://sh.lianjia.com/ershoufang/107100893588.html
浦东,周浦,周东二村,外环外,280,35444,3室1厅1厨1卫,79O,低楼层 (共6层),平层,南,一梯两户,简装,未知,砖混结构,无,,https://sh.lianjia.com/ershoufang/107101232202.html
浦东,宣桥,艺泰安邦,外环外,248,25818,2室2厅1厨1卫,96.06O,低楼层 (共11层),平层,南,两梯三户,精装,70年,钢混结构,有,,https://sh.lianjia.com/ershoufang/107100859069.html
浦东,唐镇,保利御樽苑(公寓),外环外,900,65694,4室1厅1厨3卫,137O,高楼层 (共12层),跃层,南,两梯两户,精装,70年,钢混结构,有,,https://sh.lianjia.com/ershoufang/107101292206.html
浦东,宣桥,欣荷苑,外环外,210,22530,2室2厅1厨1卫,93.21O,中楼层 (共6层),暂无数据,南 北,一梯两户,精装,未知,钢混结构,无,,https://sh.lianjia.com/ershoufang/107101410592.html
浦东,北蔡,文化馨苑,内环至中环,550,67180,2室2厅1厨1卫,81.87O,低楼层 (共6层),平层,南 北,一梯两户,精装,未知,钢混结构,无,,https://sh.lianjia.com/ershoufang/107101191183.html
浦东,新场,汇锦城二期,外环外,315,34616,3室2厅1厨1卫,91O,高楼层 (共18层),暂无数据,南 北,一梯三户,其他,70年,钢混结构,有,,https://sh.lianjia.com/ershoufang/107101302562.html
浦东,临港新城,海芦月华苑,外环外,110,22851,1室1厅1厨1卫,48.14O,高楼层 (共4层),平层,南,一梯两户,其他,未知,钢混结构,无,,https://sh.lianjia.com/ershoufang/107100197687.html
浦东,唐镇,保利金爵公寓,外环外,500,55494,2室2厅1厨1卫,90.1O,中楼层 (共14层),平层,南 北,两梯三户,精装,70年,钢混结构,有,,https://sh.lianjia.com/ershoufang/107101276744.html
浦东,潍坊,东欣小区,内环内,490,112878,1室1厅1厨1卫,43.41O,中楼层 (共25层),平层,南,两梯八户,精装,70年,钢混结构,有,,https://sh.lianjia.com/ershoufang/107100820091.html
浦东,花木,四季雅苑(公寓),内环内,2460,95538,4室2厅1厨3卫,257.49O,中楼层 (共9层),复式,南,一梯三户,精装,未知,钢混结构,有,,https://sh.lianjia.com/ershoufang/107101364275.html
浦东,惠南,良丰新村,外环外,310,25108,3室2厅1厨1卫,123.47O,中楼层 (共6层),平层,南,一梯一户,其他,未知,砖混结构,无,,https://sh.lianjia.com/ershoufang/107100180470.html
浦东,万祥镇,凯德新视界(一期),外环外,190,21591,2室2厅1厨1卫,88O,高楼层 (共12层),平层,南,一梯四户,精装,70年,钢混结构,暂无数据,,https://sh.lianjia.com/ershoufang/107101012209.html
浦东,康桥,绿地康桥新苑,外环外,405,49939,2室2厅1厨1卫,81.1O,高楼层 (共6层),暂无数据,南 北,一梯两户,简装,未知,钢混结构,无,,https://sh.lianjia.com/ershoufang/107101448226.html
浦东,惠南,康敏苑,外环外,300,22389,3室2厅1厨2卫,134O,低楼层 (共6层),平层,南 北,一梯两户,精装,70年,钢混结构,有,,https://sh.lianjia.com/ershoufang/107100864552.html
浦东,金桥,六荷苑小区,中环至外环,358,50694,2室1厅1厨1卫,70.62O,中楼层 (共6层),平层,南,一梯两户,精装,未知,砖混结构,无,,https://sh.lianjia.com/ershoufang/107100756785.html
浦东,塘桥,微山三村,内环内,310,66099,1室1厅1厨1卫,46.9O,低楼层 (共6层),平层,南,一梯四户,其他,70年,砖混结构,无,,https://sh.lianjia.com/ershoufang/107101476736.html
浦东,曹路,阳光苑,外环外,258,36581,2室1厅1厨1卫,70.53O,高楼层 (共6层),平层,南,一梯两户,精装,70年,砖混结构,无,,https://sh.lianjia.com/ershoufang/107101297112.html
浦东,康桥,周康五村,外环外,288,45941,1室1厅1厨1卫,62.69O,中楼层 (共18层),平层,南,一梯四户,毛坯,未知,钢混结构,暂无数据,,https://sh.lianjia.com/ershoufang/107100232372.html
浦东,惠南,东城时代华庭(公寓),外环外,168,32203,1室2厅1厨1卫,52.17O,中楼层 (共6层),平层,南,一梯两户,毛坯,70年,钢混结构,有,,https://sh.lianjia.com/ershoufang/107100778678.html
浦东,北蔡,聚龙家园,内环至中环,410,54667,2室1厅1厨1卫,75O,高楼层 (共6层),平层,南 北,一梯两户,精装,70年,钢混结构,无,,https://sh.lianjia.com/ershoufang/107100719542.html
浦东,川沙,城丰路15弄,外环外,310,28755,3室2厅1厨1卫,107.81O,中楼层 (共6层),暂无数据,南,一梯两户,其他,未知,砖混结构,无,,https://sh.lianjia.com/ershoufang/107101509102.html
浦东,金杨,金杨新村四街坊,内环至中环,430,61115,2室1厅1厨1卫,70.36O,高楼层 (共6层),暂无数据,南,一梯四户,简装,未知,砖混结构,无,,https://sh.lianjia.com/ershoufang/107001365867.html
浦东,南码头,临沂二村,内环至中环,205,52565,1室1厅1厨1卫,39O,低楼层 (共6层),平层,南,一梯四户,毛坯,未知,砖混结构,无,,https://sh.lianjia.com/ershoufang/107002217315.html
浦东,三林,恒大华城长清苑,内环至中环,555,58049,2室2厅1厨1卫,95.61O,低楼层 (共6层),平层,南,一梯两户,精装,未知,钢混结构,无,,https://sh.lianjia.com/ershoufang/107001277145.html
浦东,塘桥,东方城市花园(二期),内环至中环,810,66307,2室2厅0厨2卫,122.16O,低楼层 (共24层),平层,南 北,两梯三户,精装,70年,钢混结构,有,,https://sh.lianjia.com/ershoufang/107101415749.html
浦东,川沙,界龙花苑,外环外,325,40154,2室1厅1厨1卫,80.94O,中楼层 (共6层),暂无数据,南,一梯两户,简装,未知,砖混结构,无,,https://sh.lianjia.com/ershoufang/107101244522.html
浦东,宣桥,艺泰安邦,外环外,235,25802,2室2厅0厨2卫,91.08O,低楼层 (共10层),平层,南,两梯四户,其他,70年,钢混结构,有,,https://sh.lianjia.com/ershoufang/107101404184.html
浦东,周浦,鑫源物业小区,外环外,250,34219,2室1厅1厨1卫,73.06O,高楼层 (共6层),平层,南,一梯两户,简装,未知,砖混结构,无,,https://sh.lianjia.com/ershoufang/107101477392.html
浦东,北蔡,南新二村,内环至中环,250,43193,2室1厅1厨1卫,57.88O,低楼层 (共6层),平层,南,一梯两户,简装,未知,砖混结构,无,,https://sh.lianjia.com/ershoufang/107100533419.html
浦东,航头,鹤沙航城航武嘉园,外环外,240,29759,2室1厅1厨1卫,80.65O,低楼层 (共18层),平层,南,一梯两户,毛坯,未知,钢混结构,暂无数据,,https://sh.lianjia.com/ershoufang/107100469661.html
浦东,陆家嘴,久阳滨江公寓,内环内,540,76792,1室1厅1厨1卫,70.32O,中楼层 (共25层),复式,南,四梯二十二户,精装,70年,钢混结构,有,,https://sh.lianjia.com/ershoufang/107101245933.html
浦东,三林,名嘉新苑,中环至外环,680,55538,3室2厅1厨1卫,122.44O,中楼层 (共17层),暂无数据,南 北,一梯两户,精装,70年,钢混结构,有,,https://sh.lianjia.com/ershoufang/107101324577.html
浦东,世博,齐二小区,内环至中环,185,46239,1室1厅1厨1卫,40.01O,高楼层 (共6层),平层,南,一梯三户,简装,未知,砖混结构,无,,https://sh.lianjia.com/ershoufang/107101168139.html
浦东,潍坊,潍坊四村,内环内,345,70959,2室1厅1厨1卫,48.62O,高楼层 (共6层),平层,南,一梯四户,其他,未知,砖混结构,无,,https://sh.lianjia.com/ershoufang/107101387390.html
浦东,高行,高行银杏苑,中环至外环,325,45423,2室2厅1厨1卫,71.55O,高楼层 (共6层),平层,南,一梯两户,精装,70年,钢混结构,无,,https://sh.lianjia.com/ershoufang/107100907376.html
浦东,万祥镇,凯德新视界(一期),外环外,170,19541,2室2厅1厨1卫,87O,低楼层 (共12层),平层,南,一梯四户,其他,70年,钢混结构,暂无数据,,https://sh.lianjia.com/ershoufang/107101014997.html
浦东,金杨,天元公寓,内环至中环,495,58915,2室1厅1厨1卫,84.02O,低楼层 (共24层),平层,南,两梯八户,简装,70年,钢混结构,有,,https://sh.lianjia.com/ershoufang/107101369748.html
浦东,金杨,东方知音苑,内环至中环,760,92582,2室2厅1厨1卫,82.09O,低楼层 (共11层),平层,南,一梯两户,简装,未知,钢混结构,有,,https://sh.lianjia.com/ershoufang/107100962736.html
浦东,陆家嘴,荣成小区,内环内,350,80571,1室1厅1厨1卫,43.44O,高楼层 (共7层),暂无数据,南,一梯三户,其他,70年,砖混结构,无,,https://sh.lianjia.com/ershoufang/107101510023.html
浦东,世博,齐二小区,内环至中环,460,60234,2室1厅1厨1卫,76.37O,低楼层 (共24层),平层,南,两梯八户,毛坯,未知,钢混结构,有,,https://sh.lianjia.com/ershoufang/107100766001.html
浦东,唐镇,保利金色唐城,外环外,440,51942,2室2厅1厨1卫,84.71O,低楼层 (共6层),平层,南,一梯两户,精装,未知,钢混结构,无,,https://sh.lianjia.com/ershoufang/107101098714.html
浦东,周浦,南郊花园东区,外环外,390,44684,2室1厅1厨1卫,87.28O,低楼层 (共11层),平层,南,两梯五户,其他,未知,钢混结构,有,,https://sh.lianjia.com/ershoufang/107101454750.html
浦东,金桥,贝尔新村,中环至外环,285,48669,2室1厅1厨1卫,58.56O,高楼层 (共6层),平层,南,一梯三户,简装,70年,砖混结构,无,,https://sh.lianjia.com/ershoufang/107100429303.html
浦东,杨东,锦绣一方名苑,内环内,870,63085,3室2厅1厨2卫,137.91O,低楼层 (共11层),平层,南,一梯两户,简装,未知,钢混结构,有,,https://sh.lianjia.com/ershoufang/107002144805.html
浦东,三林,岭南苑(凌兆路127弄),中环至外环,650,50580,3室2厅1厨2卫,128.51O,高楼层 (共6层),复式,南,一梯两户,精装,未知,钢混结构,无,,https://sh.lianjia.com/ershoufang/107100704323.html
浦东,三林,尚东国际名园,内环至中环,1170,87970,3室2厅1厨2卫,133O,中楼层 (共8层),平层,南,一梯两户,精装,未知,钢混结构,有,,https://sh.lianjia.com/ershoufang/107101297831.html
浦东,世博,上南花城,内环至中环,1000,72685,3室2厅1厨2卫,137.58O,中楼层 (共11层),平层,南,一梯两户,精装,未知,钢混结构,有,,https://sh.lianjia.com/ershoufang/107100684678.html
浦东,联洋,仁恒河滨城(二期),近9号线芳甸路站,6000,119558,8室3厅1厨6卫,501.85O,低楼层 (共30层),暂无数据,南,一梯一户,精装,70年,钢混结构,有,,https://sh.lianjia.com/ershoufang/107000409563.html
浦东,御桥,地杰国际城E欧泊时光,中环至外环,1000,59773,4室2厅1厨2卫,167.3O,高楼层 (共26层),平层,南,两梯三户,精装,未知,钢混结构,有,,https://sh.lianjia.com/ershoufang/107100739483.html
浦东,周浦,南郊花园(公寓),外环外,403,44963,2室2厅1厨1卫,89.63O,中楼层 (共6层),平层,南,一梯两户,精装,未知,钢混结构,无,,https://sh.lianjia.com/ershoufang/107101310766.html
浦东,金桥,贝尔新村,中环至外环,320,50355,2室1厅1厨1卫,63.55O,高楼层 (共6层),平层,南 西,一梯五户,毛坯,70年,砖混结构,无,,https://sh.lianjia.com/ershoufang/107100148357.html
浦东,金桥,莱阳北小区,中环至外环,250,41619,2室1厅1厨1卫,60.07O,高楼层 (共6层),平层,南,一梯三户,简装,未知,砖混结构,无,,https://sh.lianjia.com/ershoufang/107100998740.html
浦东,源深,竹园新村(浦东),内环内,420,77620,2室1厅1厨1卫,54.11O,高楼层 (共6层),平层,南 北,一梯四户,精装,未知,砖混结构,无,,https://sh.lianjia.com/ershoufang/107101270738.html
浦东,泥城镇,云锦丽苑,外环外,115,19358,2室2厅1厨1卫,59.41O,中楼层 (共5层),暂无数据,南,一梯三户,简装,未知,钢混结构,无,,https://sh.lianjia.com/ershoufang/107000002179.html
浦东,合庆,金盛佳苑,外环外,295,36389,2室1厅1厨1卫,81.07O,低楼层 (共6层),暂无数据,南,一梯两户,精装,未知,钢混结构,无,,https://sh.lianjia.com/ershoufang/107101434175.html
浦东,塘桥,微山二村,内环内,200,61843,1室1厅1厨1卫,32.34O,高楼层 (共6层),平层,南,一梯三户,精装,未知,砖混结构,无,,https://sh.lianjia.com/ershoufang/107101046000.html
浦东,惠南,听潮五村,外环外,210,23365,2室2厅1厨1卫,89.88O,高楼层 (共6层),平层,南,一梯两户,简装,70年,砖混结构,无,,https://sh.lianjia.com/ershoufang/107100523726.html
浦东,三林,恒大华城新华苑,内环至中环,545,62116,3室2厅1厨1卫,87.74O,中楼层 (共6层),平层,南,一梯两户,精装,未知,钢混结构,无,,https://sh.lianjia.com/ershoufang/107101231754.html
浦东,陆家嘴,滨江凯旋门,内环内,1820,134387,2室2厅1厨2卫,135.43O,中楼层 (共27层),暂无数据,南,两梯三户,精装,70年,钢混结构,有,,https://sh.lianjia.com/ershoufang/107002038065.html
浦东,张江,川杨新苑(一期),中环至外环,465,44536,3室2厅1厨2卫,104.41O,高楼层 (共6层),暂无数据,南,一梯两户,毛坯,70年,钢混结构,无,,https://sh.lianjia.com/ershoufang/107101113660.html
浦东,张江,张江汤臣豪园(一期)(公寓),内环至中环,780,69039,2室2厅1厨2卫,112.98O,中楼层 (共11层),暂无数据,南,一梯三户,简装,70年,钢混结构,有,,https://sh.lianjia.com/ershoufang/107000439757.html
浦东,三林,东旺名苑,内环至中环,675,68843,2室2厅1厨2卫,98.05O,高楼层 (共11层),平层,南,一梯三户,精装,70年,钢混结构,有,,https://sh.lianjia.com/ershoufang/107101068390.html
浦东,三林,万科新里程,内环至中环,770,76885,2室2厅1厨1卫,100.15O,低楼层 (共18层),平层,南,一梯三户,精装,未知,钢混结构,有,,https://sh.lianjia.com/ershoufang/107101383472.html
浦东,塘桥,越富豪庭,内环内,1115,72876,3室2厅1厨2卫,153O,中楼层 (共20层),暂无数据,南 北,一梯两户,精装,未知,钢混结构,有,,https://sh.lianjia.com/ershoufang/107101496221.html
浦东,陆家嘴,东南新村(浦东),内环内,259,64509,2室1厅1厨1卫,40.15O,高楼层 (共6层),平层,南,一梯四户,精装,未知,砖混结构,无,,https://sh.lianjia.com/ershoufang/107101147078.html
浦东,唐镇,保利御樽苑(公寓),外环外,1250,65377,5室2厅1厨2卫,191.2O,中楼层 (共13层),平层,南,两梯两户,精装,70年,钢混结构,有,,https://sh.lianjia.com/ershoufang/107002314083.html
浦东,花木,瑞达苑,内环内,608,67631,2室2厅1厨1卫,89.9O,低楼层 (共6层),暂无数据,南,一梯两户,精装,70年,砖混结构,无,,https://sh.lianjia.com/ershoufang/107100442795.html
浦东,惠南,百乐公寓(惠南),外环外,340,25396,3室2厅1厨2卫,133.88O,中楼层 (共5层),平层,南,一梯两户,精装,未知,钢混结构,无,,https://sh.lianjia.com/ershoufang/107100653956.html
浦东,康桥,达城锦园,外环外,290,39732,2室2厅1厨1卫,72.99O,中楼层 (共14层),平层,南,一梯三户,其他,未知,钢混结构,有,,https://sh.lianjia.com/ershoufang/107101469295.html
浦东,金杨,金杨二街坊,内环至中环,318,51498,2室1厅1厨1卫,61.75O,高楼层 (共7层),平层,西南,一梯四户,简装,未知,砖混结构,无,,https://sh.lianjia.com/ershoufang/107100699585.html
浦东,金杨,金杨二街坊,内环至中环,250,55754,1室1厅1厨1卫,44.84O,高楼层 (共6层),平层,南,一梯两户,简装,未知,砖混结构,无,,https://sh.lianjia.com/ershoufang/107101378672.html
浦东,周浦,汇丽苑,外环外,380,41305,3室2厅1厨1卫,92O,低楼层 (共6层),暂无数据,南,一梯三户,简装,未知,钢混结构,无,,https://sh.lianjia.com/ershoufang/107101056776.html
浦东,三林,恒大翰城瀚林苑,内环至中环,590,58163,2室2厅1厨2卫,101.44O,中楼层 (共5层),,南 北,,精装,70年,钢混结构,,联排,https://sh.lianjia.com/ershoufang/107101358621.html
浦东,北蔡,鹏丰苑,内环至中环,560,63586,2室2厅1厨1卫,88.07O,中楼层 (共17层),平层,南,两梯三户,精装,70年,钢混结构,有,,https://sh.lianjia.com/ershoufang/107100839556.html
浦东,川沙,顺馨佳园,外环外,285,47139,1室1厅1厨1卫,60.46O,中楼层 (共6层),平层,南 北,一梯两户,简装,未知,钢混结构,无,,https://sh.lianjia.com/ershoufang/107101101183.html
浦东,杨东,锦绣华庭,内环内,898,77568,2室2厅1厨2卫,115.77O,低楼层 (共14层),平层,南,两梯两户,精装,未知,钢混结构,有,,https://sh.lianjia.com/ershoufang/107101271512.html
浦东,金桥,金桥新村一街坊,中环至外环,192,50781,1室1厅1厨1卫,37.81O,中楼层 (共6层),平层,南,一梯三户,简装,未知,砖混结构,无,,https://sh.lianjia.com/ershoufang/107101018589.html
浦东,花木,花木绿城锦绣兰庭,内环内,1450,98640,3室2厅1厨2卫,147O,低楼层 (共27层),平层,南,两梯三户,精装,70年,钢混结构,有,,https://sh.lianjia.com/ershoufang/107101316718.html
浦东,新场,丝庐雅苑(公寓),外环外,288,32569,2室2厅1厨1卫,88.43O,低楼层 (共20层),平层,南 北,两梯四户,简装,未知,钢混结构,有,,https://sh.lianjia.com/ershoufang/107100315239.html
浦东,塘桥,海富花园,内环内,880,51462,4室2厅1厨4卫,171O,低楼层 (共21层),平层,南,两梯五户,其他,70年,钢混结构,有,,https://sh.lianjia.com/ershoufang/107101055899.html
浦东,陆家嘴,菊园,内环内,1460,68545,5室2厅1厨2卫,213O,低楼层 (共14层),平层,南,两梯四户,简装,70年,钢混结构,有,,https://sh.lianjia.com/ershoufang/107002151895.html
浦东,曹路,星颂家园,外环外,330,41531,2室2厅1厨1卫,79.46O,低楼层 (共18层),平层,南 北,两梯三户,毛坯,未知,钢混结构,有,,https://sh.lianjia.com/ershoufang/107101157098.html
浦东,金桥,金桥湾清水苑,中环至外环,630,64286,3室2厅1厨1卫,98O,高楼层 (共6层),平层,南,一梯两户,简装,未知,砖混结构,无,,https://sh.lianjia.com/ershoufang/107100326706.html
浦东,源深,东晶国际公寓,内环内,583,79896,1室2厅1厨1卫,72.97O,高楼层 (共29层),平层,西南,两梯六户,精装,未知,钢混结构,有,,https://sh.lianjia.com/ershoufang/107101468571.html
浦东,川沙,鹿汇花园,外环外,229,21499,3室1厅1厨1卫,106.52O,中楼层 (共5层),平层,南,一梯两户,简装,70年,砖混结构,无,,https://sh.lianjia.com/ershoufang/107100432791.html
浦东,书院镇,祥实金港世纪,外环外,80,17332,1室0厅1厨1卫,46.16O,中楼层 (共15层),暂无数据,暂无数据,一梯十六户,简装,50年,钢混结构,暂无数据,,https://sh.lianjia.com/ershoufang/107001020777.html
浦东,张江,紫晶苑,中环至外环,250,40957,1室2厅1厨1卫,61.04O,高楼层 (共14层),平层,南,一梯三户,毛坯,未知,钢混结构,有,,https://sh.lianjia.com/ershoufang/107101161746.html
浦东,金桥,金巷小区,中环至外环,365,40247,2室1厅1厨1卫,90.69O,高楼层 (共24层),平层,西北,两梯八户,简装,未知,钢混结构,有,,https://sh.lianjia.com/ershoufang/107100906048.html
浦东,三林,城林雅苑,外环外,215,45862,1室1厅1厨1卫,46.88O,高楼层 (共28层),平层,南,一梯六户,简装,70年,钢混结构,有,,https://sh.lianjia.com/ershoufang/107101300852.html
浦东,北蔡,天池二村,内环至中环,510,57804,3室1厅1厨1卫,88.23O,中楼层 (共6层),平层,南,一梯两户,简装,未知,砖混结构,无,,https://sh.lianjia.com/ershoufang/107101111823.html
浦东,金桥,金泰小区,中环至外环,450,57071,3室1厅1厨1卫,78.85O,中楼层 (共5层),平层,南,一梯两户,简装,未知,砖混结构,无,,https://sh.lianjia.com/ershoufang/107101465474.html
浦东,北蔡,艾东小区,内环至中环,380,52299,2室2厅1厨1卫,72.66O,高楼层 (共6层),平层,南,一梯三户,精装,70年,砖混结构,无,,https://sh.lianjia.com/ershoufang/107101355570.html
浦东,唐镇,保利金色唐城,外环外,575,53996,4室2厅1厨2卫,106.49O,高楼层 (共5层),平层,南,一梯一户,精装,未知,钢混结构,无,,https://sh.lianjia.com/ershoufang/107101260865.html
浦东,惠南,远洋万和四季,外环外,308,30727,3室2厅1厨1卫,100.24O,高楼层 (共17层),平层,南,一梯四户,精装,70年,钢混结构,暂无数据,,https://sh.lianjia.com/ershoufang/107101506005.html
浦东,金桥,景源佳苑,中环至外环,405,46313,2室2厅1厨1卫,87.45O,中楼层 (共7层),平层,南,一梯四户,精装,未知,钢混结构,有,,https://sh.lianjia.com/ershoufang/107101376201.html
浦东,金杨,金台三居,内环至中环,315,45214,2室1厅1厨1卫,69.67O,低楼层 (共6层),平层,南,一梯两户,毛坯,70年,砖混结构,无,,https://sh.lianjia.com/ershoufang/107001600363.html
浦东,南码头,胶南小区,内环至中环,233,47649,2室0厅1厨1卫,48.9O,低楼层 (共6层),平层,东 东南,一梯四户,毛坯,70年,砖混结构,无,,https://sh.lianjia.com/ershoufang/107100841693.html
浦东,世博,昌里花园,内环至中环,460,61845,1室1厅1厨1卫,74.38O,高楼层 (共12层),平层,西南,两梯八户,精装,70年,钢混结构,有,,https://sh.lianjia.com/ershoufang/107100377285.html
浦东,御桥,康馨花园,中环至外环,320,36435,3室2厅1厨1卫,87.83O,高楼层 (共6层),平层,南,一梯两户,简装,70年,砖混结构,无,,https://sh.lianjia.com/ershoufang/107100408810.html
浦东,祝桥,朗诗未来树,外环外,286,31867,3室2厅1厨1卫,89.75O,中楼层 (共8层),平层,南,一梯四户,精装,70年,钢混结构,有,,https://sh.lianjia.com/ershoufang/107101312962.html
浦东,曹路,佳伟景苑,外环外,280,36843,2室1厅1厨1卫,76O,高楼层 (共14层),平层,南 北,一梯三户,毛坯,未知,钢混结构,有,,https://sh.lianjia.com/ershoufang/107101065382.html
浦东,高行,绿地崴廉公寓,中环至外环,670,54503,3室2厅1厨2卫,122.93O,低楼层 (共9层),平层,南 北,一梯两户,精装,未知,钢混结构,有,,https://sh.lianjia.com/ershoufang/107101067603.html
浦东,北蔡,海东公寓,内环至中环,449,50781,2室2厅1厨1卫,88.42O,高楼层 (共6层),平层,南,一梯两户,简装,70年,砖混结构,无,,https://sh.lianjia.com/ershoufang/107101466141.html
浦东,北蔡,由由二村,内环至中环,410,49994,3室1厅1厨1卫,82.01O,高楼层 (共6层),平层,南 北,一梯两户,简装,未知,砖混结构,无,,https://sh.lianjia.com/ershoufang/107100493372.html
浦东,世博,德馨公寓,内环至中环,1100,59036,3室2厅1厨2卫,186.33O,高楼层 (共9层),暂无数据,南 北,一梯三户,其他,未知,钢混结构,暂无数据,,https://sh.lianjia.com/ershoufang/107100944992.html
浦东,张江,东郊紫园,中环至外环,3500,65743,4室2厅1厨4卫,532.38O,低楼层 (共2层),,北,,精装,70年,钢混结构,,独栋,https://sh.lianjia.com/ershoufang/107001848317.html
浦东,合庆,海湾新城,外环外,340,38982,2室2厅1厨1卫,87.22O,中楼层 (共6层),暂无数据,南,一梯两户,简装,未知,钢混结构,无,,https://sh.lianjia.com/ershoufang/107001806951.html
浦东,北蔡,杨高南路2877弄,内环至中环,385,50826,3室1厅1厨1卫,75.75O,中楼层 (共6层),暂无数据,南,一梯两户,简装,未知,砖混结构,无,,https://sh.lianjia.com/ershoufang/107100599846.html
浦东,三林,三林世博家园(大道站路94弄),内环至中环,500,44104,3室2厅1厨1卫,113.37O,低楼层 (共6层),平层,南 北,一梯两户,精装,未知,钢混结构,无,,https://sh.lianjia.com/ershoufang/107100627566.html
浦东,陆家嘴,东港公寓,内环内,398,73636,2室1厅1厨1卫,54.05O,低楼层 (共15层),平层,南,两梯七户,其他,未知,钢混结构,有,,https://sh.lianjia.com/ershoufang/107101392035.html
浦东,金桥,伟业金锦苑三村,中环至外环,340,59018,1室1厅1厨1卫,57.61O,中楼层 (共6层),平层,南,一梯两户,精装,未知,钢混结构,无,,https://sh.lianjia.com/ershoufang/107100364460.html
浦东,北蔡,由由七村,内环至中环,260,52272,1室1厅1厨1卫,49.74O,高楼层 (共6层),平层,南,一梯三户,简装,70年,砖混结构,无,,https://sh.lianjia.com/ershoufang/107101369512.html
浦东,航头,绿洲千岛花园,外环外,2500,42561,7室4厅1厨5卫,587.4O,低楼层 (共2层),,南,,精装,未知,钢混结构,,暂无数据,https://sh.lianjia.com/ershoufang/107001066233.html
浦东,花木,花木苑,内环内,700,75570,3室2厅1厨1卫,92.63O,中楼层 (共6层),平层,南,一梯两户,简装,70年,钢混结构,无,,https://sh.lianjia.com/ershoufang/107101278926.html
浦东,金桥,中环滨江大厦,中环至外环,130,35676,1室1厅1厨1卫,36.44O,中楼层 (共23层),平层,南,两梯二十七户,毛坯,50年,钢混结构,有,,https://sh.lianjia.com/ershoufang/107101148737.html
浦东,花木,金色维也纳(公寓),内环内,1540,91336,3室2厅1厨2卫,168.61O,低楼层 (共10层),平层,南,一梯两户,精装,未知,钢混结构,有,,https://sh.lianjia.com/ershoufang/107100443117.html
浦东,金杨,罗山三村,内环至中环,240,52186,1室1厅1厨1卫,45.99O,高楼层 (共6层),平层,南,一梯四户,其他,70年,砖混结构,无,,https://sh.lianjia.com/ershoufang/107101493315.html
浦东,三林,凌兆新村(上浦路202弄),中环至外环,360,47873,2室1厅1厨1卫,75.2O,中楼层 (共6层),平层,南 北,一梯两户,简装,未知,砖混结构,无,,https://sh.lianjia.com/ershoufang/107101197062.html
浦东,塘桥,君誉江畔,内环内,295,54388,1室1厅1厨1卫,54.24O,高楼层 (共27层),暂无数据,东南,一梯二十四户,其他,50年,未知结构,暂无数据,,https://sh.lianjia.com/ershoufang/107100475153.html
浦东,金桥,金巷小区,中环至外环,320,52736,2室2厅1厨1卫,60.68O,低楼层 (共6层),平层,南,一梯两户,精装,未知,砖混结构,无,,https://sh.lianjia.com/ershoufang/107101359138.html
浦东,世博,昌里花园(三期),内环至中环,766,68308,3室2厅1厨1卫,112.14O,高楼层 (共18层),平层,南,两梯四户,简装,70年,钢混结构,有,,https://sh.lianjia.com/ershoufang/107001050309.html
浦东,潍坊,潍坊九村,内环内,490,103529,2室1厅1厨1卫,47.33O,低楼层 (共6层),平层,南,一梯四户,简装,未知,砖混结构,无,,https://sh.lianjia.com/ershoufang/107101383463.html
浦东,源深,竹园高层,内环内,470,71822,2室1厅1厨1卫,65.44O,中楼层 (共26层),暂无数据,南,两梯八户,简装,70年,钢混结构,有,,https://sh.lianjia.com/ershoufang/107100713613.html
浦东,北蔡,金旋小区,内环至中环,315,58605,2室1厅1厨1卫,53.75O,高楼层 (共6层),平层,南,一梯四户,简装,70年,砖混结构,无,,https://sh.lianjia.com/ershoufang/107002150419.html
浦东,周浦,印象春城,外环外,390,44068,2室2厅1厨1卫,88.5O,中楼层 (共15层),暂无数据,东,两梯四户,毛坯,未知,钢混结构,有,,https://sh.lianjia.com/ershoufang/107100279055.html
浦东,北蔡,芳华路713弄,内环至中环,259,44056,1室1厅1厨1卫,58.79O,高楼层 (共6层),平层,南,一梯六户,精装,70年,砖混结构,有,,https://sh.lianjia.com/ershoufang/107101191165.html
浦东,川沙,绿地公寓(浦东),外环外,245,30710,2室1厅1厨1卫,79.78O,低楼层 (共6层),暂无数据,南,一梯两户,其他,70年,砖混结构,无,,https://sh.lianjia.com/ershoufang/107101479113.html
浦东,惠南,惠北新村,外环外,135,28267,2室1厅1厨1卫,47.76O,中楼层 (共6层),平层,南,一梯两户,简装,未知,砖混结构,无,,https://sh.lianjia.com/ershoufang/107101042414.html
浦东,新场,丝庐雅苑(别墅),外环外,1250,34627,5室3厅1厨4卫,361O,低楼层 (共4层),,南,,其他,70年,钢混结构,,联排,https://sh.lianjia.com/ershoufang/107101171114.html
浦东,川沙,鼎鑫名流世家,外环外,498,29295,3室2厅1厨1卫,170O,低楼层 (共11层),暂无数据,南,一梯三户,精装,未知,钢混结构,有,,https://sh.lianjia.com/ershoufang/107101153793.html
浦东,曹路,爱法花园(一期),外环外,380,43310,2室1厅1厨1卫,87.74O,中楼层 (共6层),平层,南,一梯两户,简装,未知,钢混结构,无,,https://sh.lianjia.com/ershoufang/107100528996.html
浦东,张江,汤臣豪园(二期),内环至中环,1350,84045,3室2厅1厨3卫,160.63O,高楼层 (共7层),,南,,精装,未知,钢混结构,,叠拼,https://sh.lianjia.com/ershoufang/107101413463.html
浦东,周浦,绿地东上海,外环外,495,49264,2室2厅1厨1卫,100.48O,中楼层 (共14层),平层,南,一梯两户,精装,70年,钢混结构,有,,https://sh.lianjia.com/ershoufang/107101130561.html
浦东,周浦,桃园新城中虹佳园,外环外,185,32030,1室1厅1厨1卫,57.76O,低楼层 (共14层),平层,南,一梯两户,简装,70年,钢混结构,有,,https://sh.lianjia.com/ershoufang/107101336186.html
浦东,塘桥,航运小区,内环内,320,60298,2室1厅1厨1卫,53.07O,低楼层 (共6层),暂无数据,南 北,一梯三户,简装,未知,砖混结构,无,,https://sh.lianjia.com/ershoufang/107002160601.html
