浦东,高行,东源丽晶,中环至外环,2560,83935,5室2厅1厨3卫,305O,低楼层 (共2层),,南,,精装,70年,钢混结构,,独栋,https://sh.lianjia.com/ershoufang/107101159981.html
浦东,高行,高行馨苑,中环至外环,550,47174,3室2厅1厨1卫,116.59O,中楼层 (共6层),暂无数据,南 北,一梯两户,简装,70年,钢混结构,无,,https://sh.lianjia.com/ershoufang/107101440159.html
浦东,高行,紫翠苑,中环至外环,525,41850,3室2厅1厨2卫,125.45O,低楼层 (共6层),平层,南,一梯两户,精装,未知,钢混结构,无,,https://sh.lianjia.com/ershoufang/107101361875.html
浦东,高行,新高苑(二期),,270,47072,1室2厅1厨1卫,57.36O,中楼层 (共18层),平层,南,两梯四户,精装,70年,钢混结构,有,,https://sh.lianjia.com/ershoufang/107101289425.html
浦东,高行,幸福小镇,中环至外环,1650,53055,4室3厅2厨3卫,311O,低楼层 (共3层),,南,,精装,70年,钢混结构,,双拼,https://sh.lianjia.com/ershoufang/107101085698.html
浦东,高行,幸福小镇,中环至外环,259,47558,1室1厅1厨1卫,54.46O,高楼层 (共14层),平层,南,一梯三户,毛坯,70年,钢混结构,有,,https://sh.lianjia.com/ershoufang/107100917025.html
浦东,高行,绿地崴廉公寓,中环至外环,548,55777,2室2厅1厨1卫,98.25O,低楼层 (共16层),平层,南,两梯三户,简装,70年,钢混结构,有,,https://sh.lianjia.com/ershoufang/107101465853.html
浦东,高行,春江花悦园,中环至外环,535,57312,2室1厅1厨1卫,93.35O,中楼层 (共13层),暂无数据,暂无数据,一梯两户,精装,70年,钢混结构,有,,https://sh.lianjia.com/ershoufang/107002137247.html
浦东,高行,华高一村,中环至外环,340,38747,2室2厅1厨1卫,87.75O,高楼层 (共6层),平层,西南,一梯四户,简装,70年,砖混结构,无,,https://sh.lianjia.com/ershoufang/107101118695.html
浦东,高行,东源丽晶,中环至外环,2150,74913,4室2厅1厨3卫,287O,低楼层 (共2层),,南,,精装,70年,钢混结构,,独栋,https://sh.lianjia.com/ershoufang/107100545680.html
浦东,高行,东力新村,中环至外环,450,38107,3室2厅1厨1卫,118.09O,高楼层 (共6层),暂无数据,南,一梯三户,精装,未知,钢混结构,无,,https://sh.lianjia.com/ershoufang/107100384206.html
浦东,高行,华高二村,中环至外环,320,43244,2室1厅1厨1卫,74O,低楼层 (共6层),平层,南,一梯四户,精装,未知,砖混结构,无,,https://sh.lianjia.com/ershoufang/107002112739.html
浦东,高行,华高一村,中环至外环,235,45543,1室1厅1厨1卫,51.6O,低楼层 (共6层),平层,南,一梯三户,简装,未知,砖混结构,无,,https://sh.lianjia.com/ershoufang/107100854574.html
浦东,高行,东源丽晶,中环至外环,2350,78334,4室2厅1厨4卫,300O,低楼层 (共2层),,北,,毛坯,70年,钢混结构,,独栋,https://sh.lianjia.com/ershoufang/107000102639.html
浦东,高行,高行家园,中环至外环,450,54939,2室2厅1厨1卫,81.91O,高楼层 (共6层),平层,南 北,一梯两户,毛坯,未知,钢混结构,无,,https://sh.lianjia.com/ershoufang/107101424617.html
浦东,高行,春江花悦园,中环至外环,620,51470,3室1厅1厨2卫,120.46O,中楼层 (共12层),平层,南,一梯三户,精装,未知,钢混结构,有,,https://sh.lianjia.com/ershoufang/107100947332.html
浦东,高行,幸福小镇,中环至外环,580,50435,3室2厅1厨1卫,115O,低楼层 (共5层),平层,南,一梯两户,精装,70年,钢混结构,无,,https://sh.lianjia.com/ershoufang/107101437459.html
浦东,高行,新高苑(一期),中环至外环,418,48633,2室2厅1厨1卫,85.95O,高楼层 (共6层),平层,南,一梯两户,精装,70年,钢混结构,无,,https://sh.lianjia.com/ershoufang/107100852647.html
浦东,高行,东源名都,中环至外环,570,49385,3室2厅1厨1卫,115.42O,低楼层 (共18层),平层,南 北,一梯两户,精装,70年,钢混结构,有,,https://sh.lianjia.com/ershoufang/107100819410.html
浦东,高行,幸福小镇,中环至外环,620,45926,3室2厅1厨2卫,135O,低楼层 (共17层),平层,南,两梯两户,简装,70年,钢混结构,有,,https://sh.lianjia.com/ershoufang/107101173124.html
浦东,高行,华高庭园,中环至外环,455,47273,3室1厅1厨1卫,96.25O,低楼层 (共6层),平层,南 北,一梯两户,简装,未知,钢混结构,无,,https://sh.lianjia.com/ershoufang/107100412866.html
浦东,高行,华高苑,中环至外环,465,43658,2室2厅1厨2卫,106.51O,中楼层 (共5层),平层,南,一梯两户,精装,70年,砖混结构,无,,https://sh.lianjia.com/ershoufang/107100658443.html
浦东,高行,新高苑(三期),,418,50132,2室2厅1厨1卫,83.38O,高楼层 (共6层),平层,南,一梯两户,毛坯,70年,钢混结构,无,,https://sh.lianjia.com/ershoufang/107101410849.html
浦东,高行,东力新村,中环至外环,350,41509,3室1厅1厨1卫,84.32O,低楼层 (共6层),平层,南 北,一梯三户,精装,70年,钢混结构,无,,https://sh.lianjia.com/ershoufang/107101162052.html
浦东,高行,新高苑(二期),,285,50115,1室2厅1厨1卫,56.87O,中楼层 (共11层),平层,南,一梯三户,精装,70年,钢混结构,有,,https://sh.lianjia.com/ershoufang/107101290915.html
浦东,高行,紫翠苑,中环至外环,352,42896,2室2厅1厨1卫,82.06O,低楼层 (共6层),平层,南,一梯两户,精装,70年,钢混结构,无,,https://sh.lianjia.com/ershoufang/107101141560.html
浦东,高行,东源丽晶,中环至外环,2800,84888,6室2厅1厨5卫,329.85O,低楼层 (共2层),,东南,,精装,70年,钢混结构,,独栋,https://sh.lianjia.com/ershoufang/107100824284.html
浦东,高行,绿地崴廉公寓,中环至外环,535,54581,2室2厅1厨1卫,98.02O,低楼层 (共16层),暂无数据,南,两梯四户,精装,70年,钢混结构,有,,https://sh.lianjia.com/ershoufang/107101334148.html
浦东,高行,华高二村,中环至外环,250,55445,1室1厅1厨1卫,45.09O,高楼层 (共6层),平层,暂无数据,一梯三户,精装,未知,砖混结构,无,,https://sh.lianjia.com/ershoufang/107001525117.html
浦东,高行,新高苑(一期),中环至外环,275,55000,1室1厅1厨1卫,50O,中楼层 (共6层),平层,南,一梯两户,精装,70年,钢混结构,无,,https://sh.lianjia.com/ershoufang/107101174594.html
浦东,高行,高行馨苑,中环至外环,490,49490,2室2厅1厨1卫,99.01O,高楼层 (共6层),暂无数据,南,一梯两户,精装,未知,钢混结构,无,,https://sh.lianjia.com/ershoufang/107100145410.html
浦东,高行,绿地崴廉公寓,中环至外环,643,55308,3室2厅1厨1卫,116.26O,低楼层 (共16层),平层,南 西南 北,两梯三户,精装,70年,钢混结构,有,,https://sh.lianjia.com/ershoufang/107101251792.html
浦东,高行,幸福小镇,中环至外环,650,47116,3室2厅1厨2卫,137.96O,低楼层 (共17层),平层,南 北,两梯两户,精装,70年,钢混结构,有,,https://sh.lianjia.com/ershoufang/107101278334.html
浦东,高行,高行家园,中环至外环,500,50943,3室2厅1厨1卫,98.15O,高楼层 (共6层),平层,南,一梯两户,精装,未知,钢混结构,无,,https://sh.lianjia.com/ershoufang/107101208463.html
浦东,高行,高行馨苑,中环至外环,375,46469,2室1厅0厨1卫,80.7O,低楼层 (共6层),暂无数据,南,一梯两户,毛坯,未知,钢混结构,无,,https://sh.lianjia.com/ershoufang/107101499499.html
浦东,高行,华高新苑,中环至外环,750,50858,3室2厅1厨2卫,147.47O,低楼层 (共6层),暂无数据,南,一梯两户,精装,未知,钢混结构,有,,https://sh.lianjia.com/ershoufang/107100372874.html
浦东,高行,新高苑(三期),,410,45836,2室2厅1厨1卫,89.45O,中楼层 (共14层),平层,南,一梯两户,简装,70年,钢混结构,有,,https://sh.lianjia.com/ershoufang/107101425376.html
浦东,高行,高行银杏苑,中环至外环,330,45917,2室2厅1厨1卫,71.87O,高楼层 (共6层),平层,南,一梯两户,精装,70年,钢混结构,无,,https://sh.lianjia.com/ershoufang/107101336710.html
浦东,高行,新高苑(二期),,270,50280,1室1厅1厨1卫,53.7O,中楼层 (共11层),平层,南 北,一梯四户,精装,70年,钢混结构,有,,https://sh.lianjia.com/ershoufang/107101128762.html
浦东,高行,东力新村,中环至外环,365,42442,2室1厅1厨1卫,86O,低楼层 (共6层),平层,南,一梯两户,简装,70年,钢混结构,无,,https://sh.lianjia.com/ershoufang/107002163913.html
浦东,高行,华高二村,中环至外环,325,41635,2室2厅1厨1卫,78.06O,高楼层 (共6层),平层,南,一梯三户,精装,未知,砖混结构,无,,https://sh.lianjia.com/ershoufang/107100287072.html
浦东,高行,高行馨苑,中环至外环,460,44953,2室2厅1厨1卫,102.33O,高楼层 (共6层),平层,南 北,一梯两户,简装,70年,钢混结构,无,,https://sh.lianjia.com/ershoufang/107100504984.html
浦东,高行,东源名都,中环至外环,630,52857,3室2厅1厨1卫,119.19O,低楼层 (共18层),平层,南,一梯两户,精装,未知,钢混结构,有,,https://sh.lianjia.com/ershoufang/107100620861.html
浦东,高行,高行馨苑,中环至外环,530,45300,3室2厅1厨1卫,117O,中楼层 (共6层),平层,南 北,一梯两户,精装,70年,钢混结构,无,,https://sh.lianjia.com/ershoufang/107101205342.html
浦东,高行,绿地崴廉公寓,中环至外环,530,55376,2室2厅1厨1卫,95.71O,中楼层 (共16层),平层,南 北,两梯三户,精装,70年,钢混结构,有,,https://sh.lianjia.com/ershoufang/107101372545.html
浦东,高行,东源丽晶,中环至外环,1880,65506,5室3厅1厨4卫,287O,低楼层 (共2层),,北,,精装,70年,钢混结构,,独栋,https://sh.lianjia.com/ershoufang/107000438537.html
浦东,高行,华高苑,中环至外环,690,35163,4室2厅1厨2卫,196.23O,高楼层 (共5层),暂无数据,东南,一梯两户,精装,未知,砖混结构,无,,https://sh.lianjia.com/ershoufang/107100951577.html
浦东,高行,绿地崴廉公寓,中环至外环,520,56682,2室2厅1厨1卫,91.74O,低楼层 (共16层),平层,南,两梯三户,精装,70年,钢混结构,有,,https://sh.lianjia.com/ershoufang/107101438786.html
浦东,高行,迎亭公寓,中环至外环,218,47392,1室1厅1厨1卫,46O,高楼层 (共6层),平层,南,一梯两户,精装,未知,钢混结构,无,,https://sh.lianjia.com/ershoufang/107100958113.html
浦东,高行,绿地崴廉公寓,中环至外环,530,53557,2室2厅1厨1卫,98.96O,低楼层 (共16层),平层,南,一梯三户,简装,未知,钢混结构,有,,https://sh.lianjia.com/ershoufang/107100685852.html
浦东,高行,紫翠苑,中环至外环,550,44309,3室2厅1厨2卫,124.13O,高楼层 (共11层),平层,南,一梯两户,精装,未知,钢混结构,暂无数据,,https://sh.lianjia.com/ershoufang/107101301627.html
浦东,高行,新高苑(一期),中环至外环,465,45782,3室2厅1厨1卫,101.57O,低楼层 (共6层),平层,南 北,一梯两户,精装,70年,钢混结构,无,,https://sh.lianjia.com/ershoufang/107002283553.html
浦东,高行,华高苑,中环至外环,585,48348,3室2厅1厨2卫,121O,中楼层 (共5层),平层,南,一梯两户,毛坯,未知,砖混结构,无,,https://sh.lianjia.com/ershoufang/107101026226.html
浦东,高行,幸福小镇,中环至外环,500,51309,2室2厅1厨1卫,97.45O,中楼层 (共6层),平层,南 北,一梯两户,精装,70年,钢混结构,有,,https://sh.lianjia.com/ershoufang/107101297761.html
浦东,高行,高行银杏苑,中环至外环,410,48230,2室1厅1厨1卫,85.01O,低楼层 (共11层),平层,南,一梯三户,简装,未知,钢混结构,有,,https://sh.lianjia.com/ershoufang/107101389258.html
浦东,高行,高行家园,中环至外环,650,49619,3室2厅1厨1卫,131O,低楼层 (共11层),暂无数据,南 北,一梯两户,精装,70年,钢混结构,有,,https://sh.lianjia.com/ershoufang/107101444077.html
浦东,高行,春江花悦园,中环至外环,439,60973,2室1厅1厨1卫,72O,高楼层 (共12层),平层,南,一梯三户,精装,70年,钢混结构,有,,https://sh.lianjia.com/ershoufang/107101252314.html
浦东,高行,东源名都,中环至外环,570,49385,3室2厅1厨1卫,115.42O,低楼层 (共18层),平层,南 北,一梯两户,精装,未知,钢混结构,有,,https://sh.lianjia.com/ershoufang/107100687584.html
浦东,高行,新高苑(一期),中环至外环,252,50766,1室1厅1厨1卫,49.64O,低楼层 (共6层),平层,南,一梯两户,简装,70年,钢混结构,无,,https://sh.lianjia.com/ershoufang/107101401517.html
浦东,高行,幸福小镇,中环至外环,668,49911,3室2厅1厨2卫,133.84O,中楼层 (共5层),平层,南,一梯两户,精装,未知,钢混结构,有,,https://sh.lianjia.com/ershoufang/107101316177.html
浦东,高行,幸福小镇,中环至外环,500,51167,3室2厅1厨1卫,97.72O,高楼层 (共14层),暂无数据,南 北,一梯两户,精装,70年,钢混结构,有,,https://sh.lianjia.com/ershoufang/107101332906.html
浦东,高行,绿地崴廉公寓,中环至外环,950,34129,4室2厅1厨2卫,278.36O,低楼层 (共16层),暂无数据,南,一梯两户,简装,未知,钢混结构,有,,https://sh.lianjia.com/ershoufang/107100540349.html
浦东,高行,幸福小镇,中环至外环,388,51803,2室1厅1厨1卫,74.9O,中楼层 (共5层),平层,南,一梯两户,精装,70年,钢混结构,无,,https://sh.lianjia.com/ershoufang/107100984441.html
浦东,高行,东力新村,中环至外环,210,47804,1室1厅1厨1卫,43.93O,低楼层 (共6层),暂无数据,南,一梯三户,简装,70年,钢混结构,无,,https://sh.lianjia.com/ershoufang/107101368243.html
浦东,高行,东源丽晶,中环至外环,1950,67011,4室2厅1厨4卫,291O,低楼层 (共2层),,暂无数据,,精装,70年,钢混结构,,独栋,https://sh.lianjia.com/ershoufang/107002142369.html
浦东,高行,东力新村,中环至外环,210,48838,1室1厅1厨1卫,43O,高楼层 (共6层),平层,暂无数据,一梯三户,简装,70年,钢混结构,无,,https://sh.lianjia.com/ershoufang/107002217483.html
浦东,高行,绿地崴廉公寓,中环至外环,510,56781,2室2厅1厨1卫,89.82O,低楼层 (共16层),平层,南,两梯三户,精装,未知,钢混结构,有,,https://sh.lianjia.com/ershoufang/107100132520.html
浦东,高行,幸福小镇,中环至外环,520,53110,2室1厅1厨1卫,97.91O,中楼层 (共6层),平层,南,一梯两户,精装,70年,钢混结构,有,,https://sh.lianjia.com/ershoufang/107100758554.html
浦东,高行,碧云左岸,中环至外环,1180,55115,4室2厅1厨3卫,214.1O,低楼层 (共3层),,南 北,,精装,70年,钢混结构,,联排,https://sh.lianjia.com/ershoufang/107101307317.html
浦东,高行,宜嘉苑,中环至外环,590,50000,3室2厅1厨2卫,118O,中楼层 (共11层),平层,南 北,一梯两户,精装,70年,钢混结构,无,,https://sh.lianjia.com/ershoufang/107101005111.html
浦东,高行,高行银杏苑,中环至外环,270,49065,2室1厅1厨1卫,55.03O,高楼层 (共11层),平层,南,一梯三户,精装,未知,钢混结构,有,,https://sh.lianjia.com/ershoufang/107101237328.html
浦东,高行,绿地崴廉公寓,中环至外环,485,52948,2室2厅1厨1卫,91.6O,高楼层 (共16层),平层,南,两梯三户,精装,未知,钢混结构,有,,https://sh.lianjia.com/ershoufang/107100099213.html
浦东,高行,东源名都,中环至外环,580,55840,2室2厅1厨1卫,103.87O,高楼层 (共18层),平层,南,一梯三户,精装,未知,钢混结构,有,,https://sh.lianjia.com/ershoufang/107101383304.html
浦东,高行,龙腾阁小区,中环至外环,210,36459,2室1厅1厨1卫,57.6O,低楼层 (共6层),平层,南 北,一梯两户,其他,未知,钢混结构,无,,https://sh.lianjia.com/ershoufang/107100613191.html
浦东,高行,新高苑(一期),中环至外环,430,50571,2室2厅1厨1卫,85.03O,中楼层 (共6层),平层,南,一梯两户,精装,未知,钢混结构,无,,https://sh.lianjia.com/ershoufang/107101474029.html
浦东,高行,绿地崴廉公寓,中环至外环,595,29167,3室2厅1厨2卫,204O,低楼层 (共10层),暂无数据,南,一梯两户,精装,未知,钢混结构,有,,https://sh.lianjia.com/ershoufang/107100684130.html
浦东,高行,东力新村,中环至外环,249,39232,2室1厅1厨1卫,63.47O,高楼层 (共6层),平层,南 北,一梯三户,精装,70年,钢混结构,无,,https://sh.lianjia.com/ershoufang/107101087632.html
浦东,高行,碧云左岸,中环至外环,2688,82140,6室2厅1厨4卫,327.25O,低楼层 (共2层),,南,,精装,未知,钢混结构,,独栋,https://sh.lianjia.com/ershoufang/107101381608.html
浦东,高行,幸福小镇,中环至外环,1250,51935,4室2厅1厨4卫,240.69O,低楼层 (共3层),,南,,精装,70年,钢混结构,,联排,https://sh.lianjia.com/ershoufang/107100320335.html
浦东,高行,幸福小镇,中环至外环,650,52445,3室2厅1厨2卫,123.94O,高楼层 (共14层),复式,南 北,一梯两户,精装,70年,钢混结构,有,,https://sh.lianjia.com/ershoufang/107100709254.html
浦东,高行,高行馨苑,中环至外环,390,48750,2室2厅1厨1卫,80O,高楼层 (共6层),平层,南,一梯两户,精装,70年,钢混结构,无,,https://sh.lianjia.com/ershoufang/107100347768.html
浦东,高行,高行银杏苑,中环至外环,480,50215,3室2厅1厨1卫,95.59O,中楼层 (共11层),平层,南 北,一梯三户,精装,未知,钢混结构,有,,https://sh.lianjia.com/ershoufang/107101414769.html
浦东,高行,幸福小镇,中环至外环,550,47864,3室2厅1厨1卫,114.91O,低楼层 (共11层),平层,南 北,一梯两户,精装,70年,钢混结构,有,,https://sh.lianjia.com/ershoufang/107100135678.html
浦东,高行,东源名都,中环至外环,440,48971,2室2厅1厨1卫,89.85O,高楼层 (共18层),暂无数据,南 北,一梯四户,毛坯,未知,钢混结构,有,,https://sh.lianjia.com/ershoufang/107100861884.html
浦东,高行,华高一村,中环至外环,218,42863,1室1厅1厨1卫,50.86O,高楼层 (共6层),平层,南,一梯两户,精装,未知,砖混结构,无,,https://sh.lianjia.com/ershoufang/107101197042.html
浦东,高行,东源名都,中环至外环,527,50771,2室2厅1厨1卫,103.8O,低楼层 (共18层),平层,南,两梯三户,简装,70年,钢混结构,有,,https://sh.lianjia.com/ershoufang/107100086845.html
浦东,高行,碧云左岸,中环至外环,1900,77701,4室3厅1厨3卫,244.53O,低楼层 (共3层),,南,,精装,未知,钢混结构,,联排,https://sh.lianjia.com/ershoufang/107100009104.html
浦东,高行,迎亭公寓,中环至外环,433,47946,2室2厅1厨1卫,90.31O,低楼层 (共6层),平层,南,一梯两户,精装,70年,钢混结构,无,,https://sh.lianjia.com/ershoufang/107101084489.html
浦东,高行,绿地崴廉公寓,中环至外环,650,56606,3室2厅1厨1卫,114.83O,低楼层 (共16层),平层,南,两梯三户,精装,未知,钢混结构,有,,https://sh.lianjia.com/ershoufang/107101411051.html
浦东,高行,华高二村,中环至外环,345,42394,2室1厅1厨1卫,81.38O,高楼层 (共7层),暂无数据,南,一梯三户,简装,未知,钢混结构,无,,https://sh.lianjia.com/ershoufang/107002038781.html
浦东,高行,高行馨苑,中环至外环,495,43251,3室2厅1厨1卫,114.45O,高楼层 (共6层),平层,南,一梯两户,精装,70年,钢混结构,无,,https://sh.lianjia.com/ershoufang/107101129321.html
浦东,高行,绿地崴廉公寓,中环至外环,540,56456,2室2厅1厨2卫,95.65O,高楼层 (共16层),平层,南,两梯三户,精装,70年,钢混结构,有,,https://sh.lianjia.com/ershoufang/107101147437.html
浦东,高行,紫翠苑,中环至外环,406,42936,3室2厅0厨1卫,94.56O,低楼层 (共5层),平层,东南,一梯两户,毛坯,未知,钢混结构,无,,https://sh.lianjia.com/ershoufang/107101457364.html
浦东,高行,凯鑫苑,中环至外环,610,60751,2室2厅1厨1卫,100.41O,中楼层 (共4层),平层,南,一梯两户,精装,未知,钢混结构,无,,https://sh.lianjia.com/ershoufang/107101081096.html
浦东,高行,新高苑(一期),中环至外环,645,42656,3室2厅1厨2卫,151.21O,中楼层 (共12层),平层,南,一梯两户,毛坯,70年,钢混结构,有,,https://sh.lianjia.com/ershoufang/107101125263.html
浦东,高行,高行银杏苑,中环至外环,340,47308,2室2厅1厨1卫,71.87O,中楼层 (共6层),平层,南,一梯两户,精装,70年,钢混结构,无,,https://sh.lianjia.com/ershoufang/107101374308.html
浦东,高行,华高二村,中环至外环,410,40323,2室2厅1厨1卫,101.68O,高楼层 (共6层),平层,南,一梯两户,简装,未知,砖混结构,无,,https://sh.lianjia.com/ershoufang/107101011756.html
浦东,高行,东力新村,中环至外环,310,40790,2室2厅1厨1卫,76O,低楼层 (共6层),平层,暂无数据,一梯两户,简装,70年,钢混结构,无,,https://sh.lianjia.com/ershoufang/107002212013.html
浦东,高行,华高一村,中环至外环,245,42602,1室1厅1厨1卫,57.51O,低楼层 (共6层),平层,南,一梯两户,精装,70年,砖混结构,无,,https://sh.lianjia.com/ershoufang/107101245760.html
浦东,高行,绿地崴廉公寓,中环至外环,1420,33278,6室4厅2厨3卫,426.72O,低楼层 (共16层),跃层,南,一梯两户,精装,未知,钢混结构,有,,https://sh.lianjia.com/ershoufang/107100404847.html
浦东,高行,华高二村,中环至外环,310,43044,2室1厅1厨1卫,72.02O,高楼层 (共6层),平层,南,一梯三户,简装,未知,砖混结构,无,,https://sh.lianjia.com/ershoufang/107001550093.html
浦东,高行,高行家园,中环至外环,315,50497,1室2厅1厨1卫,62.38O,中楼层 (共6层),平层,南 北,一梯两户,精装,70年,钢混结构,无,,https://sh.lianjia.com/ershoufang/107101335665.html
浦东,高行,高行馨苑,中环至外环,438,44526,2室1厅1厨1卫,98.37O,高楼层 (共6层),平层,南 北,一梯两户,精装,70年,钢混结构,无,,https://sh.lianjia.com/ershoufang/107101487249.html
浦东,高行,幸福小镇,中环至外环,465,62083,3室2厅1厨2卫,74.9O,高楼层 (共5层),平层,南,一梯两户,毛坯,70年,钢混结构,无,,https://sh.lianjia.com/ershoufang/107100387049.html
浦东,高行,华高苑,中环至外环,600,48714,3室2厅1厨1卫,123.17O,中楼层 (共5层),平层,南,一梯两户,精装,未知,砖混结构,无,,https://sh.lianjia.com/ershoufang/107002175409.html
浦东,高行,幸福小镇,中环至外环,485,50125,2室1厅1厨1卫,96.76O,中楼层 (共6层),平层,南 北,一梯两户,精装,70年,钢混结构,有,,https://sh.lianjia.com/ershoufang/107101309764.html
浦东,高行,紫翠苑,中环至外环,450,41880,3室2厅1厨1卫,107.45O,低楼层 (共12层),平层,南,一梯两户,简装,未知,钢混结构,暂无数据,,https://sh.lianjia.com/ershoufang/107101460044.html
浦东,高行,绿地崴廉公寓,中环至外环,1420,33278,6室4厅2厨3卫,426.72O,低楼层 (共16层),跃层,南,一梯两户,精装,未知,钢混结构,有,,https://sh.lianjia.com/ershoufang/107100404874.html
浦东,高行,高行馨苑,中环至外环,450,43929,2室2厅1厨1卫,102.44O,高楼层 (共6层),平层,南 北,一梯两户,精装,70年,钢混结构,无,,https://sh.lianjia.com/ershoufang/107100136664.html
浦东,高行,绿地崴廉公寓,中环至外环,1210,50000,4室2厅1厨2卫,242O,低楼层 (共4层),暂无数据,南 北,一梯两户,毛坯,未知,钢混结构,无,,https://sh.lianjia.com/ershoufang/107100651221.html
浦东,高行,新高苑(三期),,420,50372,2室2厅1厨1卫,83.38O,高楼层 (共6层),平层,南,一梯两户,毛坯,70年,钢混结构,无,,https://sh.lianjia.com/ershoufang/107101411665.html
浦东,高行,高行家园,中环至外环,495,50152,2室2厅1厨1卫,98.7O,低楼层 (共11层),暂无数据,南 北,一梯两户,其他,70年,钢混结构,有,,https://sh.lianjia.com/ershoufang/107101458454.html
浦东,高行,东力新村,中环至外环,340,43888,2室1厅1厨1卫,77.47O,中楼层 (共5层),平层,南,一梯两户,精装,70年,钢混结构,无,,https://sh.lianjia.com/ershoufang/107101296926.html
浦东,高行,华高一村,中环至外环,390,42063,2室2厅1厨1卫,92.72O,高楼层 (共6层),平层,南,一梯两户,简装,70年,砖混结构,无,,https://sh.lianjia.com/ershoufang/107001457267.html
浦东,高行,紫翠苑,中环至外环,530,42248,3室2厅1厨2卫,125.45O,中楼层 (共6层),平层,南,一梯两户,简装,未知,钢混结构,无,,https://sh.lianjia.com/ershoufang/107101082343.html
浦东,高行,幸福小镇,中环至外环,280,51433,1室1厅1厨1卫,54.44O,高楼层 (共14层),平层,南,一梯三户,其他,70年,钢混结构,有,,https://sh.lianjia.com/ershoufang/107101318245.html
浦东,高行,绿地崴廉公寓,中环至外环,800,55894,3室2厅1厨2卫,143.13O,低楼层 (共16层),平层,南 北,一梯两户,精装,未知,钢混结构,有,,https://sh.lianjia.com/ershoufang/107101407893.html
浦东,高行,幸福小镇,中环至外环,468,52930,2室2厅1厨1卫,88.42O,中楼层 (共5层),平层,南,一梯两户,其他,70年,钢混结构,无,,https://sh.lianjia.com/ershoufang/107101510175.html
浦东,高行,绿地崴廉公寓,中环至外环,635,49765,3室2厅1厨2卫,127.6O,低楼层 (共14层),平层,南,一梯两户,精装,未知,钢混结构,有,,https://sh.lianjia.com/ershoufang/107100254848.html
浦东,高行,新高苑(二期),,270,47662,1室1厅1厨1卫,56.65O,中楼层 (共11层),平层,南,一梯三户,毛坯,70年,钢混结构,有,,https://sh.lianjia.com/ershoufang/107101352140.html
浦东,高行,绿地崴廉公寓,中环至外环,750,36058,3室2厅1厨2卫,208O,低楼层 (共9层),平层,南 北,一梯两户,简装,未知,钢混结构,有,,https://sh.lianjia.com/ershoufang/107101286542.html
浦东,高行,东源名都,中环至外环,550,48403,2室2厅1厨2卫,113.63O,低楼层 (共18层),平层,南,一梯两户,精装,70年,钢混结构,有,,https://sh.lianjia.com/ershoufang/107101369725.html
浦东,高行,高行银杏苑,中环至外环,270,49065,2室1厅1厨1卫,55.03O,中楼层 (共11层),平层,南,一梯三户,毛坯,未知,钢混结构,有,,https://sh.lianjia.com/ershoufang/107101323201.html
浦东,高行,新高苑(二期),,499,45467,3室2厅1厨1卫,109.75O,高楼层 (共14层),平层,南,一梯两户,精装,70年,钢混结构,有,,https://sh.lianjia.com/ershoufang/107101356228.html
浦东,高行,高行馨苑,中环至外环,500,50500,2室2厅1厨1卫,99.01O,高楼层 (共6层),平层,南,一梯两户,精装,70年,钢混结构,无,,https://sh.lianjia.com/ershoufang/107101402052.html
浦东,高行,凯鑫苑,中环至外环,630,57672,2室2厅1厨2卫,109.24O,高楼层 (共12层),平层,南 北,一梯两户,精装,未知,钢混结构,有,,https://sh.lianjia.com/ershoufang/107100380868.html
浦东,高行,幸福小镇,中环至外环,273,50379,1室1厅1厨1卫,54.19O,高楼层 (共14层),平层,南,一梯三户,毛坯,70年,钢混结构,有,,https://sh.lianjia.com/ershoufang/107101256894.html
浦东,高行,华高新苑,中环至外环,663,44950,3室2厅1厨2卫,147.5O,中楼层 (共6层),暂无数据,南,一梯两户,精装,未知,钢混结构,无,,https://sh.lianjia.com/ershoufang/107101174532.html
浦东,高行,幸福小镇,中环至外环,409,52925,2室1厅1厨1卫,77.28O,低楼层 (共14层),平层,南,一梯三户,精装,未知,钢混结构,有,,https://sh.lianjia.com/ershoufang/107101409570.html
浦东,高行,幸福小镇,中环至外环,429,55305,2室1厅1厨1卫,77.57O,低楼层 (共14层),暂无数据,南,一梯三户,精装,70年,钢混结构,有,,https://sh.lianjia.com/ershoufang/107101283045.html
浦东,高行,紫翠苑,中环至外环,350,43750,2室2厅1厨1卫,80O,低楼层 (共6层),平层,南,一梯两户,简装,未知,钢混结构,无,,https://sh.lianjia.com/ershoufang/107101373977.html
浦东,高行,新高苑(三期),,410,47241,2室2厅1厨1卫,86.79O,低楼层 (共12层),暂无数据,南,一梯两户,毛坯,70年,钢混结构,有,,https://sh.lianjia.com/ershoufang/107100224620.html
浦东,高行,东力新村,中环至外环,305,40403,2室1厅1厨1卫,75.49O,低楼层 (共6层),平层,南,一梯两户,简装,70年,钢混结构,无,,https://sh.lianjia.com/ershoufang/107101095224.html
浦东,高行,华高新苑,中环至外环,920,41256,4室4厅1厨3卫,223O,高楼层 (共6层),复式,南,一梯两户,精装,70年,钢混结构,有,,https://sh.lianjia.com/ershoufang/107101384849.html
浦东,高行,新高苑(一期),中环至外环,385,45305,2室1厅1厨1卫,84.98O,低楼层 (共6层),平层,南,一梯两户,毛坯,70年,钢混结构,无,,https://sh.lianjia.com/ershoufang/107100607837.html
浦东,高行,碧云左岸,中环至外环,1600,54795,3室2厅1厨3卫,292O,低楼层 (共3层),,南 北,,精装,70年,钢混结构,,联排,https://sh.lianjia.com/ershoufang/107100927936.html
浦东,高行,东源丽晶,中环至外环,2350,79299,4室2厅1厨3卫,296.35O,低楼层 (共2层),,北,,精装,70年,钢混结构,,独栋,https://sh.lianjia.com/ershoufang/107000247443.html
浦东,高行,新高苑(一期),中环至外环,421,48982,2室2厅1厨1卫,85.95O,中楼层 (共6层),暂无数据,南 北,一梯两户,精装,70年,钢混结构,无,,https://sh.lianjia.com/ershoufang/107101198960.html
浦东,高行,华高新苑,中环至外环,650,44068,3室2厅1厨2卫,147.5O,中楼层 (共6层),暂无数据,南,一梯两户,毛坯,未知,钢混结构,有,,https://sh.lianjia.com/ershoufang/107101466195.html
浦东,高行,紫翠苑,中环至外环,225,42262,1室1厅1厨1卫,53.24O,中楼层 (共6层),平层,南 北,一梯两户,毛坯,未知,钢混结构,无,,https://sh.lianjia.com/ershoufang/107101293286.html
浦东,高行,新高苑(二期),,270,47072,1室2厅1厨1卫,57.36O,高楼层 (共18层),平层,南,两梯四户,毛坯,70年,钢混结构,有,,https://sh.lianjia.com/ershoufang/107100694202.html
浦东,高行,绿地崴廉公寓,中环至外环,490,56537,2室2厅1厨1卫,86.67O,高楼层 (共14层),平层,南 北,一梯两户,简装,未知,钢混结构,有,,https://sh.lianjia.com/ershoufang/107100547869.html
浦东,高行,华高一村,中环至外环,225,45816,1室1厅1厨1卫,49.11O,高楼层 (共6层),平层,南,一梯两户,简装,未知,砖混结构,无,,https://sh.lianjia.com/ershoufang/107101454352.html
浦东,高行,春江花悦园,中环至外环,850,49442,3室2厅1厨2卫,171.92O,低楼层 (共13层),复式,南,一梯两户,精装,未知,钢混结构,有,,https://sh.lianjia.com/ershoufang/107001617555.html
浦东,高行,幸福小镇,中环至外环,390,51677,2室1厅1厨1卫,75.47O,低楼层 (共6层),平层,南 北,一梯两户,简装,70年,钢混结构,无,,https://sh.lianjia.com/ershoufang/107101250677.html
浦东,高行,高行银杏苑,中环至外环,450,47077,3室2厅1厨1卫,95.59O,低楼层 (共11层),暂无数据,南,一梯三户,精装,未知,钢混结构,有,,https://sh.lianjia.com/ershoufang/107101355184.html
浦东,高行,绿地崴廉公寓,中环至外环,525,56598,2室2厅1厨1卫,92.76O,低楼层 (共16层),平层,南,两梯三户,精装,70年,钢混结构,有,,https://sh.lianjia.com/ershoufang/107101448106.html
浦东,高行,高行馨苑,中环至外环,568,45256,3室2厅1厨2卫,125.51O,中楼层 (共6层),平层,南,一梯两户,精装,70年,钢混结构,无,,https://sh.lianjia.com/ershoufang/107100793961.html
浦东,高行,铂庭俱进家园,中环至外环,449,51209,2室2厅0厨1卫,87.68O,低楼层 (共20层),平层,南,两梯三户,精装,70年,钢混结构,有,,https://sh.lianjia.com/ershoufang/107101409360.html
浦东,高行,龙腾阁小区,中环至外环,250,38893,2室1厅1厨1卫,64.28O,中楼层 (共6层),暂无数据,南,一梯两户,其他,未知,钢混结构,无,,https://sh.lianjia.com/ershoufang/107100445668.html
浦东,高行,华高二村,中环至外环,320,43568,2室1厅1厨1卫,73.45O,高楼层 (共6层),平层,南,一梯两户,简装,未知,砖混结构,无,,https://sh.lianjia.com/ershoufang/107100170316.html
浦东,高行,新高苑(二期),,255,47771,1室1厅1厨1卫,53.38O,低楼层 (共11层),平层,南,一梯四户,毛坯,70年,钢混结构,有,,https://sh.lianjia.com/ershoufang/107101199577.html
浦东,高行,绿地崴廉公寓,中环至外环,620,54050,3室2厅1厨1卫,114.71O,高楼层 (共16层),平层,南,两梯三户,简装,未知,钢混结构,有,,https://sh.lianjia.com/ershoufang/107101316146.html
浦东,高行,绿地崴廉公寓,中环至外环,485,55014,2室2厅1厨1卫,88.16O,低楼层 (共16层),平层,南,一梯两户,毛坯,70年,钢混结构,有,,https://sh.lianjia.com/ershoufang/107100210400.html
浦东,高行,新高苑(三期),,500,48582,3室2厅1厨1卫,102.92O,高楼层 (共6层),暂无数据,南,一梯两户,毛坯,未知,钢混结构,有,,https://sh.lianjia.com/ershoufang/107002194207.html
浦东,高行,华高二村,中环至外环,355,40456,3室1厅1厨1卫,87.75O,高楼层 (共6层),平层,南,一梯四户,简装,未知,砖混结构,无,,https://sh.lianjia.com/ershoufang/107100745144.html
浦东,高行,绿地崴廉公寓,中环至外环,535,55008,2室2厅1厨1卫,97.26O,高楼层 (共16层),平层,南 北,两梯三户,毛坯,70年,钢混结构,有,,https://sh.lianjia.com/ershoufang/107101222047.html
浦东,高行,新高苑(二期),,425,48683,2室2厅1厨1卫,87.3O,高楼层 (共11层),平层,南,一梯三户,精装,70年,钢混结构,有,,https://sh.lianjia.com/ershoufang/107101324609.html
浦东,高行,华高一村,中环至外环,375,42736,3室1厅1厨1卫,87.75O,中楼层 (共6层),平层,南,一梯四户,精装,70年,砖混结构,无,,https://sh.lianjia.com/ershoufang/107100574008.html
浦东,高行,幸福小镇,中环至外环,660,49225,3室2厅1厨2卫,134.08O,低楼层 (共5层),平层,南 北,一梯两户,精装,未知,钢混结构,无,,https://sh.lianjia.com/ershoufang/107101489835.html
浦东,高行,龙腾阁小区,中环至外环,195,25784,2室1厅1厨1卫,75.63O,高楼层 (共6层),平层,南,一梯两户,毛坯,未知,钢混结构,无,,https://sh.lianjia.com/ershoufang/107100871824.html
浦东,高行,华高一村,中环至外环,225,45816,1室1厅1厨1卫,49.11O,中楼层 (共6层),平层,南,一梯两户,简装,未知,砖混结构,无,,https://sh.lianjia.com/ershoufang/107101408586.html
浦东,高行,春江花悦园,中环至外环,430,61429,2室1厅1厨1卫,70O,高楼层 (共12层),平层,南,一梯三户,精装,未知,钢混结构,有,,https://sh.lianjia.com/ershoufang/107101465325.html
浦东,高行,绿地崴廉公寓,中环至外环,790,54521,3室2厅1厨2卫,144.9O,中楼层 (共16层),平层,南 北,一梯两户,精装,未知,钢混结构,有,,https://sh.lianjia.com/ershoufang/107100756829.html
浦东,高行,新高苑(一期),中环至外环,405,47441,2室2厅1厨1卫,85.37O,高楼层 (共6层),平层,南,一梯两户,毛坯,70年,钢混结构,无,,https://sh.lianjia.com/ershoufang/107101199886.html
浦东,高行,幸福小镇,中环至外环,470,47591,2室2厅1厨1卫,98.76O,中楼层 (共14层),平层,南 北,一梯两户,精装,70年,钢混结构,有,,https://sh.lianjia.com/ershoufang/107100338846.html
浦东,高行,东源名都,中环至外环,550,49328,3室2厅1厨1卫,111.5O,低楼层 (共18层),平层,南,一梯三户,精装,未知,钢混结构,有,,https://sh.lianjia.com/ershoufang/107101105883.html
浦东,高行,幸福小镇,中环至外环,287,52613,1室1厅1厨1卫,54.55O,低楼层 (共14层),平层,南,一梯三户,简装,70年,钢混结构,有,,https://sh.lianjia.com/ershoufang/107100793531.html
浦东,高行,华高苑,中环至外环,720,36692,5室2厅1厨3卫,196.23O,高楼层 (共5层),复式,南,一梯两户,简装,70年,砖混结构,无,,https://sh.lianjia.com/ershoufang/107100930319.html
浦东,高行,华高苑,中环至外环,500,47170,3室1厅1厨1卫,106O,中楼层 (共5层),平层,南 北,一梯两户,简装,未知,砖混结构,无,,https://sh.lianjia.com/ershoufang/107100743688.html
浦东,高行,华高一村,中环至外环,260,47282,2室1厅1厨1卫,54.99O,低楼层 (共6层),平层,南,一梯两户,毛坯,未知,砖混结构,无,,https://sh.lianjia.com/ershoufang/107101401577.html
浦东,高行,东力新村,中环至外环,310,42460,2室1厅0厨1卫,73.01O,中楼层 (共4层),平层,南,一梯两户,简装,70年,钢混结构,无,,https://sh.lianjia.com/ershoufang/107101455451.html
浦东,高行,幸福小镇,中环至外环,605,52609,3室2厅1厨2卫,115O,中楼层 (共5层),平层,南,一梯两户,简装,未知,钢混结构,无,,https://sh.lianjia.com/ershoufang/107100506931.html
浦东,高行,高行银杏苑,中环至外环,240,45802,1室1厅1厨1卫,52.4O,高楼层 (共6层),平层,南,一梯两户,简装,70年,钢混结构,无,,https://sh.lianjia.com/ershoufang/107100772365.html
浦东,高行,紫翠苑,中环至外环,360,44456,2室2厅1厨1卫,80.98O,高楼层 (共6层),平层,南 北,一梯两户,精装,未知,钢混结构,无,,https://sh.lianjia.com/ershoufang/107101197235.html
浦东,高行,绿地崴廉公寓,中环至外环,570,49804,3室2厅1厨1卫,114.45O,高楼层 (共16层),平层,南,两梯三户,简装,未知,钢混结构,有,,https://sh.lianjia.com/ershoufang/107100681508.html
浦东,高行,紫翠苑,中环至外环,360,43817,2室2厅1厨1卫,82.16O,中楼层 (共6层),平层,南,一梯两户,毛坯,70年,钢混结构,无,,https://sh.lianjia.com/ershoufang/107100092441.html
浦东,高行,高行银杏苑,中环至外环,325,44853,2室1厅1厨1卫,72.46O,高楼层 (共6层),平层,南,一梯两户,简装,未知,钢混结构,无,,https://sh.lianjia.com/ershoufang/107101353696.html
浦东,高行,华高二村,中环至外环,375,45699,3室1厅1厨1卫,82.06O,低楼层 (共6层),平层,南,一梯两户,简装,未知,砖混结构,无,,https://sh.lianjia.com/ershoufang/107100969827.html
浦东,高行,华高二村,中环至外环,380,43305,3室1厅1厨1卫,87.75O,高楼层 (共6层),平层,南 北,一梯四户,精装,70年,砖混结构,无,,https://sh.lianjia.com/ershoufang/107100419113.html
浦东,高行,高行家园,中环至外环,440,53817,2室2厅1厨1卫,81.76O,高楼层 (共6层),暂无数据,南 北,一梯两户,精装,70年,钢混结构,无,,https://sh.lianjia.com/ershoufang/107101285644.html
浦东,高行,华高一村,中环至外环,390,42707,3室1厅1厨1卫,91.32O,中楼层 (共6层),平层,南,一梯两户,精装,70年,砖混结构,无,,https://sh.lianjia.com/ershoufang/107100762978.html
浦东,高行,高行银杏苑,中环至外环,325,45303,2室2厅1厨1卫,71.74O,中楼层 (共6层),平层,南 北,一梯两户,简装,未知,钢混结构,无,,https://sh.lianjia.com/ershoufang/107101463996.html
浦东,高行,幸福小镇,中环至外环,580,46865,3室2厅1厨2卫,123.76O,中楼层 (共6层),平层,南 北,一梯两户,精装,未知,钢混结构,无,,https://sh.lianjia.com/ershoufang/107101301151.html
浦东,高行,幸福小镇,中环至外环,610,46583,3室2厅1厨2卫,130.95O,低楼层 (共11层),平层,南 北,一梯两户,精装,70年,钢混结构,有,,https://sh.lianjia.com/ershoufang/107101159101.html
浦东,高行,华高一村,中环至外环,320,39531,2室1厅1厨1卫,80.95O,高楼层 (共6层),平层,南,一梯两户,简装,70年,砖混结构,无,,https://sh.lianjia.com/ershoufang/107101010186.html
浦东,高行,新高苑(三期),,410,49173,2室2厅1厨1卫,83.38O,低楼层 (共6层),暂无数据,南,一梯两户,毛坯,70年,钢混结构,无,,https://sh.lianjia.com/ershoufang/107101214852.html
浦东,高行,绿地崴廉公寓,中环至外环,525,56060,2室2厅1厨1卫,93.65O,中楼层 (共16层),平层,南 北,两梯三户,精装,70年,钢混结构,有,,https://sh.lianjia.com/ershoufang/107101447060.html
浦东,高行,高行银杏苑,中环至外环,325,44797,2室2厅0厨1卫,72.55O,高楼层 (共6层),平层,南,一梯两户,精装,未知,钢混结构,无,,https://sh.lianjia.com/ershoufang/107101504930.html
浦东,高行,华高一村,中环至外环,250,43471,1室1厅1厨1卫,57.51O,高楼层 (共6层),平层,南,一梯两户,简装,70年,砖混结构,无,,https://sh.lianjia.com/ershoufang/107101195745.html
浦东,高行,东力新村,中环至外环,485,40929,3室2厅1厨2卫,118.5O,高楼层 (共6层),暂无数据,暂无数据,一梯两户,毛坯,70年,钢混结构,无,,https://sh.lianjia.com/ershoufang/107002266115.html
浦东,高行,高行馨苑,中环至外环,445,44945,2室2厅1厨1卫,99.01O,高楼层 (共6层),平层,南 北,一梯两户,简装,70年,钢混结构,无,,https://sh.lianjia.com/ershoufang/107101068364.html
浦东,高行,幸福小镇,中环至外环,460,47079,2室2厅1厨1卫,97.71O,中楼层 (共14层),平层,南,一梯两户,精装,70年,钢混结构,有,,https://sh.lianjia.com/ershoufang/107101264202.html
浦东,高行,华高一村,中环至外环,315,42730,2室1厅1厨1卫,73.72O,高楼层 (共6层),平层,南 北,一梯四户,精装,70年,砖混结构,无,,https://sh.lianjia.com/ershoufang/107101276308.html
浦东,高行,迎亭公寓,中环至外环,400,42554,3室2厅2厨1卫,94O,中楼层 (共6层),平层,南,一梯两户,毛坯,70年,钢混结构,无,,https://sh.lianjia.com/ershoufang/107101307053.html
浦东,高行,绿地崴廉公寓,中环至外环,635,56235,3室2厅1厨1卫,112.92O,低楼层 (共16层),平层,南,两梯三户,精装,未知,钢混结构,有,,https://sh.lianjia.com/ershoufang/107101211753.html
浦东,高行,华高一村,中环至外环,253,43818,1室1厅1厨1卫,57.74O,中楼层 (共6层),平层,南,一梯两户,简装,未知,砖混结构,无,,https://sh.lianjia.com/ershoufang/107101213906.html
浦东,高行,高行家园,中环至外环,495,53793,2室2厅1厨1卫,92.02O,中楼层 (共11层),平层,南 北,一梯两户,精装,70年,钢混结构,有,,https://sh.lianjia.com/ershoufang/107101450501.html
浦东,高行,新高苑(一期),中环至外环,495,42428,3室2厅1厨2卫,116.67O,低楼层 (共6层),平层,南,一梯两户,毛坯,70年,钢混结构,无,,https://sh.lianjia.com/ershoufang/107101273654.html
浦东,高行,华高苑,中环至外环,630,51283,3室2厅1厨2卫,122.85O,中楼层 (共5层),平层,南,一梯两户,精装,未知,砖混结构,无,,https://sh.lianjia.com/ershoufang/107100281884.html
浦东,高行,新高苑(二期),,420,48315,2室2厅1厨1卫,86.93O,低楼层 (共11层),平层,南 北,一梯三户,精装,70年,钢混结构,有,,https://sh.lianjia.com/ershoufang/107101291743.html
浦东,高行,高行馨苑,中环至外环,580,49641,3室2厅1厨1卫,116.84O,高楼层 (共6层),暂无数据,南,一梯两户,精装,70年,钢混结构,无,,https://sh.lianjia.com/ershoufang/107001631479.html
浦东,高行,紫翠苑,中环至外环,465,43276,3室2厅1厨1卫,107.45O,高楼层 (共12层),平层,南,一梯两户,精装,未知,钢混结构,暂无数据,,https://sh.lianjia.com/ershoufang/107100393702.html
浦东,高行,绿地崴廉公寓,中环至外环,1300,53677,4室2厅1厨2卫,242.19O,低楼层 (共4层),暂无数据,南,一梯两户,毛坯,70年,钢混结构,有,,https://sh.lianjia.com/ershoufang/107000252627.html
浦东,高行,华高新苑,中环至外环,810,40060,5室3厅1厨3卫,202.2O,高楼层 (共5层),复式,南,一梯两户,精装,未知,钢混结构,无,,https://sh.lianjia.com/ershoufang/107001327107.html
浦东,高行,高行馨苑,中环至外环,540,46317,3室2厅1厨1卫,116.59O,中楼层 (共6层),暂无数据,南 北,一梯两户,毛坯,70年,钢混结构,无,,https://sh.lianjia.com/ershoufang/107001199567.html
浦东,高行,幸福小镇,中环至外环,530,50015,2室2厅1厨1卫,105.97O,低楼层 (共14层),平层,南,一梯两户,精装,70年,钢混结构,有,,https://sh.lianjia.com/ershoufang/107101168944.html
浦东,高行,绿地崴廉公寓,中环至外环,750,55688,3室2厅1厨2卫,134.68O,中楼层 (共16层),平层,南,一梯两户,精装,未知,钢混结构,有,,https://sh.lianjia.com/ershoufang/107101295933.html
浦东,高行,金高苑,中环至外环,263,37897,2室1厅1厨1卫,69.4O,高楼层 (共6层),平层,南 北,一梯两户,精装,70年,砖混结构,无,,https://sh.lianjia.com/ershoufang/107101264170.html
浦东,高行,华高新苑,中环至外环,1000,45584,4室2厅1厨3卫,219.38O,高楼层 (共6层),跃层,南,一梯两户,精装,未知,钢混结构,有,,https://sh.lianjia.com/ershoufang/107100172415.html
浦东,高行,新高苑(一期),中环至外环,550,43745,3室2厅1厨2卫,125.73O,低楼层 (共12层),暂无数据,南,一梯两户,简装,70年,钢混结构,有,,https://sh.lianjia.com/ershoufang/107101091412.html
浦东,高行,幸福小镇,中环至外环,500,50623,2室2厅1厨1卫,98.77O,低楼层 (共12层),平层,南 北,一梯两户,精装,70年,钢混结构,有,,https://sh.lianjia.com/ershoufang/107101268362.html
浦东,高行,华高一村,中环至外环,255,39963,2室1厅1厨1卫,63.81O,中楼层 (共7层),平层,南,一梯两户,简装,未知,钢混结构,无,,https://sh.lianjia.com/ershoufang/107101185599.html
浦东,高行,东源名都,中环至外环,440,52981,2室1厅1厨1卫,83.05O,高楼层 (共11层),平层,南 北,一梯三户,简装,未知,钢混结构,有,,https://sh.lianjia.com/ershoufang/107101448997.html
浦东,高行,东源名都,中环至外环,620,55631,3室2厅1厨1卫,111.45O,低楼层 (共18层),平层,南,一梯三户,精装,未知,钢混结构,有,,https://sh.lianjia.com/ershoufang/107101275808.html
浦东,高行,高行银杏苑,中环至外环,238,46612,1室1厅1厨1卫,51.06O,高楼层 (共5层),平层,南,一梯两户,简装,未知,钢混结构,无,,https://sh.lianjia.com/ershoufang/107100192532.html
浦东,高行,新高苑(一期),中环至外环,260,50941,1室1厅1厨1卫,51.04O,高楼层 (共6层),平层,西,一梯两户,精装,70年,钢混结构,无,,https://sh.lianjia.com/ershoufang/107101397790.html
浦东,高行,绿地崴廉公寓,中环至外环,670,54503,3室2厅1厨2卫,122.93O,低楼层 (共9层),平层,南 北,一梯两户,精装,未知,钢混结构,有,,https://sh.lianjia.com/ershoufang/107101067603.html
浦东,高行,幸福小镇,中环至外环,480,47356,2室2厅1厨1卫,101.36O,高楼层 (共14层),平层,南 北,一梯两户,简装,70年,钢混结构,有,,https://sh.lianjia.com/ershoufang/107101225763.html
浦东,高行,幸福小镇,中环至外环,400,51540,2室2厅1厨1卫,77.61O,低楼层 (共14层),暂无数据,南,一梯三户,精装,70年,钢混结构,有,,https://sh.lianjia.com/ershoufang/107100878622.html
浦东,高行,绿地崴廉公寓,中环至外环,515,55520,2室2厅1厨1卫,92.76O,中楼层 (共16层),平层,南,两梯三户,精装,70年,钢混结构,有,,https://sh.lianjia.com/ershoufang/107101272026.html
浦东,高行,新高苑(一期),中环至外环,400,46512,2室2厅1厨1卫,86O,高楼层 (共6层),平层,南,一梯两户,简装,70年,钢混结构,无,,https://sh.lianjia.com/ershoufang/107101323706.html
浦东,高行,新高苑(三期),,300,52706,1室2厅1厨1卫,56.92O,中楼层 (共6层),平层,南,一梯两户,精装,70年,钢混结构,有,,https://sh.lianjia.com/ershoufang/107101332094.html
浦东,高行,华高一村,中环至外环,390,42063,3室1厅1厨1卫,92.72O,高楼层 (共6层),平层,南 北,一梯两户,精装,70年,砖混结构,无,,https://sh.lianjia.com/ershoufang/107101200364.html
浦东,高行,宜嘉苑,中环至外环,480,51337,2室2厅1厨1卫,93.5O,高楼层 (共6层),平层,南,一梯两户,精装,70年,钢混结构,无,,https://sh.lianjia.com/ershoufang/107101191592.html
浦东,高行,幸福小镇,中环至外环,515,52168,2室2厅1厨1卫,98.72O,低楼层 (共14层),暂无数据,南 北,一梯两户,精装,70年,钢混结构,有,,https://sh.lianjia.com/ershoufang/107001614605.html
浦东,高行,华高一村,中环至外环,235,48725,1室1厅1厨1卫,48.23O,低楼层 (共6层),平层,南,一梯两户,精装,70年,砖混结构,无,,https://sh.lianjia.com/ershoufang/107100563041.html
浦东,高行,高行家园,中环至外环,590,47413,3室2厅1厨1卫,124.44O,中楼层 (共11层),平层,南 北,一梯两户,精装,70年,钢混结构,有,,https://sh.lianjia.com/ershoufang/107100717638.html
浦东,高行,华高一村,中环至外环,278,39433,2室1厅1厨2卫,70.5O,高楼层 (共7层),平层,南,一梯两户,精装,70年,钢混结构,无,,https://sh.lianjia.com/ershoufang/107100525751.html
浦东,高行,东源名都,中环至外环,290,51963,1室1厅1厨1卫,55.81O,低楼层 (共14层),平层,南,一梯四户,简装,未知,钢混结构,有,,https://sh.lianjia.com/ershoufang/107101390753.html
浦东,高行,幸福小镇,中环至外环,280,51680,1室2厅1厨1卫,54.18O,高楼层 (共14层),平层,南,一梯三户,简装,未知,钢混结构,有,,https://sh.lianjia.com/ershoufang/107101131427.html
浦东,高行,幸福小镇,中环至外环,580,42042,3室2厅1厨2卫,137.96O,低楼层 (共17层),平层,南,两梯两户,精装,70年,钢混结构,有,,https://sh.lianjia.com/ershoufang/107100611352.html
浦东,高行,新高苑(三期),,380,45575,2室2厅1厨1卫,83.38O,低楼层 (共6层),平层,南 北,一梯两户,毛坯,70年,钢混结构,无,,https://sh.lianjia.com/ershoufang/107101220813.html
浦东,高行,凯鑫苑,中环至外环,630,57672,2室2厅1厨2卫,109.24O,中楼层 (共11层),平层,南,一梯两户,简装,未知,钢混结构,有,,https://sh.lianjia.com/ershoufang/107101213752.html
浦东,高行,碧云左岸,中环至外环,2400,74630,5室3厅1厨3卫,321.59O,低楼层 (共2层),,南 北,,精装,70年,钢混结构,,独栋,https://sh.lianjia.com/ershoufang/107001282085.html
浦东,高行,高行银杏苑,中环至外环,317,43652,2室1厅1厨1卫,72.62O,高楼层 (共6层),平层,南,一梯两户,毛坯,70年,钢混结构,无,,https://sh.lianjia.com/ershoufang/107100092869.html
浦东,高行,华高苑,中环至外环,490,46032,2室2厅1厨2卫,106.45O,低楼层 (共5层),平层,南,一梯两户,简装,未知,砖混结构,无,,https://sh.lianjia.com/ershoufang/107101339267.html
浦东,高行,华高庭园,中环至外环,650,40625,4室2厅1厨2卫,160O,高楼层 (共6层),复式,南 北,一梯两户,精装,未知,钢混结构,无,,https://sh.lianjia.com/ershoufang/107101358683.html
浦东,高行,绿地崴廉公寓,中环至外环,465,52254,2室2厅1厨1卫,88.99O,低楼层 (共14层),平层,南 北,一梯两户,简装,未知,钢混结构,有,,https://sh.lianjia.com/ershoufang/107100780442.html
浦东,高行,华高二村,中环至外环,178,47722,1室1厅1厨1卫,37.3O,低楼层 (共7层),平层,南,一梯三户,简装,未知,钢混结构,无,,https://sh.lianjia.com/ershoufang/107101305953.html
浦东,高行,新高苑(一期),中环至外环,430,50589,2室2厅1厨1卫,85O,中楼层 (共6层),平层,南,一梯两户,精装,70年,钢混结构,无,,https://sh.lianjia.com/ershoufang/107100624292.html
浦东,高行,华高一村,中环至外环,350,37818,3室2厅1厨1卫,92.55O,高楼层 (共7层),平层,南 北,一梯两户,精装,未知,钢混结构,无,,https://sh.lianjia.com/ershoufang/107101491481.html
浦东,高行,华高一村,中环至外环,255,44164,2室1厅1厨1卫,57.74O,低楼层 (共6层),暂无数据,南,一梯两户,简装,未知,砖混结构,无,,https://sh.lianjia.com/ershoufang/107101446198.html
浦东,高行,绿地崴廉公寓,中环至外环,510,52725,2室2厅1厨1卫,96.73O,低楼层 (共16层),平层,南,两梯三户,简装,未知,钢混结构,有,,https://sh.lianjia.com/ershoufang/107000575143.html
浦东,高行,东源名都,中环至外环,590,57844,2室2厅1厨1卫,102O,高楼层 (共18层),暂无数据,南,一梯三户,精装,未知,钢混结构,有,,https://sh.lianjia.com/ershoufang/107100044445.html
浦东,高行,紫翠苑,中环至外环,530,42742,3室2厅1厨2卫,124O,高楼层 (共11层),平层,南,一梯两户,精装,未知,钢混结构,暂无数据,,https://sh.lianjia.com/ershoufang/107002126937.html
浦东,高行,华高一村,中环至外环,210,46317,1室1厅1厨1卫,45.34O,低楼层 (共6层),平层,南,一梯三户,精装,未知,砖混结构,无,,https://sh.lianjia.com/ershoufang/107101450403.html
浦东,高行,新高苑(二期),,480,55685,2室1厅1厨1卫,86.2O,中楼层 (共11层),平层,南,一梯三户,简装,70年,钢混结构,有,,https://sh.lianjia.com/ershoufang/107101264836.html
浦东,高行,东源名都,中环至外环,360,50783,2室1厅1厨1卫,70.89O,低楼层 (共12层),暂无数据,南 北,一梯四户,简装,未知,钢混结构,有,,https://sh.lianjia.com/ershoufang/107101129225.html
浦东,高行,华高一村,中环至外环,290,43649,2室1厅1厨1卫,66.44O,高楼层 (共6层),平层,南,一梯两户,精装,70年,砖混结构,无,,https://sh.lianjia.com/ershoufang/107101074503.html
浦东,高行,新高苑(三期),,260,45061,1室1厅1厨1卫,57.7O,高楼层 (共6层),平层,南,一梯两户,毛坯,未知,钢混结构,无,,https://sh.lianjia.com/ershoufang/107100148866.html
浦东,高行,华高新苑,中环至外环,636,43850,3室2厅1厨2卫,145.04O,低楼层 (共8层),暂无数据,暂无数据,一梯两户,精装,未知,钢混结构,有,,https://sh.lianjia.com/ershoufang/107002254215.html
浦东,高行,华高一村,中环至外环,240,42812,2室1厅1厨1卫,56.06O,高楼层 (共7层),平层,南,一梯两户,简装,70年,钢混结构,无,,https://sh.lianjia.com/ershoufang/107101091996.html
浦东,高行,铂庭俱进家园,中环至外环,468,52906,2室2厅1厨1卫,88.46O,低楼层 (共20层),平层,南,两梯三户,精装,70年,钢混结构,有,,https://sh.lianjia.com/ershoufang/107100513365.html
浦东,高行,高行馨苑,中环至外环,560,48930,3室2厅1厨1卫,114.45O,中楼层 (共6层),平层,南,一梯两户,精装,70年,钢混结构,无,,https://sh.lianjia.com/ershoufang/107101376885.html
浦东,高行,新高苑(二期),,275,48356,1室1厅1厨1卫,56.87O,中楼层 (共11层),平层,南,一梯三户,精装,70年,钢混结构,有,,https://sh.lianjia.com/ershoufang/107101375263.html
浦东,高行,东源名都,中环至外环,740,54217,3室2厅1厨2卫,136.49O,中楼层 (共18层),平层,南 北,一梯两户,精装,未知,钢混结构,有,,https://sh.lianjia.com/ershoufang/107100459567.html
浦东,高行,幸福小镇,中环至外环,520,52959,3室2厅1厨1卫,98.19O,中楼层 (共6层),平层,南,一梯两户,精装,未知,钢混结构,无,,https://sh.lianjia.com/ershoufang/107100975144.html
浦东,高行,凯鑫苑,中环至外环,560,57389,2室2厅1厨1卫,97.58O,中楼层 (共4层),平层,南,一梯两户,简装,未知,钢混结构,无,,https://sh.lianjia.com/ershoufang/107101449891.html
浦东,高行,东源丽晶,中环至外环,2150,69061,5室2厅1厨2卫,311.32O,低楼层 (共2层),,南,,毛坯,70年,钢混结构,,独栋,https://sh.lianjia.com/ershoufang/107100491211.html
浦东,高行,华高一村,中环至外环,320,39531,2室1厅1厨1卫,80.95O,高楼层 (共6层),平层,南,一梯三户,精装,70年,砖混结构,无,,https://sh.lianjia.com/ershoufang/107100461489.html
浦东,高行,华高苑,中环至外环,600,49550,3室2厅1厨2卫,121.09O,中楼层 (共5层),暂无数据,暂无数据,一梯两户,精装,未知,砖混结构,无,,https://sh.lianjia.com/ershoufang/107002256305.html
浦东,高行,高行银杏苑,中环至外环,320,43443,2室2厅1厨1卫,73.66O,高楼层 (共6层),平层,南,一梯两户,毛坯,未知,钢混结构,无,,https://sh.lianjia.com/ershoufang/107101273520.html
浦东,高行,幸福小镇,中环至外环,526,49637,2室2厅1厨1卫,105.97O,中楼层 (共14层),平层,南 北,一梯两户,简装,70年,钢混结构,有,,https://sh.lianjia.com/ershoufang/107100518386.html
浦东,高行,华高新苑,中环至外环,930,37452,5室3厅1厨3卫,248.32O,中楼层 (共5层),暂无数据,南,一梯两户,简装,未知,钢混结构,无,,https://sh.lianjia.com/ershoufang/107100750957.html
浦东,高行,绿地崴廉公寓,中环至外环,800,55211,3室2厅1厨2卫,144.9O,中楼层 (共16层),平层,南,一梯两户,精装,未知,钢混结构,有,,https://sh.lianjia.com/ershoufang/107101188750.html
浦东,高行,华高二村,中环至外环,340,44897,3室1厅1厨1卫,75.73O,低楼层 (共6层),平层,南,一梯两户,精装,未知,砖混结构,无,,https://sh.lianjia.com/ershoufang/107101173218.html
浦东,高行,迎亭公寓,中环至外环,312,48903,2室1厅1厨1卫,63.8O,中楼层 (共5层),平层,南,一梯两户,简装,70年,钢混结构,无,,https://sh.lianjia.com/ershoufang/107101349566.html
浦东,高行,碧云左岸,中环至外环,1290,60112,4室2厅1厨3卫,214.6O,低楼层 (共3层),,南,,精装,未知,钢混结构,,联排,https://sh.lianjia.com/ershoufang/107101260604.html
浦东,高行,幸福小镇,中环至外环,255,46832,1室1厅1厨1卫,54.45O,高楼层 (共14层),平层,南 北,一梯三户,简装,70年,钢混结构,有,,https://sh.lianjia.com/ershoufang/107101196779.html
浦东,高行,高行家园,中环至外环,495,53793,2室2厅1厨1卫,92.02O,高楼层 (共11层),平层,南 北,一梯两户,精装,70年,钢混结构,有,,https://sh.lianjia.com/ershoufang/107101298071.html
浦东,高行,汇园,中环至外环,430,65152,1室2厅1厨1卫,66O,高楼层 (共5层),平层,南,一梯两户,精装,未知,钢混结构,无,,https://sh.lianjia.com/ershoufang/107100414104.html
浦东,高行,春江花悦园,中环至外环,683,56503,3室2厅1厨2卫,120.88O,低楼层 (共11层),平层,南,一梯两户,精装,70年,钢混结构,有,,https://sh.lianjia.com/ershoufang/107101210915.html
浦东,高行,绿地崴廉公寓,中环至外环,725,56868,3室2厅1厨2卫,127.49O,中楼层 (共16层),平层,南 北,一梯两户,简装,70年,钢混结构,有,,https://sh.lianjia.com/ershoufang/107101454508.html
浦东,高行,紫翠苑,中环至外环,529,42645,3室2厅2厨2卫,124.05O,高楼层 (共11层),平层,南,一梯两户,精装,未知,钢混结构,有,,https://sh.lianjia.com/ershoufang/107100722637.html
浦东,高行,新高苑(三期),,437,48508,2室2厅1厨1卫,90.09O,低楼层 (共12层),平层,南,一梯两户,精装,未知,钢混结构,有,,https://sh.lianjia.com/ershoufang/107101461720.html
浦东,高行,绿地崴廉公寓,中环至外环,359,56750,1室2厅1厨1卫,63.26O,低楼层 (共16层),平层,南,两梯三户,简装,70年,钢混结构,有,,https://sh.lianjia.com/ershoufang/107101242267.html
浦东,高行,东源名都,中环至外环,465,51467,2室1厅1厨1卫,90.35O,低楼层 (共18层),暂无数据,南,一梯四户,简装,未知,钢混结构,有,,https://sh.lianjia.com/ershoufang/107101401950.html
浦东,高行,幸福小镇,中环至外环,500,51167,2室2厅1厨1卫,97.72O,中楼层 (共14层),暂无数据,南,一梯两户,简装,70年,钢混结构,有,,https://sh.lianjia.com/ershoufang/107000214603.html
浦东,高行,东力新村,中环至外环,287,40919,2室1厅1厨1卫,70.14O,高楼层 (共6层),平层,南,一梯两户,简装,70年,钢混结构,无,,https://sh.lianjia.com/ershoufang/107101448835.html
浦东,高行,华高一村,中环至外环,360,41026,3室1厅1厨1卫,87.75O,中楼层 (共6层),平层,南 北,一梯四户,精装,70年,砖混结构,无,,https://sh.lianjia.com/ershoufang/107101419008.html
浦东,高行,高行馨苑,中环至外环,540,42702,3室2厅1厨2卫,126.46O,高楼层 (共6层),平层,南 北,一梯两户,毛坯,70年,钢混结构,无,,https://sh.lianjia.com/ershoufang/107101079618.html
浦东,高行,紫翠苑,中环至外环,355,45513,2室1厅1厨1卫,78O,中楼层 (共6层),平层,南 北,一梯两户,精装,70年,钢混结构,无,,https://sh.lianjia.com/ershoufang/107100551609.html
浦东,高行,华高新苑,中环至外环,748,44896,4室2厅1厨2卫,166.61O,高楼层 (共5层),复式,东,一梯两户,精装,70年,钢混结构,有,,https://sh.lianjia.com/ershoufang/107101124732.html
浦东,高行,东力新村,中环至外环,325,44515,2室1厅1厨1卫,73.01O,中楼层 (共4层),平层,南,一梯两户,精装,70年,钢混结构,无,,https://sh.lianjia.com/ershoufang/107100142187.html
浦东,高行,高行街西弄,中环至外环,370,36275,3室1厅1厨1卫,102O,低楼层 (共6层),平层,南 北,一梯两户,简装,70年,砖混结构,无,,https://sh.lianjia.com/ershoufang/107001007599.html
浦东,高行,紫翠苑,中环至外环,350,43221,2室2厅1厨1卫,80.98O,低楼层 (共6层),平层,南,一梯两户,简装,未知,钢混结构,无,,https://sh.lianjia.com/ershoufang/107101331023.html
浦东,高行,华高二村,中环至外环,330,43605,2室1厅1厨1卫,75.68O,高楼层 (共6层),平层,南,一梯三户,简装,未知,砖混结构,无,,https://sh.lianjia.com/ershoufang/107100975472.html
浦东,高行,东源名都,中环至外环,550,49492,3室2厅1厨1卫,111.13O,低楼层 (共18层),暂无数据,南,一梯三户,简装,未知,钢混结构,有,,https://sh.lianjia.com/ershoufang/107100473991.html
浦东,高行,华高一村,中环至外环,350,45296,2室1厅1厨1卫,77.27O,中楼层 (共6层),暂无数据,南,一梯两户,精装,未知,砖混结构,无,,https://sh.lianjia.com/ershoufang/107101309543.html
浦东,高行,高行银杏苑,中环至外环,325,45423,2室2厅1厨1卫,71.55O,高楼层 (共6层),平层,南,一梯两户,精装,70年,钢混结构,无,,https://sh.lianjia.com/ershoufang/107100907376.html
浦东,高行,绿地崴廉公寓,中环至外环,490,56537,2室2厅1厨1卫,86.67O,高楼层 (共14层),平层,南,一梯两户,简装,70年,钢混结构,有,,https://sh.lianjia.com/ershoufang/107100060379.html
浦东,高行,华高一村,中环至外环,310,41825,2室1厅1厨1卫,74.12O,高楼层 (共7层),暂无数据,南,一梯两户,简装,70年,钢混结构,无,,https://sh.lianjia.com/ershoufang/107002106415.html
浦东,高行,华高一村,中环至外环,360,48039,2室1厅1厨1卫,74.94O,低楼层 (共7层),暂无数据,南 北,一梯两户,简装,70年,钢混结构,无,,https://sh.lianjia.com/ershoufang/107101129214.html
浦东,高行,紫翠苑,中环至外环,560,44367,3室2厅1厨2卫,126.22O,低楼层 (共11层),平层,南,一梯两户,精装,未知,钢混结构,有,,https://sh.lianjia.com/ershoufang/107101257993.html
浦东,高行,绿地崴廉公寓,中环至外环,363,56852,1室2厅1厨1卫,63.85O,高楼层 (共16层),平层,南 北,两梯三户,精装,未知,钢混结构,有,,https://sh.lianjia.com/ershoufang/107101509644.html
浦东,高行,华高一村,中环至外环,330,38552,2室2厅1厨1卫,85.6O,高楼层 (共7层),平层,南,一梯两户,简装,未知,钢混结构,无,,https://sh.lianjia.com/ershoufang/107100628362.html
浦东,高行,华高一村,中环至外环,310,38272,2室1厅1厨1卫,81O,高楼层 (共6层),平层,南,一梯两户,简装,未知,砖混结构,无,,https://sh.lianjia.com/ershoufang/107101313217.html
浦东,高行,碧云左岸,中环至外环,1350,46087,4室2厅1厨3卫,292.93O,低楼层 (共3层),,南 北,,精装,70年,钢混结构,,联排,https://sh.lianjia.com/ershoufang/107101039484.html
浦东,高行,新高苑(三期),近12号线金京路站,310,49427,1室1厅1厨1卫,62.72O,低楼层 (共11层),暂无数据,东,一梯三户,简装,70年,钢混结构,有,,https://sh.lianjia.com/ershoufang/107101203380.html
浦东,高行,华高一村,中环至外环,240,46512,1室1厅1厨1卫,51.6O,中楼层 (共6层),平层,南,一梯三户,简装,未知,砖混结构,无,,https://sh.lianjia.com/ershoufang/107101473095.html
浦东,高行,绿地崴廉公寓,中环至外环,550,54841,2室2厅1厨1卫,100.29O,低楼层 (共16层),平层,南,两梯三户,精装,未知,钢混结构,有,,https://sh.lianjia.com/ershoufang/107100540125.html
浦东,高行,幸福小镇,中环至外环,276,51754,1室1厅1厨1卫,53.33O,中楼层 (共14层),平层,南,一梯三户,精装,70年,钢混结构,有,,https://sh.lianjia.com/ershoufang/107101294141.html
浦东,高行,东力新村,中环至外环,300,39741,2室1厅1厨1卫,75.49O,高楼层 (共6层),平层,南,一梯两户,毛坯,70年,钢混结构,无,,https://sh.lianjia.com/ershoufang/107100117210.html
浦东,高行,华高苑,中环至外环,480,45284,2室2厅1厨1卫,106O,中楼层 (共5层),平层,南,一梯两户,精装,未知,砖混结构,无,,https://sh.lianjia.com/ershoufang/107101223298.html
浦东,高行,幸福小镇,中环至外环,510,52196,2室2厅1厨1卫,97.71O,中楼层 (共14层),平层,南 北,一梯两户,精装,70年,钢混结构,有,,https://sh.lianjia.com/ershoufang/107101353860.html
浦东,高行,华高二村,中环至外环,225,47863,1室1厅1厨1卫,47.01O,高楼层 (共7层),平层,南,一梯三户,精装,70年,钢混结构,无,,https://sh.lianjia.com/ershoufang/107100096912.html
浦东,高行,幸福小镇,中环至外环,800,51263,4室2厅1厨2卫,156.06O,低楼层 (共6层),平层,南,一梯两户,精装,未知,钢混结构,有,,https://sh.lianjia.com/ershoufang/107101084287.html
浦东,高行,紫翠苑,中环至外环,368,43930,2室2厅1厨1卫,83.77O,高楼层 (共6层),平层,南,一梯两户,简装,未知,钢混结构,无,,https://sh.lianjia.com/ershoufang/107101307750.html
浦东,高行,绿地崴廉公寓,中环至外环,500,56716,2室2厅1厨1卫,88.16O,中楼层 (共16层),平层,南 北,一梯两户,精装,70年,钢混结构,有,,https://sh.lianjia.com/ershoufang/107101495911.html
浦东,高行,高行家园,中环至外环,585,47011,3室2厅1厨1卫,124.44O,低楼层 (共11层),平层,东南,一梯两户,简装,70年,钢混结构,有,,https://sh.lianjia.com/ershoufang/107100560097.html
浦东,高行,东源丽晶,中环至外环,2900,76455,6室4厅1厨5卫,379.31O,低楼层 (共2层),,南,,精装,70年,钢混结构,,独栋,https://sh.lianjia.com/ershoufang/107101173858.html
浦东,高行,幸福小镇,中环至外环,470,48559,2室2厅1厨1卫,96.79O,中楼层 (共17层),平层,南 北,两梯三户,精装,70年,钢混结构,有,,https://sh.lianjia.com/ershoufang/107000524407.html
浦东,高行,东力新村,中环至外环,450,53362,2室2厅1厨1卫,84.33O,中楼层 (共6层),平层,南,一梯三户,精装,70年,钢混结构,无,,https://sh.lianjia.com/ershoufang/107100433013.html
浦东,高行,东力新村,中环至外环,325,41323,2室2厅1厨1卫,78.65O,高楼层 (共6层),平层,南,一梯两户,简装,70年,钢混结构,无,,https://sh.lianjia.com/ershoufang/107100117682.html
浦东,高行,东力新村,中环至外环,318,42125,3室2厅1厨2卫,75.49O,低楼层 (共6层),平层,南,一梯两户,精装,70年,钢混结构,无,,https://sh.lianjia.com/ershoufang/107101333019.html
浦东,高行,新高苑(一期),中环至外环,580,46065,3室2厅1厨2卫,125.91O,高楼层 (共12层),暂无数据,南,一梯两户,简装,70年,钢混结构,有,,https://sh.lianjia.com/ershoufang/107101465505.html
浦东,高行,高行馨苑,中环至外环,380,47088,2室1厅1厨1卫,80.7O,低楼层 (共6层),平层,南,一梯两户,简装,70年,钢混结构,无,,https://sh.lianjia.com/ershoufang/107100646759.html
浦东,高行,宜嘉苑,中环至外环,447,47721,2室2厅1厨1卫,93.67O,低楼层 (共6层),平层,南,一梯两户,简装,70年,钢混结构,无,,https://sh.lianjia.com/ershoufang/107101317171.html
浦东,高行,华高一村,中环至外环,395,45015,3室1厅1厨1卫,87.75O,高楼层 (共6层),平层,南,一梯四户,简装,70年,砖混结构,无,,https://sh.lianjia.com/ershoufang/107100710679.html
浦东,高行,幸福小镇,中环至外环,265,49710,1室1厅1厨1卫,53.31O,低楼层 (共14层),平层,南,一梯三户,毛坯,70年,钢混结构,有,,https://sh.lianjia.com/ershoufang/107100921870.html
浦东,高行,华高苑,中环至外环,760,38390,4室2厅1厨2卫,197.97O,高楼层 (共5层),复式,南,一梯两户,精装,未知,砖混结构,无,,https://sh.lianjia.com/ershoufang/107101242667.html
