浦东,航头,鹤沙航城东茗苑,外环外,338,31201,3室1厅1厨2卫,108.33O,低楼层 (共18层),暂无数据,南,两梯三户,毛坯,70年,钢混结构,有,,https://sh.lianjia.com/ershoufang/107000972973.html
浦东,航头,汇贤雅苑,外环外,235,32868,2室1厅1厨1卫,71.5O,中楼层 (共18层),平层,南,一梯四户,其他,未知,钢混结构,暂无数据,,https://sh.lianjia.com/ershoufang/107100320217.html
浦东,航头,昱丽家园,外环外,280,37304,2室1厅1厨1卫,75.06O,高楼层 (共18层),平层,南 北,一梯四户,精装,未知,钢混结构,暂无数据,,https://sh.lianjia.com/ershoufang/107101436903.html
浦东,航头,鹤沙航城昱星家园,外环外,225,33423,2室1厅1厨1卫,67.32O,中楼层 (共18层),暂无数据,南,一梯四户,毛坯,未知,未知结构,暂无数据,,https://sh.lianjia.com/ershoufang/107100257771.html
浦东,航头,鹤沙航城昱星家园,外环外,210,30997,2室1厅1厨1卫,67.75O,低楼层 (共18层),暂无数据,南,一梯四户,其他,未知,未知结构,暂无数据,,https://sh.lianjia.com/ershoufang/107101489531.html
浦东,航头,航欣苑,外环外,658,27922,7室3厅1厨3卫,235.66O,高楼层 (共18层),暂无数据,南,一梯两户,毛坯,未知,钢混结构,暂无数据,,https://sh.lianjia.com/ershoufang/107001170561.html
浦东,航头,长泰东郊御园(别墅),外环外,1080,57240,4室3厅1厨2卫,188.68O,低楼层 (共3层),,南,,精装,未知,钢混结构,,暂无数据,https://sh.lianjia.com/ershoufang/107000096003.html
浦东,航头,金地褐石公馆,外环外,380,42697,3室1厅1厨1卫,89O,中楼层 (共8层),平层,南,一梯两户,精装,70年,钢混结构,暂无数据,,https://sh.lianjia.com/ershoufang/107100263165.html
浦东,航头,两河流域,外环外,910,41179,6室3厅1厨3卫,220.99O,低楼层 (共3层),,南 北,,精装,未知,钢混结构,,暂无数据,https://sh.lianjia.com/ershoufang/107100750456.html
浦东,航头,航欣苑,外环外,480,38373,3室2厅1厨2卫,125.09O,高楼层 (共6层),暂无数据,南,一梯两户,简装,未知,钢混结构,无,,https://sh.lianjia.com/ershoufang/107100446774.html
浦东,航头,长泰东郊御园(公寓),外环外,310,36047,2室2厅1厨1卫,86O,高楼层 (共18层),平层,南,一梯两户,精装,70年,钢混结构,暂无数据,,https://sh.lianjia.com/ershoufang/107101298998.html
浦东,航头,航欣苑,外环外,630,32288,5室2厅1厨2卫,195.12O,高楼层 (共18层),复式,南,一梯三户,其他,未知,钢混结构,暂无数据,,https://sh.lianjia.com/ershoufang/107101385924.html
浦东,航头,海洲桃花园,外环外,388,44071,3室2厅1厨1卫,88.04O,高楼层 (共6层),复式,南 北,一梯两户,精装,未知,钢混结构,无,,https://sh.lianjia.com/ershoufang/107101280845.html
浦东,航头,昱丽家园,外环外,210,36797,1室1厅1厨1卫,57.07O,高楼层 (共14层),平层,南,一梯四户,其他,未知,钢混结构,暂无数据,,https://sh.lianjia.com/ershoufang/107101133510.html
浦东,航头,鹤沙航城航武嘉园,外环外,320,32065,2室2厅1厨1卫,99.8O,低楼层 (共14层),平层,南,一梯两户,精装,70年,钢混结构,暂无数据,,https://sh.lianjia.com/ershoufang/107101496377.html
浦东,航头,航欣苑,外环外,458,36614,3室2厅1厨1卫,125.09O,低楼层 (共6层),暂无数据,南,一梯两户,其他,未知,钢混结构,无,,https://sh.lianjia.com/ershoufang/107101155373.html
浦东,航头,海洲桃花园,外环外,340,30631,3室2厅1厨1卫,111O,低楼层 (共11层),暂无数据,南 北,一梯四户,其他,未知,钢混结构,有,,https://sh.lianjia.com/ershoufang/107100259277.html
浦东,航头,沙北新村99-100号,外环外,285,29803,3室2厅2厨2卫,95.63O,高楼层 (共6层),平层,南,一梯两户,精装,70年,砖混结构,无,,https://sh.lianjia.com/ershoufang/107101189134.html
浦东,航头,金地艺华年(别墅),外环外,810,38756,4室3厅2厨2卫,209O,低楼层 (共4层),,南,,精装,70年,钢混结构,,暂无数据,https://sh.lianjia.com/ershoufang/107100307221.html
浦东,航头,鹤沙航城东茗苑,外环外,200,32279,1室1厅1厨1卫,61.96O,中楼层 (共18层),平层,南,一梯四户,毛坯,未知,钢混结构,暂无数据,,https://sh.lianjia.com/ershoufang/107101278660.html
浦东,航头,鹤沙航城航武嘉园,外环外,231,28621,2室1厅1厨1卫,80.71O,中楼层 (共14层),平层,南,一梯两户,毛坯,未知,钢混结构,暂无数据,,https://sh.lianjia.com/ershoufang/107101220175.html
浦东,航头,鹤沙航城东茗苑,外环外,250,32878,2室2厅1厨1卫,76.04O,低楼层 (共6层),平层,南 北,一梯两户,其他,未知,砖混结构,无,,https://sh.lianjia.com/ershoufang/107101059504.html
浦东,航头,爱法奥朗新庄园,外环外,1500,34085,8室3厅1厨5卫,440.08O,低楼层 (共2层),,南,,其他,未知,钢混结构,,暂无数据,https://sh.lianjia.com/ershoufang/107101251507.html
浦东,航头,鹤沙航城昱星家园,外环外,218,32140,2室1厅1厨1卫,67.83O,低楼层 (共14层),平层,南,一梯三户,其他,未知,未知结构,暂无数据,,https://sh.lianjia.com/ershoufang/107101395059.html
浦东,航头,鹤鸣新苑二村,外环外,418,33175,3室2厅1厨2卫,126O,中楼层 (共6层),平层,南 北,一梯两户,其他,未知,钢混结构,无,,https://sh.lianjia.com/ershoufang/107100621875.html
浦东,航头,海洲桃花园,外环外,318,36137,2室2厅1厨1卫,88O,低楼层 (共6层),平层,南,一梯两户,精装,未知,钢混结构,无,,https://sh.lianjia.com/ershoufang/107100997734.html
浦东,航头,环镇东路99弄,外环外,410,32540,3室2厅1厨2卫,126O,中楼层 (共4层),暂无数据,南,一梯两户,精装,未知,钢混结构,无,,https://sh.lianjia.com/ershoufang/107002200819.html
浦东,航头,两河流域,外环外,920,41306,4室2厅1厨3卫,222.73O,低楼层 (共3层),,南,,毛坯,未知,钢混结构,,暂无数据,https://sh.lianjia.com/ershoufang/107100543302.html
浦东,航头,长达佳苑宜居尚城,外环外,250,26061,2室1厅1厨1卫,95.93O,高楼层 (共6层),暂无数据,南 北,一梯两户,其他,70年,钢混结构,无,,https://sh.lianjia.com/ershoufang/107101230405.html
浦东,航头,长泰东郊御园(别墅),外环外,750,39750,4室3厅1厨3卫,188.68O,低楼层 (共3层),,南,,毛坯,未知,钢混结构,,暂无数据,https://sh.lianjia.com/ershoufang/107100664499.html
浦东,航头,鹤沙航城东茗苑,外环外,185,29858,1室1厅1厨1卫,61.96O,低楼层 (共18层),暂无数据,南,一梯五户,其他,未知,钢混结构,暂无数据,,https://sh.lianjia.com/ershoufang/107101487416.html
浦东,航头,金地艺华年(别墅),外环外,880,35500,5室3厅1厨4卫,247.89O,低楼层 (共4层),,南,,精装,70年,钢混结构,,暂无数据,https://sh.lianjia.com/ershoufang/107101376376.html
浦东,航头,航欣苑,外环外,375,38372,2室2厅1厨1卫,97.73O,低楼层 (共18层),暂无数据,南,一梯三户,精装,未知,钢混结构,暂无数据,,https://sh.lianjia.com/ershoufang/107001234897.html
浦东,航头,汇德茗苑,外环外,245,33817,2室1厅1厨1卫,72.45O,低楼层 (共14层),暂无数据,南,一梯四户,其他,未知,未知结构,暂无数据,,https://sh.lianjia.com/ershoufang/107101508170.html
浦东,航头,昱丽家园,外环外,248,33187,2室2厅1厨1卫,74.73O,高楼层 (共18层),平层,南,一梯四户,其他,未知,钢混结构,暂无数据,,https://sh.lianjia.com/ershoufang/107101329033.html
浦东,航头,金沁苑,外环外,240,30770,2室1厅1厨1卫,78O,中楼层 (共18层),暂无数据,南,一梯三户,其他,未知,钢混结构,暂无数据,,https://sh.lianjia.com/ershoufang/107101437087.html
浦东,航头,长达佳苑宜居尚城,外环外,285,32759,2室2厅1厨1卫,87O,中楼层 (共5层),暂无数据,南,一梯两户,简装,未知,钢混结构,无,,https://sh.lianjia.com/ershoufang/107001959153.html
浦东,航头,鹤沙航城东茗苑,外环外,232,29062,2室1厅2厨1卫,79.83O,高楼层 (共18层),平层,南,一梯四户,毛坯,70年,钢混结构,有,,https://sh.lianjia.com/ershoufang/107101461719.html
浦东,航头,汇贤雅苑,外环外,185,34260,1室1厅1厨1卫,54O,低楼层 (共18层),平层,南,一梯四户,毛坯,未知,钢混结构,暂无数据,,https://sh.lianjia.com/ershoufang/107101468468.html
浦东,航头,两河流域,外环外,960,52817,4室2厅1厨3卫,181.76O,低楼层 (共3层),,南,,毛坯,未知,钢混结构,,暂无数据,https://sh.lianjia.com/ershoufang/107100948483.html
浦东,航头,长达佳苑宜居尚城,外环外,145,26818,1室1厅1厨1卫,54.07O,低楼层 (共6层),平层,南,一梯四户,毛坯,70年,钢混结构,无,,https://sh.lianjia.com/ershoufang/107100567746.html
浦东,航头,东方夏威夷,外环外,1400,42389,5室3厅1厨4卫,330.28O,低楼层 (共1层),,南 北,,毛坯,未知,钢混结构,,暂无数据,https://sh.lianjia.com/ershoufang/107101339083.html
浦东,航头,海鑫苑,,285,35138,2室1厅1厨1卫,81.11O,低楼层 (共6层),平层,南,一梯两户,其他,未知,钢混结构,无,,https://sh.lianjia.com/ershoufang/107100316747.html
浦东,航头,金地褐石公馆,外环外,380,42459,3室2厅1厨1卫,89.5O,低楼层 (共8层),平层,南,一梯两户,精装,70年,钢混结构,暂无数据,,https://sh.lianjia.com/ershoufang/107101223719.html
浦东,航头,聚鑫苑,,410,31156,3室2厅1厨2卫,131.6O,低楼层 (共8层),平层,南,一梯两户,简装,未知,钢混结构,有,,https://sh.lianjia.com/ershoufang/107100941847.html
浦东,航头,鹤沙航城昱星家园,外环外,220,32047,2室2厅1厨1卫,68.65O,高楼层 (共18层),暂无数据,南,一梯四户,毛坯,70年,钢混结构,暂无数据,,https://sh.lianjia.com/ershoufang/107101360451.html
浦东,航头,鹤沙航城东茗苑,外环外,195,32956,1室1厅1厨1卫,59.17O,低楼层 (共18层),平层,南,一梯四户,精装,未知,钢混结构,暂无数据,,https://sh.lianjia.com/ershoufang/107101460829.html
浦东,航头,鹤沙航城东茗苑,外环外,185,31266,1室1厅1厨1卫,59.17O,中楼层 (共18层),平层,东南,两梯四户,毛坯,70年,钢混结构,有,,https://sh.lianjia.com/ershoufang/107101313350.html
浦东,航头,两河流域,外环外,980,41177,5室2厅1厨4卫,238O,低楼层 (共3层),,南 北,,毛坯,未知,钢混结构,,暂无数据,https://sh.lianjia.com/ershoufang/107100513908.html
浦东,航头,聚航苑,外环外,230,24705,2室2厅1厨1卫,93.1O,中楼层 (共6层),平层,南,一梯两户,其他,未知,钢混结构,无,,https://sh.lianjia.com/ershoufang/107100323995.html
浦东,航头,绿洲千岛花园,外环外,1600,35399,5室3厅1厨4卫,452O,低楼层 (共2层),,南,,其他,未知,钢混结构,,暂无数据,https://sh.lianjia.com/ershoufang/107101432952.html
浦东,航头,长泰东郊御园(别墅),外环外,880,46554,4室3厅1厨4卫,189.03O,低楼层 (共3层),,南,,其他,未知,钢混结构,,暂无数据,https://sh.lianjia.com/ershoufang/107100476796.html
浦东,航头,两河流域,外环外,1150,50789,5室2厅1厨3卫,226.43O,低楼层 (共3层),,南 北,,精装,未知,钢混结构,,暂无数据,https://sh.lianjia.com/ershoufang/107100497182.html
浦东,航头,金地艺华年(别墅),外环外,820,39806,4室2厅1厨4卫,206O,低楼层 (共4层),,南,,精装,70年,钢混结构,,暂无数据,https://sh.lianjia.com/ershoufang/107101275357.html
浦东,航头,鹤沙航城东茗苑,外环外,230,38520,1室2厅1厨1卫,59.71O,高楼层 (共18层),暂无数据,暂无数据,两梯四户,其他,70年,钢混结构,有,,https://sh.lianjia.com/ershoufang/107002265503.html
浦东,航头,海洲桃花园,外环外,199,33729,1室1厅1厨1卫,59O,高楼层 (共11层),暂无数据,南,一梯四户,其他,未知,钢混结构,有,,https://sh.lianjia.com/ershoufang/107101388008.html
浦东,航头,金地褐石公馆,外环外,370,41378,3室2厅1厨1卫,89.42O,中楼层 (共8层),暂无数据,南,一梯两户,精装,70年,钢混结构,有,,https://sh.lianjia.com/ershoufang/107002051065.html
浦东,航头,鹤沙航城瑞馨苑,外环外,220,28520,2室1厅1厨1卫,77.14O,低楼层 (共14层),平层,南,一梯四户,其他,未知,钢混结构,暂无数据,,https://sh.lianjia.com/ershoufang/107101431264.html
浦东,航头,鹤鸣新苑一村,外环外,260,29586,2室2厅1厨1卫,87.88O,高楼层 (共6层),暂无数据,南 北,一梯两户,其他,未知,钢混结构,无,,https://sh.lianjia.com/ershoufang/107101476941.html
浦东,航头,聚航苑,外环外,265,23896,3室2厅1厨2卫,110.9O,中楼层 (共6层),平层,南 北,一梯两户,简装,未知,钢混结构,无,,https://sh.lianjia.com/ershoufang/107101286110.html
浦东,航头,金地褐石公馆,外环外,368,41118,3室2厅1厨1卫,89.5O,低楼层 (共8层),平层,南 北,一梯两户,其他,70年,钢混结构,暂无数据,,https://sh.lianjia.com/ershoufang/107101356540.html
浦东,航头,长泰东郊御园(公寓),外环外,300,35478,2室2厅1厨1卫,84.56O,高楼层 (共18层),暂无数据,南,一梯两户,精装,70年,钢混结构,暂无数据,,https://sh.lianjia.com/ershoufang/107100672149.html
浦东,航头,金地褐石公馆,外环外,360,40224,3室2厅1厨1卫,89.5O,低楼层 (共8层),暂无数据,南,一梯两户,精装,70年,钢混结构,暂无数据,,https://sh.lianjia.com/ershoufang/107000998415.html
浦东,航头,鹤沙航城东茗苑,外环外,228,30576,2室1厅0厨1卫,74.57O,低楼层 (共18层),暂无数据,北 南,两梯四户,其他,70年,钢混结构,有,,https://sh.lianjia.com/ershoufang/107101468331.html
浦东,航头,聚航苑,外环外,245,25885,2室2厅1厨1卫,94.65O,中楼层 (共6层),暂无数据,南 北,一梯两户,其他,未知,钢混结构,无,,https://sh.lianjia.com/ershoufang/107101496633.html
浦东,航头,汇贤雅苑,外环外,230,32186,2室1厅1厨1卫,71.46O,高楼层 (共18层),平层,南,一梯四户,毛坯,未知,钢混结构,暂无数据,,https://sh.lianjia.com/ershoufang/107101255181.html
浦东,航头,金沁苑,外环外,315,32345,3室1厅1厨1卫,97.39O,低楼层 (共18层),平层,南,一梯三户,精装,未知,钢混结构,暂无数据,,https://sh.lianjia.com/ershoufang/107101426142.html
浦东,航头,鹤沙航城昱星家园,外环外,227,33383,2室2厅1厨1卫,68O,低楼层 (共14层),暂无数据,南 北,一梯三户,其他,未知,未知结构,暂无数据,,https://sh.lianjia.com/ershoufang/107101422827.html
浦东,航头,金沁苑,外环外,235,30117,2室2厅0厨1卫,78.03O,低楼层 (共18层),平层,南,一梯三户,毛坯,未知,钢混结构,暂无数据,,https://sh.lianjia.com/ershoufang/107101372715.html
浦东,航头,枫林雅苑,外环外,1300,37250,7室5厅1厨6卫,349O,低楼层 (共1层),,南,,精装,未知,砖混结构,,暂无数据,https://sh.lianjia.com/ershoufang/107000417857.html
浦东,航头,鹤沙航城航武嘉园,外环外,187,33151,1室1厅1厨1卫,56.41O,高楼层 (共18层),暂无数据,南,一梯四户,其他,未知,钢混结构,暂无数据,,https://sh.lianjia.com/ershoufang/107101460475.html
浦东,航头,海洲桃花园,外环外,280,34749,2室2厅1厨1卫,80.58O,中楼层 (共11层),暂无数据,南,一梯四户,其他,未知,钢混结构,有,,https://sh.lianjia.com/ershoufang/107101495335.html
浦东,航头,东升家园(三期),外环外,220,23764,2室2厅1厨1卫,92.58O,高楼层 (共15层),暂无数据,南,一梯两户,毛坯,70年,钢混结构,有,,https://sh.lianjia.com/ershoufang/107100241931.html
浦东,航头,长泰东郊御园(别墅),外环外,900,39481,4室2厅1厨3卫,227.96O,低楼层 (共3层),,南,,毛坯,未知,钢混结构,,暂无数据,https://sh.lianjia.com/ershoufang/107100555328.html
浦东,航头,金地褐石公馆,外环外,338,37978,3室2厅1厨1卫,89O,低楼层 (共8层),平层,南 北,一梯两户,精装,70年,钢混结构,暂无数据,,https://sh.lianjia.com/ershoufang/107101272021.html
浦东,航头,鹤沙航城东茗苑,外环外,238,33056,2室2厅0厨1卫,72O,高楼层 (共6层),平层,南 北,一梯两户,其他,未知,砖混结构,无,,https://sh.lianjia.com/ershoufang/107101379605.html
浦东,航头,鹤沙航城昱星家园,外环外,206,30601,2室1厅1厨1卫,67.32O,高楼层 (共18层),暂无数据,南 北,一梯四户,简装,未知,未知结构,暂无数据,,https://sh.lianjia.com/ershoufang/107101158448.html
浦东,航头,长达佳苑宜居尚城,外环外,285,33929,2室1厅1厨1卫,84O,高楼层 (共6层),暂无数据,南,一梯两户,精装,未知,钢混结构,无,,https://sh.lianjia.com/ershoufang/107002168677.html
浦东,航头,环镇东路99弄,外环外,410,29711,3室2厅1厨2卫,138O,中楼层 (共7层),暂无数据,南,一梯两户,精装,未知,钢混结构,暂无数据,,https://sh.lianjia.com/ershoufang/107002127511.html
浦东,航头,长泰东郊御园(公寓),外环外,270,34126,2室2厅1厨1卫,79.12O,低楼层 (共18层),平层,南,一梯两户,其他,70年,钢混结构,暂无数据,,https://sh.lianjia.com/ershoufang/107100356149.html
浦东,航头,鹤沙航城东茗苑,外环外,246,30758,2室1厅1厨1卫,79.98O,中楼层 (共18层),暂无数据,南,一梯四户,其他,未知,钢混结构,暂无数据,,https://sh.lianjia.com/ershoufang/107101482866.html
浦东,航头,鹤沙航城航武嘉园,外环外,180,31910,1室1厅1厨1卫,56.41O,低楼层 (共18层),暂无数据,南,一梯四户,毛坯,70年,钢混结构,暂无数据,,https://sh.lianjia.com/ershoufang/107101286814.html
浦东,航头,两河流域,外环外,1100,45493,4室3厅1厨3卫,241.8O,低楼层 (共3层),,南,,其他,未知,钢混结构,,暂无数据,https://sh.lianjia.com/ershoufang/107101437695.html
浦东,航头,汇贤雅苑,外环外,230,31136,2室1厅1厨1卫,73.87O,中楼层 (共18层),平层,南 北,一梯四户,毛坯,未知,钢混结构,暂无数据,,https://sh.lianjia.com/ershoufang/107101403586.html
浦东,航头,鹤沙航城航武嘉园,外环外,190,33369,1室1厅1厨1卫,56.94O,高楼层 (共18层),暂无数据,南,一梯四户,其他,70年,钢混结构,暂无数据,,https://sh.lianjia.com/ershoufang/107100745547.html
浦东,航头,鹤沙航城汇诚佳苑,外环外,270,32212,3室2厅1厨1卫,83.82O,高楼层 (共18层),暂无数据,南 北,一梯四户,毛坯,未知,钢混结构,暂无数据,,https://sh.lianjia.com/ershoufang/107101215530.html
浦东,航头,金地褐石公馆,外环外,355,39665,3室2厅1厨1卫,89.5O,中楼层 (共8层),平层,南,一梯两户,精装,70年,钢混结构,暂无数据,,https://sh.lianjia.com/ershoufang/107101502855.html
浦东,航头,海洲桃花园,外环外,280,36130,2室2厅1厨1卫,77.5O,高楼层 (共6层),暂无数据,南,一梯两户,毛坯,未知,钢混结构,无,,https://sh.lianjia.com/ershoufang/107000346619.html
浦东,航头,鹤沙航城东茗苑,外环外,314,28986,3室2厅2厨2卫,108.33O,低楼层 (共18层),暂无数据,南 北,一梯三户,毛坯,未知,钢混结构,暂无数据,,https://sh.lianjia.com/ershoufang/107100794954.html
浦东,航头,长达佳苑宜居尚城,外环外,225,26590,2室2厅1厨1卫,84.62O,中楼层 (共6层),平层,南 北,一梯两户,毛坯,未知,钢混结构,无,,https://sh.lianjia.com/ershoufang/107101394572.html
浦东,航头,汇贤雅苑,外环外,180,33119,1室1厅1厨1卫,54.35O,低楼层 (共18层),暂无数据,南,一梯四户,其他,未知,钢混结构,暂无数据,,https://sh.lianjia.com/ershoufang/107101455317.html
浦东,航头,昱丽家园,外环外,250,32587,2室2厅1厨1卫,76.72O,低楼层 (共18层),暂无数据,南,一梯四户,其他,未知,钢混结构,暂无数据,,https://sh.lianjia.com/ershoufang/107101512477.html
浦东,航头,海洲桃花园,外环外,460,37521,2室2厅1厨2卫,122.6O,高楼层 (共11层),暂无数据,南 北,一梯两户,其他,未知,钢混结构,有,,https://sh.lianjia.com/ershoufang/107101468262.html
浦东,航头,鹤沙航城汇诚佳苑,外环外,235,32969,2室1厅1厨1卫,71.28O,高楼层 (共18层),暂无数据,南,一梯四户,其他,未知,钢混结构,暂无数据,,https://sh.lianjia.com/ershoufang/107101357700.html
浦东,航头,爱法奥朗新庄园,外环外,1450,39524,5室3厅1厨3卫,366.87O,低楼层 (共2层),,南 北,,其他,未知,钢混结构,,暂无数据,https://sh.lianjia.com/ershoufang/107101411107.html
浦东,航头,东升家园(三期),外环外,230,24732,2室2厅1厨1卫,93O,高楼层 (共15层),暂无数据,北 南,一梯两户,毛坯,70年,钢混结构,有,,https://sh.lianjia.com/ershoufang/107101295549.html
浦东,航头,绿洲千岛花园,外环外,3750,46411,7室4厅1厨7卫,808O,低楼层 (共2层),,南,,精装,未知,钢混结构,,暂无数据,https://sh.lianjia.com/ershoufang/107002122449.html
浦东,航头,长泰东郊御园(公寓),外环外,365,33487,3室2厅1厨2卫,109O,高楼层 (共14层),平层,南,一梯两户,其他,70年,钢混结构,暂无数据,,https://sh.lianjia.com/ershoufang/107100324945.html
浦东,航头,海洲桃花园,外环外,450,36693,3室2厅1厨2卫,122.64O,中楼层 (共11层),平层,南,一梯两户,其他,未知,钢混结构,有,,https://sh.lianjia.com/ershoufang/107101313365.html
浦东,航头,昱丽家园,外环外,180,31876,1室1厅1厨1卫,56.47O,中楼层 (共18层),平层,南,一梯四户,其他,未知,钢混结构,有,,https://sh.lianjia.com/ershoufang/107101357958.html
浦东,航头,富田花苑,外环外,1600,37775,5室3厅1厨5卫,423.57O,低楼层 (共2层),,南,,精装,70年,钢混结构,,独栋,https://sh.lianjia.com/ershoufang/107000959099.html
浦东,航头,鹤沙航城昱星家园,外环外,217,31912,2室1厅0厨1卫,68O,低楼层 (共14层),暂无数据,南 北,一梯三户,其他,未知,未知结构,暂无数据,,https://sh.lianjia.com/ershoufang/107101422893.html
浦东,航头,鹤沙航城东茗苑,外环外,320,31883,3室2厅1厨1卫,100.37O,低楼层 (共18层),平层,南 北,一梯四户,毛坯,未知,钢混结构,暂无数据,,https://sh.lianjia.com/ershoufang/107101278608.html
浦东,航头,长泰东郊御园(公寓),外环外,280,32559,2室2厅1厨1卫,86O,高楼层 (共18层),平层,南,两梯两户,精装,70年,钢混结构,有,,https://sh.lianjia.com/ershoufang/107100903704.html
浦东,航头,富田花园,外环外,300,24621,3室2厅1厨2卫,121.85O,高楼层 (共6层),平层,南,一梯两户,简装,未知,砖混结构,无,,https://sh.lianjia.com/ershoufang/107101240836.html
浦东,航头,立地东方苑,外环外,310,35005,2室2厅0厨1卫,88.56O,低楼层 (共6层),暂无数据,南,一梯两户,其他,未知,钢混结构,无,,https://sh.lianjia.com/ershoufang/107101479112.html
浦东,航头,两河流域,外环外,1260,51515,4室3厅1厨4卫,244.59O,低楼层 (共3层),,南,,毛坯,未知,钢混结构,,暂无数据,https://sh.lianjia.com/ershoufang/107001608621.html
浦东,航头,沪航公寓,外环外,450,34370,3室2厅1厨2卫,130.93O,高楼层 (共6层),暂无数据,南,一梯两户,其他,未知,钢混结构,无,,https://sh.lianjia.com/ershoufang/107100376469.html
浦东,航头,长泰东郊御园(别墅),外环外,930,49207,5室3厅1厨5卫,189O,低楼层 (共3层),,南,,其他,未知,钢混结构,,暂无数据,https://sh.lianjia.com/ershoufang/107101351273.html
浦东,航头,长达佳苑宜居尚城,外环外,315,26003,3室2厅1厨2卫,121.14O,中楼层 (共6层),暂无数据,南 北,一梯两户,精装,未知,钢混结构,无,,https://sh.lianjia.com/ershoufang/107101362571.html
浦东,航头,东升家园(三期),外环外,259,25911,3室2厅1厨1卫,99.96O,高楼层 (共6层),暂无数据,南 北,一梯两户,其他,未知,钢混结构,无,,https://sh.lianjia.com/ershoufang/107101485453.html
浦东,航头,海洲桃花园,外环外,395,44477,3室2厅1厨1卫,88.81O,高楼层 (共6层),复式,南,一梯两户,其他,未知,钢混结构,无,,https://sh.lianjia.com/ershoufang/107101424582.html
浦东,航头,东升家园(三期),外环外,310,32701,2室1厅1厨1卫,94.8O,中楼层 (共11层),暂无数据,南,一梯两户,精装,70年,钢混结构,有,,https://sh.lianjia.com/ershoufang/107001176647.html
浦东,航头,长达佳苑宜居尚城,外环外,165,28917,1室1厅1厨1卫,57.06O,低楼层 (共6层),平层,南,一梯四户,精装,未知,钢混结构,无,,https://sh.lianjia.com/ershoufang/107101318122.html
浦东,航头,金沁苑,外环外,255,32693,2室2厅1厨1卫,78O,中楼层 (共18层),暂无数据,南,一梯三户,其他,未知,钢混结构,暂无数据,,https://sh.lianjia.com/ershoufang/107101373745.html
浦东,航头,鹤沙航城航武嘉园,外环外,175,30735,1室1厅1厨1卫,56.94O,中楼层 (共18层),平层,南,一梯四户,其他,未知,钢混结构,暂无数据,,https://sh.lianjia.com/ershoufang/107100659006.html
浦东,航头,长泰东郊御园(别墅),外环外,950,50260,4室2厅1厨3卫,189.02O,低楼层 (共3层),,南 北,,其他,未知,钢混结构,,暂无数据,https://sh.lianjia.com/ershoufang/107100714821.html
浦东,航头,鹤沙航城昱星家园,外环外,315,35485,3室2厅1厨1卫,88.77O,高楼层 (共18层),平层,南 北,一梯一户,精装,70年,未知结构,有,,https://sh.lianjia.com/ershoufang/107101420279.html
浦东,航头,长达佳苑宜居尚城,外环外,255,29484,2室2厅1厨1卫,86.49O,中楼层 (共6层),平层,南,一梯两户,其他,未知,钢混结构,无,,https://sh.lianjia.com/ershoufang/107101460278.html
浦东,航头,航欣苑,外环外,350,36050,2室2厅1厨1卫,97.09O,低楼层 (共18层),暂无数据,南 北,一梯三户,其他,未知,钢混结构,暂无数据,,https://sh.lianjia.com/ershoufang/107100648390.html
浦东,航头,长达佳苑宜居尚城,外环外,310,36905,2室2厅1厨1卫,84O,高楼层 (共6层),暂无数据,南,一梯两户,精装,未知,钢混结构,无,,https://sh.lianjia.com/ershoufang/107000007821.html
浦东,航头,金沁苑,外环外,245,30935,2室1厅0厨1卫,79.2O,低楼层 (共18层),平层,南,一梯三户,其他,未知,钢混结构,暂无数据,,https://sh.lianjia.com/ershoufang/107101459775.html
浦东,航头,金沁苑,外环外,265,33949,2室2厅1厨1卫,78.06O,中楼层 (共18层),平层,南,一梯三户,其他,未知,钢混结构,暂无数据,,https://sh.lianjia.com/ershoufang/107101492791.html
浦东,航头,长泰东郊御园(别墅),外环外,980,42930,4室2厅1厨1卫,228.28O,低楼层 (共3层),,南 北,,毛坯,未知,钢混结构,,暂无数据,https://sh.lianjia.com/ershoufang/107100450849.html
浦东,航头,金沁苑,外环外,180,31387,1室1厅1厨1卫,57.35O,中楼层 (共18层),暂无数据,南,一梯三户,其他,未知,钢混结构,暂无数据,,https://sh.lianjia.com/ershoufang/107101309224.html
浦东,航头,长泰东郊御园(公寓),外环外,265,30114,2室2厅1厨1卫,88O,低楼层 (共18层),暂无数据,南,一梯三户,其他,70年,钢混结构,有,,https://sh.lianjia.com/ershoufang/107100624517.html
浦东,航头,东升家园(三期),外环外,155,28704,1室1厅1厨1卫,54O,中楼层 (共15层),暂无数据,南,一梯三户,毛坯,70年,钢混结构,有,,https://sh.lianjia.com/ershoufang/107101411750.html
浦东,航头,鹤沙航城瑞馨苑,外环外,228,29890,2室1厅1厨1卫,76.28O,低楼层 (共14层),暂无数据,南 北,两梯三户,简装,70年,钢混结构,有,,https://sh.lianjia.com/ershoufang/107101325395.html
浦东,航头,鹤沙航城航武嘉园,外环外,175,31023,1室1厅1厨1卫,56.41O,高楼层 (共18层),平层,南,一梯四户,其他,未知,钢混结构,暂无数据,,https://sh.lianjia.com/ershoufang/107101444637.html
浦东,航头,两河流域,外环外,980,44006,4室2厅1厨3卫,222.7O,低楼层 (共3层),,南,,精装,未知,钢混结构,,暂无数据,https://sh.lianjia.com/ershoufang/107101276072.html
浦东,航头,鹤沙航城汇诚佳苑,外环外,215,30024,2室1厅1厨1卫,71.61O,低楼层 (共18层),平层,南,一梯四户,其他,未知,钢混结构,暂无数据,,https://sh.lianjia.com/ershoufang/107101330495.html
浦东,航头,富鑫苑,外环外,380,42697,2室1厅1厨1卫,89O,高楼层 (共18层),平层,南 北,一梯四户,其他,未知,钢混结构,暂无数据,,https://sh.lianjia.com/ershoufang/107100033494.html
浦东,航头,生茂养园,外环外,2000,40817,4室3厅1厨4卫,490O,低楼层 (共2层),,西,,毛坯,未知,钢混结构,,暂无数据,https://sh.lianjia.com/ershoufang/107000265673.html
浦东,航头,枫林雅苑,外环外,1150,46061,5室3厅1厨3卫,249.67O,低楼层 (共2层),,南,,毛坯,未知,砖混结构,,暂无数据,https://sh.lianjia.com/ershoufang/107002076353.html
浦东,航头,鹤沙航城昱星家园,外环外,220,32047,2室1厅1厨1卫,68.65O,高楼层 (共18层),暂无数据,南,一梯四户,其他,未知,未知结构,暂无数据,,https://sh.lianjia.com/ershoufang/107100582700.html
浦东,航头,两河流域,外环外,1340,58569,4室2厅1厨3卫,228.79O,低楼层 (共3层),,暂无数据,,精装,未知,钢混结构,,暂无数据,https://sh.lianjia.com/ershoufang/107001612819.html
浦东,航头,聚航苑,外环外,260,29886,2室2厅1厨1卫,87O,中楼层 (共6层),暂无数据,南,一梯两户,其他,70年,钢混结构,无,,https://sh.lianjia.com/ershoufang/107100028147.html
浦东,航头,长泰东郊御园(别墅),外环外,1150,60866,4室3厅1厨3卫,188.94O,低楼层 (共3层),,南,,精装,未知,钢混结构,,暂无数据,https://sh.lianjia.com/ershoufang/107001957917.html
浦东,航头,鹤沙航城东茗苑,外环外,243,31055,2室1厅1厨1卫,78.25O,高楼层 (共18层),暂无数据,南 北,一梯四户,其他,未知,钢混结构,暂无数据,,https://sh.lianjia.com/ershoufang/107101037426.html
浦东,航头,长泰东郊御园(公寓),外环外,380,35186,3室2厅1厨2卫,108O,高楼层 (共18层),平层,南,一梯两户,其他,70年,钢混结构,有,,https://sh.lianjia.com/ershoufang/107101453866.html
浦东,航头,两河流域,外环外,1050,46657,4室2厅1厨3卫,225.05O,低楼层 (共3层),,南,,毛坯,未知,钢混结构,,暂无数据,https://sh.lianjia.com/ershoufang/107000206747.html
浦东,航头,东升家园(三期),外环外,200,25215,1室2厅1厨1卫,79.32O,低楼层 (共15层),暂无数据,南 北,一梯两户,其他,70年,钢混结构,有,,https://sh.lianjia.com/ershoufang/107101509882.html
浦东,航头,汇贤雅苑,外环外,230,31082,2室1厅1厨1卫,74O,中楼层 (共18层),平层,南,一梯四户,其他,未知,钢混结构,暂无数据,,https://sh.lianjia.com/ershoufang/107101521382.html
浦东,航头,鹤鸣新苑一村,外环外,235,29409,2室1厅1厨1卫,79.91O,高楼层 (共6层),暂无数据,南,一梯两户,其他,未知,钢混结构,无,,https://sh.lianjia.com/ershoufang/107100893300.html
浦东,航头,桃园新村(航头)(别墅),外环外,1100,36595,4室2厅1厨3卫,300.59O,低楼层 (共2层),,南,,精装,未知,砖混结构,,暂无数据,https://sh.lianjia.com/ershoufang/107000067393.html
浦东,航头,鹤鸣新苑二村,外环外,290,30266,3室1厅1厨1卫,95.82O,中楼层 (共6层),暂无数据,南,一梯两户,简装,未知,钢混结构,无,,https://sh.lianjia.com/ershoufang/107101507474.html
浦东,航头,汇贤雅苑,外环外,225,31830,2室1厅1厨1卫,70.69O,低楼层 (共18层),平层,南,一梯四户,其他,未知,钢混结构,暂无数据,,https://sh.lianjia.com/ershoufang/107100533553.html
浦东,航头,鹤沙航城瑞馨苑,外环外,225,29451,2室1厅1厨1卫,76.4O,低楼层 (共14层),暂无数据,南,一梯四户,其他,70年,钢混结构,暂无数据,,https://sh.lianjia.com/ershoufang/107101371060.html
浦东,航头,绿洲千岛花园,外环外,2500,42561,7室4厅1厨5卫,587.4O,低楼层 (共2层),,南,,精装,未知,钢混结构,,暂无数据,https://sh.lianjia.com/ershoufang/107001066233.html
浦东,航头,长泰东郊御园(公寓),外环外,298,34652,2室2厅1厨1卫,86O,低楼层 (共21层),平层,南,一梯两户,其他,70年,钢混结构,暂无数据,,https://sh.lianjia.com/ershoufang/107101024366.html
浦东,航头,东升家园(三期),外环外,230,24448,2室2厅1厨1卫,94.08O,中楼层 (共11层),平层,南 北,一梯两户,简装,70年,钢混结构,有,,https://sh.lianjia.com/ershoufang/107101357002.html
浦东,航头,金沁苑,外环外,182,33303,1室1厅1厨1卫,54.65O,高楼层 (共18层),平层,南,一梯三户,毛坯,未知,钢混结构,暂无数据,,https://sh.lianjia.com/ershoufang/107101040771.html
浦东,航头,昱丽家园,外环外,245,32641,2室1厅1厨1卫,75.06O,低楼层 (共18层),暂无数据,南,一梯四户,其他,未知,钢混结构,暂无数据,,https://sh.lianjia.com/ershoufang/107100505149.html
浦东,航头,长达佳苑宜居尚城,外环外,255,29494,2室2厅1厨1卫,86.46O,低楼层 (共6层),暂无数据,南,一梯两户,简装,未知,钢混结构,无,,https://sh.lianjia.com/ershoufang/107100303077.html
浦东,航头,长泰东郊御园(别墅),外环外,850,44969,4室2厅1厨3卫,189.02O,低楼层 (共3层),,南,,精装,未知,钢混结构,,暂无数据,https://sh.lianjia.com/ershoufang/107101350768.html
浦东,航头,海鑫苑,,300,35728,2室2厅1厨1卫,83.97O,高楼层 (共6层),暂无数据,南,一梯两户,精装,未知,钢混结构,无,,https://sh.lianjia.com/ershoufang/107100409792.html
浦东,航头,鹤沙航城瑞馨苑,外环外,238,31059,2室2厅1厨1卫,76.63O,中楼层 (共14层),平层,南,两梯四户,毛坯,70年,钢混结构,有,,https://sh.lianjia.com/ershoufang/107101358259.html
浦东,航头,金地褐石公馆,外环外,550,61798,4室2厅1厨1卫,89O,低楼层 (共8层),暂无数据,南,一梯两户,精装,70年,钢混结构,暂无数据,,https://sh.lianjia.com/ershoufang/107101248041.html
浦东,航头,长达佳苑宜居尚城,外环外,380,30527,3室2厅1厨2卫,124.48O,高楼层 (共6层),暂无数据,南 北,一梯两户,精装,未知,钢混结构,无,,https://sh.lianjia.com/ershoufang/107101291363.html
浦东,航头,鹤沙航城东茗苑,外环外,238,32715,2室1厅1厨1卫,72.75O,高楼层 (共6层),暂无数据,南,一梯两户,其他,未知,砖混结构,无,,https://sh.lianjia.com/ershoufang/107101239539.html
浦东,航头,鹤沙航城航武嘉园,外环外,245,33636,2室1厅1厨1卫,72.84O,高楼层 (共6层),平层,南,一梯三户,其他,未知,钢混结构,无,,https://sh.lianjia.com/ershoufang/107100648360.html
浦东,航头,鹤鸣新苑一村,外环外,340,28986,3室2厅1厨2卫,117.3O,高楼层 (共6层),平层,南 北,一梯两户,精装,未知,钢混结构,无,,https://sh.lianjia.com/ershoufang/107101273377.html
浦东,航头,鹤沙航城航武嘉园,外环外,230,29096,2室2厅1厨1卫,79.05O,低楼层 (共14层),平层,南,一梯两户,其他,70年,钢混结构,有,,https://sh.lianjia.com/ershoufang/107101369760.html
浦东,航头,昱丽家园,外环外,210,36797,1室1厅1厨1卫,57.07O,中楼层 (共14层),暂无数据,南,一梯四户,其他,未知,钢混结构,暂无数据,,https://sh.lianjia.com/ershoufang/107100458834.html
浦东,航头,池鑫苑,,305,32447,2室2厅1厨1卫,94O,低楼层 (共6层),暂无数据,南,一梯两户,毛坯,70年,钢混结构,无,,https://sh.lianjia.com/ershoufang/107100374665.html
浦东,航头,富鑫苑,外环外,365,41332,2室2厅1厨1卫,88.31O,高楼层 (共18层),暂无数据,南,一梯四户,精装,未知,钢混结构,暂无数据,,https://sh.lianjia.com/ershoufang/107001212899.html
浦东,航头,鹤沙航城航武嘉园,外环外,175,31012,1室1厅1厨1卫,56.43O,低楼层 (共6层),暂无数据,南,一梯三户,其他,未知,钢混结构,无,,https://sh.lianjia.com/ershoufang/107100684776.html
浦东,航头,聚鑫苑,,300,30121,2室2厅1厨1卫,99.6O,低楼层 (共11层),平层,南,一梯两户,毛坯,未知,钢混结构,有,,https://sh.lianjia.com/ershoufang/107101311415.html
浦东,航头,聚航苑,外环外,150,26786,1室1厅1厨1卫,56O,低楼层 (共6层),暂无数据,南,一梯三户,其他,未知,钢混结构,无,,https://sh.lianjia.com/ershoufang/107101415125.html
浦东,航头,长泰东郊御园(公寓),外环外,275,31977,2室2厅1厨1卫,86O,中楼层 (共18层),平层,南,一梯两户,精装,70年,钢混结构,暂无数据,,https://sh.lianjia.com/ershoufang/107101314344.html
浦东,航头,金地艺华年(别墅),外环外,1050,44681,4室3厅1厨3卫,235O,低楼层 (共4层),,南,,精装,70年,钢混结构,,暂无数据,https://sh.lianjia.com/ershoufang/107100642302.html
浦东,航头,鹤沙航城航武嘉园,外环外,240,29759,2室1厅1厨1卫,80.65O,低楼层 (共18层),平层,南,一梯两户,毛坯,未知,钢混结构,暂无数据,,https://sh.lianjia.com/ershoufang/107100469661.html
浦东,航头,金沁苑,外环外,265,33975,2室2厅1厨1卫,78O,高楼层 (共18层),平层,南,一梯三户,其他,未知,钢混结构,暂无数据,,https://sh.lianjia.com/ershoufang/107101320078.html
浦东,航头,汇德茗苑,外环外,240,33803,2室1厅1厨1卫,71O,高楼层 (共14层),暂无数据,南,一梯四户,其他,未知,未知结构,暂无数据,,https://sh.lianjia.com/ershoufang/107101518273.html
浦东,航头,海鑫苑,,163,30837,1室1厅1厨1卫,52.86O,高楼层 (共6层),暂无数据,南,一梯两户,其他,未知,钢混结构,无,,https://sh.lianjia.com/ershoufang/107101423863.html
浦东,航头,富鑫苑,外环外,560,40061,3室2厅1厨2卫,139.79O,低楼层 (共11层),暂无数据,南,一梯两户,其他,未知,钢混结构,暂无数据,,https://sh.lianjia.com/ershoufang/107100217601.html
浦东,航头,鹤沙航城东茗苑,外环外,190,30665,1室1厅1厨1卫,61.96O,中楼层 (共18层),暂无数据,南,一梯四户,其他,未知,钢混结构,暂无数据,,https://sh.lianjia.com/ershoufang/107100297688.html
浦东,航头,鹤沙航城东茗苑,外环外,195,31677,1室1厅1厨1卫,61.56O,高楼层 (共18层),平层,南,两梯四户,简装,70年,钢混结构,有,,https://sh.lianjia.com/ershoufang/107100980999.html
浦东,航头,鹤沙航城东茗苑,外环外,185,29858,1室1厅1厨1卫,61.96O,低楼层 (共18层),暂无数据,南,一梯四户,其他,未知,钢混结构,暂无数据,,https://sh.lianjia.com/ershoufang/107101406466.html
浦东,航头,鹤沙航城东茗苑,外环外,175,29576,1室1厅1厨1卫,59.17O,中楼层 (共18层),暂无数据,南,一梯四户,其他,未知,钢混结构,暂无数据,,https://sh.lianjia.com/ershoufang/107100706972.html
浦东,航头,金地艺华年(别墅),外环外,1000,39816,5室3厅1厨4卫,251.16O,低楼层 (共4层),,南,,精装,70年,钢混结构,,暂无数据,https://sh.lianjia.com/ershoufang/107100222226.html
浦东,航头,长达佳苑宜居尚城,外环外,270,32212,2室2厅1厨1卫,83.82O,低楼层 (共6层),平层,南 北,一梯两户,精装,未知,钢混结构,无,,https://sh.lianjia.com/ershoufang/107101350990.html
浦东,航头,东升家园(三期),外环外,250,30289,2室2厅1厨1卫,82.54O,低楼层 (共6层),暂无数据,南,一梯两户,其他,未知,钢混结构,无,,https://sh.lianjia.com/ershoufang/107101345096.html
浦东,航头,鹤沙航城东茗苑,外环外,250,31819,2室1厅1厨1卫,78.57O,低楼层 (共18层),暂无数据,暂无数据,两梯四户,毛坯,未知,钢混结构,有,,https://sh.lianjia.com/ershoufang/107000954823.html
浦东,航头,长泰东郊御园(别墅),外环外,700,37034,4室2厅1厨3卫,189.02O,低楼层 (共3层),,南,,其他,未知,钢混结构,,暂无数据,https://sh.lianjia.com/ershoufang/107101519107.html
浦东,航头,长泰东郊御园(别墅),外环外,950,50324,4室3厅1厨2卫,188.78O,低楼层 (共3层),,南,,精装,未知,钢混结构,,暂无数据,https://sh.lianjia.com/ershoufang/107001228963.html
浦东,航头,金沁苑,外环外,250,32011,2室1厅1厨1卫,78.1O,低楼层 (共18层),暂无数据,南,一梯三户,其他,未知,钢混结构,暂无数据,,https://sh.lianjia.com/ershoufang/107100773490.html
浦东,航头,金地褐石公馆,外环外,385,43017,3室2厅1厨1卫,89.5O,中楼层 (共8层),平层,南 北,一梯两户,精装,70年,钢混结构,暂无数据,,https://sh.lianjia.com/ershoufang/107101008308.html
浦东,航头,长达佳苑宜居尚城,外环外,355,29238,3室2厅1厨2卫,121.42O,高楼层 (共6层),复式,南 北,一梯两户,精装,70年,钢混结构,无,,https://sh.lianjia.com/ershoufang/107100677454.html
浦东,航头,两河流域,外环外,795,41433,4室2厅1厨3卫,191.88O,低楼层 (共3层),,南,,毛坯,未知,钢混结构,,暂无数据,https://sh.lianjia.com/ershoufang/107002320137.html
浦东,航头,长泰东郊御园(公寓),外环外,408,34950,3室2厅1厨2卫,116.74O,高楼层 (共18层),平层,南,一梯三户,精装,70年,钢混结构,有,,https://sh.lianjia.com/ershoufang/107100560416.html
浦东,航头,金沁苑,外环外,280,35354,2室1厅1厨1卫,79.2O,高楼层 (共18层),平层,南,一梯三户,其他,未知,钢混结构,暂无数据,,https://sh.lianjia.com/ershoufang/107101499208.html
浦东,航头,鹤沙航城昱星家园,外环外,220,32841,2室1厅1厨1卫,66.99O,高楼层 (共18层),暂无数据,南,一梯四户,其他,未知,未知结构,暂无数据,,https://sh.lianjia.com/ershoufang/107100374721.html
浦东,航头,生茂养园,外环外,1380,58440,4室3厅1厨3卫,236.14O,低楼层 (共3层),,南,,简装,未知,钢混结构,,暂无数据,https://sh.lianjia.com/ershoufang/107001839953.html
浦东,航头,鹤沙航城东茗苑,外环外,170,31170,1室1厅1厨1卫,54.54O,高楼层 (共18层),暂无数据,南 北,一梯四户,简装,未知,钢混结构,暂无数据,,https://sh.lianjia.com/ershoufang/107100581887.html
浦东,航头,汇贤雅苑,外环外,265,31548,3室1厅1厨1卫,84O,低楼层 (共18层),暂无数据,南,一梯四户,毛坯,未知,钢混结构,暂无数据,,https://sh.lianjia.com/ershoufang/107101025923.html
浦东,航头,鹤沙航城航武嘉园,外环外,245,30625,2室1厅1厨1卫,80O,中楼层 (共12层),平层,南 北,一梯两户,其他,未知,钢混结构,暂无数据,,https://sh.lianjia.com/ershoufang/107101296377.html
浦东,航头,两河流域,外环外,1600,71388,4室3厅1厨4卫,224.13O,低楼层 (共3层),,东北,,精装,未知,钢混结构,,暂无数据,https://sh.lianjia.com/ershoufang/107001192323.html
浦东,航头,金地艺华年(别墅),外环外,880,42719,4室2厅1厨4卫,206O,低楼层 (共4层),,南,,精装,70年,钢混结构,,暂无数据,https://sh.lianjia.com/ershoufang/107101134987.html
浦东,航头,金地艺华年(别墅),外环外,818,39613,5室2厅1厨4卫,206.5O,低楼层 (共4层),,南,,精装,70年,钢混结构,,暂无数据,https://sh.lianjia.com/ershoufang/107101461596.html
浦东,航头,金沁苑,外环外,248,31314,2室1厅1厨1卫,79.2O,高楼层 (共18层),暂无数据,南,一梯三户,精装,未知,钢混结构,暂无数据,,https://sh.lianjia.com/ershoufang/107100170807.html
浦东,航头,海洲桃花园,外环外,295,39339,2室2厅1厨1卫,74.99O,中楼层 (共5层),平层,南 北,一梯两户,精装,未知,钢混结构,无,,https://sh.lianjia.com/ershoufang/107101303906.html
浦东,航头,海洲桃花园,外环外,335,37978,2室1厅1厨1卫,88.21O,中楼层 (共6层),暂无数据,南,一梯两户,毛坯,未知,钢混结构,无,,https://sh.lianjia.com/ershoufang/107001176809.html
浦东,航头,东升家园(三期),外环外,220,26079,2室2厅1厨1卫,84.36O,低楼层 (共6层),暂无数据,南 北,一梯两户,其他,未知,钢混结构,无,,https://sh.lianjia.com/ershoufang/107100928796.html
浦东,航头,东升家园(三期),外环外,300,35605,2室2厅1厨1卫,84.26O,高楼层 (共6层),暂无数据,南,一梯两户,其他,未知,钢混结构,无,,https://sh.lianjia.com/ershoufang/107100322345.html
浦东,航头,鹤沙航城汇诚佳苑,外环外,233,32579,2室1厅1厨1卫,71.52O,中楼层 (共18层),平层,南,一梯四户,毛坯,未知,钢混结构,暂无数据,,https://sh.lianjia.com/ershoufang/107100730452.html
浦东,航头,两河流域,外环外,1400,50703,4室2厅1厨4卫,276.12O,低楼层 (共3层),,南,,精装,未知,钢混结构,,暂无数据,https://sh.lianjia.com/ershoufang/107100523307.html
浦东,航头,池鑫苑,,320,34262,2室2厅1厨1卫,93.4O,高楼层 (共6层),暂无数据,南,一梯两户,精装,70年,钢混结构,无,,https://sh.lianjia.com/ershoufang/107002258187.html
浦东,航头,两河流域,外环外,1150,46796,4室2厅1厨2卫,245.75O,低楼层 (共3层),,南,,其他,未知,钢混结构,,暂无数据,https://sh.lianjia.com/ershoufang/107101040474.html
浦东,航头,东升家园(三期),外环外,225,23745,2室2厅1厨1卫,94.76O,低楼层 (共14层),平层,南 北,一梯两户,其他,未知,钢混结构,有,,https://sh.lianjia.com/ershoufang/107100973920.html
浦东,航头,汇德茗苑,外环外,265,31488,3室1厅1厨1卫,84.16O,低楼层 (共14层),平层,南,一梯四户,毛坯,未知,未知结构,暂无数据,,https://sh.lianjia.com/ershoufang/107101407126.html
浦东,航头,东升家园(三期),外环外,250,29766,2室2厅1厨1卫,83.99O,中楼层 (共6层),平层,南,一梯两户,精装,未知,钢混结构,无,,https://sh.lianjia.com/ershoufang/107100624198.html
浦东,航头,鹤沙航城航武嘉园,外环外,210,36586,1室1厅1厨1卫,57.4O,低楼层 (共18层),暂无数据,南,一梯四户,毛坯,未知,钢混结构,暂无数据,,https://sh.lianjia.com/ershoufang/107100397765.html
浦东,航头,昱丽家园,外环外,235,31309,2室1厅1厨1卫,75.06O,中楼层 (共18层),平层,南,一梯四户,其他,70年,钢混结构,暂无数据,,https://sh.lianjia.com/ershoufang/107101288594.html
浦东,航头,富鑫苑,外环外,280,36359,1室2厅1厨1卫,77.01O,高楼层 (共18层),平层,南,一梯四户,其他,70年,钢混结构,暂无数据,,https://sh.lianjia.com/ershoufang/107100201745.html
浦东,航头,爱法奥朗新庄园,外环外,1200,30858,5室2厅1厨3卫,388.89O,低楼层 (共2层),,南,,其他,未知,钢混结构,,暂无数据,https://sh.lianjia.com/ershoufang/107101414220.html
浦东,航头,鹤沙航城航武嘉园,外环外,200,35125,1室1厅1厨1卫,56.94O,高楼层 (共18层),暂无数据,南,一梯四户,其他,未知,钢混结构,暂无数据,,https://sh.lianjia.com/ershoufang/107101477373.html
浦东,航头,两河流域,外环外,1200,45458,4室3厅1厨4卫,263.98O,低楼层 (共3层),,南,,毛坯,70年,钢混结构,,暂无数据,https://sh.lianjia.com/ershoufang/107001179773.html
浦东,航头,长泰东郊御园(别墅),外环外,820,43437,6室2厅1厨2卫,188.78O,低楼层 (共3层),,南,,其他,未知,钢混结构,,暂无数据,https://sh.lianjia.com/ershoufang/107101084362.html
浦东,航头,桃园新村(航头)(公寓),外环外,300,34267,2室2厅1厨2卫,87.55O,低楼层 (共6层),平层,南,一梯两户,其他,未知,砖混结构,无,,https://sh.lianjia.com/ershoufang/107100251282.html
浦东,航头,桃园新村(航头)(公寓),外环外,400,39159,3室1厅1厨1卫,102.15O,低楼层 (共6层),暂无数据,南,一梯两户,精装,未知,砖混结构,无,,https://sh.lianjia.com/ershoufang/107002079615.html
浦东,航头,两河流域,外环外,980,42773,5室2厅1厨3卫,229.12O,低楼层 (共3层),,南 北,,其他,未知,钢混结构,,暂无数据,https://sh.lianjia.com/ershoufang/107100038565.html
浦东,航头,海鑫苑,,270,33379,2室2厅1厨1卫,80.89O,中楼层 (共6层),暂无数据,南,一梯两户,其他,未知,钢混结构,无,,https://sh.lianjia.com/ershoufang/107100314148.html
浦东,航头,两河流域,外环外,995,45887,4室2厅1厨3卫,216.84O,低楼层 (共3层),,南,,精装,未知,钢混结构,,暂无数据,https://sh.lianjia.com/ershoufang/107100285949.html
浦东,航头,海洲桃花园,外环外,320,39073,2室2厅1厨1卫,81.9O,中楼层 (共6层),平层,南 北,一梯两户,精装,未知,钢混结构,无,,https://sh.lianjia.com/ershoufang/107101264446.html
浦东,航头,长达佳苑宜居尚城,外环外,315,25941,3室2厅1厨2卫,121.43O,高楼层 (共6层),暂无数据,南,一梯两户,精装,70年,钢混结构,无,,https://sh.lianjia.com/ershoufang/107101429309.html
浦东,航头,长泰东郊御园(别墅),外环外,750,39683,4室3厅1厨2卫,189O,低楼层 (共3层),,南 北,,毛坯,未知,钢混结构,,暂无数据,https://sh.lianjia.com/ershoufang/107100981239.html
浦东,航头,航欣苑,外环外,520,41587,3室2厅1厨2卫,125.04O,中楼层 (共18层),暂无数据,南,一梯三户,其他,未知,钢混结构,暂无数据,,https://sh.lianjia.com/ershoufang/107100575291.html
浦东,航头,汇贤雅苑,外环外,232,32820,2室1厅1厨1卫,70.69O,高楼层 (共18层),平层,南 北,一梯四户,其他,未知,钢混结构,暂无数据,,https://sh.lianjia.com/ershoufang/107101436641.html
浦东,航头,池鑫苑,,315,32242,2室2厅1厨1卫,97.7O,低楼层 (共11层),平层,南,一梯两户,精装,70年,钢混结构,有,,https://sh.lianjia.com/ershoufang/107101202373.html
浦东,航头,两河流域,外环外,1020,45237,6室2厅1厨3卫,225.48O,低楼层 (共3层),,南,,精装,未知,钢混结构,,暂无数据,https://sh.lianjia.com/ershoufang/107100078372.html
浦东,航头,鹤沙航城东茗苑,外环外,225,30000,2室1厅1厨1卫,75O,高楼层 (共18层),平层,南,两梯四户,其他,未知,钢混结构,有,,https://sh.lianjia.com/ershoufang/107101334753.html
浦东,航头,鹤沙航城瑞馨苑,外环外,287,32342,3室1厅1厨1卫,88.74O,低楼层 (共14层),平层,南,一梯四户,其他,70年,钢混结构,暂无数据,,https://sh.lianjia.com/ershoufang/107101159370.html
浦东,航头,长达佳苑宜居尚城,外环外,268,24656,3室2厅1厨1卫,108.7O,中楼层 (共6层),平层,南 北,一梯两户,其他,未知,钢混结构,无,,https://sh.lianjia.com/ershoufang/107101353618.html
浦东,航头,金沁苑,外环外,280,35898,2室2厅1厨1卫,78O,低楼层 (共18层),暂无数据,南,一梯三户,其他,未知,钢混结构,暂无数据,,https://sh.lianjia.com/ershoufang/107100841542.html
浦东,航头,绿洲千岛花园,外环外,1800,33808,5室3厅1厨3卫,532.42O,低楼层 (共2层),,暂无数据,,其他,未知,钢混结构,,暂无数据,https://sh.lianjia.com/ershoufang/107002321507.html
浦东,航头,海鑫苑,,200,35512,1室1厅1厨1卫,56.32O,中楼层 (共6层),暂无数据,南,一梯两户,其他,70年,钢混结构,无,,https://sh.lianjia.com/ershoufang/107100065679.html
浦东,航头,两河流域,外环外,1000,46729,4室3厅1厨4卫,214O,低楼层 (共3层),,南,,其他,未知,钢混结构,,暂无数据,https://sh.lianjia.com/ershoufang/107100857124.html
浦东,航头,昱丽家园,外环外,185,32417,1室1厅1厨1卫,57.07O,低楼层 (共14层),平层,南,一梯四户,其他,未知,钢混结构,暂无数据,,https://sh.lianjia.com/ershoufang/107100972212.html
浦东,航头,金沁苑,外环外,250,32246,2室1厅1厨1卫,77.53O,高楼层 (共18层),平层,南,一梯三户,其他,未知,钢混结构,暂无数据,,https://sh.lianjia.com/ershoufang/107101514647.html
浦东,航头,长泰东郊御园(别墅),外环外,780,41343,4室2厅1厨2卫,188.67O,低楼层 (共3层),,南,,精装,未知,钢混结构,,暂无数据,https://sh.lianjia.com/ershoufang/107100165776.html
浦东,航头,昱丽家园,外环外,205,36303,1室1厅1厨1卫,56.47O,中楼层 (共18层),平层,南,一梯四户,其他,未知,钢混结构,暂无数据,,https://sh.lianjia.com/ershoufang/107101039530.html
浦东,航头,汇贤雅苑,外环外,230,32395,2室1厅1厨1卫,71O,高楼层 (共18层),暂无数据,南,一梯四户,毛坯,未知,钢混结构,暂无数据,,https://sh.lianjia.com/ershoufang/107101255144.html
浦东,航头,金沁苑,外环外,323,33170,3室1厅1厨1卫,97.38O,高楼层 (共18层),平层,南 北,一梯三户,精装,未知,钢混结构,暂无数据,,https://sh.lianjia.com/ershoufang/107101275506.html
浦东,航头,鹤沙航城东茗苑,外环外,225,28847,2室1厅1厨1卫,78O,低楼层 (共18层),平层,南,一梯四户,其他,未知,钢混结构,暂无数据,,https://sh.lianjia.com/ershoufang/107101449835.html
浦东,航头,爱法奥朗新庄园,外环外,1800,41667,5室2厅1厨5卫,432O,低楼层 (共2层),,南,,毛坯,未知,钢混结构,,暂无数据,https://sh.lianjia.com/ershoufang/107100444239.html
浦东,航头,海洲桃花园,外环外,330,29846,3室2厅0厨1卫,110.57O,低楼层 (共11层),暂无数据,南 北,一梯四户,其他,未知,钢混结构,有,,https://sh.lianjia.com/ershoufang/107101440828.html
浦东,航头,鹤沙航城航武嘉园,外环外,230,29155,2室1厅1厨1卫,78.89O,低楼层 (共14层),暂无数据,南,一梯两户,其他,70年,钢混结构,有,,https://sh.lianjia.com/ershoufang/107101171194.html
浦东,航头,长达佳苑宜居尚城,外环外,155,28704,2室1厅1厨1卫,54O,低楼层 (共6层),平层,南,一梯四户,其他,未知,钢混结构,无,,https://sh.lianjia.com/ershoufang/107101390015.html
浦东,航头,金地褐石公馆,外环外,378,42472,3室2厅1厨1卫,89O,高楼层 (共8层),暂无数据,南,一梯两户,精装,70年,钢混结构,有,,https://sh.lianjia.com/ershoufang/107101326322.html
浦东,航头,鹤沙航城东茗苑,外环外,238,32657,2室2厅1厨1卫,72.88O,高楼层 (共6层),暂无数据,南 北,一梯两户,其他,70年,砖混结构,无,,https://sh.lianjia.com/ershoufang/107100354621.html
浦东,航头,长泰东郊御园(别墅),外环外,710,37632,4室2厅1厨3卫,188.67O,低楼层 (共3层),,南,,其他,未知,钢混结构,,暂无数据,https://sh.lianjia.com/ershoufang/107101263345.html
浦东,航头,东升家园(三期),外环外,265,28192,2室2厅1厨1卫,94O,低楼层 (共15层),暂无数据,南,一梯两户,简装,70年,钢混结构,有,,https://sh.lianjia.com/ershoufang/107002303413.html
浦东,航头,富鑫苑,外环外,300,38956,2室1厅1厨1卫,77.01O,中楼层 (共18层),暂无数据,暂无数据,一梯四户,其他,70年,钢混结构,暂无数据,,https://sh.lianjia.com/ershoufang/107001256695.html
浦东,航头,鹤沙航城汇诚佳苑,外环外,227,31954,2室2厅1厨1卫,71.04O,高楼层 (共18层),暂无数据,南,一梯四户,其他,未知,钢混结构,暂无数据,,https://sh.lianjia.com/ershoufang/107101424354.html
浦东,航头,金沁苑,外环外,185,33852,1室1厅1厨1卫,54.65O,低楼层 (共18层),平层,南,一梯三户,简装,未知,钢混结构,暂无数据,,https://sh.lianjia.com/ershoufang/107101504544.html
浦东,航头,昱丽家园,外环外,170,29788,1室1厅1厨1卫,57.07O,低楼层 (共14层),暂无数据,南,一梯四户,毛坯,未知,钢混结构,暂无数据,,https://sh.lianjia.com/ershoufang/107101043530.html
浦东,航头,鹤沙航城汇诚佳苑,外环外,240,28633,3室1厅1厨1卫,83.82O,低楼层 (共18层),平层,南 北,一梯四户,其他,未知,钢混结构,暂无数据,,https://sh.lianjia.com/ershoufang/107101409057.html
浦东,航头,东升家园(三期),外环外,300,28847,3室2厅1厨1卫,104O,低楼层 (共6层),平层,南,一梯两户,毛坯,未知,钢混结构,无,,https://sh.lianjia.com/ershoufang/107001745227.html
浦东,航头,长泰东郊御园(公寓),外环外,280,32506,2室2厅1厨1卫,86.14O,低楼层 (共18层),平层,南,一梯两户,其他,70年,钢混结构,有,,https://sh.lianjia.com/ershoufang/107100171921.html
浦东,航头,长泰东郊御园(公寓),外环外,430,39815,3室2厅1厨2卫,108O,高楼层 (共18层),暂无数据,南,一梯两户,其他,70年,钢混结构,暂无数据,,https://sh.lianjia.com/ershoufang/107100510481.html
浦东,航头,鹤沙航城航武嘉园,外环外,173,30669,1室1厅1厨1卫,56.41O,高楼层 (共18层),平层,南 北,一梯四户,其他,70年,钢混结构,有,,https://sh.lianjia.com/ershoufang/107100760251.html
浦东,航头,汇贤雅苑,外环外,243,34101,2室1厅1厨1卫,71.26O,高楼层 (共18层),平层,南,一梯四户,其他,未知,钢混结构,暂无数据,,https://sh.lianjia.com/ershoufang/107100763696.html
浦东,航头,长泰东郊御园(公寓),外环外,356,32963,3室2厅1厨2卫,108O,中楼层 (共18层),平层,南 北,一梯两户,毛坯,70年,钢混结构,暂无数据,,https://sh.lianjia.com/ershoufang/107100985468.html
浦东,航头,长达佳苑宜居尚城,外环外,320,26447,3室2厅1厨2卫,121O,中楼层 (共6层),平层,南 北,一梯两户,其他,70年,钢混结构,无,,https://sh.lianjia.com/ershoufang/107101482972.html
浦东,航头,金沁苑,外环外,255,32287,2室1厅1厨1卫,78.98O,中楼层 (共18层),平层,南 北,一梯三户,毛坯,未知,钢混结构,暂无数据,,https://sh.lianjia.com/ershoufang/107101483505.html
浦东,航头,聚航苑,外环外,258,26263,2室2厅1厨1卫,98.24O,中楼层 (共6层),暂无数据,南,一梯两户,毛坯,未知,钢混结构,无,,https://sh.lianjia.com/ershoufang/107001620389.html
浦东,航头,长泰东郊御园(公寓),外环外,400,35744,3室2厅1厨2卫,111.91O,低楼层 (共18层),暂无数据,南,一梯两户,精装,70年,钢混结构,暂无数据,,https://sh.lianjia.com/ershoufang/107101512451.html
浦东,航头,金地褐石公馆,外环外,800,43380,4室2厅1厨3卫,184.42O,中楼层 (共7层),平层,南,一梯两户,精装,70年,钢混结构,暂无数据,,https://sh.lianjia.com/ershoufang/107002250087.html
浦东,航头,金沁苑,外环外,250,31650,2室2厅1厨1卫,78.99O,低楼层 (共18层),平层,南 北,一梯三户,其他,未知,钢混结构,暂无数据,,https://sh.lianjia.com/ershoufang/107101413979.html
浦东,航头,金地艺华年(别墅),外环外,900,35756,4室2厅1厨4卫,251.71O,低楼层 (共4层),,南,,精装,70年,钢混结构,,暂无数据,https://sh.lianjia.com/ershoufang/107100639316.html
浦东,航头,富鑫苑,外环外,240,31165,2室2厅1厨1卫,77.01O,低楼层 (共18层),平层,南,一梯四户,精装,70年,钢混结构,暂无数据,,https://sh.lianjia.com/ershoufang/107101444873.html
浦东,航头,东升家园(三期),外环外,208,24765,2室2厅1厨1卫,83.99O,高楼层 (共6层),平层,南 北,一梯两户,其他,未知,钢混结构,无,,https://sh.lianjia.com/ershoufang/107101125549.html
浦东,航头,海洲桃花园,外环外,460,37509,3室2厅1厨2卫,122.64O,高楼层 (共11层),暂无数据,南,一梯两户,精装,未知,钢混结构,有,,https://sh.lianjia.com/ershoufang/107101272658.html
浦东,航头,鹤沙航城汇诚佳苑,外环外,275,32809,3室1厅1厨1卫,83.82O,中楼层 (共18层),平层,南,一梯四户,毛坯,未知,钢混结构,暂无数据,,https://sh.lianjia.com/ershoufang/107101257272.html
浦东,航头,两河流域,外环外,1100,48889,4室3厅1厨3卫,225O,低楼层 (共3层),,南,,精装,未知,钢混结构,,暂无数据,https://sh.lianjia.com/ershoufang/107100208948.html
浦东,航头,金地艺华年(别墅),外环外,810,38756,4室2厅1厨3卫,209O,低楼层 (共4层),,南,,精装,70年,钢混结构,,暂无数据,https://sh.lianjia.com/ershoufang/107100851894.html
浦东,航头,东升家园(三期),外环外,225,23662,2室2厅1厨1卫,95.09O,低楼层 (共11层),暂无数据,南,一梯两户,毛坯,70年,钢混结构,有,,https://sh.lianjia.com/ershoufang/107101350047.html
浦东,航头,池鑫苑,,350,36139,2室2厅1厨1卫,96.85O,高楼层 (共11层),暂无数据,南,一梯两户,精装,70年,钢混结构,有,,https://sh.lianjia.com/ershoufang/107002325977.html
浦东,航头,长达佳苑宜居尚城,外环外,380,30159,3室2厅1厨2卫,126O,高楼层 (共6层),暂无数据,南 北,一梯两户,毛坯,未知,钢混结构,无,,https://sh.lianjia.com/ershoufang/107100408988.html
浦东,航头,鹤沙航城东茗苑,外环外,180,29052,1室1厅0厨1卫,61.96O,中楼层 (共18层),暂无数据,南,一梯四户,精装,未知,钢混结构,暂无数据,,https://sh.lianjia.com/ershoufang/107101481735.html
浦东,航头,两河流域,外环外,1050,46305,4室3厅1厨4卫,226.76O,低楼层 (共3层),,南,,毛坯,未知,钢混结构,,暂无数据,https://sh.lianjia.com/ershoufang/107001789297.html
浦东,航头,鹤沙航城瑞馨苑,外环外,195,34822,1室1厅1厨1卫,56O,低楼层 (共14层),平层,南,一梯四户,简装,70年,钢混结构,暂无数据,,https://sh.lianjia.com/ershoufang/107101160202.html
