浦东,康桥,康桥半岛国际公寓,外环外,370,45321,2室2厅1厨1卫,81.64O,中楼层 (共22层),平层,西北,两梯五户,精装,未知,钢混结构,有,,https://sh.lianjia.com/ershoufang/107100492680.html
浦东,康桥,绿地上河院,外环外,1340,42704,5室2厅1厨4卫,313.79O,低楼层 (共3层),,南 北,,毛坯,70年,钢混结构,,联排,https://sh.lianjia.com/ershoufang/107100385377.html
浦东,康桥,康桥半岛(沪南路2729弄),外环外,1290,55568,4室2厅1厨3卫,232.15O,低楼层 (共3层),,南,,简装,70年,钢混结构,,暂无数据,https://sh.lianjia.com/ershoufang/107101248386.html
浦东,康桥,中邦城市,外环外,700,50313,3室2厅1厨2卫,139.13O,高楼层 (共16层),平层,南,两梯两户,精装,未知,钢混结构,有,,https://sh.lianjia.com/ershoufang/107100422428.html
浦东,康桥,海尚康庭,外环外,270,36805,2室2厅1厨1卫,73.36O,中楼层 (共6层),平层,南,一梯两户,精装,70年,钢混结构,有,,https://sh.lianjia.com/ershoufang/107100877702.html
浦东,康桥,海尚康庭,外环外,270,33097,2室2厅1厨1卫,81.58O,高楼层 (共14层),平层,南,一梯三户,毛坯,未知,钢混结构,有,,https://sh.lianjia.com/ershoufang/107101159378.html
浦东,康桥,城中花园,外环外,545,44600,3室2厅1厨2卫,122.2O,低楼层 (共12层),平层,南 北,一梯两户,精装,未知,钢混结构,有,,https://sh.lianjia.com/ershoufang/107100411068.html
浦东,康桥,绿宝园,外环外,2900,57147,5室2厅1厨5卫,507.47O,低楼层 (共3层),,南,,精装,未知,钢混结构,,独栋,https://sh.lianjia.com/ershoufang/107100658253.html
浦东,康桥,康桥半岛(秀沿路1168弄),外环外,1600,66341,4室2厅1厨3卫,241.18O,低楼层 (共3层),,南,,精装,未知,钢混结构,,暂无数据,https://sh.lianjia.com/ershoufang/107101511782.html
浦东,康桥,美林小城,外环外,405,42276,2室2厅1厨1卫,95.8O,高楼层 (共14层),平层,南,一梯两户,精装,70年,钢混结构,有,,https://sh.lianjia.com/ershoufang/107101479344.html
浦东,康桥,浦三路4677弄,外环外,200,34359,2室1厅1厨1卫,58.21O,高楼层 (共6层),平层,南,一梯两户,毛坯,未知,砖混结构,无,,https://sh.lianjia.com/ershoufang/107100912466.html
浦东,康桥,沔溪苑,外环外,390,31123,3室2厅1厨2卫,125.31O,低楼层 (共6层),暂无数据,南 北,一梯两户,简装,未知,钢混结构,无,,https://sh.lianjia.com/ershoufang/107100591584.html
浦东,康桥,海尚乐苑,外环外,288,36318,2室1厅1厨1卫,79.3O,低楼层 (共13层),平层,南 西南,一梯三户,简装,未知,钢混结构,有,,https://sh.lianjia.com/ershoufang/107101246536.html
浦东,康桥,阳光城丽景湾PLUS,外环外,440,49572,2室2厅1厨1卫,88.76O,高楼层 (共18层),平层,南,两梯两户,毛坯,70年,钢混结构,有,,https://sh.lianjia.com/ershoufang/107100499879.html
浦东,康桥,康湾苑,外环外,205,38804,1室1厅1厨1卫,52.83O,高楼层 (共6层),平层,南 北,一梯两户,简装,未知,钢混结构,无,,https://sh.lianjia.com/ershoufang/107100448759.html
浦东,康桥,海尚康庭,外环外,278,34372,2室2厅1厨1卫,80.88O,中楼层 (共5层),平层,南 北,一梯三户,精装,未知,钢混结构,无,,https://sh.lianjia.com/ershoufang/107100283825.html
浦东,康桥,中邦城市,外环外,630,48466,3室2厅1厨2卫,129.99O,低楼层 (共16层),平层,南,两梯两户,精装,未知,钢混结构,有,,https://sh.lianjia.com/ershoufang/107101211104.html
浦东,康桥,美林小城,外环外,420,44681,2室2厅1厨1卫,94O,高楼层 (共13层),暂无数据,南,一梯两户,简装,未知,钢混结构,有,,https://sh.lianjia.com/ershoufang/107101440602.html
浦东,康桥,达城家园,外环外,285,37407,2室2厅1厨1卫,76.19O,低楼层 (共14层),平层,南,一梯三户,精装,未知,钢混结构,有,,https://sh.lianjia.com/ershoufang/107101354758.html
浦东,康桥,双秀南园,外环外,415,38246,2室2厅1厨2卫,108.51O,中楼层 (共6层),平层,南,一梯两户,简装,未知,钢混结构,无,,https://sh.lianjia.com/ershoufang/107101121458.html
浦东,康桥,绿宝园,外环外,3199,85275,4室3厅1厨5卫,375.14O,低楼层 (共2层),,南,,精装,未知,钢混结构,,暂无数据,https://sh.lianjia.com/ershoufang/107100128508.html
浦东,康桥,海尚乐苑,外环外,229,39206,1室1厅1厨1卫,58.41O,高楼层 (共14层),平层,南,两梯四户,毛坯,未知,钢混结构,有,,https://sh.lianjia.com/ershoufang/107101101414.html
浦东,康桥,周康二村,外环外,389,39992,3室2厅1厨1卫,97.27O,高楼层 (共5层),平层,南,一梯两户,精装,未知,砖混结构,无,,https://sh.lianjia.com/ershoufang/107101263998.html
浦东,康桥,中邦大都会,外环外,398,54283,1室2厅1厨1卫,73.32O,中楼层 (共25层),平层,南,两梯四户,精装,未知,钢混结构,有,,https://sh.lianjia.com/ershoufang/107100842424.html
浦东,康桥,文怡苑,外环外,229,41448,1室1厅1厨1卫,55.25O,中楼层 (共12层),暂无数据,南,一梯四户,简装,未知,钢混结构,有,,https://sh.lianjia.com/ershoufang/107002045223.html
浦东,康桥,中邦城市,外环外,523,49475,3室2厅1厨1卫,105.71O,低楼层 (共16层),平层,南,两梯两户,精装,未知,钢混结构,有,,https://sh.lianjia.com/ershoufang/107101499127.html
浦东,康桥,汤巷馨村(二期),外环外,248,39814,1室1厅1厨1卫,62.29O,低楼层 (共14层),平层,南,一梯三户,简装,未知,钢混结构,有,,https://sh.lianjia.com/ershoufang/107101384022.html
浦东,康桥,城中花园,外环外,440,41164,2室2厅1厨1卫,106.89O,低楼层 (共12层),平层,南,一梯两户,精装,未知,钢混结构,有,,https://sh.lianjia.com/ershoufang/107100390645.html
浦东,康桥,双秀北园,外环外,419,52375,4室2厅1厨2卫,80O,高楼层 (共6层),暂无数据,暂无数据,一梯两户,毛坯,未知,钢混结构,无,,https://sh.lianjia.com/ershoufang/107002090783.html
浦东,康桥,昱龙家园,外环外,268,32924,2室2厅1厨1卫,81.4O,低楼层 (共14层),平层,南,一梯四户,简装,70年,钢混结构,有,,https://sh.lianjia.com/ershoufang/107101059011.html
浦东,康桥,康桥宝邸,外环外,290,38569,2室2厅1厨1卫,75.19O,中楼层 (共6层),暂无数据,南 北,一梯两户,其他,未知,钢混结构,无,,https://sh.lianjia.com/ershoufang/107101515747.html
浦东,康桥,昱龙家园,外环外,310,33259,3室2厅1厨1卫,93.21O,低楼层 (共6层),平层,南 北,一梯两户,简装,70年,钢混结构,无,,https://sh.lianjia.com/ershoufang/107101208051.html
浦东,康桥,美林小城,外环外,460,43254,4室3厅1厨3卫,106.35O,高楼层 (共6层),复式,南,一梯两户,精装,70年,钢混结构,无,,https://sh.lianjia.com/ershoufang/107100326562.html
浦东,康桥,美林小城,外环外,480,41548,3室2厅1厨1卫,115.53O,低楼层 (共14层),暂无数据,南 北,一梯两户,精装,未知,钢混结构,有,,https://sh.lianjia.com/ershoufang/107100189511.html
浦东,康桥,万科提香别墅,外环外,3550,106332,4室3厅1厨5卫,333.86O,低楼层 (共2层),,南,,精装,未知,钢混结构,,独栋,https://sh.lianjia.com/ershoufang/107100343008.html
浦东,康桥,绿地康桥新苑,外环外,445,39036,3室2厅1厨2卫,114O,低楼层 (共6层),平层,南 北,一梯两户,简装,70年,钢混结构,无,,https://sh.lianjia.com/ershoufang/107101233816.html
浦东,康桥,康桥半岛(秀沿路1177弄),外环外,1320,61824,5室3厅1厨3卫,213.51O,低楼层 (共2层),,暂无数据,,精装,未知,钢混结构,,暂无数据,https://sh.lianjia.com/ershoufang/107002096783.html
浦东,康桥,康桥宝邸,外环外,290,38927,2室2厅1厨1卫,74.5O,低楼层 (共6层),平层,南 北,一梯两户,简装,未知,钢混结构,无,,https://sh.lianjia.com/ershoufang/107101255975.html
浦东,康桥,康桥月苑,外环外,265,36232,2室1厅1厨1卫,73.14O,中楼层 (共5层),平层,南 北,一梯两户,简装,未知,钢混结构,无,,https://sh.lianjia.com/ershoufang/107101319240.html
浦东,康桥,海尚乐苑,外环外,300,37779,2室2厅1厨1卫,79.41O,低楼层 (共12层),平层,南,一梯三户,毛坯,未知,钢混结构,有,,https://sh.lianjia.com/ershoufang/107101221510.html
浦东,康桥,康桥半岛(秀沿路1177弄),外环外,1550,61477,4室3厅1厨3卫,252.13O,低楼层 (共2层),,南 北,,精装,未知,钢混结构,,暂无数据,https://sh.lianjia.com/ershoufang/107100757527.html
浦东,康桥,中骏柏景湾,外环外,570,48718,3室2厅1厨2卫,117O,低楼层 (共16层),平层,南,两梯四户,精装,70年,钢混结构,有,,https://sh.lianjia.com/ershoufang/107101284951.html
浦东,康桥,康桥鑫都,外环外,325,40620,2室2厅1厨1卫,80.01O,高楼层 (共6层),平层,南,一梯两户,精装,70年,钢混结构,无,,https://sh.lianjia.com/ershoufang/107100600919.html
浦东,康桥,中科大学村,外环外,1250,57506,6室3厅1厨3卫,217.37O,低楼层 (共3层),,南,,精装,70年,钢混结构,,联排,https://sh.lianjia.com/ershoufang/107100379169.html
浦东,康桥,双秀北园,外环外,350,43750,2室1厅1厨1卫,80O,高楼层 (共6层),平层,南,一梯两户,简装,未知,钢混结构,无,,https://sh.lianjia.com/ershoufang/107101464834.html
浦东,康桥,绿地上河院,外环外,1300,43334,5室3厅1厨3卫,300O,低楼层 (共3层),,南 北,,毛坯,未知,钢混结构,,联排,https://sh.lianjia.com/ershoufang/107001517593.html
浦东,康桥,康桥宝邸,外环外,330,41015,2室2厅1厨1卫,80.46O,高楼层 (共11层),暂无数据,南 北,一梯三户,其他,未知,钢混结构,有,,https://sh.lianjia.com/ershoufang/107101405613.html
浦东,康桥,文怡苑,外环外,385,40988,3室2厅1厨1卫,93.93O,中楼层 (共6层),平层,南,一梯两户,简装,未知,钢混结构,无,,https://sh.lianjia.com/ershoufang/107101257934.html
浦东,康桥,海尚乐苑,外环外,310,39391,2室1厅1厨1卫,78.7O,中楼层 (共14层),平层,南 北,一梯三户,毛坯,未知,钢混结构,有,,https://sh.lianjia.com/ershoufang/107101237180.html
浦东,康桥,达城家园,外环外,325,41963,2室2厅1厨1卫,77.45O,高楼层 (共14层),平层,南,一梯三户,精装,未知,钢混结构,有,,https://sh.lianjia.com/ershoufang/107101269098.html
浦东,康桥,汤巷馨村(二期),外环外,338,41100,2室1厅1厨1卫,82.24O,中楼层 (共14层),平层,南,一梯四户,精装,70年,钢混结构,有,,https://sh.lianjia.com/ershoufang/107101392648.html
浦东,康桥,双秀西园,外环外,330,42719,2室2厅1厨1卫,77.25O,中楼层 (共5层),暂无数据,南,一梯两户,毛坯,未知,钢混结构,无,,https://sh.lianjia.com/ershoufang/107100151768.html
浦东,康桥,达城家园,外环外,382,39788,3室2厅1厨1卫,96.01O,低楼层 (共14层),平层,南,一梯三户,简装,未知,钢混结构,有,,https://sh.lianjia.com/ershoufang/107101447764.html
浦东,康桥,宁怡苑,外环外,370,32571,2室2厅1厨2卫,113.6O,低楼层 (共6层),暂无数据,南 北,一梯两户,精装,未知,钢混结构,无,,https://sh.lianjia.com/ershoufang/107101220438.html
浦东,康桥,绿地康桥新苑,外环外,485,48500,3室2厅1厨1卫,100O,中楼层 (共6层),平层,南,一梯两户,精装,未知,钢混结构,无,,https://sh.lianjia.com/ershoufang/107100296105.html
浦东,康桥,双秀北园,外环外,470,35558,3室2厅0厨2卫,132.18O,中楼层 (共6层),平层,南,一梯两户,简装,未知,钢混结构,无,,https://sh.lianjia.com/ershoufang/107101375217.html
浦东,康桥,海尚康庭,外环外,225,38383,2室0厅1厨1卫,58.62O,高楼层 (共14层),平层,南,一梯四户,精装,未知,钢混结构,有,,https://sh.lianjia.com/ershoufang/107101200722.html
浦东,康桥,美林小城,外环外,395,42842,2室2厅1厨1卫,92.2O,低楼层 (共11层),平层,南,一梯两户,精装,70年,钢混结构,有,,https://sh.lianjia.com/ershoufang/107101411536.html
浦东,康桥,昱龙家园,外环外,205,37375,1室1厅1厨1卫,54.85O,中楼层 (共14层),暂无数据,南,一梯四户,精装,70年,钢混结构,有,,https://sh.lianjia.com/ershoufang/107100864719.html
浦东,康桥,沔溪苑,外环外,260,36057,2室1厅1厨1卫,72.11O,高楼层 (共6层),平层,南,一梯四户,精装,未知,钢混结构,无,,https://sh.lianjia.com/ershoufang/107101287319.html
浦东,康桥,宁怡苑,外环外,400,37179,2室2厅1厨2卫,107.59O,高楼层 (共6层),复式,南 北,一梯两户,精装,未知,钢混结构,无,,https://sh.lianjia.com/ershoufang/107101321881.html
浦东,康桥,城中花园,外环外,390,37656,2室2厅1厨1卫,103.57O,低楼层 (共16层),平层,南,两梯三户,简装,未知,钢混结构,有,,https://sh.lianjia.com/ershoufang/107101077332.html
浦东,康桥,康桥月苑,外环外,268,37223,2室1厅1厨1卫,72O,中楼层 (共6层),平层,南 北,一梯两户,精装,未知,钢混结构,无,,https://sh.lianjia.com/ershoufang/107101284391.html
浦东,康桥,城中花园,外环外,1070,40929,7室2厅1厨4卫,261.43O,低楼层 (共12层),暂无数据,南,一梯四户,精装,未知,钢混结构,有,,https://sh.lianjia.com/ershoufang/107101439966.html
浦东,康桥,海尚乐苑,外环外,240,40678,1室1厅1厨1卫,59O,高楼层 (共14层),暂无数据,南,两梯四户,毛坯,未知,钢混结构,有,,https://sh.lianjia.com/ershoufang/107101424842.html
浦东,康桥,达城锦园,外环外,305,38775,2室2厅1厨1卫,78.66O,中楼层 (共14层),平层,南,一梯两户,精装,未知,钢混结构,有,,https://sh.lianjia.com/ershoufang/107101309155.html
浦东,康桥,绿地康桥新苑,外环外,415,44300,2室2厅1厨1卫,93.68O,中楼层 (共13层),平层,南 北,一梯两户,精装,未知,钢混结构,有,,https://sh.lianjia.com/ershoufang/107100594805.html
浦东,康桥,康桥半岛(秀沿路1168弄),外环外,1700,70487,4室3厅1厨3卫,241.18O,低楼层 (共3层),,南,,精装,未知,钢混结构,,暂无数据,https://sh.lianjia.com/ershoufang/107101502541.html
浦东,康桥,中邦城市,外环外,515,50078,2室2厅1厨1卫,102.84O,低楼层 (共15层),平层,南,两梯两户,精装,未知,钢混结构,有,,https://sh.lianjia.com/ershoufang/107101454644.html
浦东,康桥,康桥宝邸,外环外,290,36016,2室2厅1厨1卫,80.52O,低楼层 (共14层),平层,南,一梯三户,精装,未知,钢混结构,有,,https://sh.lianjia.com/ershoufang/107100338309.html
浦东,康桥,双秀西园,外环外,408,38502,3室2厅1厨1卫,105.97O,高楼层 (共10层),平层,南,一梯两户,精装,未知,钢混结构,有,,https://sh.lianjia.com/ershoufang/107101309429.html
浦东,康桥,达城家园,外环外,315,40910,2室2厅1厨1卫,77O,中楼层 (共14层),平层,南 北,一梯三户,精装,未知,钢混结构,有,,https://sh.lianjia.com/ershoufang/107101446436.html
浦东,康桥,城中花园,外环外,420,40250,2室2厅1厨2卫,104.35O,低楼层 (共12层),平层,南,一梯两户,精装,未知,钢混结构,有,,https://sh.lianjia.com/ershoufang/107101338817.html
浦东,康桥,达城锦园,外环外,280,38362,2室2厅1厨1卫,72.99O,高楼层 (共14层),平层,南,一梯三户,毛坯,未知,钢混结构,有,,https://sh.lianjia.com/ershoufang/107101315238.html
浦东,康桥,双秀西园,外环外,340,39600,2室2厅1厨1卫,85.86O,高楼层 (共6层),平层,南,一梯两户,精装,未知,钢混结构,无,,https://sh.lianjia.com/ershoufang/107100467933.html
浦东,康桥,康桥半岛国际公寓,外环外,370,45321,2室1厅1厨1卫,81.64O,高楼层 (共22层),平层,南,两梯五户,精装,70年,钢混结构,有,,https://sh.lianjia.com/ershoufang/107101208813.html
浦东,康桥,中邦城市,外环外,680,50785,3室2厅1厨2卫,133.9O,高楼层 (共18层),平层,南 东 北,一梯三户,精装,未知,钢混结构,有,,https://sh.lianjia.com/ershoufang/107101449749.html
浦东,康桥,南华城,外环外,275,30461,2室2厅1厨1卫,90.28O,高楼层 (共6层),平层,南,一梯两户,毛坯,未知,砖混结构,无,,https://sh.lianjia.com/ershoufang/107101264610.html
浦东,康桥,康桥宝邸,外环外,319,42653,2室2厅1厨1卫,74.79O,高楼层 (共6层),平层,南,一梯两户,精装,未知,钢混结构,无,,https://sh.lianjia.com/ershoufang/107101343939.html
浦东,康桥,康桥半岛,外环外,1200,51691,4室2厅1厨3卫,232.15O,低楼层 (共3层),,南,,精装,未知,钢混结构,,暂无数据,https://sh.lianjia.com/ershoufang/107100835700.html
浦东,康桥,达城锦园,外环外,300,38760,2室2厅1厨1卫,77.4O,中楼层 (共14层),平层,南,一梯三户,其他,未知,钢混结构,有,,https://sh.lianjia.com/ershoufang/107101371633.html
浦东,康桥,城中花园,外环外,550,45049,3室2厅1厨2卫,122.09O,低楼层 (共12层),平层,南,一梯两户,精装,未知,钢混结构,有,,https://sh.lianjia.com/ershoufang/107100255859.html
浦东,康桥,昱龙家园,外环外,518,37811,3室2厅1厨2卫,137O,低楼层 (共12层),平层,南,一梯两户,其他,70年,钢混结构,有,,https://sh.lianjia.com/ershoufang/107101498835.html
浦东,康桥,海尚乐苑,外环外,309,39374,2室1厅1厨1卫,78.48O,中楼层 (共14层),平层,南,一梯三户,毛坯,未知,钢混结构,有,,https://sh.lianjia.com/ershoufang/107101378633.html
浦东,康桥,周康二村,外环外,380,39176,3室2厅1厨1卫,97O,中楼层 (共5层),平层,南,一梯两户,简装,未知,砖混结构,无,,https://sh.lianjia.com/ershoufang/107101269897.html
浦东,康桥,绿宝园,外环外,2700,70681,5室2厅1厨4卫,382O,低楼层 (共2层),,南,,精装,未知,钢混结构,,暂无数据,https://sh.lianjia.com/ershoufang/107101076234.html
浦东,康桥,绿地康桥新苑,外环外,365,47651,2室2厅1厨1卫,76.6O,低楼层 (共6层),平层,南,一梯两户,精装,未知,钢混结构,无,,https://sh.lianjia.com/ershoufang/107101495774.html
浦东,康桥,中邦城市,外环外,490,42983,3室2厅1厨1卫,114O,低楼层 (共14层),平层,南 北,一梯两户,简装,未知,钢混结构,有,,https://sh.lianjia.com/ershoufang/107101200995.html
浦东,康桥,康桥宝邸,外环外,290,38426,2室2厅1厨1卫,75.47O,高楼层 (共6层),平层,南,一梯两户,毛坯,未知,钢混结构,无,,https://sh.lianjia.com/ershoufang/107101417684.html
浦东,康桥,中邦城市,外环外,510,43460,3室2厅1厨1卫,117.35O,低楼层 (共16层),平层,南,两梯两户,精装,未知,钢混结构,有,,https://sh.lianjia.com/ershoufang/107100881063.html
浦东,康桥,康桥宝邸,外环外,238,39320,1室2厅1厨1卫,60.53O,中楼层 (共14层),暂无数据,南,一梯三户,简装,未知,钢混结构,有,,https://sh.lianjia.com/ershoufang/107101147967.html
浦东,康桥,美林小城,外环外,450,46292,2室2厅1厨1卫,97.21O,中楼层 (共14层),平层,南 北,一梯四户,精装,70年,钢混结构,有,,https://sh.lianjia.com/ershoufang/107100493174.html
浦东,康桥,康桥月苑,外环外,215,42157,2室1厅1厨1卫,51O,高楼层 (共6层),平层,南,一梯两户,精装,未知,钢混结构,无,,https://sh.lianjia.com/ershoufang/107101168432.html
浦东,康桥,汤巷馨村(二期),外环外,335,38260,2室2厅1厨2卫,87.56O,高楼层 (共6层),平层,南 北,一梯两户,毛坯,未知,钢混结构,无,,https://sh.lianjia.com/ershoufang/107101491440.html
浦东,康桥,中邦城市,外环外,670,50038,3室2厅1厨2卫,133.9O,高楼层 (共18层),平层,南,两梯三户,精装,70年,钢混结构,有,,https://sh.lianjia.com/ershoufang/107101465592.html
浦东,康桥,海尚康庭,外环外,260,35927,2室1厅1厨1卫,72.37O,中楼层 (共14层),平层,南,一梯三户,精装,未知,钢混结构,有,,https://sh.lianjia.com/ershoufang/107101291339.html
浦东,康桥,康桥宝邸,外环外,298,39942,2室2厅1厨1卫,74.61O,高楼层 (共6层),平层,南 北,一梯两户,精装,未知,钢混结构,无,,https://sh.lianjia.com/ershoufang/107100046093.html
浦东,康桥,美林小城,外环外,400,41850,2室2厅1厨1卫,95.58O,低楼层 (共14层),平层,南,一梯两户,精装,70年,钢混结构,有,,https://sh.lianjia.com/ershoufang/107101464669.html
浦东,康桥,双秀西园,外环外,420,40134,3室2厅1厨1卫,104.65O,低楼层 (共6层),平层,南,一梯两户,其他,未知,钢混结构,无,,https://sh.lianjia.com/ershoufang/107101513691.html
浦东,康桥,康桥月苑,外环外,265,36552,2室1厅1厨1卫,72.5O,高楼层 (共6层),暂无数据,南,一梯两户,精装,未知,钢混结构,无,,https://sh.lianjia.com/ershoufang/107101410442.html
浦东,康桥,城中花园,外环外,450,49840,3室2厅1厨1卫,90.29O,高楼层 (共16层),平层,南,两梯两户,精装,未知,钢混结构,有,,https://sh.lianjia.com/ershoufang/107101274517.html
浦东,康桥,达城家园,外环外,295,38750,2室2厅1厨1卫,76.13O,高楼层 (共14层),暂无数据,南,一梯三户,毛坯,未知,钢混结构,有,,https://sh.lianjia.com/ershoufang/107100914673.html
浦东,康桥,康桥月苑,外环外,360,37689,2室2厅1厨1卫,95.52O,低楼层 (共14层),平层,南,一梯三户,精装,未知,钢混结构,有,,https://sh.lianjia.com/ershoufang/107101458379.html
浦东,康桥,世茂云图,外环外,480,54546,3室2厅1厨1卫,88O,中楼层 (共16层),平层,南,两梯四户,精装,70年,钢混结构,有,,https://sh.lianjia.com/ershoufang/107101389296.html
浦东,康桥,海尚康庭,外环外,240,33109,2室1厅1厨1卫,72.49O,低楼层 (共14层),平层,南,一梯四户,简装,未知,钢混结构,有,,https://sh.lianjia.com/ershoufang/107101043720.html
浦东,康桥,天台别韵,外环外,600,46122,3室2厅1厨2卫,130.09O,中楼层 (共11层),平层,南,一梯两户,精装,未知,钢混结构,有,,https://sh.lianjia.com/ershoufang/107101394249.html
浦东,康桥,双秀西园,外环外,315,40625,2室1厅1厨1卫,77.54O,中楼层 (共6层),平层,南,一梯两户,其他,未知,钢混结构,无,,https://sh.lianjia.com/ershoufang/107101510705.html
浦东,康桥,康桥半岛(沪南路2729弄),外环外,950,58653,3室2厅1厨2卫,161.97O,低楼层 (共3层),,南,,简装,未知,钢混结构,,暂无数据,https://sh.lianjia.com/ershoufang/107002291649.html
浦东,康桥,双秀南园,外环外,420,36672,2室2厅1厨2卫,114.53O,高楼层 (共6层),暂无数据,南,一梯两户,毛坯,未知,钢混结构,无,,https://sh.lianjia.com/ershoufang/107001172575.html
浦东,康桥,中邦城市园,外环外,505,46407,3室2厅1厨1卫,108.82O,高楼层 (共26层),暂无数据,南,两梯五户,精装,70年,钢混结构,有,,https://sh.lianjia.com/ershoufang/107101124418.html
浦东,康桥,绿地康桥新苑,外环外,355,40341,2室2厅1厨1卫,88O,低楼层 (共14层),平层,南 北,一梯两户,精装,70年,钢混结构,有,,https://sh.lianjia.com/ershoufang/107100853485.html
浦东,康桥,康桥半岛(秀沿路1177弄),外环外,1450,57511,4室2厅1厨3卫,252.13O,低楼层 (共2层),,南,,毛坯,未知,钢混结构,,暂无数据,https://sh.lianjia.com/ershoufang/107101066529.html
浦东,康桥,双秀西园,外环外,298,37190,2室1厅1厨1卫,80.13O,低楼层 (共11层),暂无数据,南,一梯四户,其他,未知,钢混结构,有,,https://sh.lianjia.com/ershoufang/107101413672.html
浦东,康桥,海尚康庭,外环外,260,35843,2室2厅1厨1卫,72.54O,高楼层 (共14层),平层,南 北,一梯四户,精装,未知,钢混结构,有,,https://sh.lianjia.com/ershoufang/107100484920.html
浦东,康桥,海尚康庭,外环外,280,36298,2室2厅1厨1卫,77.14O,中楼层 (共11层),平层,南 北,一梯四户,毛坯,未知,钢混结构,有,,https://sh.lianjia.com/ershoufang/107101240785.html
浦东,康桥,康桥月苑,外环外,255,35319,2室2厅1厨1卫,72.2O,低楼层 (共6层),平层,南,一梯两户,毛坯,未知,钢混结构,无,,https://sh.lianjia.com/ershoufang/107101416791.html
浦东,康桥,南华城,外环外,275,30451,2室2厅1厨1卫,90.31O,中楼层 (共6层),平层,南,一梯两户,其他,未知,砖混结构,无,,https://sh.lianjia.com/ershoufang/107101485784.html
浦东,康桥,万科提香别墅,外环外,2500,79873,3室2厅1厨3卫,313O,低楼层 (共2层),,南,,精装,未知,钢混结构,,独栋,https://sh.lianjia.com/ershoufang/107101153150.html
浦东,康桥,昱龙家园,外环外,320,34170,3室1厅1厨1卫,93.65O,高楼层 (共6层),平层,暂无数据,一梯两户,简装,70年,钢混结构,无,,https://sh.lianjia.com/ershoufang/107002139691.html
浦东,康桥,沔溪苑,外环外,430,35014,3室2厅1厨2卫,122.81O,高楼层 (共6层),平层,南,一梯两户,精装,未知,钢混结构,无,,https://sh.lianjia.com/ershoufang/107101281916.html
浦东,康桥,绿宝园,外环外,2300,77779,4室2厅1厨3卫,295.71O,低楼层 (共2层),,南,,精装,未知,钢混结构,,暂无数据,https://sh.lianjia.com/ershoufang/107100515342.html
浦东,康桥,双秀北园,外环外,480,37009,3室2厅1厨2卫,129.7O,中楼层 (共6层),平层,南,一梯两户,简装,未知,钢混结构,无,,https://sh.lianjia.com/ershoufang/107100260248.html
浦东,康桥,绿地康桥新苑,外环外,380,46914,2室2厅1厨1卫,81O,低楼层 (共6层),平层,南,一梯两户,精装,未知,钢混结构,无,,https://sh.lianjia.com/ershoufang/107101163356.html
浦东,康桥,文怡苑,外环外,225,40828,1室1厅1厨1卫,55.11O,高楼层 (共13层),平层,南,一梯四户,精装,未知,钢混结构,有,,https://sh.lianjia.com/ershoufang/107100305238.html
浦东,康桥,周康五村,外环外,300,47855,1室1厅1厨1卫,62.69O,高楼层 (共18层),暂无数据,南,一梯四户,精装,未知,钢混结构,暂无数据,,https://sh.lianjia.com/ershoufang/107100143195.html
浦东,康桥,双秀西园,外环外,438,41979,3室2厅1厨1卫,104.34O,中楼层 (共6层),平层,南,一梯两户,精装,未知,钢混结构,无,,https://sh.lianjia.com/ershoufang/107101244854.html
浦东,康桥,康桥月苑,外环外,265,33686,2室2厅1厨1卫,78.67O,低楼层 (共14层),平层,东南,一梯三户,精装,未知,钢混结构,有,,https://sh.lianjia.com/ershoufang/107101369021.html
浦东,康桥,双秀北园,外环外,510,41203,3室2厅1厨2卫,123.78O,低楼层 (共6层),暂无数据,南,一梯两户,简装,未知,钢混结构,无,,https://sh.lianjia.com/ershoufang/107100399732.html
浦东,康桥,绿地康桥新苑,外环外,365,49667,2室2厅1厨1卫,73.49O,高楼层 (共6层),复式,南 北,一梯两户,简装,未知,钢混结构,无,,https://sh.lianjia.com/ershoufang/107101150399.html
浦东,康桥,海尚康庭,外环外,290,37594,2室1厅1厨1卫,77.14O,中楼层 (共11层),平层,南,一梯四户,精装,未知,钢混结构,有,,https://sh.lianjia.com/ershoufang/107100884840.html
浦东,康桥,城中花园,外环外,435,40488,2室2厅1厨1卫,107.44O,中楼层 (共12层),平层,南,一梯两户,其他,70年,钢混结构,有,,https://sh.lianjia.com/ershoufang/107101358484.html
浦东,康桥,城中花园,外环外,415,41471,2室2厅1厨1卫,100.07O,中楼层 (共16层),平层,南,两梯三户,精装,70年,钢混结构,有,,https://sh.lianjia.com/ershoufang/107101065476.html
浦东,康桥,康桥月苑,外环外,232,40299,1室2厅1厨1卫,57.57O,低楼层 (共6层),暂无数据,南,一梯两户,精装,未知,钢混结构,无,,https://sh.lianjia.com/ershoufang/107101516000.html
浦东,康桥,宁怡苑,外环外,418,36809,2室2厅1厨2卫,113.56O,中楼层 (共5层),平层,南,一梯两户,其他,未知,钢混结构,无,,https://sh.lianjia.com/ershoufang/107101305479.html
浦东,康桥,城中花园,外环外,420,39811,2室2厅1厨2卫,105.5O,高楼层 (共12层),平层,南,一梯两户,简装,未知,钢混结构,有,,https://sh.lianjia.com/ershoufang/107101479296.html
浦东,康桥,绿地康桥新苑,外环外,480,39981,2室2厅1厨1卫,120.06O,低楼层 (共6层),平层,南 北,一梯两户,简装,未知,钢混结构,无,,https://sh.lianjia.com/ershoufang/107101353481.html
浦东,康桥,康桥半岛密苏里假日公寓,外环外,950,50016,3室2厅1厨2卫,189.94O,高楼层 (共4层),暂无数据,南,一梯两户,精装,未知,钢混结构,无,,https://sh.lianjia.com/ershoufang/107101443279.html
浦东,康桥,中邦城市园,外环外,310,50000,1室1厅1厨1卫,62O,中楼层 (共14层),暂无数据,南,两梯四户,简装,未知,钢混结构,有,,https://sh.lianjia.com/ershoufang/107101435665.html
浦东,康桥,阳光城丽景湾PLUS,外环外,450,50710,2室1厅1厨1卫,88.74O,高楼层 (共18层),平层,南,两梯两户,毛坯,70年,钢混结构,有,,https://sh.lianjia.com/ershoufang/107101070303.html
浦东,康桥,宁怡苑,外环外,680,32412,6室3厅1厨3卫,209.8O,高楼层 (共6层),暂无数据,南 北,一梯两户,毛坯,未知,钢混结构,无,,https://sh.lianjia.com/ershoufang/107101163743.html
浦东,康桥,南华城,外环外,270,33297,2室2厅1厨1卫,81.09O,高楼层 (共6层),平层,南,一梯两户,精装,未知,砖混结构,无,,https://sh.lianjia.com/ershoufang/107100642219.html
浦东,康桥,康桥半岛,外环外,980,54518,3室2厅1厨3卫,179.76O,低楼层 (共3层),,南,,简装,70年,钢混结构,,暂无数据,https://sh.lianjia.com/ershoufang/107000591881.html
浦东,康桥,南华城,外环外,283,34939,2室2厅1厨1卫,81O,中楼层 (共6层),暂无数据,南,一梯两户,其他,70年,砖混结构,有,,https://sh.lianjia.com/ershoufang/107101454672.html
浦东,康桥,达城家园,外环外,287,37009,2室2厅1厨1卫,77.55O,高楼层 (共14层),平层,南,一梯三户,精装,未知,钢混结构,有,,https://sh.lianjia.com/ershoufang/107101332177.html
浦东,康桥,康桥半岛国际公寓,外环外,360,51591,1室2厅1厨1卫,69.78O,高楼层 (共22层),平层,南,两梯五户,精装,未知,钢混结构,有,,https://sh.lianjia.com/ershoufang/107101430263.html
浦东,康桥,中邦城市,外环外,499,50660,2室2厅1厨2卫,98.5O,低楼层 (共10层),暂无数据,南 北,一梯两户,精装,未知,钢混结构,有,,https://sh.lianjia.com/ershoufang/107101245769.html
浦东,康桥,海尚康庭,外环外,225,38383,1室1厅1厨1卫,58.62O,中楼层 (共14层),平层,南,一梯四户,精装,未知,钢混结构,有,,https://sh.lianjia.com/ershoufang/107101252537.html
浦东,康桥,双秀北园,外环外,455,35272,3室2厅1厨2卫,129O,低楼层 (共6层),暂无数据,南,一梯两户,简装,未知,钢混结构,无,,https://sh.lianjia.com/ershoufang/107100639164.html
浦东,康桥,美林小城,外环外,405,44966,2室2厅1厨1卫,90.07O,高楼层 (共14层),平层,南,一梯两户,精装,70年,钢混结构,有,,https://sh.lianjia.com/ershoufang/107101317483.html
浦东,康桥,阳光城丽景湾PLUS,外环外,726,55000,3室2厅1厨2卫,132O,中楼层 (共18层),暂无数据,南 北,两梯两户,精装,70年,钢混结构,有,,https://sh.lianjia.com/ershoufang/107100373503.html
浦东,康桥,城中花园,外环外,420,40506,2室2厅1厨1卫,103.69O,低楼层 (共16层),平层,南,两梯三户,其他,未知,钢混结构,有,,https://sh.lianjia.com/ershoufang/107101419198.html
浦东,康桥,康桥新苑,外环外,450,39117,3室2厅1厨2卫,115.04O,高楼层 (共6层),暂无数据,南,一梯两户,精装,未知,钢混结构,无,,https://sh.lianjia.com/ershoufang/107000013417.html
浦东,康桥,宁怡苑,外环外,480,38444,3室2厅1厨2卫,124.86O,中楼层 (共6层),暂无数据,南,一梯两户,精装,未知,钢混结构,无,,https://sh.lianjia.com/ershoufang/107101234516.html
浦东,康桥,昱龙家园,外环外,448,33093,3室2厅1厨2卫,135.38O,低楼层 (共12层),平层,南,一梯两户,毛坯,70年,钢混结构,有,,https://sh.lianjia.com/ershoufang/107100472326.html
浦东,康桥,中邦城市,外环外,530,49836,3室2厅1厨1卫,106.35O,高楼层 (共14层),平层,南,两梯两户,精装,70年,钢混结构,有,,https://sh.lianjia.com/ershoufang/107101192062.html
浦东,康桥,文怡苑,外环外,385,40105,2室2厅1厨1卫,96O,低楼层 (共12层),平层,南,一梯三户,毛坯,未知,钢混结构,有,,https://sh.lianjia.com/ershoufang/107001192199.html
浦东,康桥,城中花园,外环外,415,39736,2室2厅1厨1卫,104.44O,中楼层 (共12层),暂无数据,南 北,一梯两户,其他,未知,钢混结构,有,,https://sh.lianjia.com/ershoufang/107101519664.html
浦东,康桥,世茂云图,外环外,635,57728,3室2厅1厨2卫,110O,高楼层 (共15层),平层,南 北,一梯四户,精装,70年,钢混结构,暂无数据,,https://sh.lianjia.com/ershoufang/107101390249.html
浦东,康桥,海尚康庭,外环外,290,39629,2室2厅1厨1卫,73.18O,中楼层 (共5层),暂无数据,南 北,一梯三户,精装,未知,钢混结构,无,,https://sh.lianjia.com/ershoufang/107101507484.html
浦东,康桥,昱龙家园,外环外,280,37334,2室2厅1厨1卫,75O,中楼层 (共6层),平层,南,一梯两户,精装,70年,钢混结构,无,,https://sh.lianjia.com/ershoufang/107101037718.html
浦东,康桥,周康一村,外环外,255,30723,3室1厅1厨1卫,83O,高楼层 (共6层),平层,南 北,一梯两户,简装,70年,砖混结构,无,,https://sh.lianjia.com/ershoufang/107101185633.html
浦东,康桥,达城锦园,外环外,220,40235,1室2厅1厨1卫,54.68O,低楼层 (共14层),平层,南,一梯三户,精装,70年,钢混结构,有,,https://sh.lianjia.com/ershoufang/107101503653.html
浦东,康桥,海尚乐苑,外环外,280,35678,2室1厅1厨1卫,78.48O,低楼层 (共14层),平层,南,一梯三户,毛坯,未知,钢混结构,有,,https://sh.lianjia.com/ershoufang/107101189555.html
浦东,康桥,世茂云图,外环外,475,54598,3室2厅1厨1卫,87O,高楼层 (共16层),平层,南 北,一梯四户,精装,70年,钢混结构,暂无数据,,https://sh.lianjia.com/ershoufang/107100661646.html
浦东,康桥,秀怡苑,外环外,437,38117,3室2厅1厨1卫,114.65O,中楼层 (共15层),平层,南,一梯三户,简装,未知,钢混结构,暂无数据,,https://sh.lianjia.com/ershoufang/107101358339.html
浦东,康桥,康桥月苑,外环外,268,37084,2室2厅1厨1卫,72.27O,中楼层 (共6层),平层,南,一梯两户,其他,未知,钢混结构,无,,https://sh.lianjia.com/ershoufang/107101363435.html
浦东,康桥,康桥月苑,外环外,275,38052,2室2厅1厨1卫,72.27O,高楼层 (共6层),平层,南,一梯两户,精装,未知,钢混结构,无,,https://sh.lianjia.com/ershoufang/107100890091.html
浦东,康桥,文怡苑,外环外,310,40428,2室1厅1厨1卫,76.68O,低楼层 (共13层),平层,南,一梯三户,精装,未知,钢混结构,有,,https://sh.lianjia.com/ershoufang/107101514897.html
浦东,康桥,天台别韵,外环外,880,37289,5室4厅2厨2卫,236O,高楼层 (共11层),跃层,南 北,一梯两户,毛坯,70年,钢混结构,有,,https://sh.lianjia.com/ershoufang/107100847027.html
浦东,康桥,海尚康庭,外环外,290,35719,2室2厅1厨1卫,81.19O,中楼层 (共5层),平层,南 北,一梯三户,其他,未知,钢混结构,无,,https://sh.lianjia.com/ershoufang/107101324043.html
浦东,康桥,康桥宝邸,外环外,280,37334,2室2厅1厨1卫,75O,高楼层 (共6层),暂无数据,南,一梯两户,精装,未知,钢混结构,无,,https://sh.lianjia.com/ershoufang/107000296113.html
浦东,康桥,美林小城,外环外,405,44365,2室2厅1厨1卫,91.29O,高楼层 (共14层),平层,南,一梯两户,精装,70年,钢混结构,有,,https://sh.lianjia.com/ershoufang/107101372585.html
浦东,康桥,周康二村,外环外,333,44970,2室2厅1厨1卫,74.05O,高楼层 (共5层),平层,南,一梯两户,简装,未知,砖混结构,无,,https://sh.lianjia.com/ershoufang/107101496343.html
浦东,康桥,康桥半岛,外环外,980,54518,3室2厅1厨3卫,179.76O,低楼层 (共3层),,南,,简装,70年,钢混结构,,暂无数据,https://sh.lianjia.com/ershoufang/107100220170.html
浦东,康桥,文怡苑,外环外,290,37643,2室1厅1厨1卫,77.04O,低楼层 (共12层),平层,南,一梯三户,毛坯,未知,钢混结构,有,,https://sh.lianjia.com/ershoufang/107100090538.html
浦东,康桥,康桥半岛(秀沿路1168弄),外环外,1450,60122,5室2厅1厨3卫,241.18O,低楼层 (共3层),,南,,精装,未知,钢混结构,,暂无数据,https://sh.lianjia.com/ershoufang/107101469118.html
浦东,康桥,昱龙家园,外环外,190,34590,1室1厅1厨1卫,54.93O,低楼层 (共14层),平层,南,一梯三户,简装,70年,钢混结构,有,,https://sh.lianjia.com/ershoufang/107101057314.html
浦东,康桥,绿地康桥新苑,外环外,395,44969,2室1厅1厨1卫,87.84O,低楼层 (共14层),平层,南 北,一梯两户,简装,未知,钢混结构,有,,https://sh.lianjia.com/ershoufang/107101412103.html
浦东,康桥,双秀北园,外环外,560,64733,4室2厅1厨1卫,86.51O,高楼层 (共6层),复式,南,一梯两户,其他,未知,钢混结构,无,,https://sh.lianjia.com/ershoufang/107101067267.html
浦东,康桥,阳光城丽景湾PLUS,外环外,700,53436,3室2厅1厨2卫,131O,低楼层 (共18层),平层,南,两梯两户,精装,70年,钢混结构,有,,https://sh.lianjia.com/ershoufang/107101031798.html
浦东,康桥,绿地康桥新苑,外环外,285,52256,1室1厅1厨1卫,54.54O,低楼层 (共6层),暂无数据,南 北,一梯两户,精装,未知,钢混结构,无,,https://sh.lianjia.com/ershoufang/107101091770.html
浦东,康桥,万科提香别墅,外环外,3300,93977,5室3厅2厨4卫,351.15O,低楼层 (共2层),,南,,精装,未知,钢混结构,,独栋,https://sh.lianjia.com/ershoufang/107101305670.html
浦东,康桥,康桥半岛(秀沿路1177弄),外环外,1400,55527,4室3厅1厨3卫,252.13O,低楼层 (共2层),,南,,精装,未知,钢混结构,,暂无数据,https://sh.lianjia.com/ershoufang/107002276063.html
浦东,康桥,中科大学村,外环外,1700,64038,7室2厅1厨3卫,265.47O,低楼层 (共3层),,南,,毛坯,未知,钢混结构,,联排,https://sh.lianjia.com/ershoufang/107101201933.html
浦东,康桥,绿地康桥新苑,外环外,365,47134,2室2厅1厨1卫,77.44O,低楼层 (共6层),暂无数据,南 北,一梯两户,简装,未知,钢混结构,无,,https://sh.lianjia.com/ershoufang/107101513827.html
浦东,康桥,天台星城,外环外,385,38651,2室2厅1厨1卫,99.61O,低楼层 (共7层),平层,南,一梯两户,其他,未知,钢混结构,有,,https://sh.lianjia.com/ershoufang/107101079965.html
浦东,康桥,美林小城,外环外,360,42609,2室2厅1厨1卫,84.49O,低楼层 (共6层),平层,南,一梯两户,精装,未知,钢混结构,无,,https://sh.lianjia.com/ershoufang/107100928821.html
浦东,康桥,康桥月苑,外环外,210,40849,1室1厅1厨1卫,51.41O,高楼层 (共6层),平层,南,一梯两户,其他,未知,钢混结构,无,,https://sh.lianjia.com/ershoufang/107101375408.html
浦东,康桥,南华城,外环外,310,35657,3室1厅1厨1卫,86.94O,高楼层 (共6层),平层,南,一梯两户,其他,未知,砖混结构,无,,https://sh.lianjia.com/ershoufang/107100763758.html
浦东,康桥,双秀西园,外环外,370,42427,2室2厅1厨1卫,87.21O,中楼层 (共6层),平层,南 北,一梯两户,其他,未知,钢混结构,无,,https://sh.lianjia.com/ershoufang/107101512014.html
浦东,康桥,康桥月苑,外环外,273,37776,2室2厅1厨1卫,72.27O,中楼层 (共6层),平层,南 北,一梯两户,精装,未知,钢混结构,无,,https://sh.lianjia.com/ershoufang/107101083464.html
浦东,康桥,中邦城市,外环外,648,49858,3室2厅1厨2卫,129.97O,高楼层 (共16层),平层,南,两梯两户,简装,未知,钢混结构,有,,https://sh.lianjia.com/ershoufang/107100821822.html
浦东,康桥,南华城,外环外,305,38049,2室2厅1厨2卫,80.16O,低楼层 (共6层),暂无数据,南 北,一梯两户,精装,未知,砖混结构,无,,https://sh.lianjia.com/ershoufang/107101394122.html
浦东,康桥,美林小城,外环外,425,45902,2室2厅1厨1卫,92.59O,高楼层 (共13层),平层,南,一梯三户,精装,70年,钢混结构,有,,https://sh.lianjia.com/ershoufang/107101172482.html
浦东,康桥,中科大学村,外环外,1300,51230,5室3厅1厨3卫,253.76O,低楼层 (共3层),,南 北,,精装,未知,钢混结构,,联排,https://sh.lianjia.com/ershoufang/107100680767.html
浦东,康桥,绿宝园,外环外,2700,70679,4室2厅1厨4卫,382.01O,低楼层 (共2层),,东南 南,,精装,未知,钢混结构,,暂无数据,https://sh.lianjia.com/ershoufang/107100165803.html
浦东,康桥,达城家园,外环外,293,37783,2室1厅1厨1卫,77.55O,低楼层 (共14层),平层,南 北,一梯三户,其他,未知,钢混结构,有,,https://sh.lianjia.com/ershoufang/107101473226.html
浦东,康桥,周康一村,外环外,270,38572,1室2厅1厨1卫,70O,高楼层 (共6层),平层,南,一梯两户,毛坯,未知,砖混结构,无,,https://sh.lianjia.com/ershoufang/107000761859.html
浦东,康桥,海尚康庭,外环外,290,39532,2室1厅1厨1卫,73.36O,高楼层 (共6层),平层,南,一梯两户,毛坯,未知,钢混结构,无,,https://sh.lianjia.com/ershoufang/107100590817.html
浦东,康桥,康桥宝邸,外环外,400,39216,3室2厅1厨1卫,102O,中楼层 (共14层),平层,南 北,一梯三户,毛坯,未知,钢混结构,有,,https://sh.lianjia.com/ershoufang/107101243470.html
浦东,康桥,康桥月苑,外环外,330,34592,3室2厅1厨1卫,95.4O,低楼层 (共14层),平层,南,一梯三户,毛坯,未知,钢混结构,有,,https://sh.lianjia.com/ershoufang/107101281477.html
浦东,康桥,达城家园,外环外,305,39662,2室1厅1厨1卫,76.9O,高楼层 (共14层),平层,南 北,一梯三户,精装,未知,钢混结构,有,,https://sh.lianjia.com/ershoufang/107101273575.html
浦东,康桥,达城锦园,外环外,290,39732,2室2厅1厨1卫,72.99O,中楼层 (共14层),平层,南,一梯三户,其他,未知,钢混结构,有,,https://sh.lianjia.com/ershoufang/107101469295.html
浦东,康桥,康桥宝邸,外环外,223,36564,1室1厅1厨1卫,60.99O,低楼层 (共14层),平层,南,一梯三户,简装,未知,钢混结构,有,,https://sh.lianjia.com/ershoufang/107101357968.html
浦东,康桥,康桥月苑,外环外,200,37307,1室1厅1厨1卫,53.61O,低楼层 (共14层),暂无数据,南,一梯三户,毛坯,未知,钢混结构,有,,https://sh.lianjia.com/ershoufang/107100538752.html
浦东,康桥,城中花园,外环外,510,35805,3室2厅1厨2卫,142.44O,低楼层 (共16层),平层,南,两梯三户,精装,未知,钢混结构,有,,https://sh.lianjia.com/ershoufang/107101235242.html
浦东,康桥,中邦城市,外环外,480,48811,2室2厅1厨2卫,98.34O,低楼层 (共14层),平层,南,一梯两户,精装,未知,钢混结构,有,,https://sh.lianjia.com/ershoufang/107101225297.html
浦东,康桥,美林小城,外环外,530,40225,3室2厅1厨2卫,131.76O,高楼层 (共5层),暂无数据,南,一梯两户,精装,未知,钢混结构,无,,https://sh.lianjia.com/ershoufang/107002304969.html
浦东,康桥,双秀西园,外环外,340,42432,2室2厅1厨1卫,80.13O,中楼层 (共11层),平层,南,一梯四户,其他,未知,钢混结构,有,,https://sh.lianjia.com/ershoufang/107101511785.html
浦东,康桥,昱龙家园,外环外,318,39528,2室2厅1厨1卫,80.45O,中楼层 (共11层),平层,东南,一梯四户,精装,70年,钢混结构,有,,https://sh.lianjia.com/ershoufang/107101287076.html
浦东,康桥,双秀西园,外环外,325,40560,2室2厅1厨1卫,80.13O,中楼层 (共11层),平层,南,一梯四户,精装,未知,钢混结构,有,,https://sh.lianjia.com/ershoufang/107101427571.html
浦东,康桥,中科大学村,外环外,1900,47205,4室3厅1厨4卫,402.5O,低楼层 (共2层),,南 北,,毛坯,未知,钢混结构,,暂无数据,https://sh.lianjia.com/ershoufang/107101006176.html
浦东,康桥,海尚康庭,外环外,245,34133,2室1厅1厨1卫,71.78O,高楼层 (共14层),平层,南,一梯三户,精装,未知,钢混结构,有,,https://sh.lianjia.com/ershoufang/107101171573.html
浦东,康桥,达城锦园,外环外,290,39732,2室2厅1厨1卫,72.99O,高楼层 (共14层),平层,南,一梯三户,精装,未知,钢混结构,有,,https://sh.lianjia.com/ershoufang/107101396311.html
浦东,康桥,城中花园,外环外,409,40913,2室2厅1厨1卫,99.97O,中楼层 (共16层),平层,南 北,两梯三户,其他,未知,钢混结构,有,,https://sh.lianjia.com/ershoufang/107101389195.html
浦东,康桥,双秀西园,外环外,370,42393,2室2厅1厨2卫,87.28O,高楼层 (共6层),暂无数据,南,一梯两户,其他,未知,钢混结构,无,,https://sh.lianjia.com/ershoufang/107101448154.html
浦东,康桥,达城家园,外环外,295,38750,2室2厅1厨1卫,76.13O,低楼层 (共14层),平层,南,一梯三户,精装,未知,钢混结构,有,,https://sh.lianjia.com/ershoufang/107100655917.html
浦东,康桥,康桥月苑,外环外,327,34567,3室2厅1厨1卫,94.6O,低楼层 (共14层),平层,南,一梯三户,毛坯,未知,钢混结构,有,,https://sh.lianjia.com/ershoufang/107100769833.html
浦东,康桥,阳光城丽景湾PLUS,外环外,415,46630,2室2厅1厨1卫,89O,中楼层 (共18层),平层,南,两梯两户,毛坯,70年,钢混结构,有,,https://sh.lianjia.com/ershoufang/107101490854.html
浦东,康桥,康桥半岛(沪南路2731弄),外环外,1300,61391,3室2厅1厨2卫,211.76O,低楼层 (共2层),,南,,精装,未知,钢混结构,,暂无数据,https://sh.lianjia.com/ershoufang/107002178431.html
浦东,康桥,康桥半岛(秀沿路1155弄),外环外,1490,61826,5室3厅1厨3卫,241O,低楼层 (共3层),,南 北,,精装,未知,砖混结构,,暂无数据,https://sh.lianjia.com/ershoufang/107101424332.html
浦东,康桥,中科大学村,外环外,2200,57715,5室2厅1厨3卫,381.19O,低楼层 (共3层),,南,,其他,未知,钢混结构,,独栋,https://sh.lianjia.com/ershoufang/107101477404.html
浦东,康桥,康桥宝邸,外环外,310,41611,2室1厅1厨1卫,74.5O,低楼层 (共6层),平层,南,一梯两户,简装,未知,钢混结构,无,,https://sh.lianjia.com/ershoufang/107101273574.html
浦东,康桥,城中花园,外环外,430,46959,3室2厅1厨1卫,91.57O,中楼层 (共16层),平层,南,两梯两户,精装,未知,钢混结构,有,,https://sh.lianjia.com/ershoufang/107101050621.html
浦东,康桥,海尚乐苑,外环外,230,38984,2室1厅1厨1卫,59O,高楼层 (共14层),平层,南,一梯三户,其他,未知,钢混结构,有,,https://sh.lianjia.com/ershoufang/107101514325.html
浦东,康桥,汤巷馨村(二期),外环外,340,39734,2室2厅1厨1卫,85.57O,高楼层 (共14层),暂无数据,暂无数据,一梯四户,毛坯,未知,钢混结构,有,,https://sh.lianjia.com/ershoufang/107002213403.html
浦东,康桥,双秀北园,外环外,470,36435,3室2厅1厨2卫,129O,低楼层 (共6层),平层,南 北,一梯两户,毛坯,未知,钢混结构,无,,https://sh.lianjia.com/ershoufang/107100816372.html
浦东,康桥,双秀南园,外环外,533,43916,5室3厅1厨3卫,121.37O,高楼层 (共6层),复式,南 北,一梯两户,简装,未知,钢混结构,无,,https://sh.lianjia.com/ershoufang/107101177009.html
浦东,康桥,康桥半岛(秀沿路1168弄),外环外,1490,61844,5室2厅1厨3卫,240.93O,低楼层 (共3层),,南,,精装,未知,钢混结构,,暂无数据,https://sh.lianjia.com/ershoufang/107101480034.html
浦东,康桥,汤巷雅苑,外环外,355,39162,2室2厅1厨1卫,90.65O,低楼层 (共18层),平层,南,一梯三户,毛坯,未知,钢混结构,有,,https://sh.lianjia.com/ershoufang/107100959158.html
浦东,康桥,海尚康庭,外环外,270,36487,2室1厅1厨1卫,74O,高楼层 (共14层),平层,南 北,一梯三户,精装,未知,钢混结构,有,,https://sh.lianjia.com/ershoufang/107101178307.html
浦东,康桥,周康五村,外环外,360,40445,2室2厅1厨1卫,89.01O,低楼层 (共14层),平层,南,一梯三户,简装,未知,钢混结构,暂无数据,,https://sh.lianjia.com/ershoufang/107101001731.html
浦东,康桥,周康五村,外环外,390,46220,2室1厅1厨1卫,84.38O,高楼层 (共18层),暂无数据,南,一梯四户,毛坯,未知,钢混结构,暂无数据,,https://sh.lianjia.com/ershoufang/107100835286.html
浦东,康桥,阳光城丽景湾PLUS,外环外,679,60897,3室2厅1厨2卫,111.5O,低楼层 (共18层),暂无数据,南,两梯两户,精装,70年,钢混结构,有,,https://sh.lianjia.com/ershoufang/107100194928.html
浦东,康桥,绿地康桥新苑,外环外,420,48099,2室2厅1厨1卫,87.32O,中楼层 (共14层),平层,南 北,一梯两户,精装,未知,钢混结构,有,,https://sh.lianjia.com/ershoufang/107101496050.html
浦东,康桥,达城锦园,外环外,295,38357,2室2厅0厨1卫,76.91O,低楼层 (共14层),平层,南,一梯三户,其他,未知,钢混结构,有,,https://sh.lianjia.com/ershoufang/107101427113.html
浦东,康桥,周康一村,外环外,298,35904,3室1厅1厨1卫,83O,高楼层 (共6层),平层,南,一梯两户,简装,未知,砖混结构,无,,https://sh.lianjia.com/ershoufang/107101344029.html
浦东,康桥,昱龙家园,外环外,200,36457,1室1厅1厨1卫,54.86O,高楼层 (共14层),平层,南,一梯四户,毛坯,70年,钢混结构,有,,https://sh.lianjia.com/ershoufang/107100565678.html
浦东,康桥,昱龙家园,外环外,265,35981,2室1厅1厨1卫,73.65O,中楼层 (共6层),平层,南,一梯两户,其他,70年,钢混结构,无,,https://sh.lianjia.com/ershoufang/107101451648.html
浦东,康桥,海尚康庭,外环外,263,33028,2室2厅1厨1卫,79.63O,高楼层 (共14层),平层,南 北,一梯三户,毛坯,未知,钢混结构,有,,https://sh.lianjia.com/ershoufang/107101254139.html
浦东,康桥,绿地康桥新苑,外环外,410,46011,2室2厅1厨1卫,89.11O,低楼层 (共14层),平层,南,一梯两户,简装,未知,钢混结构,有,,https://sh.lianjia.com/ershoufang/107100544472.html
浦东,康桥,天台星城,外环外,380,41068,2室2厅1厨1卫,92.53O,中楼层 (共7层),平层,南,一梯两户,简装,未知,钢混结构,有,,https://sh.lianjia.com/ershoufang/107101281997.html
浦东,康桥,康桥半岛,外环外,970,59888,3室2厅1厨3卫,161.97O,低楼层 (共3层),跃层,南,一梯一户,简装,70年,未知结构,暂无数据,,https://sh.lianjia.com/ershoufang/107100463083.html
浦东,康桥,中邦城市,外环外,518,44274,3室2厅1厨1卫,117O,低楼层 (共14层),平层,南,一梯两户,精装,未知,钢混结构,有,,https://sh.lianjia.com/ershoufang/107100935852.html
浦东,康桥,康桥宝邸,外环外,280,37584,2室2厅1厨1卫,74.5O,低楼层 (共6层),平层,南 北,一梯两户,其他,未知,钢混结构,无,,https://sh.lianjia.com/ershoufang/107101311192.html
浦东,康桥,天台星城,外环外,410,40898,2室2厅1厨1卫,100.25O,低楼层 (共7层),平层,南,一梯两户,其他,未知,钢混结构,有,,https://sh.lianjia.com/ershoufang/107101338137.html
浦东,康桥,天台别韵,外环外,395,47024,2室2厅1厨1卫,84O,高楼层 (共11层),平层,南 北,一梯三户,精装,未知,钢混结构,有,,https://sh.lianjia.com/ershoufang/107101246130.html
浦东,康桥,城中花园,外环外,438,41691,2室2厅1厨1卫,105.06O,中楼层 (共12层),平层,南,一梯两户,精装,70年,钢混结构,有,,https://sh.lianjia.com/ershoufang/107101180115.html
浦东,康桥,海尚乐苑,外环外,199,36852,1室1厅1厨1卫,54O,低楼层 (共14层),平层,南,一梯四户,简装,未知,钢混结构,有,,https://sh.lianjia.com/ershoufang/107002228985.html
浦东,康桥,双秀西园,外环外,330,43565,2室2厅1厨1卫,75.75O,中楼层 (共5层),平层,南 北,一梯两户,毛坯,未知,钢混结构,无,,https://sh.lianjia.com/ershoufang/107101270254.html
浦东,康桥,南华城,外环外,283,34900,2室2厅1厨1卫,81.09O,高楼层 (共6层),平层,南 北,一梯两户,其他,未知,砖混结构,无,,https://sh.lianjia.com/ershoufang/107101429686.html
浦东,康桥,达城家园,外环外,310,40026,2室2厅1厨1卫,77.45O,中楼层 (共14层),平层,南 北,一梯三户,精装,未知,钢混结构,有,,https://sh.lianjia.com/ershoufang/107101368905.html
浦东,康桥,康桥宝邸,外环外,205,37300,1室1厅1厨1卫,54.96O,低楼层 (共14层),平层,南,一梯三户,毛坯,未知,钢混结构,有,,https://sh.lianjia.com/ershoufang/107100056691.html
浦东,康桥,康桥半岛(秀沿路1028弄),外环外,1450,60211,4室2厅1厨3卫,240.82O,低楼层 (共3层),,南,,精装,70年,钢混结构,,暂无数据,https://sh.lianjia.com/ershoufang/107100278336.html
浦东,康桥,康桥半岛密苏里假日公寓,外环外,650,49243,2室2厅1厨1卫,132O,中楼层 (共4层),平层,南,一梯两户,其他,未知,钢混结构,无,,https://sh.lianjia.com/ershoufang/107101413285.html
浦东,康桥,中骏柏景湾,外环外,520,57778,3室2厅1厨2卫,90O,低楼层 (共16层),暂无数据,南 北,一梯四户,其他,70年,钢混结构,暂无数据,,https://sh.lianjia.com/ershoufang/107100603093.html
浦东,康桥,中邦城市,外环外,510,51930,2室2厅1厨1卫,98.21O,高楼层 (共12层),平层,南 北,一梯两户,简装,未知,钢混结构,有,,https://sh.lianjia.com/ershoufang/107101236287.html
浦东,康桥,城中花园,外环外,410,39443,2室2厅1厨2卫,103.95O,低楼层 (共12层),平层,南,一梯两户,精装,未知,钢混结构,有,,https://sh.lianjia.com/ershoufang/107100975663.html
浦东,康桥,南华城,外环外,300,33201,2室2厅1厨1卫,90.36O,中楼层 (共6层),平层,南,一梯两户,精装,未知,砖混结构,无,,https://sh.lianjia.com/ershoufang/107100650141.html
浦东,康桥,中骏柏景湾,外环外,460,50550,3室2厅1厨2卫,91O,低楼层 (共16层),平层,南,一梯四户,精装,70年,钢混结构,暂无数据,,https://sh.lianjia.com/ershoufang/107100887973.html
浦东,康桥,文怡苑,外环外,370,38948,2室2厅1厨1卫,95O,低楼层 (共14层),平层,南,一梯三户,精装,未知,钢混结构,有,,https://sh.lianjia.com/ershoufang/107101229468.html
浦东,康桥,天台别韵,外环外,600,44867,3室2厅1厨2卫,133.73O,高楼层 (共11层),平层,南 北,一梯两户,毛坯,70年,钢混结构,有,,https://sh.lianjia.com/ershoufang/107101460146.html
浦东,康桥,世茂云图,外环外,660,56411,3室2厅1厨2卫,117O,高楼层 (共16层),平层,南 北,两梯四户,其他,70年,钢混结构,有,,https://sh.lianjia.com/ershoufang/107101485959.html
浦东,康桥,城中花园,外环外,910,38724,4室2厅1厨4卫,235O,高楼层 (共12层),暂无数据,南,一梯两户,精装,70年,钢混结构,有,,https://sh.lianjia.com/ershoufang/107100077936.html
浦东,康桥,双秀北园,外环外,520,40236,3室2厅1厨2卫,129.24O,高楼层 (共6层),暂无数据,南,一梯两户,其他,未知,钢混结构,无,,https://sh.lianjia.com/ershoufang/107100824456.html
浦东,康桥,美林小城,外环外,390,42199,2室2厅0厨1卫,92.42O,低楼层 (共11层),暂无数据,南,一梯两户,简装,未知,钢混结构,有,,https://sh.lianjia.com/ershoufang/107101479449.html
浦东,康桥,周康五村,外环外,380,44476,2室2厅1厨1卫,85.44O,低楼层 (共6层),暂无数据,南,一梯三户,精装,70年,钢混结构,无,,https://sh.lianjia.com/ershoufang/107101415175.html
浦东,康桥,海尚康庭,外环外,280,35000,2室1厅1厨1卫,80O,中楼层 (共5层),平层,南,一梯三户,毛坯,未知,钢混结构,无,,https://sh.lianjia.com/ershoufang/107100756190.html
浦东,康桥,昱龙家园,外环外,380,36336,3室2厅1厨1卫,104.58O,中楼层 (共14层),平层,南,一梯四户,精装,70年,钢混结构,有,,https://sh.lianjia.com/ershoufang/107002165225.html
浦东,康桥,康桥宝邸,外环外,290,38927,2室2厅1厨1卫,74.5O,低楼层 (共6层),平层,南 北,一梯两户,简装,未知,钢混结构,无,,https://sh.lianjia.com/ershoufang/107101334327.html
浦东,康桥,中科大学村,外环外,1600,66667,5室6厅1厨3卫,240O,低楼层 (共3层),,南 北,,精装,未知,钢混结构,,联排,https://sh.lianjia.com/ershoufang/107100964532.html
浦东,康桥,绿地康桥新苑,外环外,365,48179,2室2厅1厨1卫,75.76O,中楼层 (共5层),平层,南,一梯两户,精装,未知,钢混结构,无,,https://sh.lianjia.com/ershoufang/107101282829.html
浦东,康桥,天台星城,外环外,400,39604,2室2厅1厨1卫,101O,中楼层 (共7层),平层,南,一梯两户,精装,未知,钢混结构,有,,https://sh.lianjia.com/ershoufang/107101132622.html
浦东,康桥,南华城,外环外,305,33517,2室1厅1厨1卫,91O,高楼层 (共6层),平层,南,一梯两户,其他,未知,砖混结构,无,,https://sh.lianjia.com/ershoufang/107100767725.html
浦东,康桥,周康五村,外环外,398,44715,3室1厅1厨1卫,89.01O,高楼层 (共14层),平层,南,一梯三户,简装,未知,钢混结构,暂无数据,,https://sh.lianjia.com/ershoufang/107100884582.html
浦东,康桥,海尚康庭,外环外,265,32484,2室1厅1厨1卫,81.58O,低楼层 (共14层),平层,南,一梯三户,精装,未知,钢混结构,有,,https://sh.lianjia.com/ershoufang/107101094237.html
浦东,康桥,海尚乐苑,外环外,268,33796,2室1厅1厨1卫,79.3O,低楼层 (共13层),平层,南 北,一梯三户,毛坯,未知,钢混结构,有,,https://sh.lianjia.com/ershoufang/107100722068.html
浦东,康桥,海尚康庭,外环外,395,39691,3室2厅1厨1卫,99.52O,中楼层 (共5层),平层,南,一梯两户,简装,未知,钢混结构,无,,https://sh.lianjia.com/ershoufang/107101200116.html
浦东,康桥,城中花园,外环外,795,36529,4室2厅1厨2卫,217.64O,低楼层 (共12层),暂无数据,南 北,一梯三户,精装,未知,钢混结构,有,,https://sh.lianjia.com/ershoufang/107100170306.html
浦东,康桥,达城家园,外环外,300,38650,2室1厅1厨1卫,77.62O,低楼层 (共14层),暂无数据,南 北,一梯三户,精装,未知,钢混结构,有,,https://sh.lianjia.com/ershoufang/107100802825.html
浦东,康桥,康桥宝邸,外环外,275,36913,2室2厅1厨1卫,74.5O,低楼层 (共6层),平层,南,一梯两户,精装,未知,钢混结构,无,,https://sh.lianjia.com/ershoufang/107101427015.html
浦东,康桥,文怡苑,外环外,370,38047,2室1厅1厨1卫,97.25O,低楼层 (共13层),平层,南 北,一梯四户,其他,未知,钢混结构,有,,https://sh.lianjia.com/ershoufang/107101302135.html
浦东,康桥,达城锦园,外环外,296,39040,2室2厅1厨1卫,75.82O,中楼层 (共14层),平层,南 北,一梯三户,精装,未知,钢混结构,有,,https://sh.lianjia.com/ershoufang/107101311255.html
浦东,康桥,中邦城市,外环外,630,47674,3室2厅1厨2卫,132.15O,低楼层 (共16层),平层,南 北,两梯两户,毛坯,未知,钢混结构,有,,https://sh.lianjia.com/ershoufang/107002077865.html
浦东,康桥,中邦城市园,外环外,390,47056,2室1厅1厨1卫,82.88O,低楼层 (共22层),平层,南,两梯四户,简装,未知,钢混结构,有,,https://sh.lianjia.com/ershoufang/107101478359.html
浦东,康桥,墅外金柳湾,外环外,1016,47963,4室2厅1厨3卫,211.83O,高楼层 (共13层),复式,南,一梯一户,精装,未知,钢混结构,有,,https://sh.lianjia.com/ershoufang/107101452891.html
浦东,康桥,康桥半岛(秀沿路1177弄),外环外,1300,51561,4室2厅1厨2卫,252.13O,低楼层 (共2层),,南,,毛坯,未知,钢混结构,,暂无数据,https://sh.lianjia.com/ershoufang/107101418766.html
浦东,康桥,中邦城市,外环外,850,51525,4室2厅1厨2卫,164.97O,高楼层 (共18层),暂无数据,南 北,两梯四户,精装,未知,钢混结构,有,,https://sh.lianjia.com/ershoufang/107101326919.html
浦东,康桥,康桥名郡,外环外,1280,64975,4室2厅1厨3卫,197O,低楼层 (共3层),,南,,精装,未知,钢混结构,,暂无数据,https://sh.lianjia.com/ershoufang/107101215422.html
浦东,康桥,城中花园,外环外,420,39631,2室2厅1厨2卫,105.98O,高楼层 (共12层),平层,南,一梯两户,其他,70年,钢混结构,有,,https://sh.lianjia.com/ershoufang/107101453608.html
浦东,康桥,达城锦园,外环外,220,40000,1室1厅1厨1卫,55O,低楼层 (共14层),平层,南,一梯三户,精装,70年,钢混结构,有,,https://sh.lianjia.com/ershoufang/107101483101.html
浦东,康桥,海尚乐苑,外环外,240,40678,1室1厅1厨1卫,59O,高楼层 (共14层),平层,南,一梯三户,毛坯,未知,钢混结构,有,,https://sh.lianjia.com/ershoufang/107101382098.html
浦东,康桥,康桥月苑,外环外,210,39172,1室1厅1厨1卫,53.61O,中楼层 (共14层),平层,南,一梯三户,精装,未知,钢混结构,有,,https://sh.lianjia.com/ershoufang/107101460981.html
浦东,康桥,康桥宝邸,外环外,324,43426,2室2厅1厨1卫,74.61O,高楼层 (共6层),平层,南,一梯两户,精装,未知,钢混结构,无,,https://sh.lianjia.com/ershoufang/107101421719.html
浦东,康桥,康桥半岛,外环外,900,60000,3室2厅1厨2卫,150O,低楼层 (共2层),,南,,简装,70年,钢混结构,,暂无数据,https://sh.lianjia.com/ershoufang/107100629576.html
浦东,康桥,宁怡苑,外环外,350,32537,2室2厅1厨2卫,107.57O,高楼层 (共6层),暂无数据,南,一梯两户,精装,未知,钢混结构,无,,https://sh.lianjia.com/ershoufang/107100909524.html
浦东,康桥,万科提香别墅,外环外,3000,78596,4室3厅1厨4卫,381.7O,低楼层 (共2层),,南,,精装,未知,钢混结构,,独栋,https://sh.lianjia.com/ershoufang/107000269555.html
浦东,康桥,沔溪苑,外环外,400,32787,3室2厅1厨2卫,122O,高楼层 (共6层),平层,南,一梯两户,毛坯,未知,钢混结构,无,,https://sh.lianjia.com/ershoufang/107100665151.html
浦东,康桥,城中花园,外环外,820,42800,4室2厅1厨2卫,191.59O,高楼层 (共12层),跃层,南,一梯两户,精装,未知,钢混结构,有,,https://sh.lianjia.com/ershoufang/107100680853.html
浦东,康桥,汇业公寓,外环外,360,39943,2室2厅1厨1卫,90.13O,中楼层 (共12层),平层,南,一梯四户,精装,未知,钢混结构,有,,https://sh.lianjia.com/ershoufang/107101326834.html
浦东,康桥,康庭苑,外环外,330,39569,2室2厅1厨1卫,83.4O,中楼层 (共6层),平层,南 北,一梯两户,简装,未知,钢混结构,无,,https://sh.lianjia.com/ershoufang/107101250315.html
浦东,康桥,海尚康庭,外环外,305,41605,2室2厅1厨1卫,73.31O,中楼层 (共5层),平层,南 北,一梯两户,精装,未知,钢混结构,无,,https://sh.lianjia.com/ershoufang/107101251764.html
浦东,康桥,康桥鑫都,外环外,310,40000,2室1厅1厨1卫,77.5O,低楼层 (共6层),暂无数据,南,一梯两户,其他,未知,钢混结构,无,,https://sh.lianjia.com/ershoufang/107101505412.html
浦东,康桥,中科大学村,外环外,1300,66381,4室2厅1厨3卫,195.84O,低楼层 (共3层),,北,,精装,未知,钢混结构,,联排,https://sh.lianjia.com/ershoufang/107000285143.html
浦东,康桥,双秀西园,外环外,250,46331,1室1厅1厨1卫,53.96O,中楼层 (共5层),平层,南,一梯两户,精装,未知,钢混结构,无,,https://sh.lianjia.com/ershoufang/107101440386.html
浦东,康桥,旭辉亚瑟郡,外环外,540,47788,3室2厅1厨2卫,113O,中楼层 (共8层),暂无数据,南,一梯两户,精装,70年,钢混结构,暂无数据,,https://sh.lianjia.com/ershoufang/107101419365.html
浦东,康桥,康桥半岛(秀沿路1168弄),外环外,1200,53904,4室2厅1厨3卫,222.62O,低楼层 (共3层),,南,,精装,未知,钢混结构,,暂无数据,https://sh.lianjia.com/ershoufang/107101487056.html
浦东,康桥,万科提香别墅,外环外,2880,91252,4室3厅1厨4卫,315.61O,低楼层 (共2层),,南,,精装,未知,钢混结构,,独栋,https://sh.lianjia.com/ershoufang/107101118556.html
浦东,康桥,达城家园,外环外,200,36477,1室1厅1厨1卫,54.83O,高楼层 (共11层),平层,南,一梯三户,精装,未知,钢混结构,有,,https://sh.lianjia.com/ershoufang/107100571037.html
浦东,康桥,康桥月苑,外环外,350,36843,3室1厅1厨1卫,95O,中楼层 (共11层),平层,南 北,一梯三户,其他,未知,钢混结构,有,,https://sh.lianjia.com/ershoufang/107101326255.html
浦东,康桥,康桥月苑,外环外,280,35592,2室2厅1厨1卫,78.67O,中楼层 (共14层),暂无数据,南,一梯三户,精装,未知,钢混结构,有,,https://sh.lianjia.com/ershoufang/107101142551.html
浦东,康桥,康桥宝邸,外环外,388,38085,3室2厅1厨1卫,101.88O,低楼层 (共14层),平层,南 北,一梯三户,精装,未知,钢混结构,有,,https://sh.lianjia.com/ershoufang/107100159891.html
浦东,康桥,康桥半岛(秀沿路1168弄),外环外,1220,50638,4室2厅1厨2卫,240.93O,低楼层 (共4层),,南,,精装,未知,钢混结构,,暂无数据,https://sh.lianjia.com/ershoufang/107101241215.html
浦东,康桥,康桥宝邸,外环外,308,40866,2室2厅1厨1卫,75.37O,中楼层 (共6层),平层,南,一梯两户,精装,未知,钢混结构,无,,https://sh.lianjia.com/ershoufang/107101429438.html
浦东,康桥,海尚康庭,外环外,265,36557,2室1厅1厨1卫,72.49O,低楼层 (共14层),平层,南,一梯三户,精装,未知,钢混结构,有,,https://sh.lianjia.com/ershoufang/107101419502.html
浦东,康桥,康桥宝邸,外环外,225,36373,1室2厅1厨1卫,61.86O,低楼层 (共14层),平层,南,一梯三户,精装,未知,钢混结构,有,,https://sh.lianjia.com/ershoufang/107101291962.html
浦东,康桥,周康五村,外环外,352,40746,2室2厅1厨1卫,86.39O,低楼层 (共6层),暂无数据,南,一梯三户,毛坯,未知,钢混结构,无,,https://sh.lianjia.com/ershoufang/107101161939.html
浦东,康桥,宁怡苑,外环外,320,41537,2室2厅1厨1卫,77.04O,高楼层 (共6层),平层,南,一梯两户,简装,未知,钢混结构,无,,https://sh.lianjia.com/ershoufang/107100899473.html
,,地图,,270,33297,2室2厅1厨1卫,81.09O,低楼层 (共6层),平层,南,暂无数据,毛坯,未知,未知结构,无,,https://sh.lianjia.com/ershoufang/107100436497.html
浦东,康桥,旭辉亚瑟郡,外环外,630,51220,3室2厅1厨2卫,123O,低楼层 (共8层),平层,南,一梯一户,精装,70年,钢混结构,暂无数据,,https://sh.lianjia.com/ershoufang/107100389108.html
浦东,康桥,中邦城市,外环外,540,51999,3室2厅1厨1卫,103.85O,高楼层 (共15层),平层,南 北,两梯两户,精装,未知,钢混结构,有,,https://sh.lianjia.com/ershoufang/107101389123.html
浦东,康桥,文怡苑,外环外,450,38406,3室2厅1厨2卫,117.17O,低楼层 (共12层),暂无数据,南,一梯三户,其他,未知,钢混结构,有,,https://sh.lianjia.com/ershoufang/107101469999.html
浦东,康桥,康桥月苑,外环外,260,35863,2室2厅1厨1卫,72.5O,高楼层 (共6层),暂无数据,南 北,一梯两户,毛坯,未知,钢混结构,无,,https://sh.lianjia.com/ershoufang/107002028921.html
浦东,康桥,沔溪苑,外环外,408,32126,3室2厅1厨2卫,127O,高楼层 (共6层),平层,南,一梯两户,精装,未知,钢混结构,无,,https://sh.lianjia.com/ershoufang/107100352059.html
浦东,康桥,中邦城市,外环外,427,43599,2室2厅1厨1卫,97.94O,低楼层 (共12层),平层,南,一梯两户,精装,未知,钢混结构,有,,https://sh.lianjia.com/ershoufang/107101384102.html
浦东,康桥,周康四村,外环外,488,40000,3室2厅1厨2卫,122O,中楼层 (共5层),平层,南,一梯两户,精装,70年,钢混结构,无,,https://sh.lianjia.com/ershoufang/107101258169.html
浦东,康桥,周康五村,外环外,269,43698,1室1厅1厨1卫,61.56O,低楼层 (共18层),暂无数据,南,一梯三户,毛坯,未知,钢混结构,暂无数据,,https://sh.lianjia.com/ershoufang/107101373878.html
浦东,康桥,康桥半岛密苏里假日公寓,外环外,580,43940,2室2厅1厨2卫,132O,中楼层 (共4层),暂无数据,南,一梯两户,精装,70年,钢混结构,有,,https://sh.lianjia.com/ershoufang/107101162690.html
浦东,康桥,海尚乐苑,外环外,210,35624,2室1厅1厨1卫,58.95O,低楼层 (共14层),平层,南,一梯三户,毛坯,未知,钢混结构,有,,https://sh.lianjia.com/ershoufang/107100294863.html
浦东,康桥,康桥宝邸,外环外,230,37705,1室2厅1厨1卫,61O,低楼层 (共11层),平层,南,一梯三户,毛坯,未知,钢混结构,有,,https://sh.lianjia.com/ershoufang/107100510960.html
浦东,康桥,昱龙家园,外环外,215,36147,1室1厅1厨1卫,59.48O,中楼层 (共14层),平层,南,一梯四户,精装,70年,钢混结构,有,,https://sh.lianjia.com/ershoufang/107100937825.html
浦东,康桥,汤巷馨村(二期),外环外,315,38026,3室2厅1厨1卫,82.84O,低楼层 (共14层),平层,南,一梯四户,简装,未知,钢混结构,有,,https://sh.lianjia.com/ershoufang/107101250376.html
浦东,康桥,中邦城市,外环外,680,48869,3室2厅1厨2卫,139.15O,中楼层 (共16层),平层,南,两梯两户,精装,未知,钢混结构,有,,https://sh.lianjia.com/ershoufang/107101022438.html
浦东,康桥,汤巷馨村(二期),外环外,345,41647,3室2厅0厨1卫,82.84O,中楼层 (共14层),平层,南,一梯四户,其他,未知,钢混结构,有,,https://sh.lianjia.com/ershoufang/107101468986.html
浦东,康桥,周康二村,外环外,305,41295,2室1厅1厨1卫,73.86O,中楼层 (共5层),平层,南,一梯两户,简装,未知,砖混结构,无,,https://sh.lianjia.com/ershoufang/107101300579.html
浦东,康桥,康桥半岛,外环外,1050,53300,3室2厅1厨3卫,197O,低楼层 (共1层),,南,,简装,70年,未知结构,,暂无数据,https://sh.lianjia.com/ershoufang/107002223385.html
浦东,康桥,海尚乐苑,外环外,317,40193,2室1厅1厨1卫,78.87O,高楼层 (共14层),平层,南,两梯四户,毛坯,未知,钢混结构,有,,https://sh.lianjia.com/ershoufang/107101172961.html
浦东,康桥,绿宝园,外环外,2250,75534,4室3厅1厨3卫,297.88O,低楼层 (共2层),,南,,其他,未知,钢混结构,,独栋,https://sh.lianjia.com/ershoufang/107100266880.html
浦东,康桥,康桥宝邸,外环外,295,39444,2室2厅1厨1卫,74.79O,高楼层 (共6层),平层,南 北,一梯两户,其他,未知,钢混结构,无,,https://sh.lianjia.com/ershoufang/107101310583.html
浦东,康桥,天台星城,外环外,480,43637,3室2厅1厨1卫,110O,低楼层 (共7层),平层,南 北,一梯两户,精装,未知,钢混结构,有,,https://sh.lianjia.com/ershoufang/107100899915.html
浦东,康桥,昱龙家园,外环外,271,37012,2室2厅1厨1卫,73.22O,中楼层 (共6层),平层,南,一梯两户,毛坯,70年,钢混结构,无,,https://sh.lianjia.com/ershoufang/107100736974.html
浦东,康桥,达城锦园,外环外,218,39803,1室1厅1厨1卫,54.77O,中楼层 (共14层),平层,南,一梯三户,精装,未知,钢混结构,有,,https://sh.lianjia.com/ershoufang/107101358828.html
浦东,康桥,中邦城市,外环外,640,47826,3室2厅1厨2卫,133.82O,低楼层 (共18层),平层,南 西 北,两梯两户,精装,未知,钢混结构,有,,https://sh.lianjia.com/ershoufang/107101216841.html
浦东,康桥,达城家园,外环外,315,39798,2室2厅1厨1卫,79.15O,中楼层 (共14层),平层,南 北,一梯两户,精装,未知,钢混结构,有,,https://sh.lianjia.com/ershoufang/107101170785.html
浦东,康桥,城中花园,外环外,530,37248,3室2厅1厨2卫,142.29O,中楼层 (共16层),暂无数据,南,两梯三户,精装,未知,钢混结构,有,,https://sh.lianjia.com/ershoufang/107002217631.html
浦东,康桥,康桥半岛(沪南路2729弄),外环外,1050,58412,3室2厅1厨3卫,179.76O,低楼层 (共3层),,南,,精装,未知,钢混结构,,暂无数据,https://sh.lianjia.com/ershoufang/107100603149.html
浦东,康桥,城中花园,外环外,385,37379,2室2厅1厨1卫,103O,低楼层 (共16层),平层,南,两梯三户,简装,未知,钢混结构,有,,https://sh.lianjia.com/ershoufang/107101355633.html
浦东,康桥,城中花园,外环外,430,40034,2室2厅1厨1卫,107.41O,中楼层 (共12层),平层,南 北,一梯两户,精装,未知,钢混结构,有,,https://sh.lianjia.com/ershoufang/107101415853.html
浦东,康桥,达城锦园,外环外,290,38360,2室2厅1厨1卫,75.6O,高楼层 (共14层),平层,南,一梯三户,精装,未知,钢混结构,有,,https://sh.lianjia.com/ershoufang/107101226839.html
浦东,康桥,康桥名郡,外环外,1180,60785,4室2厅1厨3卫,194.13O,低楼层 (共3层),,南,,毛坯,未知,钢混结构,,暂无数据,https://sh.lianjia.com/ershoufang/107101085184.html
浦东,康桥,海尚康庭,外环外,278,35031,2室2厅1厨1卫,79.36O,低楼层 (共14层),平层,南,一梯三户,精装,70年,钢混结构,有,,https://sh.lianjia.com/ershoufang/107101306141.html
浦东,康桥,万科提香别墅,外环外,2999,87115,5室2厅1厨3卫,344.26O,低楼层 (共2层),,南,,精装,未知,钢混结构,,独栋,https://sh.lianjia.com/ershoufang/107000083621.html
浦东,康桥,昱龙家园,外环外,200,38700,1室1厅1厨1卫,51.68O,中楼层 (共14层),平层,南,一梯四户,简装,70年,钢混结构,有,,https://sh.lianjia.com/ershoufang/107100892931.html
浦东,康桥,双秀北园,外环外,470,37971,3室2厅1厨2卫,123.78O,低楼层 (共6层),平层,南,一梯两户,精装,未知,钢混结构,无,,https://sh.lianjia.com/ershoufang/107101374754.html
浦东,康桥,康桥宝邸,外环外,388,38340,3室2厅1厨1卫,101.2O,低楼层 (共14层),平层,南 北,一梯三户,精装,未知,钢混结构,有,,https://sh.lianjia.com/ershoufang/107101228341.html
浦东,康桥,达城锦园,外环外,316,41087,2室2厅1厨1卫,76.91O,低楼层 (共14层),平层,南,一梯三户,其他,未知,钢混结构,有,,https://sh.lianjia.com/ershoufang/107101333814.html
浦东,康桥,康桥宝邸,外环外,265,35571,2室2厅1厨1卫,74.5O,低楼层 (共6层),暂无数据,南,一梯两户,毛坯,未知,钢混结构,无,,https://sh.lianjia.com/ershoufang/107100710391.html
浦东,康桥,绿地上河院,外环外,1350,44775,5室2厅1厨4卫,301.51O,低楼层 (共3层),,南,,精装,未知,钢混结构,,联排,https://sh.lianjia.com/ershoufang/107000342697.html
浦东,康桥,康桥宝邸,外环外,300,40269,2室2厅1厨1卫,74.5O,低楼层 (共6层),平层,南 北,一梯两户,精装,未知,钢混结构,无,,https://sh.lianjia.com/ershoufang/107101234030.html
浦东,康桥,绿地康桥新苑,外环外,425,45031,2室2厅1厨1卫,94.38O,中楼层 (共12层),平层,南,一梯两户,精装,70年,钢混结构,有,,https://sh.lianjia.com/ershoufang/107002121661.html
浦东,康桥,中邦城市园,外环外,510,46867,3室2厅1厨1卫,108.82O,中楼层 (共26层),平层,南,两梯五户,毛坯,70年,钢混结构,有,,https://sh.lianjia.com/ershoufang/107101141783.html
浦东,康桥,昱龙家园,外环外,283,38363,2室2厅1厨1卫,73.77O,中楼层 (共6层),平层,南,一梯两户,精装,70年,钢混结构,无,,https://sh.lianjia.com/ershoufang/107101236378.html
浦东,康桥,绿地康桥新苑,外环外,405,49939,2室2厅1厨1卫,81.1O,高楼层 (共6层),暂无数据,南 北,一梯两户,简装,未知,钢混结构,无,,https://sh.lianjia.com/ershoufang/107101448226.html
浦东,康桥,达城锦园,外环外,298,39377,2室2厅1厨1卫,75.68O,中楼层 (共14层),平层,南,一梯三户,毛坯,未知,钢混结构,有,,https://sh.lianjia.com/ershoufang/107101337916.html
浦东,康桥,美林小城,外环外,520,45135,3室2厅1厨1卫,115.21O,中楼层 (共13层),暂无数据,南,一梯两户,简装,未知,钢混结构,有,,https://sh.lianjia.com/ershoufang/107101225525.html
浦东,康桥,天台星城,外环外,405,40432,2室2厅1厨1卫,100.17O,低楼层 (共7层),平层,南,一梯两户,精装,未知,钢混结构,有,,https://sh.lianjia.com/ershoufang/107100294507.html
浦东,康桥,达城锦园,外环外,228,41667,1室1厅1厨1卫,54.72O,中楼层 (共14层),平层,南,一梯三户,精装,未知,钢混结构,有,,https://sh.lianjia.com/ershoufang/107100375505.html
浦东,康桥,双秀北园,外环外,500,39448,3室2厅1厨2卫,126.75O,低楼层 (共6层),暂无数据,南,一梯两户,其他,未知,钢混结构,无,,https://sh.lianjia.com/ershoufang/107101451837.html
浦东,康桥,康桥半岛(秀沿路1168弄),外环外,1180,53006,4室2厅1厨3卫,222.62O,低楼层 (共3层),,南,,精装,未知,钢混结构,,暂无数据,https://sh.lianjia.com/ershoufang/107101487005.html
浦东,康桥,宁怡苑,外环外,425,37788,2室2厅1厨2卫,112.47O,高楼层 (共6层),暂无数据,南,一梯两户,精装,未知,钢混结构,无,,https://sh.lianjia.com/ershoufang/107100151213.html
浦东,康桥,昱龙家园,外环外,285,35426,3室1厅1厨1卫,80.45O,高楼层 (共11层),暂无数据,南,一梯四户,其他,70年,钢混结构,有,,https://sh.lianjia.com/ershoufang/107101518229.html
浦东,康桥,中邦城市园,外环外,325,46966,1室2厅1厨1卫,69.2O,低楼层 (共26层),平层,南,两梯五户,简装,70年,钢混结构,有,,https://sh.lianjia.com/ershoufang/107100843470.html
浦东,康桥,绿地上河院,外环外,1240,41472,4室2厅1厨3卫,299O,低楼层 (共3层),,南,,毛坯,未知,钢混结构,,联排,https://sh.lianjia.com/ershoufang/107100945255.html
浦东,康桥,绿宝园,外环外,3680,82490,5室2厅1厨5卫,446.12O,低楼层 (共2层),,暂无数据,,精装,70年,钢混结构,,暂无数据,https://sh.lianjia.com/ershoufang/107002330861.html
浦东,康桥,汤巷中心村,外环外,305,29902,3室1厅1厨1卫,102O,中楼层 (共6层),暂无数据,南,一梯两户,简装,未知,砖混结构,无,,https://sh.lianjia.com/ershoufang/107101305476.html
浦东,康桥,万科提香别墅,外环外,3700,97108,4室3厅2厨5卫,381.02O,低楼层 (共2层),,南,,精装,未知,钢混结构,,独栋,https://sh.lianjia.com/ershoufang/107101511994.html
浦东,康桥,绿地康桥新苑,外环外,320,41323,2室2厅1厨1卫,77.44O,低楼层 (共6层),平层,南 北,一梯两户,毛坯,未知,钢混结构,无,,https://sh.lianjia.com/ershoufang/107100901824.html
浦东,康桥,康桥宝邸,外环外,288,38601,4室2厅1厨2卫,74.61O,高楼层 (共6层),跃层,南,一梯两户,精装,未知,钢混结构,无,,https://sh.lianjia.com/ershoufang/107101046284.html
浦东,康桥,康桥月苑,外环外,252,34630,2室2厅1厨1卫,72.77O,低楼层 (共6层),暂无数据,南 北,一梯两户,毛坯,未知,钢混结构,无,,https://sh.lianjia.com/ershoufang/107101429491.html
浦东,康桥,绿宝园馥庭,外环外,1700,63980,4室3厅1厨5卫,265.71O,低楼层 (共3层),,南 北,,精装,未知,钢混结构,,联排,https://sh.lianjia.com/ershoufang/107100528589.html
浦东,康桥,康桥宝邸,外环外,405,39993,3室2厅1厨1卫,101.27O,高楼层 (共14层),平层,南 北,一梯三户,精装,未知,钢混结构,有,,https://sh.lianjia.com/ershoufang/107100910708.html
浦东,康桥,康桥干部村,外环外,430,32534,3室2厅1厨2卫,132.17O,高楼层 (共6层),平层,南 北,一梯两户,简装,未知,砖混结构,无,,https://sh.lianjia.com/ershoufang/107100475870.html
浦东,康桥,昱龙家园,外环外,225,41021,1室1厅1厨1卫,54.85O,中楼层 (共14层),平层,南,一梯四户,其他,70年,钢混结构,有,,https://sh.lianjia.com/ershoufang/107101495283.html
浦东,康桥,双秀西园,外环外,300,38690,2室2厅1厨1卫,77.54O,高楼层 (共6层),平层,南,一梯两户,毛坯,未知,钢混结构,无,,https://sh.lianjia.com/ershoufang/107101360457.html
浦东,康桥,阳光城丽景湾PLUS,外环外,418,46967,2室1厅1厨1卫,89O,高楼层 (共18层),平层,南,两梯两户,毛坯,70年,钢混结构,有,,https://sh.lianjia.com/ershoufang/107101151256.html
浦东,康桥,昱龙家园,外环外,440,34813,3室2厅1厨1卫,126.39O,中楼层 (共14层),平层,南,一梯四户,精装,70年,钢混结构,有,,https://sh.lianjia.com/ershoufang/107101200781.html
浦东,康桥,康桥半岛,外环外,1350,59305,4室2厅1厨3卫,227.64O,低楼层 (共3层),,南,,精装,未知,钢混结构,,暂无数据,https://sh.lianjia.com/ershoufang/107100592131.html
浦东,康桥,周康五村,外环外,270,43867,1室1厅1厨1卫,61.55O,中楼层 (共18层),平层,南,一梯三户,简装,未知,钢混结构,暂无数据,,https://sh.lianjia.com/ershoufang/107101204035.html
浦东,康桥,绿地康桥新苑,外环外,380,48718,2室2厅1厨1卫,78O,高楼层 (共6层),平层,南 北,一梯两户,精装,未知,钢混结构,无,,https://sh.lianjia.com/ershoufang/107101478638.html
浦东,康桥,达城锦园,外环外,295,38903,2室1厅1厨1卫,75.83O,低楼层 (共14层),平层,南,一梯三户,简装,未知,钢混结构,有,,https://sh.lianjia.com/ershoufang/107100390867.html
浦东,康桥,康桥月苑,外环外,255,35154,2室1厅1厨1卫,72.54O,高楼层 (共6层),平层,南 北,一梯两户,毛坯,未知,钢混结构,无,,https://sh.lianjia.com/ershoufang/107101223611.html
浦东,康桥,康桥宝邸,外环外,310,40518,2室2厅1厨1卫,76.51O,中楼层 (共11层),平层,南,一梯三户,毛坯,未知,钢混结构,有,,https://sh.lianjia.com/ershoufang/107101147954.html
浦东,康桥,达城锦园,外环外,306,40434,2室2厅1厨1卫,75.68O,高楼层 (共14层),平层,南,一梯三户,精装,未知,钢混结构,有,,https://sh.lianjia.com/ershoufang/107101452263.html
浦东,康桥,绿地康桥新苑,外环外,385,47946,2室2厅1厨1卫,80.3O,中楼层 (共6层),平层,南 北,一梯两户,精装,未知,钢混结构,无,,https://sh.lianjia.com/ershoufang/107101239557.html
浦东,康桥,中骏柏景湾,外环外,620,53449,3室2厅1厨2卫,116O,中楼层 (共16层),平层,南,一梯四户,毛坯,70年,钢混结构,暂无数据,,https://sh.lianjia.com/ershoufang/107101207791.html
浦东,康桥,昱龙家园,外环外,269,36505,2室2厅1厨1卫,73.69O,中楼层 (共6层),平层,南 北,一梯两户,精装,70年,钢混结构,无,,https://sh.lianjia.com/ershoufang/107101220066.html
浦东,康桥,双秀西园,外环外,330,38534,2室2厅1厨1卫,85.64O,低楼层 (共6层),平层,南,一梯两户,其他,70年,钢混结构,有,,https://sh.lianjia.com/ershoufang/107101399322.html
浦东,康桥,中科大学村,外环外,1800,52043,4室2厅1厨4卫,345.87O,低楼层 (共2层),,南,,毛坯,未知,钢混结构,,联排,https://sh.lianjia.com/ershoufang/107002041045.html
浦东,康桥,康桥半岛(秀沿路1028弄),外环外,1500,59498,5室2厅1厨3卫,252.11O,低楼层 (共2层),,南,,精装,未知,钢混结构,,暂无数据,https://sh.lianjia.com/ershoufang/107101447063.html
浦东,康桥,宁怡苑,外环外,400,31830,3室2厅1厨2卫,125.67O,低楼层 (共5层),平层,南 北,一梯两户,简装,未知,钢混结构,无,,https://sh.lianjia.com/ershoufang/107101085043.html
浦东,康桥,达城锦园,外环外,380,38859,3室2厅1厨1卫,97.79O,中楼层 (共11层),平层,西,一梯三户,精装,未知,钢混结构,有,,https://sh.lianjia.com/ershoufang/107100493721.html
浦东,康桥,文怡苑,外环外,395,40013,2室2厅1厨1卫,98.72O,高楼层 (共12层),平层,南,一梯四户,简装,未知,钢混结构,有,,https://sh.lianjia.com/ershoufang/107101382356.html
浦东,康桥,康桥月苑,外环外,265,36669,2室2厅1厨1卫,72.27O,中楼层 (共6层),平层,南 北,一梯两户,其他,未知,钢混结构,无,,https://sh.lianjia.com/ershoufang/107101378962.html
浦东,康桥,绿宝园,外环外,3200,83768,5室3厅1厨5卫,382.01O,低楼层 (共2层),,北,,精装,未知,钢混结构,,暂无数据,https://sh.lianjia.com/ershoufang/107100523148.html
浦东,康桥,阳光城丽景湾PLUS,外环外,420,47192,2室2厅1厨1卫,89O,低楼层 (共18层),暂无数据,南,两梯两户,毛坯,70年,钢混结构,有,,https://sh.lianjia.com/ershoufang/107100527964.html
浦东,康桥,海尚康庭,外环外,212,37390,2室1厅1厨1卫,56.7O,低楼层 (共14层),平层,南,一梯四户,精装,未知,钢混结构,有,,https://sh.lianjia.com/ershoufang/107100577818.html
浦东,康桥,城中花园,外环外,430,46959,3室2厅1厨1卫,91.57O,中楼层 (共16层),平层,南,两梯两户,简装,未知,钢混结构,有,,https://sh.lianjia.com/ershoufang/107101145974.html
浦东,康桥,城中花园,外环外,400,40833,2室2厅1厨1卫,97.96O,低楼层 (共12层),平层,南,一梯两户,精装,70年,钢混结构,有,,https://sh.lianjia.com/ershoufang/107100737764.html
浦东,康桥,海尚康庭,外环外,260,36222,2室1厅1厨1卫,71.78O,中楼层 (共14层),平层,南,一梯三户,毛坯,未知,钢混结构,有,,https://sh.lianjia.com/ershoufang/107101431352.html
浦东,康桥,南华城,外环外,310,33163,2室2厅1厨1卫,93.48O,高楼层 (共6层),平层,南,一梯两户,其他,未知,砖混结构,无,,https://sh.lianjia.com/ershoufang/107101247892.html
浦东,康桥,天台别韵,外环外,430,47715,2室2厅1厨1卫,90.12O,低楼层 (共11层),平层,南,一梯三户,精装,未知,钢混结构,有,,https://sh.lianjia.com/ershoufang/107101218503.html
浦东,康桥,秀怡苑,外环外,450,35157,3室2厅1厨2卫,128O,低楼层 (共15层),暂无数据,南,一梯三户,毛坯,未知,钢混结构,暂无数据,,https://sh.lianjia.com/ershoufang/107101024711.html
浦东,康桥,海尚康庭,外环外,290,39841,2室1厅1厨1卫,72.79O,高楼层 (共5层),平层,南 北,一梯三户,简装,未知,钢混结构,无,,https://sh.lianjia.com/ershoufang/107101300539.html
浦东,康桥,美林小城,外环外,380,42171,2室2厅1厨1卫,90.11O,低楼层 (共14层),平层,南 北,一梯两户,精装,70年,钢混结构,有,,https://sh.lianjia.com/ershoufang/107101450317.html
浦东,康桥,城中花园,外环外,420,39604,2室2厅1厨2卫,106.05O,低楼层 (共12层),平层,南,一梯两户,其他,70年,钢混结构,有,,https://sh.lianjia.com/ershoufang/107101055376.html
浦东,康桥,海尚康庭,外环外,215,38373,1室2厅1厨1卫,56.03O,低楼层 (共5层),平层,南,一梯三户,精装,未知,钢混结构,无,,https://sh.lianjia.com/ershoufang/107101411631.html
浦东,康桥,康桥宝邸,外环外,335,41855,2室2厅1厨1卫,80.04O,中楼层 (共14层),平层,南,一梯三户,精装,未知,钢混结构,有,,https://sh.lianjia.com/ershoufang/107100948738.html
浦东,康桥,汤巷馨村(二期),外环外,350,41882,2室2厅1厨1卫,83.57O,高楼层 (共14层),平层,南 北,一梯四户,精装,未知,钢混结构,有,,https://sh.lianjia.com/ershoufang/107101227594.html
浦东,康桥,美林小城,外环外,530,55451,2室2厅1厨1卫,95.58O,高楼层 (共14层),平层,南 北,一梯两户,毛坯,70年,钢混结构,有,,https://sh.lianjia.com/ershoufang/107101045039.html
浦东,康桥,周康三村,外环外,280,50854,2室2厅1厨1卫,55.06O,高楼层 (共5层),平层,南,一梯两户,精装,未知,钢混结构,无,,https://sh.lianjia.com/ershoufang/107002056693.html
浦东,康桥,昱龙家园,外环外,210,35306,1室1厅1厨1卫,59.48O,高楼层 (共14层),平层,南,一梯四户,精装,70年,钢混结构,有,,https://sh.lianjia.com/ershoufang/107101283661.html
浦东,康桥,绿地康桥新苑,外环外,360,41120,2室2厅1厨1卫,87.55O,低楼层 (共14层),平层,南,一梯两户,精装,未知,钢混结构,有,,https://sh.lianjia.com/ershoufang/107001189991.html
浦东,康桥,双秀南园,外环外,510,37341,3室2厅1厨2卫,136.58O,高楼层 (共6层),暂无数据,南,一梯两户,毛坯,未知,钢混结构,无,,https://sh.lianjia.com/ershoufang/107101024403.html
浦东,康桥,中邦城市园,外环外,460,42272,3室2厅1厨1卫,108.82O,低楼层 (共26层),平层,南 西,两梯五户,精装,70年,钢混结构,有,,https://sh.lianjia.com/ershoufang/107100987506.html
浦东,康桥,世茂云图,外环外,470,53410,3室2厅1厨1卫,88O,中楼层 (共15层),平层,南,两梯四户,精装,70年,钢混结构,有,,https://sh.lianjia.com/ershoufang/107100558632.html
浦东,康桥,绿地康桥新苑,外环外,580,49153,3室2厅1厨2卫,118O,低楼层 (共17层),平层,南 北,一梯两户,精装,未知,钢混结构,有,,https://sh.lianjia.com/ershoufang/107101359633.html
浦东,康桥,美林小城,外环外,400,42106,2室2厅1厨1卫,95O,低楼层 (共13层),平层,南 北,一梯两户,精装,70年,钢混结构,有,,https://sh.lianjia.com/ershoufang/107101047697.html
浦东,康桥,城中花园,外环外,402,41788,3室2厅1厨1卫,96.2O,低楼层 (共12层),暂无数据,南,一梯两户,精装,70年,钢混结构,有,,https://sh.lianjia.com/ershoufang/107101025004.html
浦东,康桥,绿地康桥新苑,外环外,405,49349,3室2厅1厨2卫,82.07O,高楼层 (共6层),平层,南 北,一梯一户,精装,未知,钢混结构,无,,https://sh.lianjia.com/ershoufang/107101043359.html
浦东,康桥,绿地康桥新苑,外环外,385,49303,2室2厅1厨1卫,78.09O,中楼层 (共7层),平层,南 北,一梯两户,精装,未知,钢混结构,无,,https://sh.lianjia.com/ershoufang/107100721673.html
浦东,康桥,绿地康桥新苑,外环外,385,49170,2室2厅1厨1卫,78.3O,中楼层 (共6层),暂无数据,南 北,一梯两户,简装,未知,钢混结构,无,,https://sh.lianjia.com/ershoufang/107101489926.html
浦东,康桥,美林小城,外环外,390,43801,2室1厅1厨1卫,89.04O,高楼层 (共11层),平层,南 北,一梯两户,毛坯,70年,钢混结构,有,,https://sh.lianjia.com/ershoufang/107101519350.html
浦东,康桥,昱龙家园,外环外,260,32315,2室2厅1厨1卫,80.46O,低楼层 (共14层),平层,东,一梯三户,简装,70年,钢混结构,有,,https://sh.lianjia.com/ershoufang/107101441239.html
浦东,康桥,城中花园,外环外,1000,39312,5室2厅1厨5卫,254.38O,低楼层 (共12层),暂无数据,南,一梯五户,精装,未知,钢混结构,有,,https://sh.lianjia.com/ershoufang/107000145767.html
浦东,康桥,康桥半岛(沪南路2731弄),外环外,1550,52229,5室2厅1厨5卫,296.77O,低楼层 (共3层),,暂无数据,,精装,未知,钢混结构,,暂无数据,https://sh.lianjia.com/ershoufang/107002203225.html
浦东,康桥,达城家园,外环外,295,37272,2室2厅1厨1卫,79.15O,低楼层 (共14层),平层,南 北,一梯两户,简装,未知,钢混结构,有,,https://sh.lianjia.com/ershoufang/107101351904.html
浦东,康桥,绿地康桥新苑,外环外,350,45267,2室2厅1厨1卫,77.32O,低楼层 (共6层),暂无数据,南,一梯两户,精装,未知,钢混结构,无,,https://sh.lianjia.com/ershoufang/107101517604.html
浦东,康桥,城中花园,外环外,515,38402,3室2厅1厨1卫,134.11O,低楼层 (共16层),暂无数据,南,一梯两户,精装,未知,钢混结构,有,,https://sh.lianjia.com/ershoufang/107101196426.html
浦东,康桥,汤巷馨村(二期),外环外,470,36316,3室2厅1厨2卫,129.42O,低楼层 (共14层),平层,南,一梯三户,精装,未知,钢混结构,有,,https://sh.lianjia.com/ershoufang/107101093754.html
浦东,康桥,昱龙家园,外环外,265,35811,2室2厅1厨1卫,74O,高楼层 (共6层),平层,南,一梯两户,毛坯,70年,钢混结构,无,,https://sh.lianjia.com/ershoufang/107001832593.html
浦东,康桥,昱龙家园,外环外,280,37998,2室1厅1厨1卫,73.69O,低楼层 (共6层),平层,南,一梯两户,毛坯,70年,钢混结构,无,,https://sh.lianjia.com/ershoufang/107100695980.html
浦东,康桥,双秀北园,外环外,380,35186,2室2厅1厨1卫,108O,高楼层 (共6层),平层,南,一梯两户,简装,未知,钢混结构,无,,https://sh.lianjia.com/ershoufang/107100222503.html
浦东,康桥,阳光城丽景湾PLUS,外环外,430,48864,2室2厅1厨1卫,88O,低楼层 (共18层),平层,暂无数据,两梯两户,毛坯,70年,钢混结构,有,,https://sh.lianjia.com/ershoufang/107002229879.html
浦东,康桥,昱龙家园,外环外,257,34876,2室2厅1厨1卫,73.69O,高楼层 (共6层),平层,南,一梯两户,简装,70年,钢混结构,无,,https://sh.lianjia.com/ershoufang/107101451769.html
浦东,康桥,城中花园,外环外,520,36364,3室2厅1厨2卫,143O,中楼层 (共16层),平层,南,两梯三户,毛坯,未知,钢混结构,有,,https://sh.lianjia.com/ershoufang/107101292448.html
浦东,康桥,康桥半岛(秀沿路1177弄),外环外,1380,54734,4室2厅1厨3卫,252.13O,低楼层 (共2层),,南,,毛坯,未知,钢混结构,,暂无数据,https://sh.lianjia.com/ershoufang/107100484973.html
浦东,康桥,周康二村,外环外,369,39281,3室2厅1厨1卫,93.94O,高楼层 (共5层),平层,南,一梯两户,简装,未知,砖混结构,无,,https://sh.lianjia.com/ershoufang/107101090438.html
浦东,康桥,墅外金柳湾,外环外,1030,42559,4室2厅1厨3卫,242.02O,低楼层 (共14层),暂无数据,南,一梯一户,精装,未知,钢混结构,有,,https://sh.lianjia.com/ershoufang/107101329243.html
浦东,康桥,万科提香别墅,外环外,3600,102521,5室2厅1厨5卫,351.15O,低楼层 (共2层),,南,,精装,未知,钢混结构,,独栋,https://sh.lianjia.com/ershoufang/107101391738.html
浦东,康桥,中邦城市,外环外,510,51909,2室2厅1厨1卫,98.25O,低楼层 (共12层),平层,南,一梯两户,精装,未知,钢混结构,有,,https://sh.lianjia.com/ershoufang/107100962472.html
浦东,康桥,中邦城市艺墅,外环外,1750,52396,5室2厅1厨4卫,334O,低楼层 (共1层),,南,,精装,70年,钢混结构,,暂无数据,https://sh.lianjia.com/ershoufang/107100566340.html
浦东,康桥,海尚康庭,外环外,308,41894,2室1厅0厨1卫,73.52O,高楼层 (共5层),平层,北 南,一梯两户,其他,未知,钢混结构,无,,https://sh.lianjia.com/ershoufang/107101387817.html
浦东,康桥,康桥半岛密苏里假日公寓,外环外,630,49619,3室2厅1厨2卫,126.97O,中楼层 (共4层),暂无数据,南,一梯两户,精装,70年,钢混结构,无,,https://sh.lianjia.com/ershoufang/107100791406.html
浦东,康桥,中邦城市,外环外,590,51755,3室2厅1厨2卫,114O,中楼层 (共8层),平层,南 北,一梯两户,精装,70年,钢混结构,有,,https://sh.lianjia.com/ershoufang/107101386536.html
浦东,康桥,绿宝园,外环外,2000,67142,4室2厅1厨3卫,297.88O,低楼层 (共2层),,南,,其他,未知,钢混结构,,暂无数据,https://sh.lianjia.com/ershoufang/107101489730.html
浦东,康桥,城中花园,外环外,400,39726,3室2厅1厨2卫,100.69O,低楼层 (共16层),平层,南,两梯两户,毛坯,未知,钢混结构,有,,https://sh.lianjia.com/ershoufang/107002269747.html
浦东,康桥,康桥半岛(秀沿路1177弄),外环外,1400,55527,4室2厅1厨3卫,252.13O,低楼层 (共2层),,南,,简装,未知,钢混结构,,暂无数据,https://sh.lianjia.com/ershoufang/107100850310.html
浦东,康桥,文怡苑,外环外,350,36184,2室2厅0厨1卫,96.73O,低楼层 (共13层),暂无数据,南,一梯三户,简装,未知,钢混结构,有,,https://sh.lianjia.com/ershoufang/107101510379.html
浦东,康桥,海尚乐苑,外环外,286,36508,2室2厅1厨1卫,78.34O,低楼层 (共14层),平层,南,一梯三户,毛坯,未知,钢混结构,有,,https://sh.lianjia.com/ershoufang/107100915006.html
浦东,康桥,康桥干部村,外环外,338,35904,3室2厅1厨2卫,94.14O,高楼层 (共6层),平层,南,一梯两户,简装,未知,砖混结构,无,,https://sh.lianjia.com/ershoufang/107100721627.html
浦东,康桥,康桥宝邸,外环外,290,38890,2室2厅1厨1卫,74.57O,高楼层 (共6层),平层,南 北,一梯两户,精装,未知,钢混结构,无,,https://sh.lianjia.com/ershoufang/107101301020.html
浦东,康桥,秀怡苑,外环外,250,41730,1室1厅1厨1卫,59.91O,低楼层 (共18层),平层,南,一梯三户,精装,未知,钢混结构,暂无数据,,https://sh.lianjia.com/ershoufang/107101054869.html
浦东,康桥,中邦城市,外环外,448,45715,2室2厅1厨1卫,98O,低楼层 (共12层),平层,南,一梯两户,精装,未知,钢混结构,有,,https://sh.lianjia.com/ershoufang/107100660116.html
浦东,康桥,达城锦园,外环外,235,42907,1室1厅1厨1卫,54.77O,低楼层 (共14层),平层,南,一梯三户,简装,未知,钢混结构,有,,https://sh.lianjia.com/ershoufang/107101483814.html
浦东,康桥,海尚康庭,外环外,320,43728,2室1厅1厨1卫,73.18O,高楼层 (共5层),平层,南,一梯三户,精装,未知,钢混结构,无,,https://sh.lianjia.com/ershoufang/107101071106.html
浦东,康桥,康桥半岛(沪南路2729弄),外环外,950,53192,4室2厅1厨3卫,178.6O,低楼层 (共3层),,南 北,,精装,未知,钢混结构,,暂无数据,https://sh.lianjia.com/ershoufang/107100744466.html
浦东,康桥,天台星城,外环外,560,42972,3室2厅1厨2卫,130.32O,低楼层 (共7层),平层,南,一梯两户,精装,未知,钢混结构,有,,https://sh.lianjia.com/ershoufang/107101342075.html
浦东,康桥,美林小城,外环外,395,41799,2室2厅1厨1卫,94.5O,低楼层 (共14层),平层,南,一梯两户,简装,未知,钢混结构,有,,https://sh.lianjia.com/ershoufang/107101085305.html
浦东,康桥,绿地康桥新苑,外环外,410,42928,2室2厅1厨1卫,95.51O,低楼层 (共14层),暂无数据,南,一梯两户,精装,未知,钢混结构,有,,https://sh.lianjia.com/ershoufang/107001959925.html
浦东,康桥,康桥宝邸,外环外,298,36955,2室2厅1厨1卫,80.64O,中楼层 (共11层),平层,南,一梯三户,精装,未知,钢混结构,有,,https://sh.lianjia.com/ershoufang/107100827189.html
浦东,康桥,海尚乐苑,外环外,210,35953,1室1厅1厨1卫,58.41O,高楼层 (共14层),平层,南,一梯四户,毛坯,未知,钢混结构,有,,https://sh.lianjia.com/ershoufang/107100951703.html
浦东,康桥,海尚康庭,外环外,285,38877,2室2厅1厨1卫,73.31O,中楼层 (共5层),平层,南,一梯两户,精装,未知,钢混结构,无,,https://sh.lianjia.com/ershoufang/107100561267.html
浦东,康桥,双秀西园,外环外,320,44919,2室2厅1厨1卫,71.24O,高楼层 (共6层),平层,南,一梯两户,精装,未知,钢混结构,无,,https://sh.lianjia.com/ershoufang/107101178170.html
浦东,康桥,海尚乐苑,外环外,249,42630,1室1厅1厨1卫,58.41O,低楼层 (共14层),平层,南,两梯四户,其他,未知,钢混结构,有,,https://sh.lianjia.com/ershoufang/107101505582.html
浦东,康桥,城中花园,外环外,400,40967,2室2厅1厨1卫,97.64O,中楼层 (共11层),平层,南,一梯两户,简装,未知,钢混结构,有,,https://sh.lianjia.com/ershoufang/107100548154.html
浦东,康桥,天台星城,外环外,465,40435,3室2厅1厨1卫,115O,中楼层 (共7层),平层,南,一梯一户,其他,70年,未知结构,暂无数据,,https://sh.lianjia.com/ershoufang/107101483010.html
浦东,康桥,康桥月苑,外环外,286,36466,2室1厅1厨1卫,78.43O,中楼层 (共14层),平层,南,一梯三户,精装,未知,钢混结构,有,,https://sh.lianjia.com/ershoufang/107100998477.html
浦东,康桥,美林小城,外环外,385,47543,2室2厅1厨1卫,80.98O,中楼层 (共8层),平层,南,一梯两户,毛坯,70年,钢混结构,有,,https://sh.lianjia.com/ershoufang/107101003674.html
浦东,康桥,美林小城,外环外,500,46512,3室2厅1厨2卫,107.5O,高楼层 (共6层),复式,南 北,一梯两户,精装,未知,钢混结构,无,,https://sh.lianjia.com/ershoufang/107101002524.html
浦东,康桥,中科大学村,外环外,2000,59477,4室2厅1厨3卫,336.27O,低楼层 (共3层),,南,,精装,未知,钢混结构,,独栋,https://sh.lianjia.com/ershoufang/107101177723.html
浦东,康桥,天台别韵,外环外,778,47121,4室2厅1厨2卫,165.11O,高楼层 (共12层),平层,南,一梯三户,精装,未知,钢混结构,有,,https://sh.lianjia.com/ershoufang/107002071303.html
浦东,康桥,海尚康庭,外环外,270,36830,2室2厅1厨1卫,73.31O,中楼层 (共5层),平层,南,一梯两户,其他,未知,钢混结构,无,,https://sh.lianjia.com/ershoufang/107101319285.html
浦东,康桥,康桥干部村,外环外,328,34842,3室2厅1厨2卫,94.14O,高楼层 (共6层),平层,南,一梯两户,简装,70年,砖混结构,无,,https://sh.lianjia.com/ershoufang/107101444818.html
浦东,康桥,周康五村,外环外,288,45941,1室1厅1厨1卫,62.69O,中楼层 (共18层),平层,南,一梯四户,毛坯,未知,钢混结构,暂无数据,,https://sh.lianjia.com/ershoufang/107100232372.html
浦东,康桥,城中花园,外环外,880,39820,4室2厅1厨2卫,221O,低楼层 (共12层),复式,南,一梯一户,精装,70年,钢混结构,有,,https://sh.lianjia.com/ershoufang/107101122989.html
浦东,康桥,达城锦园,外环外,248,35859,2室1厅1厨1卫,69.16O,低楼层 (共14层),平层,南 北,一梯三户,简装,未知,钢混结构,有,,https://sh.lianjia.com/ershoufang/107100713629.html
浦东,康桥,达城家园,外环外,308,38914,2室2厅1厨1卫,79.15O,中楼层 (共14层),平层,南,一梯两户,其他,未知,钢混结构,有,,https://sh.lianjia.com/ershoufang/107101422045.html
浦东,康桥,昱龙家园,外环外,265,35981,2室2厅1厨1卫,73.65O,高楼层 (共6层),平层,南 北,一梯两户,简装,70年,钢混结构,无,,https://sh.lianjia.com/ershoufang/107100833983.html
浦东,康桥,康桥半岛(沪南路2731弄),外环外,900,55566,4室2厅1厨3卫,161.97O,低楼层 (共3层),,暂无数据,,精装,未知,钢混结构,,暂无数据,https://sh.lianjia.com/ershoufang/107002316459.html
浦东,康桥,海尚乐苑,外环外,300,39985,2室1厅1厨1卫,75.03O,中楼层 (共14层),平层,南,一梯三户,毛坯,未知,钢混结构,有,,https://sh.lianjia.com/ershoufang/107100878740.html
浦东,康桥,绿宝园馥庭,外环外,1650,55184,4室3厅1厨5卫,299O,低楼层 (共3层),,南 北,,精装,未知,钢混结构,,联排,https://sh.lianjia.com/ershoufang/107100313266.html
浦东,康桥,昱龙家园,外环外,270,36660,2室2厅1厨1卫,73.65O,低楼层 (共6层),平层,南 北,一梯两户,精装,70年,钢混结构,无,,https://sh.lianjia.com/ershoufang/107100584666.html
浦东,康桥,双秀西园,外环外,300,39516,2室2厅1厨1卫,75.92O,低楼层 (共6层),暂无数据,南,一梯两户,简装,未知,钢混结构,无,,https://sh.lianjia.com/ershoufang/107101046045.html
浦东,康桥,康桥半岛(秀沿路1168弄),外环外,1280,57498,4室3厅1厨2卫,222.62O,低楼层 (共3层),,南,,精装,未知,钢混结构,,暂无数据,https://sh.lianjia.com/ershoufang/107101264433.html
浦东,康桥,康桥月苑,外环外,257,35449,2室2厅1厨1卫,72.5O,高楼层 (共6层),暂无数据,南 北,一梯两户,毛坯,未知,钢混结构,无,,https://sh.lianjia.com/ershoufang/107101499852.html
浦东,康桥,达城家园,外环外,303,39037,3室1厅1厨1卫,77.62O,高楼层 (共14层),平层,南,一梯三户,简装,未知,钢混结构,有,,https://sh.lianjia.com/ershoufang/107101029071.html
浦东,康桥,绿地康桥新苑,外环外,415,47532,2室2厅1厨1卫,87.31O,低楼层 (共14层),平层,南 北,一梯两户,精装,未知,钢混结构,有,,https://sh.lianjia.com/ershoufang/107101453357.html
浦东,康桥,海尚乐苑,外环外,325,41218,2室1厅1厨1卫,78.85O,中楼层 (共14层),平层,南,一梯三户,简装,未知,钢混结构,有,,https://sh.lianjia.com/ershoufang/107101083006.html
浦东,康桥,双秀西园,外环外,405,38385,2室2厅1厨1卫,105.51O,中楼层 (共10层),平层,南,一梯两户,精装,70年,钢混结构,有,,https://sh.lianjia.com/ershoufang/107100633590.html
浦东,康桥,天台星城,外环外,550,42706,4室2厅1厨2卫,128.79O,高楼层 (共6层),暂无数据,南,一梯两户,精装,未知,钢混结构,无,,https://sh.lianjia.com/ershoufang/107100861002.html
浦东,康桥,城中花园,外环外,410,39926,2室2厅1厨1卫,102.69O,中楼层 (共16层),暂无数据,南,两梯三户,简装,未知,钢混结构,有,,https://sh.lianjia.com/ershoufang/107101480329.html
浦东,康桥,中邦城市园,外环外,400,48263,2室2厅1厨1卫,82.88O,高楼层 (共22层),平层,南,两梯四户,毛坯,未知,钢混结构,有,,https://sh.lianjia.com/ershoufang/107101459789.html
浦东,康桥,秀怡苑,外环外,255,42564,1室2厅1厨1卫,59.91O,低楼层 (共18层),平层,南,一梯三户,简装,未知,钢混结构,暂无数据,,https://sh.lianjia.com/ershoufang/107100733174.html
浦东,康桥,文怡苑,外环外,235,42728,1室1厅1厨1卫,55O,低楼层 (共13层),平层,南,一梯四户,精装,未知,钢混结构,有,,https://sh.lianjia.com/ershoufang/107101067392.html
浦东,康桥,城中花园,外环外,550,44524,3室2厅1厨2卫,123.53O,中楼层 (共12层),平层,南,一梯两户,其他,未知,钢混结构,有,,https://sh.lianjia.com/ershoufang/107101408520.html
浦东,康桥,中科大学村,外环外,2900,62417,4室3厅1厨4卫,464.62O,低楼层 (共2层),,南 北,,简装,未知,钢混结构,,暂无数据,https://sh.lianjia.com/ershoufang/107101149426.html
浦东,康桥,康桥宝邸,外环外,238,39326,1室2厅1厨1卫,60.52O,中楼层 (共14层),暂无数据,南,一梯三户,其他,未知,钢混结构,有,,https://sh.lianjia.com/ershoufang/107101507043.html
浦东,康桥,康桥宝邸,外环外,235,38824,1室1厅1厨1卫,60.53O,高楼层 (共14层),平层,南,一梯三户,精装,未知,钢混结构,有,,https://sh.lianjia.com/ershoufang/107100730781.html
浦东,康桥,康桥宝邸,外环外,298,39942,2室2厅1厨1卫,74.61O,中楼层 (共6层),平层,南,一梯两户,精装,未知,钢混结构,无,,https://sh.lianjia.com/ershoufang/107101245257.html
浦东,康桥,康桥半岛(秀沿路1168弄),外环外,1500,59494,4室2厅1厨3卫,252.13O,低楼层 (共2层),,南,,精装,未知,钢混结构,,暂无数据,https://sh.lianjia.com/ershoufang/107101466397.html
浦东,康桥,康湾苑,外环外,350,38645,2室2厅1厨1卫,90.57O,低楼层 (共12层),平层,南 北,一梯两户,精装,未知,钢混结构,有,,https://sh.lianjia.com/ershoufang/107100642733.html
浦东,康桥,世茂云图,外环外,486,57130,3室2厅1厨1卫,85.07O,中楼层 (共16层),平层,南,两梯四户,精装,70年,钢混结构,有,,https://sh.lianjia.com/ershoufang/107101160537.html
浦东,康桥,绿宝园,外环外,2360,79227,4室2厅1厨3卫,297.88O,低楼层 (共2层),,南,,精装,未知,钢混结构,,独栋,https://sh.lianjia.com/ershoufang/107000412537.html
浦东,康桥,康桥月苑,外环外,290,38340,2室1厅1厨1卫,75.64O,中楼层 (共11层),平层,南 北,一梯三户,精装,未知,钢混结构,有,,https://sh.lianjia.com/ershoufang/107101492844.html
浦东,康桥,达城锦园,外环外,315,41123,2室2厅1厨1卫,76.6O,低楼层 (共14层),平层,南,一梯三户,其他,未知,钢混结构,有,,https://sh.lianjia.com/ershoufang/107101457863.html
浦东,康桥,城中花园,外环外,425,47076,3室2厅1厨1卫,90.28O,中楼层 (共16层),平层,南,两梯两户,精装,未知,钢混结构,有,,https://sh.lianjia.com/ershoufang/107100931355.html
浦东,康桥,康桥月苑,外环外,265,36552,2室2厅1厨1卫,72.5O,高楼层 (共6层),平层,南,一梯两户,毛坯,未知,钢混结构,无,,https://sh.lianjia.com/ershoufang/107100624330.html
浦东,康桥,康桥鑫都,外环外,315,39371,2室1厅0厨1卫,80.01O,中楼层 (共6层),平层,南 北,一梯两户,毛坯,未知,钢混结构,无,,https://sh.lianjia.com/ershoufang/107101413261.html
浦东,康桥,康桥宝邸,外环外,390,38083,3室2厅1厨1卫,102.41O,低楼层 (共11层),平层,南 北,一梯三户,精装,未知,钢混结构,有,,https://sh.lianjia.com/ershoufang/107101419737.html
浦东,康桥,汤巷馨村(二期),外环外,350,39973,2室1厅1厨1卫,87.56O,高楼层 (共6层),平层,南,一梯两户,精装,未知,钢混结构,无,,https://sh.lianjia.com/ershoufang/107101210880.html
浦东,康桥,康桥宝邸,外环外,315,41739,2室2厅1厨1卫,75.47O,高楼层 (共6层),平层,南 北,一梯两户,精装,未知,钢混结构,无,,https://sh.lianjia.com/ershoufang/107101314634.html
浦东,康桥,昱龙家园,外环外,280,37982,2室2厅1厨1卫,73.72O,高楼层 (共6层),平层,南,一梯两户,精装,70年,钢混结构,无,,https://sh.lianjia.com/ershoufang/107100905427.html
浦东,康桥,中邦城市艺墅,外环外,1800,46273,4室2厅1厨2卫,389O,低楼层 (共1层),,南 西 北,,精装,70年,钢混结构,,暂无数据,https://sh.lianjia.com/ershoufang/107100918918.html
浦东,康桥,美林小城,外环外,470,43203,4室2厅1厨2卫,108.79O,高楼层 (共6层),复式,南,一梯两户,精装,70年,钢混结构,有,,https://sh.lianjia.com/ershoufang/107101067822.html
浦东,康桥,城中花园,外环外,405,38943,2室2厅1厨1卫,104O,中楼层 (共16层),平层,南,两梯三户,简装,未知,钢混结构,有,,https://sh.lianjia.com/ershoufang/107100797209.html
浦东,康桥,海尚康庭,外环外,265,36148,2室2厅1厨1卫,73.31O,低楼层 (共5层),平层,南 北,一梯两户,其他,未知,钢混结构,无,,https://sh.lianjia.com/ershoufang/107101420796.html
浦东,康桥,双秀西园,外环外,320,41270,2室1厅1厨1卫,77.54O,高楼层 (共6层),暂无数据,南,一梯两户,其他,未知,钢混结构,无,,https://sh.lianjia.com/ershoufang/107101515888.html
浦东,康桥,汤巷雅苑,外环外,500,44323,3室2厅1厨1卫,112.81O,中楼层 (共15层),平层,南,两梯三户,精装,70年,钢混结构,有,,https://sh.lianjia.com/ershoufang/107101061068.html
浦东,康桥,中科大学村,外环外,1250,62190,4室3厅1厨3卫,201O,低楼层 (共3层),,南 北,,精装,未知,钢混结构,,联排,https://sh.lianjia.com/ershoufang/107101155579.html
浦东,康桥,天台别韵,外环外,357,42324,2室2厅1厨1卫,84.35O,低楼层 (共11层),平层,南,一梯三户,精装,70年,钢混结构,有,,https://sh.lianjia.com/ershoufang/107101091587.html
浦东,康桥,美林小城,外环外,400,43817,2室2厅1厨1卫,91.29O,中楼层 (共14层),平层,南 北,一梯两户,精装,70年,钢混结构,有,,https://sh.lianjia.com/ershoufang/107101453872.html
浦东,康桥,万科提香别墅,外环外,2700,79527,4室3厅2厨4卫,339.51O,低楼层 (共2层),,南,,精装,未知,钢混结构,,独栋,https://sh.lianjia.com/ershoufang/107100539561.html
浦东,康桥,康桥半岛密苏里假日公寓,外环外,930,56767,3室2厅1厨2卫,163.83O,高楼层 (共4层),暂无数据,南,一梯两户,精装,70年,钢混结构,无,,https://sh.lianjia.com/ershoufang/107101273608.html
浦东,康桥,绿地康桥新苑,外环外,355,46134,2室2厅1厨1卫,76.95O,中楼层 (共6层),暂无数据,南 北,一梯两户,简装,未知,钢混结构,无,,https://sh.lianjia.com/ershoufang/107100235683.html
浦东,康桥,康桥名郡,外环外,1220,59943,3室2厅1厨3卫,203.53O,低楼层 (共3层),,南,,毛坯,未知,钢混结构,,暂无数据,https://sh.lianjia.com/ershoufang/107100948013.html
浦东,康桥,中邦城市,外环外,460,47768,2室2厅1厨2卫,96.3O,低楼层 (共12层),平层,南,一梯两户,精装,未知,钢混结构,有,,https://sh.lianjia.com/ershoufang/107100519604.html
浦东,康桥,海尚康庭,外环外,265,35376,2室2厅1厨1卫,74.91O,高楼层 (共14层),平层,南,一梯四户,其他,未知,钢混结构,有,,https://sh.lianjia.com/ershoufang/107101330549.html
浦东,康桥,万科提香别墅,外环外,2650,80328,5室3厅1厨4卫,329.9O,低楼层 (共2层),,南,,精装,未知,钢混结构,,独栋,https://sh.lianjia.com/ershoufang/107000045755.html
浦东,康桥,康桥半岛(沪南路2729弄),外环外,1020,62975,5室2厅1厨3卫,161.97O,低楼层 (共3层),,南,,精装,未知,钢混结构,,暂无数据,https://sh.lianjia.com/ershoufang/107101012427.html
浦东,康桥,康桥半岛十九尊别墅,外环外,3580,81316,4室2厅1厨2卫,440.26O,低楼层 (共2层),,南,,毛坯,70年,钢混结构,,暂无数据,https://sh.lianjia.com/ershoufang/107100716365.html
浦东,康桥,海尚康庭,外环外,220,37530,1室1厅1厨1卫,58.62O,低楼层 (共14层),平层,南,一梯四户,精装,未知,钢混结构,有,,https://sh.lianjia.com/ershoufang/107101247974.html
浦东,康桥,绿宝园,外环外,2000,67634,4室2厅1厨3卫,295.71O,低楼层 (共2层),,南,,精装,未知,钢混结构,,暂无数据,https://sh.lianjia.com/ershoufang/107101465660.html
浦东,康桥,康桥宝邸,外环外,299,39714,2室2厅1厨1卫,75.29O,中楼层 (共6层),平层,南 北,一梯两户,毛坯,未知,钢混结构,无,,https://sh.lianjia.com/ershoufang/107101059579.html
浦东,康桥,宁怡苑,外环外,375,34862,2室2厅1厨2卫,107.57O,中楼层 (共6层),平层,南 北,一梯两户,其他,未知,钢混结构,无,,https://sh.lianjia.com/ershoufang/107101340144.html
浦东,康桥,海尚康庭,外环外,260,32147,3室1厅1厨1卫,80.88O,低楼层 (共5层),平层,南,一梯三户,简装,未知,钢混结构,无,,https://sh.lianjia.com/ershoufang/107101078864.html
浦东,康桥,昱龙家园,外环外,280,34399,2室1厅0厨1卫,81.4O,中楼层 (共14层),平层,南 北,一梯四户,其他,70年,钢混结构,有,,https://sh.lianjia.com/ershoufang/107101463101.html
浦东,康桥,城中花园,外环外,390,37656,2室2厅1厨1卫,103.57O,低楼层 (共16层),平层,南,两梯三户,精装,未知,钢混结构,有,,https://sh.lianjia.com/ershoufang/107002240527.html
浦东,康桥,沔溪苑,外环外,375,35411,3室2厅1厨2卫,105.9O,高楼层 (共6层),复式,南 北,一梯四户,精装,未知,钢混结构,无,,https://sh.lianjia.com/ershoufang/107101403532.html
浦东,康桥,周康一村,外环外,268,32294,3室1厅1厨1卫,82.99O,高楼层 (共6层),暂无数据,南,一梯一户,精装,未知,砖混结构,无,,https://sh.lianjia.com/ershoufang/107100563742.html
浦东,康桥,达城家园,外环外,305,40064,2室2厅1厨1卫,76.13O,高楼层 (共14层),暂无数据,南 北,一梯三户,精装,未知,钢混结构,有,,https://sh.lianjia.com/ershoufang/107101227814.html
浦东,康桥,旭辉亚瑟郡,外环外,660,53659,3室2厅1厨2卫,123O,低楼层 (共8层),平层,南,一梯两户,精装,70年,钢混结构,暂无数据,,https://sh.lianjia.com/ershoufang/107101349283.html
浦东,康桥,美林小城,外环外,700,65464,5室2厅1厨2卫,106.93O,高楼层 (共11层),复式,南,一梯两户,精装,未知,钢混结构,有,,https://sh.lianjia.com/ershoufang/107001325541.html
浦东,康桥,秀怡苑,外环外,365,41421,2室2厅1厨1卫,88.12O,中楼层 (共11层),暂无数据,南 北,一梯三户,简装,未知,钢混结构,暂无数据,,https://sh.lianjia.com/ershoufang/107101066976.html
浦东,康桥,康桥半岛密苏里假日公寓,外环外,830,50802,3室2厅1厨2卫,163.38O,中楼层 (共4层),平层,南,一梯两户,精装,未知,钢混结构,无,,https://sh.lianjia.com/ershoufang/107100739032.html
浦东,康桥,康桥月苑,外环外,210,40849,1室1厅1厨1卫,51.41O,高楼层 (共6层),平层,南,一梯两户,简装,未知,钢混结构,无,,https://sh.lianjia.com/ershoufang/107101431546.html
浦东,康桥,汤巷馨村(二期),外环外,350,40903,2室2厅1厨1卫,85.57O,高楼层 (共14层),暂无数据,南,一梯四户,其他,未知,钢混结构,有,,https://sh.lianjia.com/ershoufang/107101445703.html
浦东,康桥,双秀西园,外环外,330,43347,2室2厅1厨1卫,76.13O,高楼层 (共6层),暂无数据,南,一梯两户,其他,未知,钢混结构,无,,https://sh.lianjia.com/ershoufang/107101513880.html
浦东,康桥,康桥半岛十九尊别墅,外环外,5500,140457,6室4厅2厨7卫,391.58O,低楼层 (共2层),,南,,精装,未知,钢混结构,,暂无数据,https://sh.lianjia.com/ershoufang/107101502200.html
浦东,康桥,秀怡苑,外环外,500,39155,3室2厅1厨2卫,127.7O,高楼层 (共15层),暂无数据,南 北,一梯三户,毛坯,未知,钢混结构,暂无数据,,https://sh.lianjia.com/ershoufang/107100729456.html
浦东,康桥,中骏柏景湾,外环外,500,55556,3室2厅1厨2卫,90O,低楼层 (共16层),暂无数据,南,一梯四户,其他,70年,钢混结构,暂无数据,,https://sh.lianjia.com/ershoufang/107101199081.html
浦东,康桥,阳光城丽景湾PLUS,外环外,760,53901,3室2厅1厨2卫,141O,低楼层 (共18层),平层,南,两梯两户,精装,70年,钢混结构,有,,https://sh.lianjia.com/ershoufang/107101158920.html
浦东,康桥,海尚康庭,外环外,305,41758,2室2厅1厨1卫,73.04O,高楼层 (共5层),平层,南 北,一梯两户,简装,未知,钢混结构,无,,https://sh.lianjia.com/ershoufang/107101081687.html
浦东,康桥,中邦城市,外环外,500,50917,2室2厅1厨2卫,98.2O,低楼层 (共12层),平层,南 北,一梯两户,精装,未知,钢混结构,有,,https://sh.lianjia.com/ershoufang/107100963972.html
浦东,康桥,绿宝园,外环外,2580,68062,5室3厅1厨4卫,379.07O,低楼层 (共2层),,北,,精装,未知,钢混结构,,独栋,https://sh.lianjia.com/ershoufang/107001780619.html
浦东,康桥,海尚乐苑,外环外,365,42576,3室1厅1厨1卫,85.73O,高楼层 (共14层),暂无数据,南 北,一梯四户,其他,未知,钢混结构,有,,https://sh.lianjia.com/ershoufang/107101337086.html
浦东,康桥,绿宝园,外环外,2800,73297,4室2厅1厨4卫,382.01O,低楼层 (共2层),,南,,精装,未知,钢混结构,,暂无数据,https://sh.lianjia.com/ershoufang/107101010368.html
浦东,康桥,文怡苑,外环外,375,39136,2室2厅1厨1卫,95.82O,低楼层 (共12层),平层,南,一梯三户,其他,未知,钢混结构,有,,https://sh.lianjia.com/ershoufang/107101457460.html
浦东,康桥,中邦城市园,外环外,510,46867,3室2厅1厨1卫,108.82O,高楼层 (共26层),平层,南 西南 北,两梯五户,精装,70年,钢混结构,有,,https://sh.lianjia.com/ershoufang/107101499052.html
浦东,康桥,周康一村,外环外,298,35908,3室1厅1厨1卫,82.99O,中楼层 (共6层),平层,南,一梯两户,简装,未知,砖混结构,无,,https://sh.lianjia.com/ershoufang/107100764518.html
浦东,康桥,城中花园,外环外,880,38122,4室2厅1厨2卫,230.84O,高楼层 (共12层),跃层,南,一梯两户,精装,未知,钢混结构,有,,https://sh.lianjia.com/ershoufang/107002305453.html
浦东,康桥,康桥半岛(秀沿路1177弄),外环外,1260,49975,4室2厅1厨3卫,252.13O,低楼层 (共2层),,南,,精装,未知,钢混结构,,暂无数据,https://sh.lianjia.com/ershoufang/107101215779.html
浦东,康桥,汤巷馨村(二期),外环外,335,39150,2室2厅1厨1卫,85.57O,高楼层 (共14层),暂无数据,南,一梯四户,毛坯,未知,钢混结构,有,,https://sh.lianjia.com/ershoufang/107002169095.html
浦东,康桥,海尚康庭,外环外,280,36298,2室1厅1厨1卫,77.14O,中楼层 (共11层),平层,南,一梯四户,毛坯,未知,钢混结构,有,,https://sh.lianjia.com/ershoufang/107101226552.html
浦东,康桥,康桥宝邸,外环外,295,36669,2室2厅1厨1卫,80.45O,低楼层 (共14层),平层,南,一梯三户,毛坯,未知,钢混结构,有,,https://sh.lianjia.com/ershoufang/107101389983.html
浦东,康桥,文怡苑,外环外,415,40296,3室1厅1厨1卫,102.99O,中楼层 (共6层),平层,南,一梯两户,其他,未知,钢混结构,无,,https://sh.lianjia.com/ershoufang/107101383702.html
浦东,康桥,绿地康桥新苑,外环外,450,49912,2室2厅1厨1卫,90.16O,低楼层 (共12层),暂无数据,南,一梯两户,精装,未知,钢混结构,有,,https://sh.lianjia.com/ershoufang/107101519927.html
浦东,康桥,昱龙家园,外环外,230,41933,1室1厅1厨1卫,54.85O,中楼层 (共14层),平层,南,一梯四户,简装,70年,钢混结构,有,,https://sh.lianjia.com/ershoufang/107101060606.html
浦东,康桥,达城家园,外环外,280,36246,2室2厅1厨1卫,77.25O,低楼层 (共11层),平层,南 北,一梯三户,精装,未知,钢混结构,有,,https://sh.lianjia.com/ershoufang/107101259624.html
浦东,康桥,达城家园,外环外,408,42496,3室2厅1厨1卫,96.01O,中楼层 (共14层),平层,南,一梯三户,精装,未知,钢混结构,有,,https://sh.lianjia.com/ershoufang/107101436636.html
浦东,康桥,海尚乐苑,外环外,325,41412,2室1厅1厨1卫,78.48O,高楼层 (共14层),平层,南 北,一梯三户,毛坯,未知,钢混结构,有,,https://sh.lianjia.com/ershoufang/107101256462.html
浦东,康桥,康桥宝邸,外环外,405,39874,3室2厅1厨1卫,101.57O,中楼层 (共14层),平层,南,一梯三户,精装,未知,钢混结构,有,,https://sh.lianjia.com/ershoufang/107100902926.html
浦东,康桥,昱龙家园,外环外,262,35618,2室2厅1厨1卫,73.56O,低楼层 (共6层),平层,南,一梯两户,精装,70年,钢混结构,无,,https://sh.lianjia.com/ershoufang/107101240244.html
浦东,康桥,康桥半岛(秀沿路1168弄),外环外,1400,55527,4室2厅1厨3卫,252.13O,低楼层 (共2层),,南,,精装,未知,钢混结构,,暂无数据,https://sh.lianjia.com/ershoufang/107100071306.html
浦东,康桥,汤巷馨村(二期),外环外,340,41991,2室1厅1厨1卫,80.97O,中楼层 (共6层),平层,南,一梯两户,毛坯,未知,钢混结构,无,,https://sh.lianjia.com/ershoufang/107101026199.html
浦东,康桥,绿地康桥新苑,外环外,295,42717,2室1厅1厨1卫,69.06O,低楼层 (共6层),平层,南,一梯两户,简装,未知,钢混结构,无,,https://sh.lianjia.com/ershoufang/107100765810.html
浦东,康桥,美林小城,外环外,380,46793,2室2厅0厨1卫,81.21O,中楼层 (共6层),平层,南 北,一梯两户,精装,70年,钢混结构,无,,https://sh.lianjia.com/ershoufang/107101383819.html
浦东,康桥,中邦城市园,外环外,430,52021,2室1厅1厨1卫,82.66O,高楼层 (共26层),暂无数据,南 北,两梯四户,精装,未知,钢混结构,有,,https://sh.lianjia.com/ershoufang/107100727675.html
浦东,康桥,达城锦园,外环外,310,40302,2室2厅1厨1卫,76.92O,中楼层 (共14层),平层,南 北,一梯三户,精装,未知,钢混结构,有,,https://sh.lianjia.com/ershoufang/107101319342.html
浦东,康桥,墅外金柳湾,外环外,740,42473,2室2厅1厨2卫,174.23O,低楼层 (共14层),暂无数据,南,一梯一户,精装,未知,钢混结构,有,,https://sh.lianjia.com/ershoufang/107001688283.html
浦东,康桥,汤巷中心村,外环外,315,30753,3室1厅0厨1卫,102.43O,高楼层 (共6层),暂无数据,南,一梯两户,其他,未知,砖混结构,无,,https://sh.lianjia.com/ershoufang/107101405626.html
浦东,康桥,康桥月苑,外环外,278,38446,2室2厅1厨1卫,72.31O,中楼层 (共5层),平层,南,一梯两户,精装,未知,钢混结构,无,,https://sh.lianjia.com/ershoufang/107100662352.html
浦东,康桥,达城家园,外环外,205,36361,1室1厅1厨1卫,56.38O,低楼层 (共14层),平层,南,一梯三户,精装,未知,钢混结构,有,,https://sh.lianjia.com/ershoufang/107100819539.html
浦东,康桥,南华城,外环外,324.5,36875,3室2厅1厨1卫,88O,低楼层 (共6层),平层,南 北,一梯两户,简装,未知,砖混结构,无,,https://sh.lianjia.com/ershoufang/107101045995.html
