浦东,陆家嘴,天科苑,内环内,1060,67923,3室2厅1厨2卫,156.06O,中楼层 (共24层),平层,南,两梯三户,精装,70年,钢混结构,有,,https://sh.lianjia.com/ershoufang/107100884578.html
浦东,陆家嘴,东南新村(浦东),内环内,349,64131,2室1厅1厨1卫,54.42O,低楼层 (共6层),平层,南,一梯四户,简装,未知,砖混结构,无,,https://sh.lianjia.com/ershoufang/107101304380.html
浦东,陆家嘴,四季汇,内环内,6000,185782,3室2厅1厨3卫,322.96O,高楼层 (共55层),暂无数据,西南,一梯七户,精装,50年,未知结构,暂无数据,,https://sh.lianjia.com/ershoufang/107100497224.html
浦东,陆家嘴,世茂滨江花园,内环内,1400,103413,2室2厅1厨2卫,135.38O,低楼层 (共43层),平层,西南,三梯三户,精装,70年,钢混结构,有,,https://sh.lianjia.com/ershoufang/107101254639.html
浦东,陆家嘴,汤臣商务中心,内环内,320,65709,1室1厅1厨1卫,48.7O,中楼层 (共25层),暂无数据,西南,四梯二十六户,精装,50年,钢混结构,有,,https://sh.lianjia.com/ershoufang/107100807435.html
浦东,陆家嘴,仁恒滨江园,内环内,1345,113436,2室2厅1厨2卫,118.57O,中楼层 (共31层),暂无数据,西南,两梯三户,精装,未知,钢混结构,有,,https://sh.lianjia.com/ershoufang/107101140894.html
浦东,陆家嘴,世茂滨江花园,内环内,2050,86451,3室2厅1厨3卫,237.13O,中楼层 (共63层),平层,西,三梯两户,精装,70年,钢混结构,有,,https://sh.lianjia.com/ershoufang/107101355891.html
浦东,陆家嘴,东南新村(浦东),内环内,327,65782,2室0厅1厨1卫,49.71O,中楼层 (共5层),平层,南,一梯四户,简装,70年,砖混结构,无,,https://sh.lianjia.com/ershoufang/107101051482.html
浦东,陆家嘴,东昌新村,内环内,518,92500,2室1厅1厨1卫,56O,中楼层 (共6层),平层,南,一梯四户,精装,70年,砖混结构,无,,https://sh.lianjia.com/ershoufang/107101431741.html
浦东,陆家嘴,江临天下,内环内,1580,80580,4室2厅1厨2卫,196.08O,低楼层 (共35层),平层,西北,六梯六户,精装,未知,钢混结构,有,,https://sh.lianjia.com/ershoufang/107100371396.html
浦东,陆家嘴,中粮海景壹号,内环内,6800,174462,5室2厅1厨5卫,389.77O,低楼层 (共39层),暂无数据,西南,两梯一户,精装,70年,钢混结构,有,,https://sh.lianjia.com/ershoufang/107101233227.html
浦东,陆家嘴,东南新村(浦东),内环内,260,64613,1室1厅1厨1卫,40.24O,高楼层 (共6层),平层,南 北,一梯四户,简装,未知,砖混结构,无,,https://sh.lianjia.com/ershoufang/107101017137.html
浦东,陆家嘴,崂山四村,内环内,240,67740,2室1厅1厨1卫,35.43O,中楼层 (共5层),暂无数据,南,一梯七户,精装,未知,砖混结构,无,,https://sh.lianjia.com/ershoufang/107100517433.html
浦东,陆家嘴,东园三村,内环内,507,89990,2室1厅1厨1卫,56.34O,高楼层 (共6层),平层,南,一梯三户,精装,未知,砖混结构,无,,https://sh.lianjia.com/ershoufang/107101269543.html
浦东,陆家嘴,财富海景花园,内环内,1850,110845,2室2厅1厨2卫,166.9O,高楼层 (共30层),暂无数据,东,三梯四户,精装,70年,钢混结构,有,,https://sh.lianjia.com/ershoufang/107002207817.html
浦东,陆家嘴,东南新村(浦东),内环内,320,63242,2室0厅1厨1卫,50.6O,低楼层 (共5层),暂无数据,南,一梯四户,精装,未知,砖混结构,无,,https://sh.lianjia.com/ershoufang/107101278682.html
浦东,陆家嘴,久阳滨江公寓,内环内,450,64795,1室1厅1厨1卫,69.45O,中楼层 (共25层),暂无数据,南,四梯二十二户,精装,70年,钢混结构,有,,https://sh.lianjia.com/ershoufang/107100734161.html
浦东,陆家嘴,世茂滨江花园,内环内,880,94543,1室1厅1厨1卫,93.08O,低楼层 (共41层),平层,西 北,三梯四户,精装,70年,钢混结构,有,,https://sh.lianjia.com/ershoufang/107100594687.html
浦东,陆家嘴,滨江大楼,内环内,430,60769,2室1厅1厨1卫,70.76O,中楼层 (共24层),平层,南,两梯八户,精装,未知,钢混结构,有,,https://sh.lianjia.com/ershoufang/107101475058.html
浦东,陆家嘴,东园一村,内环内,510,76796,2室1厅1厨1卫,66.41O,中楼层 (共24层),平层,东南,两梯八户,精装,70年,钢混结构,有,,https://sh.lianjia.com/ershoufang/107101392619.html
浦东,陆家嘴,滨江大楼,内环内,285,67297,2室1厅1厨1卫,42.35O,中楼层 (共6层),平层,南,一梯两户,简装,未知,砖混结构,无,,https://sh.lianjia.com/ershoufang/107101338369.html
浦东,陆家嘴,汤臣商务中心,内环内,285,61756,1室1厅1厨1卫,46.15O,中楼层 (共25层),平层,南,四梯十六户,简装,50年,钢混结构,有,,https://sh.lianjia.com/ershoufang/107100687414.html
浦东,陆家嘴,东明广场,内环内,1200,75415,4室2厅1厨1卫,159.12O,低楼层 (共26层),暂无数据,南,两梯四户,简装,70年,钢混结构,有,,https://sh.lianjia.com/ershoufang/107101175127.html
浦东,陆家嘴,世茂滨江花园,内环内,1450,92534,2室2厅1厨2卫,156.7O,中楼层 (共53层),平层,东,三梯四户,精装,70年,钢混结构,有,,https://sh.lianjia.com/ershoufang/107002164565.html
浦东,陆家嘴,仁恒滨江园,内环内,2700,104782,4室2厅1厨3卫,257.68O,中楼层 (共31层),暂无数据,南,三梯三户,精装,70年,钢混结构,有,,https://sh.lianjia.com/ershoufang/107100492285.html
浦东,陆家嘴,滨江凯旋门,内环内,6000,211320,4室2厅1厨4卫,283.93O,高楼层 (共21层),暂无数据,西南,两梯两户,精装,70年,钢混结构,有,,https://sh.lianjia.com/ershoufang/107101322022.html
浦东,陆家嘴,仁恒滨江园,内环内,3300,100856,5室2厅1厨3卫,327.2O,低楼层 (共32层),平层,南,三梯三户,精装,70年,钢混结构,有,,https://sh.lianjia.com/ershoufang/107000146489.html
浦东,陆家嘴,汤臣一品,内环内,1.9,314692,5室2厅0厨4卫,597.41O,中楼层 (共45层),暂无数据,南,三梯一户,精装,70年,钢混结构,有,,https://sh.lianjia.com/ershoufang/107101404800.html
浦东,陆家嘴,众鑫大厦,内环内,600,50822,2室2厅1厨1卫,118.06O,高楼层 (共26层),暂无数据,西,四梯七户,精装,未知,钢混结构,有,,https://sh.lianjia.com/ershoufang/107100441832.html
浦东,陆家嘴,谢家宅小区,内环内,575,66421,2室1厅1厨1卫,86.57O,中楼层 (共6层),平层,南,一梯两户,简装,未知,砖混结构,无,,https://sh.lianjia.com/ershoufang/107101410769.html
浦东,陆家嘴,张杨路370弄,内环内,265,87086,1室1厅1厨1卫,30.43O,中楼层 (共5层),平层,南,一梯四户,精装,未知,砖混结构,无,,https://sh.lianjia.com/ershoufang/107101088579.html
浦东,陆家嘴,谢家宅小区,内环内,247,76613,1室0厅1厨1卫,32.24O,中楼层 (共6层),平层,南,一梯四户,精装,70年,砖混结构,无,,https://sh.lianjia.com/ershoufang/107100960613.html
浦东,陆家嘴,仁恒滨江园,内环内,6900,198825,5室3厅1厨4卫,347.04O,高楼层 (共32层),暂无数据,西南,两梯两户,精装,未知,钢混结构,有,,https://sh.lianjia.com/ershoufang/107100753350.html
浦东,陆家嘴,东昌新村,内环内,328,87327,2室1厅1厨1卫,37.56O,低楼层 (共6层),平层,南,一梯四户,精装,未知,砖混结构,无,,https://sh.lianjia.com/ershoufang/107101466753.html
浦东,陆家嘴,滨江大楼,内环内,460,65009,2室1厅1厨1卫,70.76O,高楼层 (共24层),平层,南,两梯八户,简装,未知,钢混结构,有,,https://sh.lianjia.com/ershoufang/107100422943.html
浦东,陆家嘴,东园四村,内环内,960,57610,4室2厅1厨2卫,166.64O,高楼层 (共26层),暂无数据,南,两梯四户,简装,未知,钢混结构,有,,https://sh.lianjia.com/ershoufang/107101208682.html
浦东,陆家嘴,陈家宅小区(潍坊西路),内环内,538,75658,2室1厅1厨1卫,71.11O,低楼层 (共18层),平层,南,两梯八户,精装,70年,钢混结构,有,,https://sh.lianjia.com/ershoufang/107101115620.html
浦东,陆家嘴,东昌新村,内环内,264,94862,1室0厅1厨1卫,27.83O,中楼层 (共6层),平层,南,一梯五户,简装,未知,砖混结构,无,,https://sh.lianjia.com/ershoufang/107101326678.html
浦东,陆家嘴,兰园小区,内环内,440,72215,2室1厅1厨1卫,60.93O,中楼层 (共5层),平层,南,一梯四户,精装,70年,混合结构,无,,https://sh.lianjia.com/ershoufang/107101297620.html
浦东,陆家嘴,菊园,内环内,880,86047,3室2厅1厨1卫,102.27O,低楼层 (共18层),平层,南,两梯四户,精装,70年,钢混结构,有,,https://sh.lianjia.com/ershoufang/107101274395.html
浦东,陆家嘴,东园三村,内环内,399,84338,1室1厅1厨1卫,47.31O,高楼层 (共6层),暂无数据,南,一梯两户,其他,未知,砖混结构,无,,https://sh.lianjia.com/ershoufang/107101427602.html
浦东,陆家嘴,江临天下,内环内,1340,82978,3室2厅1厨2卫,161.49O,低楼层 (共35层),暂无数据,南,六梯四户,精装,未知,钢混结构,有,,https://sh.lianjia.com/ershoufang/107101321101.html
浦东,陆家嘴,瑞苑公寓,内环内,800,80394,1室2厅1厨1卫,99.51O,高楼层 (共40层),暂无数据,东北,三梯四户,精装,70年,钢混结构,有,,https://sh.lianjia.com/ershoufang/107101354139.html
浦东,陆家嘴,崂山二村,内环内,380,65371,2室1厅1厨1卫,58.13O,中楼层 (共6层),平层,南,一梯四户,简装,70年,砖混结构,无,,https://sh.lianjia.com/ershoufang/107100361106.html
浦东,陆家嘴,东园三村,内环内,435,80318,2室1厅0厨1卫,54.16O,高楼层 (共6层),暂无数据,南,一梯三户,精装,未知,砖混结构,无,,https://sh.lianjia.com/ershoufang/107101452800.html
浦东,陆家嘴,汤臣一品,内环内,9500,218960,4室2厅2厨4卫,433.87O,中楼层 (共49层),暂无数据,南,两梯一户,精装,70年,钢混结构,有,,https://sh.lianjia.com/ershoufang/107101149060.html
浦东,陆家嘴,盛大金磐,内环内,3600,119222,3室2厅1厨3卫,301.96O,高楼层 (共47层),暂无数据,南,三梯两户,精装,70年,钢混结构,有,,https://sh.lianjia.com/ershoufang/107100846918.html
浦东,陆家嘴,东园一村,内环内,300,91604,1室1厅1厨1卫,32.75O,高楼层 (共6层),平层,南,一梯三户,精装,未知,砖混结构,无,,https://sh.lianjia.com/ershoufang/107101029751.html
浦东,陆家嘴,滨江凯旋门,内环内,2200,121547,2室2厅1厨3卫,181O,低楼层 (共27层),平层,南,两梯两户,精装,70年,钢混结构,有,,https://sh.lianjia.com/ershoufang/107101328311.html
浦东,陆家嘴,财富海景花园,内环内,2500,88140,4室2厅1厨3卫,283.64O,低楼层 (共39层),平层,南,三梯三户,精装,未知,钢混结构,有,,https://sh.lianjia.com/ershoufang/107101167769.html
浦东,陆家嘴,财富海景花园,内环内,5200,147728,3室2厅1厨3卫,352O,低楼层 (共39层),暂无数据,西南,五梯三户,精装,70年,钢混结构,有,,https://sh.lianjia.com/ershoufang/107101232443.html
浦东,陆家嘴,滨江大楼,内环内,480,60961,2室1厅1厨1卫,78.74O,低楼层 (共24层),平层,南,两梯八户,简装,70年,钢混结构,有,,https://sh.lianjia.com/ershoufang/107100483238.html
浦东,陆家嘴,天科苑,内环内,1080,103439,4室2厅1厨2卫,104.41O,低楼层 (共18层),复式,南,两梯三户,精装,未知,钢混结构,有,,https://sh.lianjia.com/ershoufang/107100653986.html
浦东,陆家嘴,滨江大楼,内环内,350,64936,2室1厅1厨1卫,53.9O,高楼层 (共6层),暂无数据,南,一梯两户,其他,未知,砖混结构,无,,https://sh.lianjia.com/ershoufang/107101505863.html
浦东,陆家嘴,保利One56,内环内,4500,159575,3室2厅1厨3卫,282O,中楼层 (共21层),暂无数据,西南,两梯四户,精装,50年,钢混结构,有,,https://sh.lianjia.com/ershoufang/107101241033.html
浦东,陆家嘴,崂山新村,内环内,310,61521,2室1厅1厨1卫,50.39O,中楼层 (共5层),平层,南 北,一梯五户,其他,70年,砖混结构,无,,https://sh.lianjia.com/ershoufang/107101435094.html
浦东,陆家嘴,东园一村,内环内,380,76000,2室0厅1厨1卫,50O,中楼层 (共7层),平层,南,一梯十户,精装,70年,钢混结构,无,,https://sh.lianjia.com/ershoufang/107101124916.html
浦东,陆家嘴,浦江茗园,内环内,1100,84557,3室2厅1厨2卫,130.09O,高楼层 (共10层),平层,南,一梯两户,精装,未知,钢混结构,有,,https://sh.lianjia.com/ershoufang/107100915979.html
浦东,陆家嘴,荣成大厦,内环内,900,63966,3室2厅1厨2卫,140.7O,低楼层 (共30层),暂无数据,南 西,两梯六户,精装,70年,钢混结构,有,,https://sh.lianjia.com/ershoufang/107101211166.html
浦东,陆家嘴,东园二村,内环内,410,87870,2室1厅1厨1卫,46.66O,中楼层 (共6层),平层,南,一梯五户,精装,70年,砖混结构,无,,https://sh.lianjia.com/ershoufang/107101369773.html
浦东,陆家嘴,东明新村,内环内,269,58721,2室1厅1厨1卫,45.81O,中楼层 (共6层),平层,南,一梯四户,简装,未知,砖混结构,无,,https://sh.lianjia.com/ershoufang/107101146324.html
浦东,陆家嘴,汇豪天下,内环内,950,106586,1室2厅1厨1卫,89.13O,低楼层 (共35层),暂无数据,南,两梯四户,精装,70年,钢混结构,有,,https://sh.lianjia.com/ershoufang/107101464894.html
浦东,陆家嘴,东园四村,内环内,312,92913,1室0厅1厨1卫,33.58O,中楼层 (共6层),平层,南,一梯四户,精装,未知,砖混结构,无,,https://sh.lianjia.com/ershoufang/107101292238.html
浦东,陆家嘴,汤臣商务中心,内环内,265,57422,1室1厅1厨1卫,46.15O,高楼层 (共25层),平层,东,四梯十六户,其他,50年,钢混结构,有,,https://sh.lianjia.com/ershoufang/107101401461.html
浦东,陆家嘴,乳山四村,内环内,234,79592,1室1厅1厨1卫,29.4O,低楼层 (共6层),平层,南,一梯四户,精装,70年,砖混结构,无,,https://sh.lianjia.com/ershoufang/107101312413.html
浦东,陆家嘴,东园一村,内环内,370,73355,2室1厅1厨1卫,50.44O,中楼层 (共7层),平层,南,一梯十户,精装,70年,钢混结构,无,,https://sh.lianjia.com/ershoufang/107101221896.html
浦东,陆家嘴,江临天下,内环内,1199,88573,3室1厅1厨2卫,135.37O,低楼层 (共35层),平层,东南,两梯四户,精装,70年,钢混结构,有,,https://sh.lianjia.com/ershoufang/107101457626.html
浦东,陆家嘴,东园四村,内环内,1000,60300,4室2厅1厨2卫,165.84O,低楼层 (共30层),暂无数据,南,两梯四户,精装,70年,钢混结构,有,,https://sh.lianjia.com/ershoufang/107101397710.html
浦东,陆家嘴,乳山四村,内环内,395,70789,2室1厅1厨1卫,55.8O,高楼层 (共6层),平层,南,一梯四户,其他,70年,砖混结构,无,,https://sh.lianjia.com/ershoufang/107101373103.html
浦东,陆家嘴,滨江凯旋门,内环内,3060,168364,2室2厅1厨3卫,181.75O,低楼层 (共27层),平层,西南,两梯三户,精装,70年,钢混结构,有,,https://sh.lianjia.com/ershoufang/107100490242.html
浦东,陆家嘴,陈家宅小区(潍坊西路),内环内,785,69847,3室1厅1厨1卫,112.39O,中楼层 (共20层),平层,南,两梯五户,精装,70年,钢混结构,有,,https://sh.lianjia.com/ershoufang/107101303515.html
浦东,陆家嘴,浦城小区,内环内,280,67244,1室1厅1厨1卫,41.64O,高楼层 (共6层),暂无数据,南,一梯四户,简装,未知,砖混结构,无,,https://sh.lianjia.com/ershoufang/107101163278.html
浦东,陆家嘴,崂山四村,内环内,250,61836,1室1厅1厨1卫,40.43O,中楼层 (共5层),平层,南,一梯七户,简装,未知,砖混结构,无,,https://sh.lianjia.com/ershoufang/107100748947.html
浦东,陆家嘴,兰园小区,内环内,435,73319,2室1厅2厨1卫,59.33O,中楼层 (共6层),平层,南,一梯三户,简装,未知,砖混结构,无,,https://sh.lianjia.com/ershoufang/107101185325.html
浦东,陆家嘴,世茂滨江花园,内环内,3400,120142,4室2厅1厨3卫,283O,高楼层 (共55层),平层,西,三梯两户,精装,70年,钢混结构,有,,https://sh.lianjia.com/ershoufang/107101150998.html
浦东,陆家嘴,天后宫大楼,内环内,445,64973,2室1厅1厨1卫,68.49O,低楼层 (共24层),平层,东,两梯八户,精装,70年,钢混结构,有,,https://sh.lianjia.com/ershoufang/107100988916.html
浦东,陆家嘴,世茂滨江花园,内环内,2.5,231347,5室2厅1厨4卫,1080.63O,高楼层 (共60层),暂无数据,西南,三梯两户,其他,70年,钢混结构,有,,https://sh.lianjia.com/ershoufang/107101486612.html
浦东,陆家嘴,崂山五村,内环内,320,64206,2室1厅1厨1卫,49.84O,中楼层 (共5层),平层,南,一梯六户,简装,70年,砖混结构,无,,https://sh.lianjia.com/ershoufang/107101131596.html
浦东,陆家嘴,财富海景花园,内环内,1818,113011,2室2厅1厨2卫,160.87O,中楼层 (共30层),平层,东北,三梯四户,精装,70年,钢混结构,有,,https://sh.lianjia.com/ershoufang/107100596824.html
浦东,陆家嘴,东昌新村,内环内,287,90623,1室1厅1厨1卫,31.67O,低楼层 (共6层),平层,南,一梯六户,简装,70年,砖混结构,无,,https://sh.lianjia.com/ershoufang/107101244270.html
浦东,陆家嘴,世茂滨江花园,内环内,1550,88770,2室2厅1厨2卫,174.61O,低楼层 (共43层),暂无数据,西,三梯三户,精装,70年,钢混结构,有,,https://sh.lianjia.com/ershoufang/107000048121.html
浦东,陆家嘴,滨江凯旋门,内环内,2850,156439,2室2厅1厨2卫,182.18O,中楼层 (共27层),平层,西南,两梯三户,精装,70年,钢混结构,有,,https://sh.lianjia.com/ershoufang/107100594186.html
浦东,陆家嘴,东园四村,内环内,890,61823,3室2厅1厨2卫,143.96O,中楼层 (共30层),暂无数据,东南,两梯四户,精装,70年,钢混结构,有,,https://sh.lianjia.com/ershoufang/107101076881.html
浦东,陆家嘴,四季汇,内环内,3800,160663,2室1厅1厨3卫,236.52O,高楼层 (共55层),平层,东南,一梯七户,其他,50年,未知结构,暂无数据,,https://sh.lianjia.com/ershoufang/107101422803.html
浦东,陆家嘴,崂山三村,内环内,380,79682,2室1厅1厨1卫,47.69O,高楼层 (共6层),平层,南,一梯五户,精装,70年,砖混结构,无,,https://sh.lianjia.com/ershoufang/107100841169.html
浦东,陆家嘴,乳山五村,内环内,270,72097,1室1厅1厨1卫,37.45O,低楼层 (共6层),暂无数据,南,一梯四户,简装,70年,砖混结构,无,,https://sh.lianjia.com/ershoufang/107100909080.html
浦东,陆家嘴,世茂滨江花园,内环内,1735,73207,3室2厅1厨3卫,237O,低楼层 (共63层),暂无数据,西,三梯两户,精装,70年,钢混结构,有,,https://sh.lianjia.com/ershoufang/107101220807.html
浦东,陆家嘴,崂山五村,内环内,245,71304,1室1厅1厨1卫,34.36O,低楼层 (共5层),暂无数据,暂无数据,一梯五户,其他,70年,砖混结构,无,,https://sh.lianjia.com/ershoufang/107002255391.html
浦东,陆家嘴,天后宫大楼,内环内,650,68135,3室1厅1厨1卫,95.4O,中楼层 (共24层),平层,南 北,两梯八户,精装,70年,钢混结构,有,,https://sh.lianjia.com/ershoufang/107100353117.html
浦东,陆家嘴,仁恒滨江园,内环内,3350,102447,5室2厅1厨3卫,327O,中楼层 (共31层),暂无数据,南,三梯三户,精装,70年,钢混结构,有,,https://sh.lianjia.com/ershoufang/107101371944.html
浦东,陆家嘴,世茂滨江花园,内环内,1980,83545,3室2厅1厨3卫,237O,低楼层 (共55层),平层,东 西,三梯两户,精装,70年,钢混结构,有,,https://sh.lianjia.com/ershoufang/107101316521.html
浦东,陆家嘴,财富海景花园,内环内,3392,100018,4室2厅1厨3卫,339.14O,低楼层 (共39层),暂无数据,西,五梯三户,毛坯,70年,钢混结构,有,,https://sh.lianjia.com/ershoufang/107101236712.html
浦东,陆家嘴,兰园小区,内环内,270,72464,1室1厅1厨1卫,37.26O,高楼层 (共6层),平层,南,一梯三户,精装,未知,砖混结构,无,,https://sh.lianjia.com/ershoufang/107100736615.html
浦东,陆家嘴,东明新村,内环内,235,64138,1室1厅1厨1卫,36.64O,中楼层 (共5层),暂无数据,南,一梯六户,其他,未知,砖混结构,无,,https://sh.lianjia.com/ershoufang/107101410667.html
浦东,陆家嘴,谢家宅小区,内环内,320,61598,1室1厅1厨1卫,51.95O,中楼层 (共6层),平层,南,一梯四户,精装,70年,砖混结构,无,,https://sh.lianjia.com/ershoufang/107100756781.html
浦东,陆家嘴,世茂滨江花园,内环内,2559,76617,4室2厅1厨3卫,334O,中楼层 (共56层),平层,西南,三梯两户,精装,70年,钢混结构,有,,https://sh.lianjia.com/ershoufang/107100277761.html
浦东,陆家嘴,乳山五村,内环内,380,79167,2室1厅1厨1卫,48O,中楼层 (共6层),暂无数据,南,一梯四户,精装,70年,砖混结构,无,,https://sh.lianjia.com/ershoufang/107101014501.html
浦东,陆家嘴,汤臣一品,内环内,9000,207853,4室2厅1厨4卫,433O,中楼层 (共45层),平层,南,两梯一户,精装,70年,钢混结构,有,,https://sh.lianjia.com/ershoufang/107101086702.html
浦东,陆家嘴,汤臣一品,内环内,8500,195903,4室2厅1厨5卫,433.89O,低楼层 (共49层),暂无数据,西,两梯一户,精装,70年,钢混结构,有,,https://sh.lianjia.com/ershoufang/107000213083.html
浦东,陆家嘴,仁恒滨江园,内环内,798,115653,1室1厅1厨1卫,69O,低楼层 (共26层),平层,南,两梯三户,简装,未知,钢混结构,有,,https://sh.lianjia.com/ershoufang/107101413564.html
浦东,陆家嘴,东南新村(浦东),内环内,298,63243,2室1厅1厨1卫,47.12O,低楼层 (共6层),暂无数据,南,一梯八户,简装,70年,砖混结构,无,,https://sh.lianjia.com/ershoufang/107101181184.html
浦东,陆家嘴,崂山二村,内环内,205,65183,2室1厅1厨1卫,31.45O,高楼层 (共4层),暂无数据,南,一梯六户,简装,70年,砖混结构,无,,https://sh.lianjia.com/ershoufang/107101239060.html
浦东,陆家嘴,财富海景花园,内环内,2450,122390,3室2厅1厨2卫,200.18O,中楼层 (共30层),平层,西南,三梯四户,精装,70年,钢混结构,有,,https://sh.lianjia.com/ershoufang/107101094748.html
浦东,陆家嘴,荣成小区,内环内,245,87003,1室1厅1厨1卫,28.16O,低楼层 (共7层),平层,南,一梯四户,简装,70年,砖混结构,无,,https://sh.lianjia.com/ershoufang/107101337443.html
浦东,陆家嘴,天科苑,内环内,1050,69482,3室2厅1厨2卫,151.12O,中楼层 (共22层),平层,南,两梯三户,精装,未知,钢混结构,有,,https://sh.lianjia.com/ershoufang/107100980828.html
浦东,陆家嘴,滨康大楼,内环内,580,68236,3室1厅1厨1卫,85O,低楼层 (共18层),平层,南 北,一梯两户,精装,70年,钢混结构,暂无数据,,https://sh.lianjia.com/ershoufang/107100705061.html
浦东,陆家嘴,瑞苑公寓,内环内,730,71310,1室2厅1厨1卫,102.37O,低楼层 (共40层),平层,西北,三梯五户,精装,70年,钢混结构,有,,https://sh.lianjia.com/ershoufang/107000267389.html
浦东,陆家嘴,百富达公寓,内环内,930,61590,4室2厅1厨2卫,151O,高楼层 (共6层),暂无数据,南,一梯一户,精装,未知,砖混结构,无,,https://sh.lianjia.com/ershoufang/107002288667.html
浦东,陆家嘴,江临天下,内环内,1150,88632,3室2厅1厨2卫,129.75O,低楼层 (共20层),平层,南,两梯三户,精装,70年,钢混结构,有,,https://sh.lianjia.com/ershoufang/107101241886.html
浦东,陆家嘴,乳山二村,内环内,285,71340,1室1厅1厨1卫,39.95O,中楼层 (共6层),平层,南,一梯四户,精装,未知,砖混结构,无,,https://sh.lianjia.com/ershoufang/107101438380.html
浦东,陆家嘴,上船大楼,内环内,475,74815,1室2厅1厨1卫,63.49O,低楼层 (共18层),暂无数据,南,两梯八户,其他,未知,钢混结构,有,,https://sh.lianjia.com/ershoufang/107101330345.html
浦东,陆家嘴,崂山新村,内环内,300,65091,2室1厅1厨1卫,46.09O,中楼层 (共6层),平层,南,一梯三户,精装,未知,砖混结构,无,,https://sh.lianjia.com/ershoufang/107100568399.html
浦东,陆家嘴,财富海景花园,内环内,4850,142648,3室2厅1厨3卫,340O,中楼层 (共39层),暂无数据,西北,五梯三户,精装,70年,钢混结构,有,,https://sh.lianjia.com/ershoufang/107100888700.html
浦东,陆家嘴,招远小区,内环内,230,65064,1室1厅1厨1卫,35.35O,中楼层 (共5层),平层,南,一梯六户,毛坯,未知,砖混结构,无,,https://sh.lianjia.com/ershoufang/107100545668.html
浦东,陆家嘴,世茂滨江花园,内环内,2259,80977,4室2厅1厨3卫,278.97O,中楼层 (共63层),平层,西南,三梯两户,精装,70年,钢混结构,有,,https://sh.lianjia.com/ershoufang/107000279735.html
浦东,陆家嘴,乳山四村,内环内,359,74052,2室1厅1厨1卫,48.48O,中楼层 (共6层),平层,南 北,一梯四户,精装,70年,砖混结构,无,,https://sh.lianjia.com/ershoufang/107101428202.html
浦东,陆家嘴,崂山六村,内环内,185,71402,1室1厅1厨1卫,25.91O,中楼层 (共5层),平层,南,一梯七户,精装,未知,砖混结构,无,,https://sh.lianjia.com/ershoufang/107101414232.html
浦东,陆家嘴,东园四村,内环内,315,92675,1室1厅1厨1卫,33.99O,中楼层 (共6层),平层,南,一梯四户,简装,未知,砖混结构,无,,https://sh.lianjia.com/ershoufang/107100058385.html
浦东,陆家嘴,崂山三村,内环内,390,70910,2室1厅1厨1卫,55O,高楼层 (共6层),暂无数据,南 北,一梯五户,其他,70年,砖混结构,无,,https://sh.lianjia.com/ershoufang/107101481172.html
浦东,陆家嘴,世茂滨江花园,内环内,2699,86512,4室2厅1厨3卫,311.98O,低楼层 (共58层),平层,南,三梯两户,精装,70年,钢混结构,有,,https://sh.lianjia.com/ershoufang/107100438035.html
浦东,陆家嘴,菊园,内环内,899,88069,2室2厅0厨2卫,102.08O,低楼层 (共32层),平层,南,三梯五户,精装,70年,钢混结构,有,,https://sh.lianjia.com/ershoufang/107101440976.html
浦东,陆家嘴,中粮海景壹号,内环内,5000,146925,4室3厅1厨4卫,340.31O,低楼层 (共40层),平层,南 北,三梯两户,精装,70年,钢混结构,有,,https://sh.lianjia.com/ershoufang/107000217785.html
浦东,陆家嘴,滨江大楼,内环内,463,65433,2室1厅0厨1卫,70.76O,低楼层 (共24层),平层,南,两梯八户,精装,未知,钢混结构,有,,https://sh.lianjia.com/ershoufang/107101379092.html
浦东,陆家嘴,世茂滨江花园,内环内,1600,95872,2室2厅1厨2卫,166.89O,高楼层 (共41层),平层,东北,三梯四户,精装,70年,钢混结构,有,,https://sh.lianjia.com/ershoufang/107000190995.html
浦东,陆家嘴,世茂滨江花园,内环内,1450,98266,2室2厅1厨2卫,147.56O,低楼层 (共43层),平层,北,三梯三户,精装,70年,钢混结构,有,,https://sh.lianjia.com/ershoufang/107101032655.html
浦东,陆家嘴,江临天下,内环内,1590,95940,3室2厅1厨2卫,165.73O,中楼层 (共35层),平层,南 西南,六梯五户,其他,未知,钢混结构,有,,https://sh.lianjia.com/ershoufang/107101440882.html
浦东,陆家嘴,东园二村,内环内,398,76465,2室0厅1厨1卫,52.05O,低楼层 (共7层),平层,南,一梯十六户,简装,70年,钢混结构,无,,https://sh.lianjia.com/ershoufang/107101395810.html
浦东,陆家嘴,乳山五村,内环内,275,68837,1室1厅1厨1卫,39.95O,高楼层 (共6层),平层,南,一梯四户,简装,70年,砖混结构,无,,https://sh.lianjia.com/ershoufang/107101069564.html
浦东,陆家嘴,张杨路370弄,内环内,206,67586,1室1厅1厨1卫,30.48O,高楼层 (共6层),平层,南,一梯三户,简装,未知,砖混结构,无,,https://sh.lianjia.com/ershoufang/107101045460.html
浦东,陆家嘴,汇豪天下,内环内,1260,96257,3室2厅1厨2卫,130.9O,中楼层 (共28层),平层,南,两梯四户,精装,70年,钢混结构,有,,https://sh.lianjia.com/ershoufang/107101477384.html
浦东,陆家嘴,东昌新村,内环内,430,97198,2室1厅1厨1卫,44.24O,低楼层 (共6层),暂无数据,南,一梯六户,精装,70年,砖混结构,无,,https://sh.lianjia.com/ershoufang/107101074006.html
浦东,陆家嘴,崂山二村,内环内,550,72170,2室1厅1厨1卫,76.21O,高楼层 (共6层),平层,南 北,一梯四户,精装,70年,砖混结构,无,,https://sh.lianjia.com/ershoufang/107101337366.html
浦东,陆家嘴,仁恒滨江园,内环内,1599,110834,3室2厅1厨2卫,144.27O,低楼层 (共10层),暂无数据,西南,一梯两户,精装,70年,钢混结构,有,,https://sh.lianjia.com/ershoufang/107002243765.html
浦东,陆家嘴,崂山四村,内环内,228,77289,1室1厅1厨1卫,29.5O,中楼层 (共5层),平层,南,一梯四户,简装,未知,砖混结构,无,,https://sh.lianjia.com/ershoufang/107101443242.html
浦东,陆家嘴,盛大金磐,内环内,1580,129711,2室2厅1厨2卫,121.81O,高楼层 (共43层),平层,南,三梯三户,精装,70年,钢混结构,有,,https://sh.lianjia.com/ershoufang/107101455364.html
浦东,陆家嘴,爱建大楼,内环内,380,68040,2室1厅1厨1卫,55.85O,高楼层 (共20层),平层,东,两梯十户,精装,70年,钢混结构,有,,https://sh.lianjia.com/ershoufang/107101093288.html
浦东,陆家嘴,浦江茗园,内环内,1650,90795,4室2厅1厨2卫,181.73O,高楼层 (共11层),复式,南,一梯两户,精装,70年,钢混结构,有,,https://sh.lianjia.com/ershoufang/107100150728.html
浦东,陆家嘴,三航小区,内环内,455,87500,2室1厅1厨1卫,52O,中楼层 (共6层),平层,南,一梯四户,精装,未知,砖混结构,无,,https://sh.lianjia.com/ershoufang/107101343938.html
浦东,陆家嘴,世茂滨江花园,内环内,2500,99801,3室2厅1厨3卫,250.5O,高楼层 (共49层),平层,南,三梯两户,精装,70年,钢混结构,有,,https://sh.lianjia.com/ershoufang/107101232940.html
浦东,陆家嘴,盛大金磐,内环内,4000,150145,3室2厅1厨3卫,266.41O,高楼层 (共43层),平层,南,三梯两户,精装,70年,钢混结构,有,,https://sh.lianjia.com/ershoufang/107100897577.html
浦东,陆家嘴,汤臣一品,内环内,8800,201646,4室2厅0厨4卫,436.41O,高楼层 (共45层),平层,南,两梯一户,精装,70年,钢混结构,有,,https://sh.lianjia.com/ershoufang/107101399472.html
浦东,陆家嘴,盛大金磐,内环内,3200,105961,3室2厅1厨3卫,302O,高楼层 (共43层),平层,南,三梯两户,精装,70年,钢混结构,有,,https://sh.lianjia.com/ershoufang/107101458419.html
浦东,陆家嘴,世茂滨江花园,内环内,1339,98667,2室2厅1厨2卫,135.71O,中楼层 (共56层),平层,南 北,三梯四户,精装,70年,钢混结构,有,,https://sh.lianjia.com/ershoufang/107101081715.html
浦东,陆家嘴,保利One56,内环内,4500,159575,2室1厅1厨3卫,282O,高楼层 (共21层),暂无数据,西北,两梯四户,精装,50年,钢混结构,有,,https://sh.lianjia.com/ershoufang/107100838686.html
浦东,陆家嘴,崂山二村,内环内,295,66026,1室1厅1厨1卫,44.68O,中楼层 (共7层),平层,南,一梯六户,精装,70年,钢混结构,暂无数据,,https://sh.lianjia.com/ershoufang/107100526809.html
浦东,陆家嘴,江临天下,内环内,1380,84234,4室2厅1厨2卫,163.83O,低楼层 (共35层),平层,南,六梯六户,精装,未知,钢混结构,有,,https://sh.lianjia.com/ershoufang/107000054683.html
浦东,陆家嘴,申金大厦,内环内,780,72993,2室2厅1厨1卫,106.86O,中楼层 (共35层),平层,南,两梯六户,简装,50年,钢混结构,有,,https://sh.lianjia.com/ershoufang/107101037116.html
浦东,陆家嘴,东昌新村,内环内,370,88411,1室1厅1厨1卫,41.85O,高楼层 (共6层),暂无数据,南,一梯四户,其他,70年,砖混结构,无,,https://sh.lianjia.com/ershoufang/107101459515.html
浦东,陆家嘴,菊园,内环内,1080,89941,3室2厅1厨2卫,120.08O,高楼层 (共32层),平层,南 北,三梯五户,精装,70年,钢混结构,有,,https://sh.lianjia.com/ershoufang/107100759030.html
浦东,陆家嘴,滨江凯旋门,内环内,2000,138889,2室2厅1厨2卫,144O,低楼层 (共27层),平层,西,两梯三户,其他,70年,钢混结构,有,,https://sh.lianjia.com/ershoufang/107101343483.html
浦东,陆家嘴,汇豪天下,内环内,1080,123655,2室2厅1厨1卫,87.34O,低楼层 (共28层),平层,南,两梯四户,精装,70年,钢混结构,有,,https://sh.lianjia.com/ershoufang/107101048481.html
浦东,陆家嘴,东昌新村,内环内,343,86442,1室1厅1厨1卫,39.68O,中楼层 (共6层),平层,南,一梯四户,精装,未知,砖混结构,无,,https://sh.lianjia.com/ershoufang/107100578086.html
浦东,陆家嘴,东园四村,内环内,830,57933,3室2厅1厨2卫,143.27O,低楼层 (共30层),暂无数据,南,两梯四户,简装,70年,钢混结构,有,,https://sh.lianjia.com/ershoufang/107101403550.html
浦东,陆家嘴,仁恒滨江园,内环内,1550,126946,3室2厅1厨2卫,122.1O,中楼层 (共27层),暂无数据,西,两梯四户,精装,70年,钢混结构,有,,https://sh.lianjia.com/ershoufang/107002206717.html
浦东,陆家嘴,东园四村,内环内,397,81004,2室1厅1厨1卫,49.01O,高楼层 (共6层),平层,南,一梯四户,简装,未知,砖混结构,无,,https://sh.lianjia.com/ershoufang/107100899812.html
浦东,陆家嘴,百富达公寓,内环内,750,60724,3室2厅1厨2卫,123.51O,低楼层 (共21层),暂无数据,南,两梯五户,精装,70年,钢混结构,有,,https://sh.lianjia.com/ershoufang/107002174925.html
浦东,陆家嘴,世茂滨江花园,内环内,2100,86066,3室2厅1厨3卫,244O,低楼层 (共56层),平层,西南,三梯两户,精装,70年,钢混结构,有,,https://sh.lianjia.com/ershoufang/107100819636.html
浦东,陆家嘴,汇豪天下,内环内,1250,95384,3室2厅1厨2卫,131.05O,高楼层 (共28层),暂无数据,南,两梯四户,精装,70年,钢混结构,有,,https://sh.lianjia.com/ershoufang/107100281309.html
浦东,陆家嘴,东园三村,内环内,750,73725,3室2厅1厨1卫,101.73O,中楼层 (共26层),平层,西南,两梯四户,精装,70年,钢混结构,有,,https://sh.lianjia.com/ershoufang/107101077784.html
浦东,陆家嘴,浦东南路1780弄,内环内,280,61525,2室1厅1厨1卫,45.51O,高楼层 (共7层),平层,西南,一梯四户,其他,未知,钢混结构,无,,https://sh.lianjia.com/ershoufang/107101384446.html
浦东,陆家嘴,世茂滨江花园,内环内,1900,92751,3室2厅1厨3卫,204.85O,中楼层 (共53层),平层,南,三梯两户,精装,70年,钢混结构,有,,https://sh.lianjia.com/ershoufang/107101063608.html
浦东,陆家嘴,滨江凯旋门,内环内,1850,136431,2室2厅1厨2卫,135.6O,高楼层 (共27层),暂无数据,南,两梯三户,精装,70年,钢混结构,有,,https://sh.lianjia.com/ershoufang/107101045425.html
浦东,陆家嘴,世茂滨江花园,内环内,1195,90414,2室2厅1厨2卫,132.17O,中楼层 (共56层),平层,西北,三梯四户,精装,70年,钢混结构,有,,https://sh.lianjia.com/ershoufang/107101109236.html
浦东,陆家嘴,久阳滨江公寓,内环内,970,69465,3室1厅1厨2卫,139.64O,中楼层 (共25层),跃层,南,四梯二十二户,简装,70年,钢混结构,有,,https://sh.lianjia.com/ershoufang/107100693253.html
浦东,陆家嘴,世茂滨江花园,内环内,2550,113163,3室2厅1厨3卫,225.34O,高楼层 (共41层),平层,西南,三梯两户,精装,70年,钢混结构,有,,https://sh.lianjia.com/ershoufang/107101190516.html
浦东,陆家嘴,乳山二村,内环内,300,73711,1室1厅1厨1卫,40.7O,高楼层 (共6层),平层,南,一梯四户,其他,70年,砖混结构,无,,https://sh.lianjia.com/ershoufang/107101189938.html
浦东,陆家嘴,东南新村(浦东),内环内,235,72397,1室0厅1厨1卫,32.46O,高楼层 (共6层),暂无数据,南,一梯四户,简装,未知,砖混结构,无,,https://sh.lianjia.com/ershoufang/107101324180.html
浦东,陆家嘴,东昌新村,内环内,337,84973,1室1厅1厨1卫,39.66O,高楼层 (共6层),平层,南,一梯五户,简装,未知,砖混结构,无,,https://sh.lianjia.com/ershoufang/107101342486.html
浦东,陆家嘴,爱建大楼,内环内,380,68040,2室1厅1厨1卫,55.85O,中楼层 (共20层),平层,南,两梯十户,简装,70年,钢混结构,有,,https://sh.lianjia.com/ershoufang/107101082128.html
浦东,陆家嘴,乳山三村,内环内,325,70210,2室1厅1厨1卫,46.29O,高楼层 (共6层),暂无数据,南,一梯四户,其他,70年,砖混结构,无,,https://sh.lianjia.com/ershoufang/107101310732.html
浦东,陆家嘴,东明新村,内环内,280,57996,2室0厅1厨1卫,48.28O,高楼层 (共6层),暂无数据,南,一梯四户,简装,未知,砖混结构,无,,https://sh.lianjia.com/ershoufang/107000440357.html
浦东,陆家嘴,浦城小区,内环内,485,74777,2室1厅1厨1卫,64.86O,低楼层 (共6层),平层,南 北,一梯四户,简装,未知,砖混结构,无,,https://sh.lianjia.com/ershoufang/107100309826.html
浦东,陆家嘴,财富海景花园,内环内,4000,118589,4室2厅1厨3卫,337.3O,低楼层 (共39层),平层,南,五梯三户,其他,70年,钢混结构,有,,https://sh.lianjia.com/ershoufang/107101351867.html
浦东,陆家嘴,乳山四村,内环内,375,71977,2室1厅1厨1卫,52.1O,高楼层 (共6层),平层,南,一梯四户,其他,70年,砖混结构,无,,https://sh.lianjia.com/ershoufang/107001668363.html
浦东,陆家嘴,东昌新村,内环内,400,80678,2室1厅1厨1卫,49.58O,高楼层 (共6层),暂无数据,南,一梯四户,毛坯,70年,砖混结构,无,,https://sh.lianjia.com/ershoufang/107101444544.html
浦东,陆家嘴,浦江茗园,内环内,1125,84663,3室2厅1厨2卫,132.88O,中楼层 (共12层),平层,西南,一梯两户,精装,未知,钢混结构,有,,https://sh.lianjia.com/ershoufang/107100748674.html
浦东,陆家嘴,崂山三村,内环内,390,67242,2室1厅1厨1卫,58O,高楼层 (共6层),暂无数据,南 北,一梯五户,精装,70年,砖混结构,无,,https://sh.lianjia.com/ershoufang/107100308030.html
浦东,陆家嘴,谢家宅小区,内环内,606,70002,2室1厅1厨1卫,86.57O,高楼层 (共6层),暂无数据,南,一梯两户,其他,未知,砖混结构,无,,https://sh.lianjia.com/ershoufang/107101509849.html
浦东,陆家嘴,世茂滨江花园,内环内,1490,89281,2室2厅1厨2卫,166.89O,中楼层 (共41层),平层,东南,三梯四户,精装,70年,钢混结构,有,,https://sh.lianjia.com/ershoufang/107101216721.html
浦东,陆家嘴,乳山四村,内环内,376,73769,2室1厅1厨1卫,50.97O,中楼层 (共6层),平层,南,一梯四户,其他,70年,砖混结构,无,,https://sh.lianjia.com/ershoufang/107101329116.html
浦东,陆家嘴,兰园小区,内环内,258,69244,1室1厅1厨1卫,37.26O,高楼层 (共6层),平层,南,一梯三户,毛坯,未知,砖混结构,无,,https://sh.lianjia.com/ershoufang/107101482072.html
浦东,陆家嘴,东园二村,内环内,465,83875,2室1厅1厨1卫,55.44O,高楼层 (共6层),暂无数据,南 北,一梯四户,精装,70年,砖混结构,无,,https://sh.lianjia.com/ershoufang/107101006558.html
浦东,陆家嘴,滨江大楼,内环内,435,61476,2室1厅1厨1卫,70.76O,低楼层 (共24层),平层,南,两梯八户,精装,未知,钢混结构,有,,https://sh.lianjia.com/ershoufang/107101240732.html
浦东,陆家嘴,盛大金磐,内环内,2830,145390,3室2厅1厨3卫,194.65O,中楼层 (共43层),暂无数据,南 北,三梯三户,精装,70年,钢混结构,有,,https://sh.lianjia.com/ershoufang/107101267542.html
浦东,陆家嘴,荣城花苑,内环内,770,79113,2室2厅1厨1卫,97.33O,高楼层 (共22层),暂无数据,南,两梯六户,精装,未知,钢混结构,有,,https://sh.lianjia.com/ershoufang/107101227340.html
浦东,陆家嘴,滨江兰庭,内环内,1485,86478,3室2厅1厨2卫,171.72O,中楼层 (共23层),暂无数据,南,两梯两户,精装,未知,钢混结构,有,,https://sh.lianjia.com/ershoufang/107100386017.html
浦东,陆家嘴,仁恒滨江园,内环内,1980,91241,4室2厅1厨3卫,217.01O,低楼层 (共27层),复式,南,两梯三户,精装,70年,钢混结构,有,,https://sh.lianjia.com/ershoufang/107100305026.html
浦东,陆家嘴,世茂滨江花园,内环内,1700,102385,2室2厅1厨2卫,166.04O,高楼层 (共56层),平层,西,三梯四户,精装,70年,钢混结构,有,,https://sh.lianjia.com/ershoufang/107100916441.html
浦东,陆家嘴,财富海景花园,内环内,4500,132361,4室2厅1厨3卫,339.98O,低楼层 (共38层),平层,南,五梯三户,精装,70年,钢混结构,有,,https://sh.lianjia.com/ershoufang/107101106852.html
浦东,陆家嘴,东明新村,内环内,243,55978,2室0厅1厨1卫,43.41O,高楼层 (共6层),平层,南,一梯四户,简装,未知,砖混结构,无,,https://sh.lianjia.com/ershoufang/107100419868.html
浦东,陆家嘴,东港公寓,内环内,445,63937,2室0厅1厨1卫,69.6O,低楼层 (共15层),平层,东南,两梯七户,简装,70年,钢混结构,有,,https://sh.lianjia.com/ershoufang/107101433229.html
浦东,陆家嘴,菊园,内环内,840,90890,2室2厅1厨1卫,92.42O,高楼层 (共18层),暂无数据,西,两梯四户,精装,70年,钢混结构,有,,https://sh.lianjia.com/ershoufang/107101003011.html
浦东,陆家嘴,菊园,内环内,1460,68545,5室2厅1厨2卫,213O,低楼层 (共14层),平层,南,两梯四户,简装,70年,钢混结构,有,,https://sh.lianjia.com/ershoufang/107002151895.html
浦东,陆家嘴,瑞苑公寓,内环内,1800,79296,3室2厅1厨3卫,227O,高楼层 (共40层),平层,南,三梯一户,精装,70年,钢混结构,有,,https://sh.lianjia.com/ershoufang/107100589969.html
浦东,陆家嘴,崂山二村,内环内,350,59433,2室1厅1厨1卫,58.89O,高楼层 (共6层),平层,南 北,一梯五户,精装,70年,砖混结构,无,,https://sh.lianjia.com/ershoufang/107101345812.html
浦东,陆家嘴,滨江兰庭,内环内,1430,83626,3室2厅1厨2卫,171O,低楼层 (共23层),平层,南,两梯两户,精装,70年,钢混结构,有,,https://sh.lianjia.com/ershoufang/107100784432.html
浦东,陆家嘴,滨江凯旋门,内环内,1.3,313303,5室3厅1厨4卫,424.51O,高楼层 (共21层),复式,南 北,两梯两户,精装,70年,钢混结构,有,,https://sh.lianjia.com/ershoufang/107101320887.html
浦东,陆家嘴,江临天下,内环内,1420,85682,4室2厅1厨2卫,165.73O,低楼层 (共35层),平层,南 西南,六梯六户,精装,未知,钢混结构,有,,https://sh.lianjia.com/ershoufang/107100297912.html
浦东,陆家嘴,谢家宅小区,内环内,420,75608,2室1厅1厨1卫,55.55O,高楼层 (共6层),平层,南,一梯六户,精装,70年,砖混结构,无,,https://sh.lianjia.com/ershoufang/107101103306.html
浦东,陆家嘴,汇豪天下,内环内,1395,95680,3室2厅1厨2卫,145.8O,低楼层 (共35层),平层,南,两梯四户,精装,70年,钢混结构,有,,https://sh.lianjia.com/ershoufang/107100219478.html
浦东,陆家嘴,菊园,内环内,990,89764,2室2厅1厨2卫,110.29O,低楼层 (共8层),平层,南,一梯两户,精装,70年,钢混结构,有,,https://sh.lianjia.com/ershoufang/107100731985.html
浦东,陆家嘴,江临天下,内环内,1750,83290,4室2厅1厨3卫,210.11O,中楼层 (共35层),平层,西南 西,六梯六户,简装,未知,钢混结构,有,,https://sh.lianjia.com/ershoufang/107100475652.html
浦东,陆家嘴,东明新村,内环内,299,69342,2室1厅1厨1卫,43.12O,中楼层 (共5层),暂无数据,南,一梯六户,简装,未知,砖混结构,无,,https://sh.lianjia.com/ershoufang/107101276556.html
浦东,陆家嘴,世茂滨江花园,内环内,2180,91624,3室2厅1厨3卫,237.93O,中楼层 (共49层),平层,西,三梯两户,精装,70年,钢混结构,有,,https://sh.lianjia.com/ershoufang/107000067443.html
浦东,陆家嘴,江临天下,内环内,998,86783,2室2厅1厨2卫,115O,低楼层 (共16层),平层,南,两梯三户,精装,未知,钢混结构,有,,https://sh.lianjia.com/ershoufang/107100637014.html
浦东,陆家嘴,滨江凯旋门,内环内,5200,181978,4室2厅1厨4卫,285.75O,高楼层 (共23层),平层,西南,两梯两户,精装,70年,钢混结构,有,,https://sh.lianjia.com/ershoufang/107100493142.html
浦东,陆家嘴,崂山新村,内环内,290,65537,2室1厅1厨1卫,44.25O,低楼层 (共6层),平层,南 北,一梯三户,简装,未知,砖混结构,无,,https://sh.lianjia.com/ershoufang/107100700075.html
浦东,陆家嘴,菊园,内环内,1010,84111,2室1厅1厨1卫,120.08O,高楼层 (共32层),暂无数据,南,三梯五户,精装,70年,钢混结构,有,,https://sh.lianjia.com/ershoufang/107101486777.html
浦东,陆家嘴,天科苑,内环内,880,84284,2室2厅1厨1卫,104.41O,低楼层 (共18层),暂无数据,南,两梯三户,精装,未知,钢混结构,有,,https://sh.lianjia.com/ershoufang/107101065308.html
浦东,陆家嘴,陈家宅小区(潍坊西路),内环内,785,69847,3室1厅1厨1卫,112.39O,中楼层 (共20层),平层,南,两梯五户,精装,70年,钢混结构,有,,https://sh.lianjia.com/ershoufang/107101303497.html
浦东,陆家嘴,中粮海景壹号,内环内,6000,154409,5室2厅1厨5卫,388.58O,低楼层 (共39层),暂无数据,西,两梯一户,精装,70年,钢混结构,有,,https://sh.lianjia.com/ershoufang/107002167001.html
浦东,陆家嘴,瑞苑公寓,内环内,1200,76056,2室2厅1厨2卫,157.78O,低楼层 (共40层),暂无数据,南,三梯四户,精装,70年,钢混结构,有,,https://sh.lianjia.com/ershoufang/107100581595.html
浦东,陆家嘴,四季汇,内环内,6499,201401,3室2厅2厨3卫,322.69O,高楼层 (共55层),平层,西,一梯七户,精装,50年,未知结构,暂无数据,,https://sh.lianjia.com/ershoufang/107100846896.html
浦东,陆家嘴,世茂滨江花园,内环内,2400,92170,3室2厅1厨3卫,260.39O,中楼层 (共51层),暂无数据,西 北,三梯两户,其他,70年,钢混结构,有,,https://sh.lianjia.com/ershoufang/107101522066.html
浦东,陆家嘴,东南新村(浦东),内环内,435,70343,2室1厅0厨1卫,61.84O,高楼层 (共6层),平层,南,一梯四户,简装,未知,砖混结构,无,,https://sh.lianjia.com/ershoufang/107101419261.html
浦东,陆家嘴,东园三村,内环内,460,85186,2室1厅1厨1卫,54O,低楼层 (共6层),平层,南,一梯三户,精装,未知,砖混结构,无,,https://sh.lianjia.com/ershoufang/107101506146.html
浦东,陆家嘴,东园三村,内环内,615,73910,2室1厅1厨1卫,83.21O,高楼层 (共26层),平层,西南,两梯四户,精装,70年,钢混结构,有,,https://sh.lianjia.com/ershoufang/107100909287.html
浦东,陆家嘴,爱建大楼,内环内,378,67682,2室0厅1厨1卫,55.85O,低楼层 (共20层),平层,东,两梯十一户,简装,70年,钢混结构,有,,https://sh.lianjia.com/ershoufang/107100913034.html
浦东,陆家嘴,世茂滨江花园,内环内,1700,103168,2室2厅1厨2卫,164.78O,中楼层 (共49层),平层,西北,三梯三户,精装,70年,钢混结构,有,,https://sh.lianjia.com/ershoufang/107101146262.html
浦东,陆家嘴,菊园,内环内,909,90134,2室2厅1厨1卫,100.85O,高楼层 (共32层),平层,南,三梯五户,精装,70年,钢混结构,有,,https://sh.lianjia.com/ershoufang/107101125139.html
浦东,陆家嘴,崂山新村,内环内,260,70271,1室1厅1厨1卫,37O,低楼层 (共6层),平层,南,一梯三户,精装,未知,砖混结构,无,,https://sh.lianjia.com/ershoufang/107100838868.html
浦东,陆家嘴,天科苑,内环内,1330,79765,4室2厅1厨2卫,166.74O,低楼层 (共24层),平层,南 北,两梯三户,精装,未知,钢混结构,有,,https://sh.lianjia.com/ershoufang/107101425922.html
浦东,陆家嘴,上船大楼,内环内,590,75352,3室1厅1厨1卫,78.3O,高楼层 (共18层),平层,西南,两梯八户,精装,未知,钢混结构,有,,https://sh.lianjia.com/ershoufang/107100841412.html
浦东,陆家嘴,滨江大楼,内环内,628,79777,2室2厅1厨1卫,78.72O,高楼层 (共24层),暂无数据,南,两梯八户,精装,未知,钢混结构,有,,https://sh.lianjia.com/ershoufang/107101455603.html
浦东,陆家嘴,东园三村,内环内,470,90212,2室1厅1厨1卫,52.1O,低楼层 (共6层),平层,南,一梯三户,精装,未知,砖混结构,无,,https://sh.lianjia.com/ershoufang/107101330558.html
浦东,陆家嘴,众盛公寓,内环内,590,59434,3室2厅1厨1卫,99.27O,低楼层 (共7层),平层,南,一梯两户,精装,未知,钢混结构,无,,https://sh.lianjia.com/ershoufang/107101306559.html
浦东,陆家嘴,滨江凯旋门,内环内,3395,128254,4室3厅1厨4卫,264.71O,低楼层 (共27层),暂无数据,东南 南,两梯两户,精装,70年,钢混结构,有,,https://sh.lianjia.com/ershoufang/107101328224.html
浦东,陆家嘴,财富海景花园,内环内,3373,100000,4室2厅1厨3卫,337.3O,低楼层 (共39层),暂无数据,南,五梯三户,毛坯,70年,钢混结构,有,,https://sh.lianjia.com/ershoufang/107101236711.html
浦东,陆家嘴,久阳滨江公寓,内环内,590,75400,2室1厅1厨1卫,78.25O,高楼层 (共25层),暂无数据,南,四梯十六户,其他,70年,钢混结构,有,,https://sh.lianjia.com/ershoufang/107101355290.html
浦东,陆家嘴,汇豪天下,内环内,1500,87078,3室2厅1厨3卫,172.26O,低楼层 (共34层),暂无数据,南,两梯四户,精装,70年,钢混结构,有,,https://sh.lianjia.com/ershoufang/107101277024.html
浦东,陆家嘴,世茂滨江花园,内环内,1850,78017,3室2厅1厨2卫,237.13O,低楼层 (共63层),平层,西,三梯两户,精装,70年,钢混结构,有,,https://sh.lianjia.com/ershoufang/107101444487.html
浦东,陆家嘴,荣成小区,内环内,265,88158,1室1厅1厨1卫,30.06O,高楼层 (共6层),平层,南,一梯五户,精装,未知,砖混结构,无,,https://sh.lianjia.com/ershoufang/107101085396.html
浦东,陆家嘴,上港小区,内环内,250,70922,1室0厅1厨1卫,35.25O,中楼层 (共5层),暂无数据,南 北,一梯五户,其他,70年,砖混结构,无,,https://sh.lianjia.com/ershoufang/107101316797.html
浦东,陆家嘴,世茂滨江花园,内环内,2288,109317,3室2厅1厨3卫,209.3O,高楼层 (共58层),平层,西北,三梯两户,精装,70年,钢混结构,有,,https://sh.lianjia.com/ershoufang/107101125337.html
浦东,陆家嘴,汤臣商务中心,内环内,270,55556,1室0厅1厨1卫,48.6O,低楼层 (共25层),平层,南,四梯十六户,简装,40年,钢混结构,有,,https://sh.lianjia.com/ershoufang/107101038251.html
浦东,陆家嘴,滨江大楼,内环内,270,68114,1室1厅1厨1卫,39.64O,低楼层 (共6层),平层,南,一梯两户,简装,未知,砖混结构,无,,https://sh.lianjia.com/ershoufang/107101341829.html
浦东,陆家嘴,崂山二村,内环内,188,59250,1室1厅1厨1卫,31.73O,中楼层 (共5层),平层,北,一梯六户,精装,70年,砖混结构,无,,https://sh.lianjia.com/ershoufang/107101084959.html
浦东,陆家嘴,东南新村(浦东),内环内,245,62725,1室1厅1厨1卫,39.06O,低楼层 (共6层),平层,南,一梯五户,精装,未知,砖混结构,无,,https://sh.lianjia.com/ershoufang/107101393707.html
浦东,陆家嘴,东园四村,内环内,920,61671,3室2厅1厨2卫,149.18O,低楼层 (共30层),平层,南,两梯四户,精装,70年,钢混结构,有,,https://sh.lianjia.com/ershoufang/107101322445.html
浦东,陆家嘴,世茂滨江花园,内环内,1880,91236,3室2厅1厨3卫,206.06O,低楼层 (共61层),平层,西南,三梯两户,精装,70年,钢混结构,有,,https://sh.lianjia.com/ershoufang/107101379233.html
浦东,陆家嘴,世茂滨江花园,内环内,1590,95273,2室2厅2厨2卫,166.89O,高楼层 (共41层),平层,西南,三梯四户,精装,70年,钢混结构,有,,https://sh.lianjia.com/ershoufang/107101376337.html
浦东,陆家嘴,瑞苑公寓,内环内,705,86973,1室1厅1厨1卫,81.06O,高楼层 (共40层),暂无数据,北,三梯四户,简装,70年,钢混结构,有,,https://sh.lianjia.com/ershoufang/107000056997.html
浦东,陆家嘴,汇豪天下,内环内,1060,98194,2室2厅1厨2卫,107.95O,低楼层 (共35层),平层,南,两梯四户,精装,70年,钢混结构,有,,https://sh.lianjia.com/ershoufang/107100935807.html
浦东,陆家嘴,菊园,内环内,1700,76778,5室2厅1厨3卫,221.42O,高楼层 (共32层),复式,南,三梯五户,简装,70年,钢混结构,有,,https://sh.lianjia.com/ershoufang/107100061628.html
浦东,陆家嘴,东明新村,内环内,240,66025,2室1厅1厨1卫,36.35O,低楼层 (共6层),平层,南,一梯五户,简装,未知,砖混结构,无,,https://sh.lianjia.com/ershoufang/107101232074.html
浦东,陆家嘴,众盛公寓,内环内,550,58079,3室1厅1厨1卫,94.7O,中楼层 (共7层),平层,南,一梯两户,简装,未知,钢混结构,无,,https://sh.lianjia.com/ershoufang/107101321136.html
浦东,陆家嘴,菊园,内环内,870,85791,2室2厅1厨2卫,101.41O,高楼层 (共32层),平层,南,两梯四户,精装,70年,钢混结构,有,,https://sh.lianjia.com/ershoufang/107100508648.html
浦东,陆家嘴,崂山五村,内环内,232,68216,1室0厅1厨1卫,34.01O,高楼层 (共6层),暂无数据,南 西,一梯九户,简装,未知,砖混结构,无,,https://sh.lianjia.com/ershoufang/107100419611.html
浦东,陆家嘴,滨江大楼,内环内,458,64726,2室1厅1厨1卫,70.76O,低楼层 (共24层),平层,南,两梯七户,简装,未知,钢混结构,有,,https://sh.lianjia.com/ershoufang/107100938984.html
浦东,陆家嘴,东园一村,内环内,525,83321,2室1厅1厨1卫,63.01O,中楼层 (共24层),平层,南,两梯八户,精装,70年,钢混结构,有,,https://sh.lianjia.com/ershoufang/107101359288.html
浦东,陆家嘴,招远小区,内环内,380,71821,2室1厅1厨1卫,52.91O,高楼层 (共6层),平层,南,一梯三户,毛坯,未知,砖混结构,无,,https://sh.lianjia.com/ershoufang/107100588460.html
浦东,陆家嘴,东园四村,内环内,340,94340,1室1厅1厨1卫,36.04O,中楼层 (共6层),平层,南,一梯四户,精装,未知,砖混结构,无,,https://sh.lianjia.com/ershoufang/107000409541.html
浦东,陆家嘴,中粮海景壹号,内环内,7300,210072,4室2厅1厨4卫,347.5O,高楼层 (共40层),平层,南,三梯两户,精装,70年,钢混结构,有,,https://sh.lianjia.com/ershoufang/107100695702.html
浦东,陆家嘴,世茂滨江花园,内环内,2880,94759,4室2厅1厨3卫,303.93O,中楼层 (共49层),暂无数据,西南,三梯两户,精装,70年,钢混结构,有,,https://sh.lianjia.com/ershoufang/107101107476.html
浦东,陆家嘴,浦城小区,内环内,485,69425,2室1厅1厨1卫,69.86O,低楼层 (共6层),暂无数据,南,一梯四户,简装,70年,砖混结构,无,,https://sh.lianjia.com/ershoufang/107101255918.html
浦东,陆家嘴,东昌新村,内环内,280,86234,1室1厅1厨1卫,32.47O,中楼层 (共6层),平层,南,一梯四户,简装,70年,砖混结构,无,,https://sh.lianjia.com/ershoufang/107101434302.html
浦东,陆家嘴,荣成小区,内环内,350,80571,1室1厅1厨1卫,43.44O,高楼层 (共7层),平层,南,一梯三户,毛坯,70年,砖混结构,无,,https://sh.lianjia.com/ershoufang/107101510023.html
浦东,陆家嘴,招远小区,内环内,350,83793,2室1厅1厨1卫,41.77O,中楼层 (共5层),暂无数据,南,一梯八户,简装,未知,砖混结构,无,,https://sh.lianjia.com/ershoufang/107100505624.html
浦东,陆家嘴,东明新村,内环内,230,68698,2室1厅1厨1卫,33.48O,低楼层 (共6层),平层,南,一梯四户,简装,未知,砖混结构,无,,https://sh.lianjia.com/ershoufang/107101076658.html
浦东,陆家嘴,汇豪天下,内环内,1394,92928,3室2厅1厨2卫,150.01O,低楼层 (共35层),平层,南,两梯四户,精装,70年,钢混结构,有,,https://sh.lianjia.com/ershoufang/107100952954.html
浦东,陆家嘴,东明新村,内环内,295,58590,2室1厅1厨1卫,50.35O,高楼层 (共6层),平层,南,一梯四户,简装,未知,砖混结构,无,,https://sh.lianjia.com/ershoufang/107002328895.html
浦东,陆家嘴,乳山三村,内环内,368,78382,2室1厅1厨1卫,46.95O,中楼层 (共6层),暂无数据,南,一梯四户,其他,未知,砖混结构,无,,https://sh.lianjia.com/ershoufang/107101497857.html
浦东,陆家嘴,汤臣商务中心,内环内,340,54839,1室1厅0厨1卫,62O,高楼层 (共25层),平层,东南,四梯十六户,精装,50年,钢混结构,有,,https://sh.lianjia.com/ershoufang/107101372355.html
浦东,陆家嘴,东园一村,内环内,320,92406,1室1厅1厨1卫,34.63O,中楼层 (共6层),平层,南,一梯四户,精装,未知,砖混结构,无,,https://sh.lianjia.com/ershoufang/107100923908.html
浦东,陆家嘴,久阳滨江公寓,内环内,470,66563,1室1厅1厨1卫,70.61O,中楼层 (共25层),复式,北,四梯二十二户,精装,70年,钢混结构,有,,https://sh.lianjia.com/ershoufang/107101204558.html
浦东,陆家嘴,东园三村,内环内,530,81614,3室1厅1厨1卫,64.94O,低楼层 (共6层),平层,南,一梯三户,精装,70年,砖混结构,无,,https://sh.lianjia.com/ershoufang/107101435233.html
浦东,陆家嘴,世茂滨江花园,内环内,3600,127065,4室1厅1厨4卫,283.32O,高楼层 (共55层),平层,西,三梯两户,精装,70年,钢混结构,有,,https://sh.lianjia.com/ershoufang/107101360857.html
浦东,陆家嘴,世茂滨江花园,内环内,1888,67921,4室2厅1厨3卫,277.97O,低楼层 (共60层),平层,东,三梯两户,精装,70年,钢混结构,有,,https://sh.lianjia.com/ershoufang/107000065963.html
浦东,陆家嘴,江临天下,内环内,795,88827,2室1厅1厨1卫,89.5O,低楼层 (共30层),平层,南,两梯三户,精装,未知,钢混结构,有,,https://sh.lianjia.com/ershoufang/107100874416.html
浦东,陆家嘴,滨江大楼,内环内,388,65047,1室1厅1厨1卫,59.65O,高楼层 (共24层),平层,南,两梯八户,简装,未知,钢混结构,有,,https://sh.lianjia.com/ershoufang/107101052760.html
浦东,陆家嘴,京城大厦,内环内,740,59111,3室2厅1厨2卫,125.19O,中楼层 (共28层),平层,东南,一梯三户,简装,70年,钢混结构,有,,https://sh.lianjia.com/ershoufang/107101282491.html
浦东,陆家嘴,乳山四村,内环内,355,73393,2室0厅1厨1卫,48.37O,中楼层 (共5层),平层,南,一梯四户,精装,未知,砖混结构,无,,https://sh.lianjia.com/ershoufang/107101022497.html
浦东,陆家嘴,汤臣商务中心,内环内,345,49027,1室1厅0厨1卫,70.37O,低楼层 (共25层),平层,东,四梯十六户,简装,50年,钢混结构,有,,https://sh.lianjia.com/ershoufang/107100866744.html
浦东,陆家嘴,世茂滨江花园,内环内,1450,112073,2室2厅1厨2卫,129.38O,中楼层 (共49层),平层,西南,三梯三户,精装,70年,钢混结构,有,,https://sh.lianjia.com/ershoufang/107101353942.html
浦东,陆家嘴,乳山三村,内环内,415,67711,2室1厅1厨1卫,61.29O,高楼层 (共6层),平层,南,一梯四户,其他,未知,砖混结构,无,,https://sh.lianjia.com/ershoufang/107101474061.html
浦东,陆家嘴,世茂滨江花园,内环内,1480,88682,2室2厅1厨2卫,166.89O,中楼层 (共41层),平层,西,三梯四户,精装,70年,钢混结构,有,,https://sh.lianjia.com/ershoufang/107101342471.html
浦东,陆家嘴,汇豪天下,内环内,1220,93201,3室2厅1厨2卫,130.9O,低楼层 (共28层),平层,南,两梯四户,精装,70年,钢混结构,有,,https://sh.lianjia.com/ershoufang/107101047378.html
浦东,陆家嘴,久阳滨江公寓,内环内,540,76792,1室1厅1厨1卫,70.32O,中楼层 (共25层),复式,南,四梯二十二户,精装,70年,钢混结构,有,,https://sh.lianjia.com/ershoufang/107101245933.html
浦东,陆家嘴,瑞苑公寓,内环内,700,86006,1室1厅1厨1卫,81.39O,中楼层 (共40层),暂无数据,北,三梯四户,精装,70年,钢混结构,有,,https://sh.lianjia.com/ershoufang/107100656773.html
浦东,陆家嘴,东园四村,内环内,450,84682,2室1厅1厨1卫,53.14O,高楼层 (共6层),平层,东 南,一梯四户,精装,70年,砖混结构,无,,https://sh.lianjia.com/ershoufang/107101239486.html
浦东,陆家嘴,瑞苑公寓,内环内,1845,74949,4室2厅1厨4卫,246.17O,低楼层 (共40层),平层,西南,三梯三户,精装,70年,钢混结构,有,,https://sh.lianjia.com/ershoufang/107101380700.html
浦东,陆家嘴,陈家宅小区(潍坊西路),内环内,565,69334,2室2厅1厨1卫,81.49O,中楼层 (共20层),平层,南,两梯五户,简装,70年,钢混结构,有,,https://sh.lianjia.com/ershoufang/107101303480.html
浦东,陆家嘴,崂山二村,内环内,310,62000,2室1厅1厨1卫,50O,中楼层 (共5层),暂无数据,南,一梯六户,毛坯,70年,砖混结构,无,,https://sh.lianjia.com/ershoufang/107002226179.html
浦东,陆家嘴,东明新村,内环内,245,67624,1室1厅1厨1卫,36.23O,低楼层 (共6层),平层,南,一梯六户,其他,未知,砖混结构,无,,https://sh.lianjia.com/ershoufang/107101382079.html
浦东,陆家嘴,东港公寓,内环内,295,71291,1室1厅1厨1卫,41.38O,低楼层 (共15层),平层,南,两梯七户,精装,未知,钢混结构,有,,https://sh.lianjia.com/ershoufang/107101128406.html
浦东,陆家嘴,东园二村,内环内,385,73968,2室0厅1厨1卫,52.05O,低楼层 (共7层),平层,东南,一梯十四户,精装,70年,钢混结构,无,,https://sh.lianjia.com/ershoufang/107100930291.html
浦东,陆家嘴,财富海景花园,内环内,1950,117470,2室2厅1厨2卫,166O,高楼层 (共30层),暂无数据,北,三梯四户,精装,70年,钢混结构,有,,https://sh.lianjia.com/ershoufang/107101129642.html
浦东,陆家嘴,兰园小区,内环内,259,70804,1室1厅1厨1卫,36.58O,低楼层 (共6层),暂无数据,南,一梯三户,简装,未知,砖混结构,无,,https://sh.lianjia.com/ershoufang/107101073257.html
浦东,陆家嘴,东南新村(浦东),内环内,320,64660,2室0厅1厨1卫,49.49O,高楼层 (共5层),平层,南,一梯四户,精装,未知,砖混结构,无,,https://sh.lianjia.com/ershoufang/107101508405.html
浦东,陆家嘴,招远小区,内环内,165,84616,1室0厅1厨1卫,19.5O,中楼层 (共5层),暂无数据,北,一梯六户,精装,70年,砖混结构,无,,https://sh.lianjia.com/ershoufang/107100800003.html
浦东,陆家嘴,上船大楼,内环内,495,71646,2室2厅1厨1卫,69.09O,低楼层 (共18层),平层,东南,两梯八户,精装,未知,钢混结构,有,,https://sh.lianjia.com/ershoufang/107101160628.html
浦东,陆家嘴,滨江凯旋门,内环内,1820,134387,2室2厅1厨2卫,135.43O,中楼层 (共27层),暂无数据,南,两梯三户,精装,70年,钢混结构,有,,https://sh.lianjia.com/ershoufang/107002038065.html
浦东,陆家嘴,汤臣商务中心,内环内,1550,46683,4室2厅2厨2卫,332.03O,高楼层 (共28层),复式,南,四梯四户,精装,70年,钢混结构,有,,https://sh.lianjia.com/ershoufang/107101025431.html
浦东,陆家嘴,东园四村,内环内,890,61823,3室2厅1厨2卫,143.96O,高楼层 (共26层),平层,东南,两梯四户,简装,未知,钢混结构,有,,https://sh.lianjia.com/ershoufang/107101516482.html
浦东,陆家嘴,仁恒滨江园,内环内,3400,103976,5室2厅1厨3卫,327O,中楼层 (共31层),平层,南,三梯三户,精装,未知,钢混结构,有,,https://sh.lianjia.com/ershoufang/107100955466.html
浦东,陆家嘴,汤臣一品,内环内,7900,182917,4室2厅1厨5卫,431.89O,低楼层 (共45层),平层,西,两梯一户,精装,70年,钢混结构,有,,https://sh.lianjia.com/ershoufang/107100897753.html
浦东,陆家嘴,仁恒滨江园,内环内,1350,103338,3室2厅1厨2卫,130.64O,低楼层 (共27层),平层,南,两梯四户,精装,70年,钢混结构,有,,https://sh.lianjia.com/ershoufang/107101465119.html
浦东,陆家嘴,东明新村,内环内,310,62112,2室1厅1厨1卫,49.91O,中楼层 (共5层),平层,南,一梯八户,其他,70年,砖混结构,无,,https://sh.lianjia.com/ershoufang/107101405386.html
浦东,陆家嘴,崂山二村,内环内,178,58863,1室0厅1厨1卫,30.24O,高楼层 (共5层),暂无数据,南,一梯六户,简装,70年,砖混结构,无,,https://sh.lianjia.com/ershoufang/107101128989.html
浦东,陆家嘴,浦东南路1780弄,内环内,350,61620,2室1厅1厨1卫,56.8O,高楼层 (共7层),平层,南,一梯六户,精装,未知,钢混结构,无,,https://sh.lianjia.com/ershoufang/107101376289.html
浦东,陆家嘴,东港公寓,内环内,475,68248,2室1厅1厨1卫,69.6O,高楼层 (共15层),平层,南,两梯七户,精装,未知,钢混结构,有,,https://sh.lianjia.com/ershoufang/107100161142.html
浦东,陆家嘴,菊园,内环内,1210,85847,3室2厅1厨2卫,140.95O,低楼层 (共32层),暂无数据,南,两梯四户,精装,70年,钢混结构,有,,https://sh.lianjia.com/ershoufang/107101335907.html
浦东,陆家嘴,东明新村,内环内,310,57589,2室1厅1厨1卫,53.83O,高楼层 (共6层),暂无数据,南,一梯四户,精装,未知,砖混结构,无,,https://sh.lianjia.com/ershoufang/107101495676.html
浦东,陆家嘴,世茂滨江花园,内环内,1399,85987,2室2厅1厨2卫,162.7O,低楼层 (共49层),暂无数据,西,三梯四户,精装,70年,钢混结构,有,,https://sh.lianjia.com/ershoufang/107002342697.html
浦东,陆家嘴,菊园,内环内,1650,70231,5室2厅1厨3卫,234.94O,低楼层 (共18层),平层,南,两梯四户,精装,70年,钢混结构,有,,https://sh.lianjia.com/ershoufang/107101107600.html
浦东,陆家嘴,东南新村(浦东),内环内,258,63004,2室1厅1厨1卫,40.95O,中楼层 (共6层),平层,南,一梯四户,精装,未知,砖混结构,无,,https://sh.lianjia.com/ershoufang/107101092706.html
浦东,陆家嘴,荣成小区,内环内,230,72693,1室1厅1厨1卫,31.64O,高楼层 (共7层),平层,南,一梯四户,简装,未知,钢混结构,无,,https://sh.lianjia.com/ershoufang/107101353085.html
浦东,陆家嘴,上船大楼,内环内,510,73817,2室1厅1厨1卫,69.09O,低楼层 (共18层),平层,东,两梯八户,精装,未知,钢混结构,有,,https://sh.lianjia.com/ershoufang/107101121289.html
浦东,陆家嘴,东昌新村,内环内,313,94907,1室1厅1厨1卫,32.98O,中楼层 (共6层),平层,北,一梯六户,简装,70年,砖混结构,无,,https://sh.lianjia.com/ershoufang/107101243369.html
浦东,陆家嘴,乳山一村,内环内,375,75000,2室1厅1厨1卫,50O,低楼层 (共6层),暂无数据,南 北,一梯四户,毛坯,70年,砖混结构,无,,https://sh.lianjia.com/ershoufang/107101257093.html
浦东,陆家嘴,滨江大楼,内环内,270,65582,1室1厅1厨1卫,41.17O,高楼层 (共6层),平层,南,一梯两户,简装,未知,砖混结构,无,,https://sh.lianjia.com/ershoufang/107101395100.html
浦东,陆家嘴,世茂滨江花园,内环内,2400,95618,3室2厅1厨3卫,251O,高楼层 (共49层),平层,南,三梯两户,精装,70年,钢混结构,有,,https://sh.lianjia.com/ershoufang/107101266821.html
浦东,陆家嘴,乳山五村,内环内,390,82593,2室1厅1厨1卫,47.22O,中楼层 (共6层),平层,南,一梯四户,简装,70年,砖混结构,无,,https://sh.lianjia.com/ershoufang/107101276330.html
浦东,陆家嘴,世茂滨江花园,内环内,2980,87808,4室2厅1厨3卫,339.38O,中楼层 (共56层),平层,西南,三梯两户,精装,70年,钢混结构,有,,https://sh.lianjia.com/ershoufang/107101435168.html
浦东,陆家嘴,中粮海景壹号,内环内,9000,230180,4室2厅1厨4卫,391O,低楼层 (共39层),暂无数据,西南,两梯一户,精装,70年,钢混结构,有,,https://sh.lianjia.com/ershoufang/107100493846.html
浦东,陆家嘴,汇豪天下,内环内,1070,99130,2室2厅1厨2卫,107.94O,中楼层 (共35层),平层,南,两梯四户,精装,70年,钢混结构,有,,https://sh.lianjia.com/ershoufang/107101423228.html
浦东,陆家嘴,东园一村,内环内,370,81212,2室0厅1厨1卫,45.56O,低楼层 (共6层),暂无数据,南,一梯三户,精装,未知,砖混结构,无,,https://sh.lianjia.com/ershoufang/107101403071.html
浦东,陆家嘴,世茂滨江花园,内环内,1600,92235,2室2厅1厨2卫,173.47O,高楼层 (共49层),暂无数据,西,三梯三户,精装,70年,钢混结构,有,,https://sh.lianjia.com/ershoufang/107100052532.html
浦东,陆家嘴,东昌新村,内环内,328,82083,2室0厅1厨1卫,39.96O,高楼层 (共6层),平层,南,一梯四户,精装,未知,砖混结构,无,,https://sh.lianjia.com/ershoufang/107101288869.html
浦东,陆家嘴,滨江大楼,内环内,279,68016,1室1厅1厨1卫,41.02O,中楼层 (共6层),平层,南,一梯两户,精装,未知,砖混结构,无,,https://sh.lianjia.com/ershoufang/107101247542.html
浦东,陆家嘴,三航小区,内环内,310,83784,1室0厅1厨1卫,37O,中楼层 (共6层),暂无数据,南,一梯四户,简装,未知,砖混结构,无,,https://sh.lianjia.com/ershoufang/107101234649.html
浦东,陆家嘴,东昌新村,内环内,408,86901,2室0厅1厨1卫,46.95O,中楼层 (共6层),暂无数据,南,一梯四户,简装,未知,砖混结构,无,,https://sh.lianjia.com/ershoufang/107100169909.html
浦东,陆家嘴,崂山二村,内环内,230,67568,1室1厅1厨1卫,34.04O,中楼层 (共4层),平层,南,一梯六户,精装,70年,砖混结构,无,,https://sh.lianjia.com/ershoufang/107101124250.html
浦东,陆家嘴,东港公寓,内环内,465,66811,2室1厅1厨1卫,69.6O,低楼层 (共15层),平层,东南,两梯七户,精装,70年,钢混结构,有,,https://sh.lianjia.com/ershoufang/107101455147.html
浦东,陆家嘴,世茂滨江花园,内环内,2850,90265,4室2厅1厨3卫,315.74O,低楼层 (共51层),平层,西南,三梯两户,精装,70年,钢混结构,有,,https://sh.lianjia.com/ershoufang/107100438917.html
浦东,陆家嘴,仁恒滨江园,内环内,2130,88126,4室2厅1厨2卫,241.7O,低楼层 (共32层),平层,南,三梯两户,精装,70年,钢混结构,有,,https://sh.lianjia.com/ershoufang/107002157649.html
浦东,陆家嘴,财富海景花园,内环内,6000,170562,3室2厅1厨3卫,351.78O,高楼层 (共38层),平层,南,五梯三户,精装,70年,钢混结构,有,,https://sh.lianjia.com/ershoufang/107100936730.html
浦东,陆家嘴,仁恒滨江园,内环内,3000,109490,5室2厅1厨3卫,274O,低楼层 (共27层),复式,南,两梯三户,精装,未知,钢混结构,有,,https://sh.lianjia.com/ershoufang/107101283508.html
浦东,陆家嘴,仁恒滨江园,内环内,1400,107354,3室2厅1厨2卫,130.41O,高楼层 (共26层),暂无数据,北,两梯四户,精装,未知,钢混结构,有,,https://sh.lianjia.com/ershoufang/107101492278.html
浦东,陆家嘴,滨江凯旋门,内环内,3000,165062,2室2厅1厨2卫,181.75O,高楼层 (共27层),平层,南,两梯三户,精装,70年,钢混结构,有,,https://sh.lianjia.com/ershoufang/107101468903.html
浦东,陆家嘴,乳山二村,内环内,230,68494,1室1厅1厨1卫,33.58O,低楼层 (共6层),平层,南,一梯四户,简装,70年,砖混结构,无,,https://sh.lianjia.com/ershoufang/107101457905.html
浦东,陆家嘴,乳山二村,内环内,340,76733,2室1厅1厨1卫,44.31O,中楼层 (共6层),暂无数据,南,一梯四户,简装,70年,砖混结构,无,,https://sh.lianjia.com/ershoufang/107101306582.html
浦东,陆家嘴,汤臣商务中心,内环内,240,52005,1室1厅0厨1卫,46.15O,低楼层 (共25层),平层,东,四梯十六户,简装,50年,钢混结构,有,,https://sh.lianjia.com/ershoufang/107100866752.html
浦东,陆家嘴,浦江茗园,内环内,1100,90164,3室2厅1厨2卫,122O,低楼层 (共12层),平层,南,一梯两户,精装,未知,钢混结构,有,,https://sh.lianjia.com/ershoufang/107100577447.html
浦东,陆家嘴,滨江凯旋门,内环内,2100,155556,2室2厅1厨2卫,135O,中楼层 (共27层),暂无数据,东南,两梯三户,精装,70年,钢混结构,有,,https://sh.lianjia.com/ershoufang/107101198897.html
浦东,陆家嘴,财富海景花园,内环内,4000,118589,3室2厅1厨3卫,337.3O,中楼层 (共38层),平层,东南 西南,五梯三户,简装,70年,钢混结构,有,,https://sh.lianjia.com/ershoufang/107101283034.html
浦东,陆家嘴,江临天下,内环内,1300,93004,3室2厅1厨2卫,139.78O,低楼层 (共20层),平层,南,两梯三户,精装,未知,钢混结构,有,,https://sh.lianjia.com/ershoufang/107101438411.html
浦东,陆家嘴,东港公寓,内环内,455,65374,2室1厅1厨1卫,69.6O,中楼层 (共15层),平层,南,两梯七户,简装,70年,钢混结构,有,,https://sh.lianjia.com/ershoufang/107101387980.html
浦东,陆家嘴,京城大厦,内环内,680,56134,2室2厅1厨2卫,121.14O,低楼层 (共28层),暂无数据,东,一梯三户,简装,70年,钢混结构,有,,https://sh.lianjia.com/ershoufang/107000233853.html
浦东,陆家嘴,荣成大厦,内环内,820,72241,2室2厅1厨1卫,113.51O,中楼层 (共30层),平层,东南 南,两梯六户,精装,70年,钢混结构,有,,https://sh.lianjia.com/ershoufang/107101132242.html
浦东,陆家嘴,众盛公寓,内环内,635,57807,3室2厅1厨2卫,109.85O,中楼层 (共7层),平层,南,一梯两户,简装,未知,钢混结构,无,,https://sh.lianjia.com/ershoufang/107101076597.html
浦东,陆家嘴,招远小区,内环内,320,78974,1室1厅1厨1卫,40.52O,中楼层 (共5层),暂无数据,南,一梯四户,精装,未知,砖混结构,无,,https://sh.lianjia.com/ershoufang/107101244780.html
浦东,陆家嘴,仁恒滨江园,内环内,1298,126032,2室2厅1厨2卫,102.99O,高楼层 (共27层),平层,西南,两梯四户,精装,70年,钢混结构,有,,https://sh.lianjia.com/ershoufang/107101189519.html
浦东,陆家嘴,世茂滨江花园,内环内,3000,105806,4室2厅1厨3卫,283.54O,高楼层 (共63层),暂无数据,西,三梯两户,精装,70年,钢混结构,有,,https://sh.lianjia.com/ershoufang/107100761442.html
浦东,陆家嘴,东南新村(浦东),内环内,470,74604,3室1厅1厨1卫,63O,中楼层 (共5层),暂无数据,南,一梯三户,简装,未知,砖混结构,无,,https://sh.lianjia.com/ershoufang/107101107553.html
浦东,陆家嘴,崂山二村,内环内,330,63462,2室1厅1厨1卫,52O,高楼层 (共6层),平层,南,一梯四户,简装,未知,砖混结构,无,,https://sh.lianjia.com/ershoufang/107100647056.html
浦东,陆家嘴,盛大金磐,内环内,3290,108872,3室2厅1厨3卫,302.19O,低楼层 (共43层),平层,南,三梯两户,精装,70年,钢混结构,有,,https://sh.lianjia.com/ershoufang/107101253339.html
浦东,陆家嘴,滨江凯旋门,内环内,5000,177962,4室2厅1厨3卫,280.96O,高楼层 (共21层),暂无数据,东南,两梯两户,精装,70年,钢混结构,有,,https://sh.lianjia.com/ershoufang/107100549803.html
浦东,陆家嘴,浦江茗园,内环内,1350,80420,3室2厅1厨2卫,167.87O,低楼层 (共17层),平层,南,一梯两户,精装,未知,钢混结构,有,,https://sh.lianjia.com/ershoufang/107100922094.html
浦东,陆家嘴,东园三村,内环内,720,70340,3室2厅1厨1卫,102.36O,高楼层 (共26层),平层,东南,两梯六户,简装,70年,钢混结构,有,,https://sh.lianjia.com/ershoufang/107101210939.html
浦东,陆家嘴,乳山五村,内环内,328,69082,2室0厅1厨1卫,47.48O,高楼层 (共6层),平层,南,一梯四户,精装,70年,砖混结构,无,,https://sh.lianjia.com/ershoufang/107101456461.html
浦东,陆家嘴,江临天下,内环内,2390,97305,4室2厅1厨3卫,245.62O,高楼层 (共35层),暂无数据,南,两梯两户,精装,未知,钢混结构,有,,https://sh.lianjia.com/ershoufang/107100922556.html
浦东,陆家嘴,菊园,内环内,1280,92074,3室2厅2厨2卫,139.02O,中楼层 (共32层),平层,南,两梯四户,精装,70年,钢混结构,有,,https://sh.lianjia.com/ershoufang/107100666390.html
浦东,陆家嘴,盛大金磐,内环内,2800,105264,3室2厅1厨3卫,266O,中楼层 (共43层),平层,南,三梯两户,精装,70年,钢混结构,有,,https://sh.lianjia.com/ershoufang/107101243074.html
浦东,陆家嘴,东园一村,内环内,350,91075,1室1厅1厨1卫,38.43O,高楼层 (共6层),平层,南,一梯四户,精装,未知,钢混结构,有,,https://sh.lianjia.com/ershoufang/107101341204.html
浦东,陆家嘴,兰园小区,内环内,257,73157,1室0厅1厨1卫,35.13O,低楼层 (共6层),平层,南,一梯三户,简装,未知,砖混结构,无,,https://sh.lianjia.com/ershoufang/107100865506.html
浦东,陆家嘴,盛大金磐,内环内,3400,112535,3室2厅1厨3卫,302.13O,高楼层 (共43层),暂无数据,南,三梯两户,精装,70年,钢混结构,有,,https://sh.lianjia.com/ershoufang/107101220219.html
浦东,陆家嘴,中粮海景壹号,内环内,9800,250813,5室2厅1厨4卫,390.73O,中楼层 (共39层),平层,西北,两梯一户,精装,70年,钢混结构,有,,https://sh.lianjia.com/ershoufang/107100677121.html
浦东,陆家嘴,汇豪天下,内环内,1899,83042,4室2厅1厨3卫,228.68O,低楼层 (共41层),平层,西南,三梯三户,精装,70年,钢混结构,有,,https://sh.lianjia.com/ershoufang/107101158657.html
浦东,陆家嘴,东园二村,内环内,400,76894,2室0厅1厨1卫,52.02O,高楼层 (共7层),平层,南,一梯十六户,简装,70年,钢混结构,无,,https://sh.lianjia.com/ershoufang/107100754098.html
浦东,陆家嘴,东明广场,内环内,770,52954,3室2厅1厨2卫,145.41O,中楼层 (共26层),暂无数据,南 北,两梯四户,其他,70年,钢混结构,有,,https://sh.lianjia.com/ershoufang/107100585527.html
浦东,陆家嘴,财富海景花园,内环内,2650,104422,3室2厅1厨3卫,253.78O,高楼层 (共39层),暂无数据,南,三梯三户,精装,未知,钢混结构,有,,https://sh.lianjia.com/ershoufang/107101299326.html
浦东,陆家嘴,江临天下,内环内,1180,84801,3室2厅1厨2卫,139.15O,低楼层 (共20层),平层,南,两梯三户,精装,未知,钢混结构,有,,https://sh.lianjia.com/ershoufang/107100308373.html
浦东,陆家嘴,世茂滨江花园,内环内,1300,95793,2室2厅1厨2卫,135.71O,低楼层 (共56层),暂无数据,东北,三梯四户,精装,70年,钢混结构,有,,https://sh.lianjia.com/ershoufang/107101210421.html
浦东,陆家嘴,陈家宅小区(潍坊西路),内环内,428,81852,2室2厅1厨1卫,52.29O,中楼层 (共25层),平层,南,两梯八户,精装,70年,钢混结构,有,,https://sh.lianjia.com/ershoufang/107000701685.html
浦东,陆家嘴,申金大厦,内环内,1200,71124,4室2厅1厨2卫,168.72O,高楼层 (共35层),平层,南,两梯六户,简装,50年,钢混结构,有,,https://sh.lianjia.com/ershoufang/107000087721.html
浦东,陆家嘴,众鑫大厦,内环内,760,62552,3室1厅1厨2卫,121.5O,高楼层 (共26层),暂无数据,南,四梯七户,精装,未知,钢混结构,有,,https://sh.lianjia.com/ershoufang/107000721523.html
浦东,陆家嘴,世茂滨江花园,内环内,1290,95056,2室2厅1厨2卫,135.71O,高楼层 (共49层),平层,南 北,三梯四户,精装,70年,钢混结构,有,,https://sh.lianjia.com/ershoufang/107100171954.html
浦东,陆家嘴,菊园,内环内,860,84314,2室2厅1厨2卫,102O,低楼层 (共32层),平层,南,三梯五户,精装,70年,钢混结构,有,,https://sh.lianjia.com/ershoufang/107101094178.html
浦东,陆家嘴,世茂滨江花园,内环内,2260,89598,3室2厅1厨3卫,252.24O,低楼层 (共51层),平层,西,三梯两户,精装,70年,钢混结构,有,,https://sh.lianjia.com/ershoufang/107101353692.html
浦东,陆家嘴,东昌新村,内环内,430,96327,2室1厅1厨1卫,44.64O,低楼层 (共6层),平层,南,一梯四户,简装,70年,砖混结构,无,,https://sh.lianjia.com/ershoufang/107101346275.html
浦东,陆家嘴,申金大厦,内环内,1145,67184,4室2厅1厨2卫,170.43O,中楼层 (共35层),平层,南,两梯六户,简装,50年,钢混结构,有,,https://sh.lianjia.com/ershoufang/107101254032.html
浦东,陆家嘴,财富海景花园,内环内,6300,165842,3室2厅1厨3卫,379.88O,高楼层 (共39层),平层,南,五梯三户,毛坯,70年,钢混结构,有,,https://sh.lianjia.com/ershoufang/107000155327.html
浦东,陆家嘴,仁恒滨江园,内环内,1600,97277,2室2厅1厨2卫,164.48O,低楼层 (共32层),平层,南,两梯两户,精装,未知,钢混结构,有,,https://sh.lianjia.com/ershoufang/107100568492.html
浦东,陆家嘴,东港公寓,内环内,398,73636,2室1厅1厨1卫,54.05O,低楼层 (共15层),平层,南,两梯七户,其他,未知,钢混结构,有,,https://sh.lianjia.com/ershoufang/107101392035.html
浦东,陆家嘴,天科苑,内环内,1190,81664,3室2厅1厨2卫,145.72O,低楼层 (共24层),暂无数据,南,两梯三户,精装,70年,钢混结构,有,,https://sh.lianjia.com/ershoufang/107002087695.html
浦东,陆家嘴,浦东南路1780弄,内环内,395,55870,2室1厅1厨1卫,70.7O,高楼层 (共7层),平层,南,一梯六户,简装,未知,钢混结构,无,,https://sh.lianjia.com/ershoufang/107101420321.html
浦东,陆家嘴,世茂滨江花园,内环内,1220,92306,2室2厅1厨2卫,132.17O,中楼层 (共56层),平层,西北,三梯四户,精装,70年,钢混结构,有,,https://sh.lianjia.com/ershoufang/107101243377.html
浦东,陆家嘴,江临天下,内环内,1100,94138,2室2厅0厨2卫,116.85O,低楼层 (共35层),平层,南,两梯四户,精装,70年,钢混结构,有,,https://sh.lianjia.com/ershoufang/107100525455.html
浦东,陆家嘴,盛大金磐,内环内,2400,90916,3室2厅1厨2卫,263.98O,低楼层 (共47层),平层,东南,三梯两户,精装,70年,钢混结构,有,,https://sh.lianjia.com/ershoufang/107101470024.html
浦东,陆家嘴,世茂滨江花园,内环内,1500,107775,2室2厅1厨2卫,139.18O,高楼层 (共49层),平层,南,三梯三户,精装,70年,钢混结构,有,,https://sh.lianjia.com/ershoufang/107101247582.html
浦东,陆家嘴,滨江凯旋门,内环内,3636,154140,3室2厅1厨3卫,235.89O,低楼层 (共23层),暂无数据,南,两梯两户,精装,70年,钢混结构,有,,https://sh.lianjia.com/ershoufang/107001676199.html
浦东,陆家嘴,汇豪天下,内环内,1140,102142,2室2厅1厨2卫,111.61O,高楼层 (共35层),平层,南,两梯四户,精装,70年,钢混结构,有,,https://sh.lianjia.com/ershoufang/107101304406.html
浦东,陆家嘴,百富达公寓,内环内,750,66455,2室2厅1厨1卫,112.86O,低楼层 (共21层),暂无数据,暂无数据,两梯五户,简装,70年,钢混结构,有,,https://sh.lianjia.com/ershoufang/107002204201.html
浦东,陆家嘴,陈家宅小区(潍坊西路),内环内,640,68818,2室1厅1厨1卫,93O,低楼层 (共20层),暂无数据,南,两梯五户,精装,70年,钢混结构,有,,https://sh.lianjia.com/ershoufang/107101277400.html
浦东,陆家嘴,乳山五村,内环内,430,70806,2室1厅0厨1卫,60.73O,高楼层 (共6层),暂无数据,南,一梯四户,精装,70年,砖混结构,无,,https://sh.lianjia.com/ershoufang/107101449422.html
浦东,陆家嘴,东南新村(浦东),内环内,259,64509,2室1厅1厨1卫,40.15O,高楼层 (共6层),平层,南,一梯四户,精装,未知,砖混结构,无,,https://sh.lianjia.com/ershoufang/107101147078.html
浦东,陆家嘴,东园一村,内环内,480,91048,2室1厅1厨1卫,52.72O,低楼层 (共6层),平层,南,一梯四户,精装,未知,砖混结构,无,,https://sh.lianjia.com/ershoufang/107101167649.html
浦东,陆家嘴,崂山三村,内环内,228,80481,1室0厅1厨1卫,28.33O,中楼层 (共5层),暂无数据,南,一梯六户,简装,70年,砖混结构,无,,https://sh.lianjia.com/ershoufang/107101435882.html
浦东,陆家嘴,上船大楼,内环内,520,69762,2室1厅1厨1卫,74.54O,中楼层 (共18层),平层,南,两梯八户,精装,未知,钢混结构,有,,https://sh.lianjia.com/ershoufang/107101211433.html
浦东,陆家嘴,世茂滨江花园,内环内,1220,90251,2室2厅1厨2卫,135.18O,低楼层 (共49层),暂无数据,西南,三梯三户,精装,70年,钢混结构,有,,https://sh.lianjia.com/ershoufang/107101327560.html
浦东,陆家嘴,荣成路41弄,内环内,420,72414,2室1厅1厨1卫,58O,中楼层 (共7层),平层,南 北,一梯三户,毛坯,未知,钢混结构,无,,https://sh.lianjia.com/ershoufang/107101235165.html
浦东,陆家嘴,盛大金磐,内环内,3300,109384,3室2厅1厨3卫,301.69O,低楼层 (共47层),平层,南,三梯一户,精装,70年,钢混结构,有,,https://sh.lianjia.com/ershoufang/107101233518.html
浦东,陆家嘴,天后宫大楼,内环内,448,65412,2室1厅1厨1卫,68.49O,低楼层 (共24层),平层,东南,两梯八户,简装,70年,钢混结构,有,,https://sh.lianjia.com/ershoufang/107100484614.html
浦东,陆家嘴,乳山五村,内环内,250,70542,1室1厅1厨1卫,35.44O,高楼层 (共6层),暂无数据,南,一梯四户,精装,70年,砖混结构,无,,https://sh.lianjia.com/ershoufang/107100983891.html
浦东,陆家嘴,陈家宅小区(潍坊西路),内环内,360,68585,2室0厅1厨1卫,52.49O,中楼层 (共22层),平层,南,两梯八户,精装,70年,钢混结构,有,,https://sh.lianjia.com/ershoufang/107101175543.html
浦东,陆家嘴,招远小区,内环内,480,69075,2室2厅1厨1卫,69.49O,高楼层 (共6层),暂无数据,南,一梯五户,简装,未知,砖混结构,无,,https://sh.lianjia.com/ershoufang/107100702222.html
浦东,陆家嘴,久阳滨江公寓,内环内,480,67826,1室1厅1厨1卫,70.77O,中楼层 (共25层),复式,南,四梯二十二户,精装,70年,钢混结构,有,,https://sh.lianjia.com/ershoufang/107100378125.html
浦东,陆家嘴,张杨路370弄,内环内,420,85055,2室1厅1厨1卫,49.38O,中楼层 (共5层),平层,南,一梯四户,精装,未知,砖混结构,无,,https://sh.lianjia.com/ershoufang/107100532671.html
浦东,陆家嘴,东昌新村,内环内,500,107343,2室0厅0厨1卫,46.58O,中楼层 (共5层),暂无数据,南,一梯四户,其他,未知,砖混结构,无,,https://sh.lianjia.com/ershoufang/107101478787.html
浦东,陆家嘴,集成大厦,内环内,850,73289,2室1厅1厨1卫,115.98O,低楼层 (共24层),平层,南,两梯六户,精装,70年,钢混结构,有,,https://sh.lianjia.com/ershoufang/107101495275.html
浦东,陆家嘴,陈家宅小区(潍坊西路),内环内,555,74000,2室1厅1厨1卫,75O,高楼层 (共22层),平层,东南,两梯八户,简装,70年,钢混结构,有,,https://sh.lianjia.com/ershoufang/107100475777.html
浦东,陆家嘴,久阳滨江公寓,内环内,930,66600,4室1厅1厨3卫,139.64O,低楼层 (共25层),跃层,南,四梯十八户,精装,70年,钢混结构,有,,https://sh.lianjia.com/ershoufang/107101169989.html
浦东,陆家嘴,荣城花苑,内环内,1300,74129,5室2厅1厨2卫,175.37O,高楼层 (共31层),平层,南,两梯四户,简装,未知,钢混结构,有,,https://sh.lianjia.com/ershoufang/107101271458.html
浦东,陆家嘴,崂山二村,内环内,208,60518,1室0厅1厨1卫,34.37O,中楼层 (共5层),暂无数据,南,一梯六户,毛坯,70年,砖混结构,无,,https://sh.lianjia.com/ershoufang/107101285780.html
浦东,陆家嘴,天科苑,内环内,850,80930,2室2厅1厨1卫,105.03O,高楼层 (共22层),暂无数据,南,两梯三户,精装,未知,钢混结构,有,,https://sh.lianjia.com/ershoufang/107101483078.html
浦东,陆家嘴,东园二村,内环内,415,86549,2室0厅1厨1卫,47.95O,低楼层 (共6层),平层,南,一梯五户,精装,70年,砖混结构,无,,https://sh.lianjia.com/ershoufang/107100978049.html
浦东,陆家嘴,滨江大楼,内环内,470,66422,2室1厅1厨1卫,70.76O,中楼层 (共24层),平层,南,两梯八户,简装,未知,钢混结构,有,,https://sh.lianjia.com/ershoufang/107100491907.html
浦东,陆家嘴,久阳滨江公寓,内环内,499,71286,1室1厅1厨1卫,70O,高楼层 (共25层),复式,南,四梯二十户,其他,70年,钢混结构,有,,https://sh.lianjia.com/ershoufang/107101335136.html
浦东,陆家嘴,仁恒滨江园,内环内,1680,85960,5室2厅1厨3卫,195.44O,低楼层 (共27层),暂无数据,东 南,两梯三户,精装,70年,钢混结构,有,,https://sh.lianjia.com/ershoufang/107101375171.html
浦东,陆家嘴,盛大金磐,内环内,2400,90765,3室2厅1厨3卫,264.42O,低楼层 (共47层),平层,南,三梯两户,精装,70年,钢混结构,有,,https://sh.lianjia.com/ershoufang/107101233511.html
浦东,陆家嘴,汤臣商务中心,内环内,290,61598,1室0厅1厨1卫,47.08O,高楼层 (共25层),平层,西 北,四梯十六户,精装,70年,钢混结构,有,,https://sh.lianjia.com/ershoufang/107100759746.html
浦东,陆家嘴,汇豪天下,内环内,1650,93628,4室2厅1厨2卫,176.23O,高楼层 (共28层),暂无数据,南,两梯四户,精装,70年,钢混结构,有,,https://sh.lianjia.com/ershoufang/107100989724.html
浦东,陆家嘴,江临天下,内环内,2300,87267,5室2厅1厨3卫,263.56O,高楼层 (共11层),跃层,南,两梯三户,精装,未知,钢混结构,有,,https://sh.lianjia.com/ershoufang/107100380420.html
浦东,陆家嘴,江临天下,内环内,1200,93024,3室2厅1厨2卫,129O,中楼层 (共20层),平层,南,两梯三户,精装,70年,钢混结构,有,,https://sh.lianjia.com/ershoufang/107101376935.html
浦东,陆家嘴,世茂滨江花园,内环内,2100,83606,3室2厅1厨3卫,251.18O,中楼层 (共49层),平层,西南,三梯两户,精装,70年,钢混结构,有,,https://sh.lianjia.com/ershoufang/107101099326.html
浦东,陆家嘴,东园四村,内环内,608,76430,2室1厅1厨2卫,79.55O,低楼层 (共6层),暂无数据,南,一梯四户,精装,70年,砖混结构,无,,https://sh.lianjia.com/ershoufang/107101289557.html
浦东,陆家嘴,东南新村(浦东),内环内,400,66667,2室1厅1厨1卫,60O,高楼层 (共6层),暂无数据,南,一梯三户,简装,70年,砖混结构,无,,https://sh.lianjia.com/ershoufang/107101051099.html
浦东,陆家嘴,陈家宅小区(潍坊西路),内环内,330,69009,1室1厅1厨1卫,47.82O,低楼层 (共18层),平层,南,两梯八户,简装,70年,钢混结构,有,,https://sh.lianjia.com/ershoufang/107101169395.html
浦东,陆家嘴,荣成小区,内环内,360,81875,1室1厅1厨1卫,43.97O,中楼层 (共7层),暂无数据,南,一梯四户,简装,未知,钢混结构,无,,https://sh.lianjia.com/ershoufang/107101253407.html
浦东,陆家嘴,菊园,内环内,1200,90772,3室2厅1厨2卫,132.2O,中楼层 (共32层),暂无数据,南,三梯五户,精装,70年,钢混结构,有,,https://sh.lianjia.com/ershoufang/107101141242.html
浦东,陆家嘴,东园一村,内环内,650,74713,3室1厅1厨2卫,87O,中楼层 (共24层),暂无数据,东南,两梯八户,精装,70年,钢混结构,有,,https://sh.lianjia.com/ershoufang/107101243469.html
浦东,陆家嘴,乳山三村,内环内,265,66400,1室1厅1厨1卫,39.91O,高楼层 (共6层),暂无数据,南,一梯四户,简装,未知,砖混结构,无,,https://sh.lianjia.com/ershoufang/107101187659.html
浦东,陆家嘴,谢家宅小区,内环内,340,62455,2室1厅1厨1卫,54.44O,低楼层 (共6层),平层,南,一梯五户,精装,70年,砖混结构,无,,https://sh.lianjia.com/ershoufang/107100873033.html
浦东,陆家嘴,盛大金磐,内环内,2200,113024,3室2厅1厨3卫,194.65O,中楼层 (共43层),平层,南,三梯三户,精装,70年,钢混结构,有,,https://sh.lianjia.com/ershoufang/107101128079.html
浦东,陆家嘴,盛大金磐,内环内,3200,121020,3室2厅1厨3卫,264.42O,高楼层 (共47层),暂无数据,南,三梯两户,精装,70年,钢混结构,有,,https://sh.lianjia.com/ershoufang/107100846952.html
浦东,陆家嘴,东园三村,内环内,598,72049,2室2厅1厨1卫,83O,高楼层 (共26层),平层,东南,两梯两户,精装,70年,钢混结构,有,,https://sh.lianjia.com/ershoufang/107100458547.html
浦东,陆家嘴,世茂滨江花园,内环内,1299,93440,2室2厅1厨2卫,139.02O,中楼层 (共49层),平层,东南,三梯三户,精装,70年,钢混结构,有,,https://sh.lianjia.com/ershoufang/107100851032.html
浦东,陆家嘴,东南新村(浦东),内环内,307,62846,2室1厅1厨1卫,48.85O,中楼层 (共6层),平层,南,一梯八户,简装,70年,砖混结构,无,,https://sh.lianjia.com/ershoufang/107101164786.html
浦东,陆家嘴,崂山四村,内环内,250,70423,1室0厅1厨1卫,35.5O,中楼层 (共5层),暂无数据,北,一梯八户,简装,70年,砖混结构,无,,https://sh.lianjia.com/ershoufang/107100859405.html
浦东,陆家嘴,浦城小区,内环内,395,78374,2室1厅1厨1卫,50.4O,中楼层 (共6层),暂无数据,南,一梯四户,简装,未知,砖混结构,无,,https://sh.lianjia.com/ershoufang/107101242395.html
浦东,陆家嘴,世茂滨江花园,内环内,2280,82347,4室2厅1厨3卫,276.88O,中楼层 (共55层),暂无数据,东南,三梯两户,精装,70年,钢混结构,有,,https://sh.lianjia.com/ershoufang/107100720589.html
浦东,陆家嘴,东港公寓,内环内,480,88807,2室1厅1厨1卫,54.05O,低楼层 (共15层),平层,西,两梯七户,其他,70年,钢混结构,有,,https://sh.lianjia.com/ershoufang/107101428718.html
浦东,陆家嘴,东昌新村,内环内,285,93720,1室1厅1厨1卫,30.41O,高楼层 (共6层),暂无数据,北,一梯六户,简装,未知,砖混结构,无,,https://sh.lianjia.com/ershoufang/107101254124.html
浦东,陆家嘴,保利One56,内环内,3500,136187,2室2厅1厨3卫,257O,低楼层 (共21层),平层,西北,两梯四户,精装,50年,钢混结构,有,,https://sh.lianjia.com/ershoufang/107100638656.html
浦东,陆家嘴,兰园小区,内环内,248,76402,1室1厅1厨1卫,32.46O,低楼层 (共5层),平层,南,一梯四户,精装,未知,砖混结构,无,,https://sh.lianjia.com/ershoufang/107101358649.html
浦东,陆家嘴,上港小区,内环内,295,77004,1室1厅1厨1卫,38.31O,高楼层 (共6层),暂无数据,南,一梯五户,其他,70年,砖混结构,无,,https://sh.lianjia.com/ershoufang/107101005183.html
浦东,陆家嘴,汤臣商务中心,内环内,304,44706,1室1厅0厨0卫,68O,中楼层 (共25层),平层,东南,四梯二十六户,精装,50年,钢混结构,有,,https://sh.lianjia.com/ershoufang/107101375541.html
浦东,陆家嘴,集成大厦,内环内,695,72616,2室1厅1厨1卫,95.71O,高楼层 (共24层),平层,南,两梯六户,精装,70年,钢混结构,有,,https://sh.lianjia.com/ershoufang/107101387887.html
浦东,陆家嘴,久阳滨江公寓,内环内,480,68260,2室1厅1厨1卫,70.32O,低楼层 (共25层),复式,东,四梯二十二户,精装,70年,钢混结构,有,,https://sh.lianjia.com/ershoufang/107101511439.html
浦东,陆家嘴,东明新村,内环内,205,58841,1室0厅1厨1卫,34.84O,中楼层 (共5层),平层,南,一梯八户,毛坯,70年,砖混结构,无,,https://sh.lianjia.com/ershoufang/107101356810.html
浦东,陆家嘴,世茂滨江花园,内环内,1600,91633,2室2厅1厨2卫,174.61O,中楼层 (共43层),平层,西南,三梯三户,精装,70年,钢混结构,有,,https://sh.lianjia.com/ershoufang/107101044254.html
浦东,陆家嘴,保利One56,内环内,3800,147573,2室2厅1厨3卫,257.5O,中楼层 (共21层),平层,东南 西北,两梯四户,精装,50年,钢混结构,有,,https://sh.lianjia.com/ershoufang/107101475469.html
浦东,陆家嘴,上港小区,内环内,320,71334,1室1厅1厨1卫,44.86O,低楼层 (共5层),暂无数据,南,一梯五户,其他,70年,砖混结构,无,,https://sh.lianjia.com/ershoufang/107101038416.html
浦东,陆家嘴,谢家宅小区,内环内,230,70337,1室0厅1厨1卫,32.7O,低楼层 (共6层),暂无数据,南,一梯五户,其他,70年,砖混结构,无,,https://sh.lianjia.com/ershoufang/107100880451.html
浦东,陆家嘴,盛大金磐,内环内,4900,162182,3室2厅1厨3卫,302.13O,高楼层 (共43层),平层,南,三梯两户,精装,70年,钢混结构,有,,https://sh.lianjia.com/ershoufang/107100897586.html
浦东,陆家嘴,天科苑,内环内,1598,90054,4室2厅1厨2卫,177.45O,高楼层 (共24层),复式,南,两梯三户,精装,未知,钢混结构,有,,https://sh.lianjia.com/ershoufang/107101371951.html
浦东,陆家嘴,盛大金磐,内环内,2300,118295,3室2厅1厨3卫,194.43O,低楼层 (共43层),平层,南,三梯三户,精装,70年,钢混结构,有,,https://sh.lianjia.com/ershoufang/107100958193.html
浦东,陆家嘴,盛大金磐,内环内,2450,92804,3室2厅1厨3卫,264O,低楼层 (共47层),平层,南,三梯两户,精装,70年,钢混结构,有,,https://sh.lianjia.com/ershoufang/107100192592.html
浦东,陆家嘴,乳山四村,内环内,380,68003,2室1厅1厨1卫,55.88O,高楼层 (共6层),暂无数据,南,一梯四户,简装,70年,砖混结构,无,,https://sh.lianjia.com/ershoufang/107101340309.html
浦东,陆家嘴,东园四村,内环内,365,95425,1室1厅1厨1卫,38.25O,低楼层 (共6层),平层,南,一梯四户,简装,未知,砖混结构,无,,https://sh.lianjia.com/ershoufang/107101439430.html
浦东,陆家嘴,东南新村(浦东),内环内,305,67419,2室1厅1厨1卫,45.24O,中楼层 (共6层),暂无数据,南,一梯八户,毛坯,70年,砖混结构,无,,https://sh.lianjia.com/ershoufang/107100990474.html
浦东,陆家嘴,菊园,内环内,1100,92182,3室1厅1厨2卫,119.33O,高楼层 (共32层),平层,南,三梯五户,精装,70年,钢混结构,有,,https://sh.lianjia.com/ershoufang/107101207755.html
浦东,陆家嘴,世茂滨江花园,内环内,1250,92109,2室2厅1厨2卫,135.71O,低楼层 (共49层),平层,东南,三梯四户,简装,70年,钢混结构,有,,https://sh.lianjia.com/ershoufang/107000105989.html
浦东,陆家嘴,世茂滨江花园,内环内,2300,83069,4室2厅1厨3卫,276.88O,低楼层 (共55层),平层,西,三梯两户,精装,70年,钢混结构,有,,https://sh.lianjia.com/ershoufang/107101472292.html
浦东,陆家嘴,仁恒滨江园,内环内,2150,88954,4室2厅1厨3卫,241.7O,低楼层 (共31层),暂无数据,南,三梯两户,精装,70年,钢混结构,有,,https://sh.lianjia.com/ershoufang/107100843783.html
浦东,陆家嘴,陈家宅小区(潍坊西路),内环内,365,69804,1室1厅1厨1卫,52.29O,高楼层 (共25层),暂无数据,南,两梯八户,简装,70年,钢混结构,有,,https://sh.lianjia.com/ershoufang/107101397902.html
浦东,陆家嘴,崂山二村,内环内,415,68709,2室1厅1厨1卫,60.4O,高楼层 (共6层),平层,南,一梯四户,简装,70年,砖混结构,无,,https://sh.lianjia.com/ershoufang/107101385498.html
浦东,陆家嘴,江临天下,内环内,1150,91751,3室2厅1厨2卫,125.34O,低楼层 (共20层),平层,南,两梯两户,精装,未知,钢混结构,有,,https://sh.lianjia.com/ershoufang/107100534682.html
浦东,陆家嘴,汤臣商务中心,内环内,1080,55892,3室2厅1厨2卫,193.23O,中楼层 (共28层),平层,东,四梯九户,精装,50年,钢混结构,有,,https://sh.lianjia.com/ershoufang/107101075610.html
浦东,陆家嘴,东园一村,内环内,320,88741,1室1厅1厨1卫,36.06O,高楼层 (共6层),平层,南,一梯三户,简装,未知,砖混结构,无,,https://sh.lianjia.com/ershoufang/107101166936.html
浦东,陆家嘴,世茂滨江花园,内环内,1681,91783,2室2厅1厨2卫,183.15O,低楼层 (共41层),暂无数据,西,三梯四户,精装,70年,钢混结构,有,,https://sh.lianjia.com/ershoufang/107000174851.html
浦东,陆家嘴,天科苑,内环内,1180,76406,3室2厅1厨2卫,154.44O,中楼层 (共18层),平层,南 北,两梯三户,精装,未知,钢混结构,有,,https://sh.lianjia.com/ershoufang/107101167645.html
浦东,陆家嘴,汤臣商务中心,内环内,280,60897,1室1厅0厨1卫,45.98O,中楼层 (共25层),暂无数据,南,四梯十六户,精装,50年,钢混结构,有,,https://sh.lianjia.com/ershoufang/107100661650.html
浦东,陆家嘴,财富海景花园,内环内,4550,133832,3室2厅1厨3卫,339.98O,中楼层 (共38层),暂无数据,南,五梯三户,精装,70年,钢混结构,有,,https://sh.lianjia.com/ershoufang/107000041673.html
浦东,陆家嘴,东昌新村,内环内,480,77482,2室1厅1厨1卫,61.95O,高楼层 (共6层),平层,南,一梯四户,精装,未知,砖混结构,无,,https://sh.lianjia.com/ershoufang/107101296769.html
浦东,陆家嘴,财富海景花园,内环内,5185,149480,4室2厅1厨3卫,346.87O,低楼层 (共38层),平层,南,五梯三户,精装,70年,钢混结构,有,,https://sh.lianjia.com/ershoufang/107000052465.html
浦东,陆家嘴,东园二村,内环内,385,73968,2室1厅1厨1卫,52.05O,中楼层 (共7层),平层,南,一梯十六户,简装,70年,钢混结构,无,,https://sh.lianjia.com/ershoufang/107101054381.html
浦东,陆家嘴,崂山五村,内环内,290,73773,1室1厅1厨1卫,39.31O,中楼层 (共5层),平层,南,一梯四户,简装,70年,砖混结构,无,,https://sh.lianjia.com/ershoufang/107101325019.html
浦东,陆家嘴,仁恒滨江园,内环内,1260,75681,3室2厅1厨2卫,166.49O,低楼层 (共31层),平层,西北,两梯三户,精装,70年,钢混结构,有,,https://sh.lianjia.com/ershoufang/107101409980.html
浦东,陆家嘴,陈家宅小区(潍坊西路),内环内,335,70055,1室1厅1厨1卫,47.82O,中楼层 (共18层),平层,南,两梯八户,简装,70年,钢混结构,有,,https://sh.lianjia.com/ershoufang/107101069878.html
浦东,陆家嘴,东港公寓,内环内,510,67301,2室2厅1厨1卫,75.78O,高楼层 (共15层),平层,南,两梯七户,简装,70年,钢混结构,有,,https://sh.lianjia.com/ershoufang/107101099634.html
浦东,陆家嘴,上船大楼,内环内,465,73240,1室1厅1厨1卫,63.49O,中楼层 (共18层),平层,南,两梯八户,简装,未知,钢混结构,有,,https://sh.lianjia.com/ershoufang/107100898245.html
浦东,陆家嘴,崂山二村,内环内,235,63224,1室1厅1厨1卫,37.17O,中楼层 (共4层),平层,南,一梯六户,精装,70年,砖混结构,无,,https://sh.lianjia.com/ershoufang/107100540552.html
浦东,陆家嘴,浦江茗园,内环内,947,85717,2室2厅1厨2卫,110.48O,低楼层 (共27层),平层,南,一梯两户,简装,未知,钢混结构,有,,https://sh.lianjia.com/ershoufang/107100762070.html
浦东,陆家嘴,崂山三村,内环内,189,70000,1室1厅1厨1卫,27O,低楼层 (共4层),暂无数据,南,一梯六户,其他,70年,砖混结构,无,,https://sh.lianjia.com/ershoufang/107101509436.html
浦东,陆家嘴,崂山四村,内环内,280,75676,1室1厅1厨1卫,37O,中楼层 (共5层),暂无数据,南,一梯七户,精装,未知,砖混结构,无,,https://sh.lianjia.com/ershoufang/107100987466.html
浦东,陆家嘴,崂山二村,内环内,355,70915,2室1厅1厨1卫,50.06O,低楼层 (共6层),平层,南,一梯五户,其他,70年,砖混结构,无,,https://sh.lianjia.com/ershoufang/107101104620.html
浦东,陆家嘴,紫光大厦,内环内,650,56923,2室2厅1厨2卫,114.19O,低楼层 (共25层),平层,南,两梯六户,简装,50年,钢混结构,有,,https://sh.lianjia.com/ershoufang/107100630987.html
浦东,陆家嘴,崂山四村,内环内,230,67967,1室1厅1厨1卫,33.84O,中楼层 (共4层),暂无数据,南,一梯六户,简装,未知,砖混结构,无,,https://sh.lianjia.com/ershoufang/107100682782.html
浦东,陆家嘴,乳山二村,内环内,445,72951,2室0厅1厨1卫,61O,高楼层 (共6层),平层,南,一梯四户,精装,70年,砖混结构,无,,https://sh.lianjia.com/ershoufang/107101285755.html
浦东,陆家嘴,世茂滨江花园,内环内,980,105286,1室2厅1厨1卫,93.08O,低楼层 (共41层),暂无数据,西北,三梯四户,精装,70年,钢混结构,有,,https://sh.lianjia.com/ershoufang/107002052025.html
浦东,陆家嘴,财富海景花园,内环内,5400,154578,3室2厅1厨3卫,349.34O,高楼层 (共39层),平层,西,五梯三户,毛坯,70年,钢混结构,有,,https://sh.lianjia.com/ershoufang/107000179947.html
浦东,陆家嘴,世茂滨江花园,内环内,2250,80944,4室2厅1厨3卫,277.97O,低楼层 (共60层),暂无数据,西,三梯两户,精装,70年,钢混结构,有,,https://sh.lianjia.com/ershoufang/107100827929.html
浦东,陆家嘴,菊园,内环内,1250,81604,3室2厅1厨2卫,153.18O,低楼层 (共32层),平层,南,三梯五户,简装,70年,钢混结构,有,,https://sh.lianjia.com/ershoufang/107100824372.html
浦东,陆家嘴,世茂滨江花园,内环内,2820,89570,4室2厅1厨3卫,314.84O,中楼层 (共61层),平层,西南,三梯两户,精装,70年,钢混结构,有,,https://sh.lianjia.com/ershoufang/107100196336.html
浦东,陆家嘴,招远小区,内环内,390,72572,2室1厅1厨1卫,53.74O,中楼层 (共6层),平层,南,一梯三户,简装,未知,砖混结构,无,,https://sh.lianjia.com/ershoufang/107101308986.html
浦东,陆家嘴,仁恒滨江园,内环内,2400,109645,4室2厅1厨3卫,218.89O,高楼层 (共9层),复式,东南 西,一梯一户,精装,70年,钢混结构,有,,https://sh.lianjia.com/ershoufang/107101430437.html
浦东,陆家嘴,众鑫大厦,内环内,720,62916,3室2厅1厨1卫,114.44O,高楼层 (共26层),平层,东南,四梯八户,精装,未知,钢混结构,有,,https://sh.lianjia.com/ershoufang/107101435623.html
浦东,陆家嘴,天科苑,内环内,950,82724,2室2厅1厨1卫,114.84O,低楼层 (共18层),平层,南,两梯三户,精装,未知,钢混结构,有,,https://sh.lianjia.com/ershoufang/107101335532.html
浦东,陆家嘴,东园一村,内环内,465,85087,2室1厅1厨1卫,54.65O,高楼层 (共6层),平层,南,一梯四户,精装,未知,砖混结构,无,,https://sh.lianjia.com/ershoufang/107101230131.html
浦东,陆家嘴,久阳滨江公寓,内环内,460,65416,1室1厅1厨1卫,70.32O,低楼层 (共25层),复式,南,四梯十八户,简装,70年,钢混结构,有,,https://sh.lianjia.com/ershoufang/107100972492.html
浦东,陆家嘴,崂山新村,内环内,308,66826,2室1厅1厨1卫,46.09O,中楼层 (共6层),平层,南 北,一梯三户,其他,未知,砖混结构,无,,https://sh.lianjia.com/ershoufang/107100700087.html
浦东,陆家嘴,乳山四村,内环内,500,86267,2室1厅1厨1卫,57.96O,低楼层 (共6层),暂无数据,南,一梯三户,其他,未知,砖混结构,无,,https://sh.lianjia.com/ershoufang/107100609900.html
浦东,陆家嘴,菊园,内环内,999,84805,3室2厅1厨2卫,117.8O,低楼层 (共32层),平层,南,三梯五户,精装,70年,钢混结构,有,,https://sh.lianjia.com/ershoufang/107101472577.html
浦东,陆家嘴,兰园小区,内环内,410,77286,2室1厅1厨1卫,53.05O,低楼层 (共6层),平层,东 南,一梯三户,其他,未知,砖混结构,无,,https://sh.lianjia.com/ershoufang/107101460595.html
浦东,陆家嘴,财富海景花园,内环内,2600,129884,3室2厅1厨2卫,200.18O,高楼层 (共30层),暂无数据,南,三梯四户,精装,70年,钢混结构,有,,https://sh.lianjia.com/ershoufang/107100532239.html
浦东,陆家嘴,崂山二村,内环内,180,59801,1室1厅1厨1卫,30.1O,低楼层 (共6层),暂无数据,南,一梯五户,毛坯,70年,砖混结构,无,,https://sh.lianjia.com/ershoufang/107100548038.html
浦东,陆家嘴,天科苑,内环内,930,86512,2室2厅1厨1卫,107.5O,高楼层 (共24层),平层,南,两梯三户,精装,70年,钢混结构,有,,https://sh.lianjia.com/ershoufang/107100659999.html
浦东,陆家嘴,江临天下,内环内,998,85409,2室2厅1厨2卫,116.85O,低楼层 (共35层),平层,西南,两梯四户,精装,70年,钢混结构,有,,https://sh.lianjia.com/ershoufang/107101098782.html
浦东,陆家嘴,汇豪天下,内环内,1400,97473,3室2厅0厨2卫,143.63O,低楼层 (共32层),暂无数据,南,两梯四户,精装,70年,钢混结构,有,,https://sh.lianjia.com/ershoufang/107101432868.html
浦东,陆家嘴,上港小区,内环内,190,70606,1室1厅1厨1卫,26.91O,高楼层 (共5层),暂无数据,北,一梯五户,其他,70年,砖混结构,无,,https://sh.lianjia.com/ershoufang/107101414858.html
浦东,陆家嘴,保利One56,内环内,6800,184282,3室2厅1厨4卫,369O,高楼层 (共21层),暂无数据,西南,两梯四户,精装,50年,钢混结构,有,,https://sh.lianjia.com/ershoufang/107100437466.html
浦东,陆家嘴,陈家宅小区(潍坊西路),内环内,640,69145,2室1厅1厨1卫,92.56O,中楼层 (共20层),平层,南,两梯五户,简装,70年,钢混结构,有,,https://sh.lianjia.com/ershoufang/107101303509.html
浦东,陆家嘴,东园四村,内环内,330,91565,1室0厅1厨1卫,36.04O,低楼层 (共6层),平层,南,一梯四户,简装,70年,砖混结构,无,,https://sh.lianjia.com/ershoufang/107100925390.html
浦东,陆家嘴,崂山四村,内环内,350,87500,2室1厅1厨1卫,40O,高楼层 (共4层),复式,南,一梯六户,精装,未知,砖混结构,无,,https://sh.lianjia.com/ershoufang/107101393708.html
浦东,陆家嘴,财富海景花园,内环内,3580,122553,4室2厅1厨3卫,292.12O,高楼层 (共39层),平层,南 北,三梯三户,精装,未知,钢混结构,有,,https://sh.lianjia.com/ershoufang/107101255052.html
浦东,陆家嘴,世茂滨江花园,内环内,2650,83930,4室2厅2厨4卫,315.74O,低楼层 (共45层),平层,西南,三梯两户,精装,70年,钢混结构,有,,https://sh.lianjia.com/ershoufang/107100359655.html
浦东,陆家嘴,世茂滨江花园,内环内,2200,92465,3室1厅1厨4卫,237.93O,高楼层 (共49层),平层,西南,三梯两户,精装,70年,钢混结构,有,,https://sh.lianjia.com/ershoufang/107101435508.html
浦东,陆家嘴,财富海景花园,内环内,3500,106786,3室2厅1厨3卫,327.76O,低楼层 (共38层),暂无数据,南,五梯三户,精装,70年,钢混结构,有,,https://sh.lianjia.com/ershoufang/107000069177.html
浦东,陆家嘴,汤臣商务中心,内环内,270,58505,1室1厅1厨1卫,46.15O,中楼层 (共25层),暂无数据,南,四梯十六户,简装,50年,钢混结构,有,,https://sh.lianjia.com/ershoufang/107000937489.html
浦东,陆家嘴,崂山二村,内环内,215,68867,1室1厅1厨1卫,31.22O,中楼层 (共5层),平层,南 北,一梯四户,毛坯,70年,砖混结构,无,,https://sh.lianjia.com/ershoufang/107101016689.html
浦东,陆家嘴,南泉北路49号,近4号线浦东大道站,480,86254,2室1厅1厨1卫,55.65O,低楼层 (共3层),暂无数据,南,一梯一户,简装,70年,未知结构,暂无数据,,https://sh.lianjia.com/ershoufang/107002140115.html
浦东,陆家嘴,众盛公寓,内环内,650,59172,3室2厅1厨1卫,109.85O,中楼层 (共7层),平层,南,一梯两户,精装,未知,钢混结构,无,,https://sh.lianjia.com/ershoufang/107100554965.html
浦东,陆家嘴,世茂滨江花园,内环内,2677,81122,4室2厅1厨3卫,330O,高楼层 (共59层),暂无数据,西南,三梯两户,精装,70年,钢混结构,有,,https://sh.lianjia.com/ershoufang/107101336833.html
浦东,陆家嘴,仁恒滨江园,内环内,2405,103361,4室2厅1厨3卫,232.68O,低楼层 (共32层),暂无数据,南,两梯两户,精装,70年,钢混结构,有,,https://sh.lianjia.com/ershoufang/107101032716.html
浦东,陆家嘴,世茂滨江花园,内环内,3800,124115,4室2厅1厨3卫,306.17O,高楼层 (共49层),暂无数据,南,三梯两户,精装,70年,钢混结构,有,,https://sh.lianjia.com/ershoufang/107101139749.html
浦东,陆家嘴,东南新村(浦东),内环内,249,62002,2室1厅1厨1卫,40.16O,中楼层 (共6层),平层,南,一梯四户,精装,未知,砖混结构,无,,https://sh.lianjia.com/ershoufang/107101362923.html
浦东,陆家嘴,浦江茗园,内环内,1300,92036,3室2厅1厨2卫,141.25O,中楼层 (共13层),暂无数据,南,一梯两户,其他,未知,钢混结构,有,,https://sh.lianjia.com/ershoufang/107101498490.html
浦东,陆家嘴,世茂滨江花园,内环内,2800,88681,4室2厅1厨3卫,315.74O,低楼层 (共45层),平层,西,三梯两户,精装,70年,钢混结构,有,,https://sh.lianjia.com/ershoufang/107100239470.html
浦东,陆家嘴,仁恒滨江园,内环内,3000,109738,5室3厅1厨4卫,273.38O,低楼层 (共27层),暂无数据,西南,两梯三户,精装,70年,钢混结构,有,,https://sh.lianjia.com/ershoufang/107100598385.html
浦东,陆家嘴,世茂滨江花园,内环内,2500,96154,3室2厅1厨3卫,260O,低楼层 (共51层),暂无数据,西南,三梯两户,精装,70年,钢混结构,有,,https://sh.lianjia.com/ershoufang/107100516385.html
浦东,陆家嘴,荣城花苑,内环内,950,77111,2室2厅1厨2卫,123.2O,低楼层 (共31层),平层,南,两梯四户,简装,未知,钢混结构,有,,https://sh.lianjia.com/ershoufang/107100885089.html
浦东,陆家嘴,滨江凯旋门,内环内,1710,126107,2室1厅1厨2卫,135.6O,中楼层 (共27层),平层,东南,两梯三户,精装,70年,钢混结构,有,,https://sh.lianjia.com/ershoufang/107100956740.html
浦东,陆家嘴,世茂滨江花园,内环内,3350,106064,4室2厅1厨4卫,315.85O,中楼层 (共45层),平层,西北,三梯两户,精装,70年,钢混结构,有,,https://sh.lianjia.com/ershoufang/107100434866.html
浦东,陆家嘴,仁恒滨江园,内环内,1100,123610,2室2厅1厨1卫,88.99O,中楼层 (共27层),暂无数据,西北,两梯三户,简装,70年,钢混结构,有,,https://sh.lianjia.com/ershoufang/107000047879.html
浦东,陆家嘴,保利One56,内环内,5000,151782,3室2厅1厨4卫,329.42O,中楼层 (共21层),暂无数据,西南 西北,两梯四户,精装,50年,钢混结构,有,,https://sh.lianjia.com/ershoufang/107100795077.html
浦东,陆家嘴,东园一村,内环内,388,86860,2室0厅1厨1卫,44.67O,高楼层 (共6层),平层,南,一梯四户,精装,未知,砖混结构,无,,https://sh.lianjia.com/ershoufang/107101105562.html
浦东,陆家嘴,仁恒滨江园,内环内,2098,113241,4室2厅1厨2卫,185.27O,中楼层 (共31层),平层,西,两梯两户,精装,70年,钢混结构,有,,https://sh.lianjia.com/ershoufang/107100056747.html
浦东,陆家嘴,崂山二村,内环内,380,67162,2室1厅1厨1卫,56.58O,高楼层 (共6层),平层,南,一梯四户,精装,70年,砖混结构,无,,https://sh.lianjia.com/ershoufang/107101100197.html
浦东,陆家嘴,崂山二村,内环内,200,58998,1室1厅1厨1卫,33.9O,中楼层 (共5层),暂无数据,南,一梯四户,毛坯,70年,砖混结构,无,,https://sh.lianjia.com/ershoufang/107100452444.html
浦东,陆家嘴,财富海景花园,内环内,2600,129884,3室2厅1厨2卫,200.18O,中楼层 (共30层),平层,西北,三梯四户,毛坯,70年,钢混结构,有,,https://sh.lianjia.com/ershoufang/107100452607.html
浦东,陆家嘴,浦城小区,内环内,350,70750,2室1厅1厨1卫,49.47O,中楼层 (共6层),平层,南,一梯四户,精装,未知,砖混结构,无,,https://sh.lianjia.com/ershoufang/107101188837.html
浦东,陆家嘴,荣成大厦,内环内,900,52500,3室2厅1厨2卫,171.43O,低楼层 (共30层),暂无数据,南,两梯四户,精装,70年,钢混结构,有,,https://sh.lianjia.com/ershoufang/107101133003.html
浦东,陆家嘴,世茂滨江花园,内环内,4000,141184,4室2厅1厨3卫,283.32O,高楼层 (共55层),平层,西北,三梯两户,精装,70年,钢混结构,有,,https://sh.lianjia.com/ershoufang/107101468822.html
浦东,陆家嘴,江临天下,内环内,1700,86264,4室2厅1厨3卫,197.07O,高楼层 (共35层),暂无数据,西,六梯六户,精装,70年,钢混结构,有,,https://sh.lianjia.com/ershoufang/107100703528.html
浦东,陆家嘴,百富达公寓,内环内,580,65038,2室1厅1厨1卫,89.18O,高楼层 (共6层),暂无数据,南,一梯两户,精装,未知,砖混结构,无,,https://sh.lianjia.com/ershoufang/107100668807.html
浦东,陆家嘴,汇豪天下,内环内,1460,97692,3室2厅1厨2卫,149.45O,低楼层 (共35层),平层,南 北,两梯四户,精装,70年,钢混结构,有,,https://sh.lianjia.com/ershoufang/107101083182.html
浦东,陆家嘴,盛大金磐,内环内,3500,116014,3室2厅1厨3卫,301.69O,低楼层 (共47层),平层,南 北,三梯两户,精装,70年,钢混结构,有,,https://sh.lianjia.com/ershoufang/107100493700.html
浦东,陆家嘴,滨江凯旋门,内环内,4950,176786,4室2厅1厨4卫,280O,高楼层 (共21层),暂无数据,西南,两梯两户,精装,70年,钢混结构,有,,https://sh.lianjia.com/ershoufang/107100537413.html
浦东,陆家嘴,崂山二村,内环内,285,72043,1室1厅1厨1卫,39.56O,高楼层 (共6层),平层,南,一梯五户,精装,70年,砖混结构,无,,https://sh.lianjia.com/ershoufang/107100761139.html
浦东,陆家嘴,瑞苑公寓,内环内,1370,76112,3室2厅1厨3卫,180O,低楼层 (共40层),平层,南,三梯四户,简装,70年,钢混结构,有,,https://sh.lianjia.com/ershoufang/107101171120.html
浦东,陆家嘴,东南新村(浦东),内环内,350,66858,2室1厅1厨1卫,52.35O,中楼层 (共5层),平层,南,一梯四户,简装,未知,砖混结构,无,,https://sh.lianjia.com/ershoufang/107101419842.html
浦东,陆家嘴,瑞苑公寓,内环内,1200,66073,3室2厅1厨2卫,181.62O,中楼层 (共40层),暂无数据,东南,三梯四户,精装,70年,钢混结构,有,,https://sh.lianjia.com/ershoufang/107101385772.html
浦东,陆家嘴,东南新村(浦东),内环内,310,65916,2室0厅1厨1卫,47.03O,中楼层 (共5层),平层,南,一梯四户,简装,70年,砖混结构,无,,https://sh.lianjia.com/ershoufang/107101504103.html
浦东,陆家嘴,世茂滨江花园,内环内,2884,84979,4室2厅1厨3卫,339.38O,中楼层 (共56层),暂无数据,西南,三梯两户,精装,70年,钢混结构,有,,https://sh.lianjia.com/ershoufang/107000279635.html
浦东,陆家嘴,东园一村,内环内,515,78031,2室1厅1厨1卫,66O,高楼层 (共24层),暂无数据,南,两梯八户,精装,70年,钢混结构,有,,https://sh.lianjia.com/ershoufang/107100742186.html
浦东,陆家嘴,江临天下,内环内,2150,87349,5室2厅1厨3卫,246.14O,高楼层 (共35层),暂无数据,南 西南,两梯四户,精装,70年,钢混结构,有,,https://sh.lianjia.com/ershoufang/107101160194.html
浦东,陆家嘴,仁恒滨江园,内环内,2349,91054,4室2厅1厨3卫,257.98O,低楼层 (共31层),暂无数据,南,三梯两户,精装,未知,钢混结构,有,,https://sh.lianjia.com/ershoufang/107000193307.html
浦东,陆家嘴,荣城花苑,内环内,1000,76168,3室2厅1厨2卫,131.29O,中楼层 (共31层),暂无数据,南,两梯五户,精装,未知,钢混结构,有,,https://sh.lianjia.com/ershoufang/107101496609.html
浦东,陆家嘴,滨江凯旋门,内环内,1800,139341,2室2厅1厨2卫,129.18O,高楼层 (共27层),平层,南,两梯三户,精装,70年,钢混结构,有,,https://sh.lianjia.com/ershoufang/107100781569.html
浦东,陆家嘴,崂山三村,内环内,168,69681,1室1厅1厨1卫,24.11O,低楼层 (共4层),暂无数据,北,一梯六户,其他,70年,砖混结构,无,,https://sh.lianjia.com/ershoufang/107101509417.html
浦东,陆家嘴,东园三村,内环内,780,74286,3室1厅1厨2卫,105O,高楼层 (共26层),暂无数据,西南,两梯三户,精装,70年,钢混结构,有,,https://sh.lianjia.com/ershoufang/107101043271.html
浦东,陆家嘴,东园四村,内环内,500,87383,2室1厅1厨1卫,57.22O,中楼层 (共6层),平层,南,一梯四户,精装,70年,砖混结构,无,,https://sh.lianjia.com/ershoufang/107101136953.html
浦东,陆家嘴,集成大厦,内环内,800,83586,2室1厅0厨1卫,95.71O,中楼层 (共24层),平层,南,两梯六户,精装,70年,钢混结构,有,,https://sh.lianjia.com/ershoufang/107101494157.html
浦东,陆家嘴,东园二村,内环内,525,78091,2室1厅1厨1卫,67.23O,中楼层 (共6层),平层,南,一梯五户,精装,70年,砖混结构,无,,https://sh.lianjia.com/ershoufang/107100755793.html
浦东,陆家嘴,滨江凯旋门,内环内,1750,121225,2室2厅1厨2卫,144.36O,低楼层 (共27层),平层,西南,两梯三户,精装,70年,钢混结构,有,,https://sh.lianjia.com/ershoufang/107100513361.html
浦东,陆家嘴,崂山二村,内环内,235,77970,1室1厅1厨1卫,30.14O,高楼层 (共6层),平层,南,一梯四户,精装,70年,砖混结构,无,,https://sh.lianjia.com/ershoufang/107101370602.html
浦东,陆家嘴,东明新村,内环内,315,57273,2室0厅1厨1卫,55O,中楼层 (共6层),平层,南,一梯四户,简装,70年,砖混结构,无,,https://sh.lianjia.com/ershoufang/107100299399.html
浦东,陆家嘴,财富海景花园,内环内,2930,100302,4室2厅1厨3卫,292.12O,中楼层 (共39层),暂无数据,南 北,三梯三户,精装,未知,钢混结构,有,,https://sh.lianjia.com/ershoufang/107100764571.html
浦东,陆家嘴,盛大金磐,内环内,2300,112135,3室1厅1厨3卫,205.11O,低楼层 (共43层),平层,南,三梯两户,精装,70年,钢混结构,有,,https://sh.lianjia.com/ershoufang/107101330683.html
浦东,陆家嘴,浦东南路1380弄,内环内,287,69983,1室1厅1厨1卫,41.01O,中楼层 (共5层),暂无数据,南,一梯四户,精装,未知,砖混结构,无,,https://sh.lianjia.com/ershoufang/107101498452.html
浦东,陆家嘴,世茂滨江花园,内环内,1420,85435,2室2厅1厨2卫,166.21O,低楼层 (共49层),平层,西,三梯三户,精装,70年,钢混结构,有,,https://sh.lianjia.com/ershoufang/107101382410.html
浦东,陆家嘴,滨江大楼,内环内,365,67933,2室1厅1厨1卫,53.73O,高楼层 (共6层),平层,南,一梯两户,精装,未知,砖混结构,无,,https://sh.lianjia.com/ershoufang/107101392278.html
浦东,陆家嘴,浦东南路1780弄,内环内,410,64375,2室1厅1厨1卫,63.69O,中楼层 (共7层),平层,南,一梯四户,简装,未知,钢混结构,无,,https://sh.lianjia.com/ershoufang/107100460224.html
浦东,陆家嘴,崂山二村,内环内,295,65338,2室1厅1厨1卫,45.15O,高楼层 (共5层),暂无数据,南,一梯四户,其他,70年,砖混结构,无,,https://sh.lianjia.com/ershoufang/107101448183.html
浦东,陆家嘴,集成大厦,内环内,748,76327,2室1厅1厨1卫,98O,高楼层 (共24层),暂无数据,南,两梯六户,精装,70年,钢混结构,有,,https://sh.lianjia.com/ershoufang/107002311649.html
浦东,陆家嘴,东园三村,内环内,740,72742,3室1厅1厨2卫,101.73O,中楼层 (共26层),暂无数据,南 北,两梯三户,精装,70年,钢混结构,有,,https://sh.lianjia.com/ershoufang/107101118348.html
浦东,陆家嘴,世茂滨江花园,内环内,6800,163380,4室2厅1厨4卫,416.21O,高楼层 (共60层),复式,西,三梯两户,精装,70年,钢混结构,有,,https://sh.lianjia.com/ershoufang/107100509330.html
浦东,陆家嘴,陈家宅小区(潍坊西路),内环内,458,75916,2室1厅1厨1卫,60.33O,高楼层 (共18层),平层,南,两梯八户,简装,70年,钢混结构,有,,https://sh.lianjia.com/ershoufang/107101259706.html
浦东,陆家嘴,乳山四村,内环内,358,72602,2室1厅1厨1卫,49.31O,低楼层 (共5层),平层,南 北,一梯四户,精装,未知,砖混结构,无,,https://sh.lianjia.com/ershoufang/107101487815.html
浦东,陆家嘴,保利One56,内环内,6000,163921,3室2厅1厨3卫,366.03O,低楼层 (共21层),暂无数据,西南,两梯四户,精装,50年,钢混结构,有,,https://sh.lianjia.com/ershoufang/107100445435.html
浦东,陆家嘴,菊园,内环内,1120,89543,3室2厅1厨2卫,125.08O,中楼层 (共32层),平层,北 东北,三梯五户,精装,70年,钢混结构,有,,https://sh.lianjia.com/ershoufang/107100723658.html
浦东,陆家嘴,东南新村(浦东),内环内,222,63996,1室0厅1厨1卫,34.69O,低楼层 (共6层),平层,南,一梯五户,精装,70年,砖混结构,无,,https://sh.lianjia.com/ershoufang/107100575633.html
浦东,陆家嘴,滨江凯旋门,内环内,4880,170779,4室2厅1厨4卫,285.75O,中楼层 (共23层),平层,南,两梯两户,精装,70年,钢混结构,有,,https://sh.lianjia.com/ershoufang/107001277985.html
浦东,陆家嘴,陈家宅小区(潍坊西路),内环内,530,72188,2室1厅1厨1卫,73.42O,高楼层 (共18层),平层,南,两梯八户,简装,70年,钢混结构,有,,https://sh.lianjia.com/ershoufang/107100609317.html
浦东,陆家嘴,众盛公寓,内环内,700,66948,2室2厅1厨1卫,104.56O,中楼层 (共7层),平层,南,一梯两户,精装,未知,钢混结构,无,,https://sh.lianjia.com/ershoufang/107101290851.html
浦东,陆家嘴,世茂滨江花园,内环内,1400,94877,2室2厅1厨2卫,147.56O,中楼层 (共43层),平层,东南 西南,三梯三户,精装,70年,钢混结构,有,,https://sh.lianjia.com/ershoufang/107100789140.html
浦东,陆家嘴,东南新村(浦东),内环内,265,65987,2室1厅1厨1卫,40.16O,低楼层 (共6层),平层,南,一梯四户,精装,未知,砖混结构,无,,https://sh.lianjia.com/ershoufang/107101192350.html
浦东,陆家嘴,兰园小区,内环内,335,71812,2室0厅1厨1卫,46.65O,高楼层 (共6层),平层,南,一梯三户,其他,未知,砖混结构,无,,https://sh.lianjia.com/ershoufang/107101482755.html
浦东,陆家嘴,谢家宅小区,内环内,315,60636,2室1厅1厨1卫,51.95O,中楼层 (共6层),平层,南,一梯四户,精装,70年,砖混结构,无,,https://sh.lianjia.com/ershoufang/107002035399.html
浦东,陆家嘴,汇豪天下,内环内,1490,97795,3室2厅1厨2卫,152.36O,中楼层 (共34层),平层,南,两梯四户,精装,70年,钢混结构,有,,https://sh.lianjia.com/ershoufang/107101344968.html
浦东,陆家嘴,盛大金磐,内环内,2800,105058,3室1厅1厨4卫,266.52O,低楼层 (共43层),平层,南,三梯两户,精装,70年,钢混结构,有,,https://sh.lianjia.com/ershoufang/107101262985.html
浦东,陆家嘴,菊园,内环内,2960,97324,5室4厅1厨4卫,304.14O,高楼层 (共32层),暂无数据,南,三梯五户,精装,70年,钢混结构,有,,https://sh.lianjia.com/ershoufang/107101436195.html
浦东,陆家嘴,世茂滨江花园,内环内,2150,77347,4室2厅1厨3卫,277.97O,低楼层 (共60层),平层,西南,三梯两户,精装,70年,钢混结构,有,,https://sh.lianjia.com/ershoufang/107101315700.html
浦东,陆家嘴,乳山四村,内环内,450,80545,2室1厅1厨1卫,55.87O,低楼层 (共6层),平层,南,一梯三户,精装,未知,砖混结构,无,,https://sh.lianjia.com/ershoufang/107101394940.html
浦东,陆家嘴,陈家宅小区(潍坊西路),内环内,385,73348,1室1厅1厨1卫,52.49O,高楼层 (共22层),平层,南,两梯八户,精装,70年,钢混结构,有,,https://sh.lianjia.com/ershoufang/107101168994.html
浦东,陆家嘴,天科苑,内环内,1450,52285,5室2厅1厨3卫,277.33O,高楼层 (共24层),暂无数据,南,两梯三户,简装,70年,钢混结构,有,,https://sh.lianjia.com/ershoufang/107101159976.html
浦东,陆家嘴,东南新村(浦东),内环内,230,70358,1室0厅1厨1卫,32.69O,中楼层 (共6层),平层,南,一梯四户,简装,未知,砖混结构,无,,https://sh.lianjia.com/ershoufang/107100429440.html
浦东,陆家嘴,上港小区,内环内,190,74540,1室0厅1厨1卫,25.49O,中楼层 (共5层),暂无数据,北,一梯五户,精装,70年,砖混结构,无,,https://sh.lianjia.com/ershoufang/107002103643.html
浦东,陆家嘴,江临天下,内环内,1250,89427,3室2厅1厨2卫,139.78O,中楼层 (共20层),平层,南 北,两梯三户,精装,未知,钢混结构,有,,https://sh.lianjia.com/ershoufang/107101019833.html
浦东,陆家嘴,世茂滨江花园,内环内,2800,92364,4室2厅1厨3卫,303.15O,低楼层 (共49层),暂无数据,西南,三梯两户,精装,70年,钢混结构,有,,https://sh.lianjia.com/ershoufang/107101472337.html
浦东,陆家嘴,东园一村,内环内,385,85556,2室0厅1厨1卫,45O,中楼层 (共6层),平层,南,一梯四户,精装,未知,砖混结构,无,,https://sh.lianjia.com/ershoufang/107101189520.html
浦东,陆家嘴,东港公寓,内环内,378,70000,2室1厅1厨1卫,54O,中楼层 (共15层),平层,东,两梯七户,精装,70年,钢混结构,有,,https://sh.lianjia.com/ershoufang/107100226550.html
浦东,陆家嘴,菊园,内环内,1280,88502,3室2厅1厨2卫,144.63O,低楼层 (共8层),平层,南,一梯两户,精装,70年,钢混结构,有,,https://sh.lianjia.com/ershoufang/107101107204.html
浦东,陆家嘴,滨江大楼,内环内,675,73251,2室2厅1厨1卫,92.15O,高楼层 (共24层),平层,西北,两梯八户,精装,70年,钢混结构,有,,https://sh.lianjia.com/ershoufang/107100560330.html
浦东,陆家嘴,张杨路370弄,内环内,250,71470,1室1厅1厨1卫,34.98O,中楼层 (共6层),平层,南,一梯三户,其他,未知,砖混结构,无,,https://sh.lianjia.com/ershoufang/107101328971.html
浦东,陆家嘴,乳山四村,内环内,215,73455,1室1厅1厨1卫,29.27O,高楼层 (共6层),平层,南,一梯四户,简装,70年,砖混结构,无,,https://sh.lianjia.com/ershoufang/107100691964.html
浦东,陆家嘴,世茂滨江花园,内环内,2400,101288,3室2厅3厨3卫,236.95O,中楼层 (共55层),平层,西北,三梯两户,精装,70年,钢混结构,有,,https://sh.lianjia.com/ershoufang/107101276813.html
浦东,陆家嘴,东港公寓,内环内,470,67529,2室1厅1厨1卫,69.6O,中楼层 (共15层),平层,南,两梯七户,简装,70年,钢混结构,有,,https://sh.lianjia.com/ershoufang/107101236784.html
浦东,陆家嘴,乳山四村,内环内,375,78948,2室1厅1厨1卫,47.5O,高楼层 (共6层),平层,南,一梯四户,精装,70年,砖混结构,无,,https://sh.lianjia.com/ershoufang/107101269697.html
浦东,陆家嘴,乳山三村,内环内,225,67670,1室1厅1厨1卫,33.25O,高楼层 (共6层),平层,南,一梯四户,简装,70年,砖混结构,无,,https://sh.lianjia.com/ershoufang/107100795863.html
浦东,陆家嘴,浦江茗园,内环内,1090,90472,3室2厅1厨2卫,120.48O,低楼层 (共13层),暂无数据,东南,一梯两户,精装,未知,钢混结构,有,,https://sh.lianjia.com/ershoufang/107100362802.html
浦东,陆家嘴,财富海景花园,内环内,3600,123238,4室2厅1厨3卫,292.12O,低楼层 (共39层),平层,南 北,三梯三户,精装,未知,钢混结构,有,,https://sh.lianjia.com/ershoufang/107100945780.html
浦东,陆家嘴,东园二村,内环内,380,73007,2室0厅1厨1卫,52.05O,高楼层 (共7层),暂无数据,南,一梯十六户,精装,70年,钢混结构,无,,https://sh.lianjia.com/ershoufang/107101415302.html
浦东,陆家嘴,仁恒滨江园,内环内,1570,94716,3室2厅1厨2卫,165.76O,低楼层 (共33层),平层,西南,三梯四户,精装,70年,钢混结构,有,,https://sh.lianjia.com/ershoufang/107101079164.html
浦东,陆家嘴,世茂滨江花园,内环内,1288,98096,2室2厅1厨2卫,131.3O,低楼层 (共49层),平层,西,三梯四户,其他,70年,钢混结构,有,,https://sh.lianjia.com/ershoufang/107101420550.html
浦东,陆家嘴,久阳滨江公寓,内环内,499,70801,1室1厅1厨1卫,70.48O,高楼层 (共25层),暂无数据,南,四梯二十户,精装,70年,钢混结构,有,,https://sh.lianjia.com/ershoufang/107101081569.html
浦东,陆家嘴,东园一村,内环内,505,74320,2室1厅1厨1卫,67.95O,低楼层 (共24层),平层,南,两梯八户,精装,70年,钢混结构,有,,https://sh.lianjia.com/ershoufang/107101003002.html
浦东,陆家嘴,汤臣商务中心,内环内,898,53077,3室2厅1厨1卫,169.19O,高楼层 (共28层),平层,南,四梯四户,精装,50年,钢混结构,有,,https://sh.lianjia.com/ershoufang/107100004065.html
浦东,陆家嘴,兰园小区,内环内,338,60890,2室0厅1厨1卫,55.51O,高楼层 (共6层),暂无数据,南,一梯三户,简装,未知,砖混结构,无,,https://sh.lianjia.com/ershoufang/107001828527.html
浦东,陆家嘴,东园一村,内环内,560,82353,2室2厅1厨1卫,68O,中楼层 (共6层),平层,南,一梯三户,精装,未知,砖混结构,无,,https://sh.lianjia.com/ershoufang/107101345730.html
浦东,陆家嘴,崂山新村,内环内,230,83881,1室0厅1厨1卫,27.42O,高楼层 (共5层),暂无数据,南 北,一梯三户,其他,未知,砖混结构,无,,https://sh.lianjia.com/ershoufang/107100933374.html
浦东,陆家嘴,乳山三村,内环内,265,68019,2室0厅1厨1卫,38.96O,高楼层 (共6层),平层,南,一梯四户,简装,70年,砖混结构,无,,https://sh.lianjia.com/ershoufang/107100777375.html
浦东,陆家嘴,乳山三村,内环内,349,72588,2室0厅1厨1卫,48.08O,低楼层 (共6层),暂无数据,暂无数据,一梯四户,简装,70年,砖混结构,无,,https://sh.lianjia.com/ershoufang/107002206571.html
浦东,陆家嘴,众鑫大厦,内环内,675,56415,3室2厅2厨2卫,119.65O,中楼层 (共26层),平层,南,四梯七户,简装,未知,钢混结构,有,,https://sh.lianjia.com/ershoufang/107100348026.html
浦东,陆家嘴,仁恒滨江园,内环内,2580,100008,4室2厅1厨3卫,257.98O,低楼层 (共32层),平层,东南,三梯两户,精装,70年,钢混结构,有,,https://sh.lianjia.com/ershoufang/107000145547.html
浦东,陆家嘴,仁恒滨江园,内环内,1415,108504,3室2厅1厨2卫,130.41O,中楼层 (共26层),平层,东北,两梯四户,精装,70年,钢混结构,有,,https://sh.lianjia.com/ershoufang/107101362867.html
浦东,陆家嘴,天科苑,内环内,1250,80938,3室2厅1厨2卫,154.44O,高楼层 (共18层),暂无数据,南,两梯三户,精装,未知,钢混结构,有,,https://sh.lianjia.com/ershoufang/107101510387.html
浦东,陆家嘴,财富海景花园,内环内,2200,118926,3室2厅1厨2卫,184.99O,高楼层 (共30层),平层,东南,三梯四户,精装,70年,钢混结构,有,,https://sh.lianjia.com/ershoufang/107101265273.html
浦东,陆家嘴,财富海景花园,内环内,5000,147059,3室2厅1厨3卫,340O,高楼层 (共39层),暂无数据,北,五梯三户,精装,70年,钢混结构,有,,https://sh.lianjia.com/ershoufang/107100927616.html
浦东,陆家嘴,兰园小区,内环内,345,65033,2室0厅1厨1卫,53.05O,高楼层 (共6层),平层,南,一梯三户,精装,未知,砖混结构,无,,https://sh.lianjia.com/ershoufang/107000645723.html
浦东,陆家嘴,滨江凯旋门,内环内,1760,129756,2室2厅1厨2卫,135.64O,高楼层 (共27层),暂无数据,东南,两梯三户,精装,70年,钢混结构,有,,https://sh.lianjia.com/ershoufang/107101332048.html
浦东,陆家嘴,集成大厦,内环内,860,74151,2室2厅1厨1卫,115.98O,中楼层 (共24层),暂无数据,西南,两梯六户,简装,70年,钢混结构,有,,https://sh.lianjia.com/ershoufang/107101400936.html
浦东,陆家嘴,崂山五村,内环内,405,67321,2室1厅1厨1卫,60.16O,高楼层 (共6层),平层,南,一梯五户,简装,70年,砖混结构,无,,https://sh.lianjia.com/ershoufang/107100911380.html
浦东,陆家嘴,汇豪天下,内环内,1650,109993,3室2厅1厨2卫,150.01O,中楼层 (共35层),平层,南,两梯四户,精装,70年,钢混结构,有,,https://sh.lianjia.com/ershoufang/107100905965.html
浦东,陆家嘴,世茂滨江花园,内环内,2150,92450,3室2厅1厨3卫,232.56O,高楼层 (共60层),平层,西,三梯两户,精装,70年,钢混结构,有,,https://sh.lianjia.com/ershoufang/107100650324.html
浦东,陆家嘴,世茂滨江花园,内环内,2650,78954,3室2厅1厨3卫,335.64O,低楼层 (共56层),平层,西南,三梯两户,精装,70年,钢混结构,有,,https://sh.lianjia.com/ershoufang/107101448949.html
浦东,陆家嘴,三航小区,内环内,360,72145,2室1厅1厨1卫,49.9O,高楼层 (共6层),平层,南 北,一梯四户,简装,未知,砖混结构,无,,https://sh.lianjia.com/ershoufang/107100762847.html
浦东,陆家嘴,滨江凯旋门,内环内,1800,132744,2室2厅1厨2卫,135.6O,中楼层 (共27层),平层,东南,两梯三户,精装,70年,钢混结构,有,,https://sh.lianjia.com/ershoufang/107101124876.html
浦东,陆家嘴,世茂滨江花园,内环内,1850,101011,2室2厅1厨2卫,183.15O,低楼层 (共41层),暂无数据,西,三梯四户,精装,70年,钢混结构,有,,https://sh.lianjia.com/ershoufang/107100334798.html
浦东,陆家嘴,张杨路370弄,内环内,340,68150,2室1厅1厨1卫,49.89O,高楼层 (共5层),平层,南,一梯四户,简装,70年,砖混结构,无,,https://sh.lianjia.com/ershoufang/107100550985.html
浦东,陆家嘴,仁恒滨江园,内环内,1920,102439,4室2厅1厨2卫,187.43O,中楼层 (共17层),暂无数据,西南,两梯两户,精装,未知,钢混结构,有,,https://sh.lianjia.com/ershoufang/107101245637.html
浦东,陆家嘴,仁恒滨江园,内环内,2300,100358,5室2厅1厨3卫,229.18O,高楼层 (共10层),跃层,南,一梯两户,精装,未知,钢混结构,有,,https://sh.lianjia.com/ershoufang/107101399951.html
浦东,陆家嘴,世茂滨江花园,内环内,1300,104351,2室2厅1厨2卫,124.58O,中楼层 (共53层),平层,西,三梯四户,精装,70年,钢混结构,有,,https://sh.lianjia.com/ershoufang/107101093292.html
浦东,陆家嘴,陈家宅小区(潍坊西路),内环内,438,83764,2室1厅1厨1卫,52.29O,中楼层 (共25层),平层,南,两梯八户,其他,70年,钢混结构,有,,https://sh.lianjia.com/ershoufang/107101438085.html
浦东,陆家嘴,久阳滨江公寓,内环内,606,77445,2室1厅1厨1卫,78.25O,中楼层 (共25层),暂无数据,南,四梯二十二户,精装,70年,钢混结构,有,,https://sh.lianjia.com/ershoufang/107100807849.html
浦东,陆家嘴,财富海景花园,内环内,4750,140825,4室2厅1厨3卫,337.3O,低楼层 (共39层),平层,南,五梯三户,精装,70年,钢混结构,有,,https://sh.lianjia.com/ershoufang/107101208162.html
浦东,陆家嘴,东港公寓,内环内,450,69210,3室2厅1厨1卫,65.02O,中楼层 (共15层),平层,西,两梯七户,精装,70年,钢混结构,有,,https://sh.lianjia.com/ershoufang/107100870478.html
浦东,陆家嘴,菊园,内环内,930,102684,2室2厅1厨1卫,90.57O,高楼层 (共32层),平层,东 南,三梯五户,精装,70年,钢混结构,有,,https://sh.lianjia.com/ershoufang/107100556020.html
浦东,陆家嘴,三航小区,内环内,365,77233,2室0厅1厨1卫,47.26O,低楼层 (共5层),平层,南,一梯三户,简装,未知,砖混结构,无,,https://sh.lianjia.com/ershoufang/107101332056.html
浦东,陆家嘴,兰园小区,内环内,260,75080,1室0厅1厨1卫,34.63O,低楼层 (共5层),平层,南,一梯三户,简装,未知,砖混结构,无,,https://sh.lianjia.com/ershoufang/107101104373.html
浦东,陆家嘴,崂山新村,内环内,320,72186,2室0厅1厨1卫,44.33O,低楼层 (共5层),平层,东南,一梯三户,精装,70年,砖混结构,无,,https://sh.lianjia.com/ershoufang/107100902820.html
浦东,陆家嘴,崂山六村,内环内,285,75099,1室1厅1厨1卫,37.95O,中楼层 (共5层),平层,南,一梯五户,其他,未知,砖混结构,无,,https://sh.lianjia.com/ershoufang/107101355211.html
浦东,陆家嘴,中粮海景壹号,内环内,7000,227177,4室2厅1厨4卫,308.13O,中楼层 (共40层),暂无数据,东南,三梯两户,精装,70年,钢混结构,有,,https://sh.lianjia.com/ershoufang/107101104759.html
浦东,陆家嘴,汤臣商务中心,内环内,600,35464,1室1厅1厨1卫,169.19O,中楼层 (共28层),暂无数据,南,四梯十户,其他,50年,钢混结构,有,,https://sh.lianjia.com/ershoufang/107101345684.html
浦东,陆家嘴,世茂滨江花园,内环内,2500,89929,4室2厅1厨3卫,278O,中楼层 (共60层),暂无数据,东南,三梯两户,精装,70年,钢混结构,有,,https://sh.lianjia.com/ershoufang/107101430910.html
浦东,陆家嘴,盛大金磐,内环内,2300,111863,3室2厅1厨3卫,205.61O,中楼层 (共43层),平层,南,三梯三户,精装,70年,钢混结构,有,,https://sh.lianjia.com/ershoufang/107100533663.html
浦东,陆家嘴,天科苑,内环内,1340,73989,4室2厅2厨1卫,181.11O,高楼层 (共24层),平层,南,两梯三户,精装,70年,钢混结构,有,,https://sh.lianjia.com/ershoufang/107100276742.html
浦东,陆家嘴,保利One56,内环内,1.5,365854,5室2厅1厨5卫,410O,低楼层 (共1层),,西南,,精装,50年,钢混结构,,独栋,https://sh.lianjia.com/ershoufang/107100429617.html
