浦东,泥城镇,云锦雅苑,外环外,150,18023,2室2厅1厨1卫,83.23O,高楼层 (共6层),平层,南,一梯两户,简装,未知,钢混结构,无,,https://sh.lianjia.com/ershoufang/107100526456.html
浦东,泥城镇,荷风华庭,外环外,130,20156,1室1厅1厨1卫,64.5O,中楼层 (共11层),平层,南,一梯三户,其他,未知,钢混结构,有,,https://sh.lianjia.com/ershoufang/107101165209.html
浦东,泥城镇,云帆雅苑,外环外,145,17449,2室2厅1厨1卫,83.1O,高楼层 (共6层),平层,南,一梯两户,毛坯,未知,钢混结构,无,,https://sh.lianjia.com/ershoufang/107101032556.html
浦东,泥城镇,丽都华庭,外环外,198,22938,2室2厅1厨1卫,86.32O,低楼层 (共12层),平层,南,一梯两户,精装,70年,钢混结构,有,,https://sh.lianjia.com/ershoufang/107101255605.html
浦东,泥城镇,乾耀东港,外环外,170,19091,2室2厅1厨1卫,89.05O,低楼层 (共13层),平层,南,一梯六户,简装,70年,钢混结构,有,,https://sh.lianjia.com/ershoufang/107002134607.html
浦东,泥城镇,云帆名苑,外环外,184,19938,2室1厅1厨1卫,92.29O,高楼层 (共10层),暂无数据,南,一梯三户,其他,未知,钢混结构,无,,https://sh.lianjia.com/ershoufang/107100434437.html
浦东,泥城镇,云帆名苑,外环外,91,18606,1室1厅1厨1卫,48.91O,低楼层 (共6层),暂无数据,南,一梯三户,其他,未知,钢混结构,无,,https://sh.lianjia.com/ershoufang/107101484563.html
浦东,泥城镇,乾耀东港,外环外,150,22493,1室2厅1厨1卫,66.69O,低楼层 (共13层),暂无数据,南,一梯四户,精装,未知,钢混结构,有,,https://sh.lianjia.com/ershoufang/107001606715.html
浦东,泥城镇,云锦丽苑,外环外,115,19358,2室2厅1厨1卫,59.41O,中楼层 (共5层),暂无数据,南,一梯三户,简装,未知,钢混结构,无,,https://sh.lianjia.com/ershoufang/107000002179.html
浦东,泥城镇,云锦新苑,外环外,172,15531,3室2厅1厨1卫,110.75O,高楼层 (共6层),暂无数据,南 北,一梯两户,其他,未知,钢混结构,无,,https://sh.lianjia.com/ershoufang/107101483523.html
浦东,泥城镇,云锦名苑,外环外,125,14976,2室2厅1厨1卫,83.47O,高楼层 (共6层),暂无数据,南,一梯两户,毛坯,未知,钢混结构,无,,https://sh.lianjia.com/ershoufang/107101494730.html
浦东,泥城镇,云树仁居,外环外,173,17047,3室2厅1厨1卫,101.49O,高楼层 (共6层),平层,南,一梯两户,精装,未知,钢混结构,无,,https://sh.lianjia.com/ershoufang/107001615313.html
浦东,泥城镇,云帆佳苑,外环外,118,21201,2室1厅1厨1卫,55.66O,高楼层 (共6层),平层,南,一梯两户,精装,未知,钢混结构,无,,https://sh.lianjia.com/ershoufang/107100789234.html
浦东,泥城镇,碧桂园浦东星作,外环外,260,27945,3室2厅1厨1卫,93.04O,低楼层 (共14层),平层,南,一梯两户,毛坯,70年,钢混结构,暂无数据,,https://sh.lianjia.com/ershoufang/107101142661.html
浦东,泥城镇,丽都华庭,外环外,212,24646,2室2厅1厨1卫,86.02O,低楼层 (共13层),平层,南,一梯两户,精装,未知,钢混结构,有,,https://sh.lianjia.com/ershoufang/107100548124.html
浦东,泥城镇,泥城苑,外环外,170,17890,2室2厅1厨1卫,95.03O,高楼层 (共11层),平层,南,一梯两户,毛坯,未知,钢混结构,有,,https://sh.lianjia.com/ershoufang/107101388970.html
浦东,泥城镇,乾耀东港,外环外,177,19715,3室1厅1厨1卫,89.78O,低楼层 (共13层),暂无数据,南 北,一梯四户,毛坯,未知,钢混结构,有,,https://sh.lianjia.com/ershoufang/107100517611.html
浦东,泥城镇,丽都华庭,外环外,172,24928,1室1厅1厨1卫,69O,中楼层 (共12层),平层,南,一梯两户,精装,70年,钢混结构,有,,https://sh.lianjia.com/ershoufang/107101229987.html
浦东,泥城镇,荷风翠庭,外环外,175,17344,3室2厅1厨1卫,100.9O,中楼层 (共6层),平层,南 北,一梯两户,毛坯,未知,钢混结构,无,,https://sh.lianjia.com/ershoufang/107100497043.html
浦东,泥城镇,泥城苑,外环外,175,18490,2室1厅1厨1卫,94.65O,中楼层 (共11层),平层,南,一梯两户,毛坯,未知,钢混结构,有,,https://sh.lianjia.com/ershoufang/107101150401.html
浦东,泥城镇,丽都华庭,外环外,162,23520,1室2厅1厨1卫,68.88O,低楼层 (共13层),平层,南,一梯两户,毛坯,未知,钢混结构,有,,https://sh.lianjia.com/ershoufang/107100053445.html
浦东,泥城镇,蓝色城邦(公寓),外环外,163,18525,2室2厅1厨1卫,87.99O,低楼层 (共12层),平层,南,一梯两户,精装,未知,钢混结构,有,,https://sh.lianjia.com/ershoufang/107001818375.html
浦东,泥城镇,云树仁居,外环外,135,16516,2室2厅1厨1卫,81.74O,低楼层 (共6层),暂无数据,南,一梯两户,其他,未知,钢混结构,无,,https://sh.lianjia.com/ershoufang/107101515696.html
浦东,泥城镇,丽都华庭,外环外,200,23194,2室2厅1厨1卫,86.23O,低楼层 (共13层),平层,南,一梯两户,简装,未知,钢混结构,有,,https://sh.lianjia.com/ershoufang/107101207396.html
浦东,泥城镇,云树仁居,外环外,115,18684,1室1厅1厨1卫,61.55O,中楼层 (共6层),平层,南,一梯两户,简装,70年,钢混结构,无,,https://sh.lianjia.com/ershoufang/107101312885.html
浦东,泥城镇,颐和泊雅轩,外环外,300,31015,3室2厅1厨1卫,96.73O,低楼层 (共12层),平层,南 北,一梯两户,精装,70年,钢混结构,暂无数据,,https://sh.lianjia.com/ershoufang/107101231150.html
浦东,泥城镇,云帆名苑,外环外,158,18379,2室2厅1厨1卫,85.97O,中楼层 (共4层),暂无数据,南,一梯两户,其他,未知,钢混结构,无,,https://sh.lianjia.com/ershoufang/107101455288.html
浦东,泥城镇,蓝色城邦(公寓),外环外,285,20955,4室2厅1厨2卫,136.01O,高楼层 (共13层),暂无数据,南,一梯两户,精装,70年,钢混结构,有,,https://sh.lianjia.com/ershoufang/107001634489.html
浦东,泥城镇,云树雅居,外环外,145,17613,2室2厅1厨1卫,82.33O,高楼层 (共11层),平层,南,一梯两户,精装,未知,钢混结构,有,,https://sh.lianjia.com/ershoufang/107101277925.html
浦东,泥城镇,美芦苑,外环外,250,14432,2室2厅1厨3卫,173.23O,低楼层 (共1层),跃层,南,一梯一户,精装,未知,钢混结构,无,,https://sh.lianjia.com/ershoufang/107000938581.html
浦东,泥城镇,荷风翠庭,外环外,112,18748,1室1厅1厨1卫,59.74O,中楼层 (共6层),平层,南 北,一梯三户,精装,未知,钢混结构,无,,https://sh.lianjia.com/ershoufang/107100534738.html
浦东,泥城镇,丽都Z庭,外环外,300,25211,4室2厅1厨2卫,119O,中楼层 (共16层),平层,南,一梯两户,精装,70年,钢混结构,有,,https://sh.lianjia.com/ershoufang/107101025079.html
浦东,泥城镇,东亚阳光里,外环外,175,22180,2室1厅1厨1卫,78.9O,高楼层 (共11层),平层,南 北,一梯两户,毛坯,70年,钢混结构,暂无数据,,https://sh.lianjia.com/ershoufang/107101067163.html
浦东,泥城镇,云锦丽苑,外环外,190,15151,3室2厅1厨2卫,125.41O,中楼层 (共5层),平层,南 北,一梯三户,其他,未知,钢混结构,无,,https://sh.lianjia.com/ershoufang/107101116811.html
浦东,泥城镇,蓝色城邦(公寓),外环外,105,19682,1室1厅1厨1卫,53.35O,高楼层 (共12层),平层,南,一梯两户,毛坯,70年,钢混结构,有,,https://sh.lianjia.com/ershoufang/107101301468.html
浦东,泥城镇,乾耀东港,外环外,320,23473,3室2厅1厨2卫,136.33O,中楼层 (共5层),平层,南,一梯两户,毛坯,70年,钢混结构,有,,https://sh.lianjia.com/ershoufang/107001408909.html
浦东,泥城镇,泥城苑,外环外,176,18595,2室2厅1厨1卫,94.65O,低楼层 (共11层),平层,南 北,一梯两户,毛坯,未知,钢混结构,有,,https://sh.lianjia.com/ershoufang/107100040752.html
浦东,泥城镇,乾耀东港,外环外,189,21236,3室2厅1厨1卫,89O,中楼层 (共13层),平层,南 北,一梯六户,精装,70年,钢混结构,有,,https://sh.lianjia.com/ershoufang/107101355818.html
浦东,泥城镇,蓝色城邦(公寓),外环外,190,11446,2室2厅1厨1卫,166O,低楼层 (共12层),暂无数据,南,一梯两户,精装,未知,钢混结构,有,,https://sh.lianjia.com/ershoufang/107101201212.html
浦东,泥城镇,蓝色城邦(公寓),外环外,168,19187,2室1厅1厨1卫,87.56O,低楼层 (共13层),暂无数据,东南,一梯两户,毛坯,70年,钢混结构,有,,https://sh.lianjia.com/ershoufang/107001953885.html
浦东,泥城镇,云锦丽苑,外环外,130,24079,2室1厅1厨1卫,53.99O,高楼层 (共6层),暂无数据,南,一梯两户,精装,未知,钢混结构,无,,https://sh.lianjia.com/ershoufang/107002035867.html
浦东,泥城镇,鸿音广场,外环外,42,8451,1室1厅1厨1卫,49.7O,中楼层 (共11层),暂无数据,南,两梯三十一户,精装,50年,钢混结构,有,,https://sh.lianjia.com/ershoufang/107100406942.html
浦东,泥城镇,荷风华庭,外环外,155,19113,2室2厅1厨1卫,81.1O,高楼层 (共6层),暂无数据,南 北,一梯两户,其他,未知,钢混结构,无,,https://sh.lianjia.com/ershoufang/107101273912.html
浦东,泥城镇,荷风景庭,外环外,180,22051,2室2厅1厨1卫,81.63O,高楼层 (共6层),暂无数据,南,一梯两户,其他,未知,钢混结构,无,,https://sh.lianjia.com/ershoufang/107101403070.html
浦东,泥城镇,乾耀东港,外环外,170,20176,2室2厅1厨1卫,84.26O,高楼层 (共11层),平层,南 北,一梯四户,精装,70年,钢混结构,有,,https://sh.lianjia.com/ershoufang/107101234398.html
浦东,泥城镇,云树仁居,外环外,175,17327,3室2厅1厨1卫,101O,低楼层 (共4层),暂无数据,南,一梯两户,精装,未知,钢混结构,无,,https://sh.lianjia.com/ershoufang/107101264191.html
浦东,泥城镇,鸿音广场,外环外,50,10997,1室0厅1厨1卫,45.47O,中楼层 (共11层),暂无数据,北,两梯三十一户,精装,50年,钢混结构,有,,https://sh.lianjia.com/ershoufang/107100045649.html
浦东,泥城镇,蓝色城邦(公寓),外环外,168,19094,2室2厅1厨1卫,87.99O,低楼层 (共12层),暂无数据,南,一梯两户,毛坯,未知,钢混结构,有,,https://sh.lianjia.com/ershoufang/107100800824.html
浦东,泥城镇,云树雅居,外环外,200,16307,3室1厅1厨2卫,122.65O,高楼层 (共6层),平层,南,一梯两户,毛坯,未知,钢混结构,无,,https://sh.lianjia.com/ershoufang/107100073322.html
浦东,泥城镇,乾耀东港,外环外,400,23530,4室2厅1厨2卫,170O,中楼层 (共5层),平层,南,一梯两户,精装,70年,钢混结构,有,,https://sh.lianjia.com/ershoufang/107002321061.html
浦东,泥城镇,丽都Z庭,外环外,250,27473,3室1厅1厨1卫,91O,高楼层 (共16层),平层,南,一梯两户,毛坯,70年,钢混结构,有,,https://sh.lianjia.com/ershoufang/107101184580.html
浦东,泥城镇,云树仁居,外环外,145,17740,2室2厅1厨2卫,81.74O,高楼层 (共6层),平层,南,一梯两户,精装,未知,钢混结构,无,,https://sh.lianjia.com/ershoufang/107100825190.html
浦东,泥城镇,云锦丽苑,外环外,126,15103,2室2厅1厨1卫,83.43O,高楼层 (共6层),平层,南,一梯两户,毛坯,未知,钢混结构,无,,https://sh.lianjia.com/ershoufang/107101352190.html
浦东,泥城镇,云松翠庭,外环外,185,18317,3室2厅1厨1卫,101O,中楼层 (共4层),暂无数据,暂无数据,一梯两户,毛坯,未知,钢混结构,无,,https://sh.lianjia.com/ershoufang/107002269155.html
浦东,泥城镇,泥城苑,外环外,170,18568,2室2厅1厨1卫,91.56O,中楼层 (共8层),平层,南,一梯两户,精装,未知,钢混结构,有,,https://sh.lianjia.com/ershoufang/107101221545.html
浦东,泥城镇,云锦名苑,外环外,175,16819,3室2厅1厨1卫,104.05O,低楼层 (共6层),平层,南 北,一梯两户,简装,未知,钢混结构,无,,https://sh.lianjia.com/ershoufang/107101468457.html
浦东,泥城镇,云锦新苑,外环外,95,20200,1室1厅1厨1卫,47.03O,低楼层 (共6层),平层,南,一梯四户,简装,未知,钢混结构,无,,https://sh.lianjia.com/ershoufang/107101165910.html
浦东,泥城镇,丽都华庭,外环外,200,23194,2室2厅0厨1卫,86.23O,低楼层 (共13层),平层,南,一梯两户,精装,未知,钢混结构,有,,https://sh.lianjia.com/ershoufang/107101486492.html
浦东,泥城镇,清风雅苑,外环外,150,18376,2室2厅1厨1卫,81.63O,高楼层 (共6层),平层,南,一梯两户,毛坯,未知,钢混结构,无,,https://sh.lianjia.com/ershoufang/107101309715.html
浦东,泥城镇,泥城苑,外环外,225,24401,2室1厅1厨1卫,92.21O,高楼层 (共12层),平层,南,一梯两户,毛坯,未知,钢混结构,有,,https://sh.lianjia.com/ershoufang/107100367230.html
浦东,泥城镇,荷风景庭,外环外,330,19910,4室2厅1厨2卫,165.75O,中楼层 (共11层),平层,南,一梯两户,其他,未知,钢混结构,有,,https://sh.lianjia.com/ershoufang/107100078821.html
浦东,泥城镇,云锦新苑,外环外,188,17163,3室2厅1厨1卫,109.54O,中楼层 (共6层),暂无数据,暂无数据,一梯两户,精装,未知,钢混结构,无,,https://sh.lianjia.com/ershoufang/107001461015.html
浦东,泥城镇,鸿音广场,外环外,55,11468,1室0厅1厨1卫,47.96O,中楼层 (共11层),暂无数据,暂无数据,一梯三十一户,精装,50年,钢混结构,有,,https://sh.lianjia.com/ershoufang/107001371045.html
浦东,泥城镇,云帆名苑,外环外,112,19979,1室1厅1厨1卫,56.06O,高楼层 (共6层),平层,南,一梯两户,毛坯,未知,钢混结构,无,,https://sh.lianjia.com/ershoufang/107100633407.html
浦东,泥城镇,云树雅居,外环外,115,18600,1室1厅1厨1卫,61.83O,中楼层 (共4层),暂无数据,南,一梯两户,简装,未知,钢混结构,无,,https://sh.lianjia.com/ershoufang/107101406542.html
浦东,泥城镇,美轮新村,外环外,140,14071,2室2厅1厨1卫,99.5O,高楼层 (共5层),暂无数据,南,一梯两户,其他,70年,砖混结构,无,,https://sh.lianjia.com/ershoufang/107100997697.html
浦东,泥城镇,鸿音广场,外环外,50,11169,1室1厅1厨1卫,44.77O,高楼层 (共11层),暂无数据,南,一梯三十一户,其他,50年,钢混结构,有,,https://sh.lianjia.com/ershoufang/107101155753.html
浦东,泥城镇,荷风翠庭,外环外,150,18519,2室2厅1厨1卫,81O,高楼层 (共6层),暂无数据,南,一梯两户,毛坯,未知,钢混结构,无,,https://sh.lianjia.com/ershoufang/107101157800.html
浦东,泥城镇,碧桂园浦东星作,外环外,240,25807,3室2厅1厨2卫,93O,中楼层 (共14层),平层,南 北,一梯两户,精装,70年,钢混结构,暂无数据,,https://sh.lianjia.com/ershoufang/107101331886.html
浦东,泥城镇,云帆花苑,外环外,153,18390,2室1厅1厨1卫,83.2O,中楼层 (共10层),暂无数据,南,一梯三户,简装,70年,钢混结构,无,,https://sh.lianjia.com/ershoufang/107001670783.html
浦东,泥城镇,东亚阳光里,外环外,180,22785,2室2厅1厨1卫,79O,低楼层 (共11层),暂无数据,暂无数据,一梯两户,毛坯,70年,钢混结构,暂无数据,,https://sh.lianjia.com/ershoufang/107002269959.html
浦东,泥城镇,碧桂园浦东星作,外环外,340,36913,2室2厅1厨1卫,92.11O,中楼层 (共8层),暂无数据,南,一梯两户,精装,70年,钢混结构,暂无数据,,https://sh.lianjia.com/ershoufang/107101192894.html
浦东,泥城镇,云帆雅苑,外环外,150,19795,3室1厅1厨1卫,75.78O,中楼层 (共11层),暂无数据,南,一梯三户,简装,未知,钢混结构,有,,https://sh.lianjia.com/ershoufang/107001695069.html
浦东,泥城镇,云树雅居,外环外,108,22010,1室1厅1厨1卫,49.07O,中楼层 (共4层),暂无数据,南,一梯三户,毛坯,未知,钢混结构,无,,https://sh.lianjia.com/ershoufang/107101311497.html
浦东,泥城镇,云锦雅苑,外环外,136,14486,2室1厅1厨1卫,93.89O,高楼层 (共6层),平层,南,一梯四户,毛坯,70年,钢混结构,无,,https://sh.lianjia.com/ershoufang/107100972116.html
浦东,泥城镇,云锦新苑,外环外,160,17614,3室1厅1厨1卫,90.84O,高楼层 (共6层),平层,南 北,一梯两户,毛坯,未知,钢混结构,无,,https://sh.lianjia.com/ershoufang/107100317968.html
浦东,泥城镇,碧桂园浦东星作,外环外,290,31163,3室2厅1厨2卫,93.06O,中楼层 (共14层),平层,南 北,一梯两户,其他,70年,钢混结构,暂无数据,,https://sh.lianjia.com/ershoufang/107101391816.html
浦东,泥城镇,荷风翠庭,外环外,265,15988,4室2厅1厨2卫,165.75O,中楼层 (共11层),平层,南 北,一梯两户,简装,未知,钢混结构,有,,https://sh.lianjia.com/ershoufang/107101337367.html
浦东,泥城镇,云锦佳苑,外环外,145,17517,2室2厅1厨1卫,82.78O,高楼层 (共6层),平层,南,一梯两户,精装,未知,钢混结构,无,,https://sh.lianjia.com/ershoufang/107100839676.html
浦东,泥城镇,美芦苑,外环外,320,18286,4室2厅1厨2卫,175O,低楼层 (共1层),暂无数据,南,一梯一户,其他,未知,钢混结构,无,,https://sh.lianjia.com/ershoufang/107100729218.html
浦东,泥城镇,蓝色城邦(公寓),外环外,162,18536,2室2厅1厨1卫,87.4O,低楼层 (共14层),平层,南 北,一梯两户,毛坯,70年,钢混结构,有,,https://sh.lianjia.com/ershoufang/107101081345.html
浦东,泥城镇,云锦雅苑,外环外,138,14804,2室1厅1厨1卫,93.22O,低楼层 (共6层),平层,南,一梯四户,毛坯,70年,钢混结构,无,,https://sh.lianjia.com/ershoufang/107100894796.html
浦东,泥城镇,丽都华庭,外环外,262,28528,2室2厅1厨2卫,91.84O,高楼层 (共11层),平层,南,一梯两户,毛坯,70年,钢混结构,有,,https://sh.lianjia.com/ershoufang/107001968315.html
浦东,泥城镇,丽都Z庭,外环外,270,29977,3室2厅1厨1卫,90.07O,中楼层 (共16层),暂无数据,南,一梯两户,毛坯,70年,钢混结构,有,,https://sh.lianjia.com/ershoufang/107002084163.html
浦东,泥城镇,蓝色城邦(公寓),外环外,170,19166,2室1厅1厨1卫,88.7O,低楼层 (共12层),平层,南 北,一梯两户,精装,70年,钢混结构,有,,https://sh.lianjia.com/ershoufang/107101345274.html
浦东,泥城镇,鸿音广场,外环外,52,11437,1室1厅1厨1卫,45.47O,高楼层 (共11层),暂无数据,暂无数据,两梯三十一户,其他,50年,钢混结构,有,,https://sh.lianjia.com/ershoufang/107002075877.html
浦东,泥城镇,丽都华庭,外环外,158,22820,1室2厅1厨1卫,69.24O,低楼层 (共14层),平层,南,一梯两户,精装,70年,钢混结构,有,,https://sh.lianjia.com/ershoufang/107101202094.html
浦东,泥城镇,蓝色城邦(公寓),外环外,158,18080,2室2厅1厨1卫,87.39O,低楼层 (共14层),暂无数据,南,一梯两户,简装,70年,钢混结构,有,,https://sh.lianjia.com/ershoufang/107100447584.html
浦东,泥城镇,农具新村,外环外,138,15000,3室1厅1厨1卫,92O,中楼层 (共5层),平层,南,一梯两户,其他,70年,砖混结构,无,,https://sh.lianjia.com/ershoufang/107101506316.html
浦东,泥城镇,农具新村,外环外,138,14839,2室2厅1厨1卫,93O,中楼层 (共5层),暂无数据,南,一梯两户,简装,70年,砖混结构,无,,https://sh.lianjia.com/ershoufang/107101499351.html
浦东,泥城镇,蓝色城邦(公寓),外环外,170,19434,2室2厅1厨1卫,87.48O,中楼层 (共14层),平层,南,一梯两户,毛坯,70年,钢混结构,有,,https://sh.lianjia.com/ershoufang/107000214373.html
浦东,泥城镇,蓝色城邦(公寓),外环外,118,22123,1室1厅0厨1卫,53.34O,中楼层 (共12层),平层,南,一梯两户,精装,70年,钢混结构,有,,https://sh.lianjia.com/ershoufang/107101387945.html
浦东,泥城镇,乾耀东港,外环外,198,22081,2室2厅1厨1卫,89.67O,中楼层 (共13层),平层,南,一梯四户,精装,未知,钢混结构,有,,https://sh.lianjia.com/ershoufang/107101336371.html
浦东,泥城镇,云锦新苑,外环外,120,20339,1室1厅1厨1卫,59O,低楼层 (共6层),暂无数据,南,一梯四户,其他,未知,钢混结构,无,,https://sh.lianjia.com/ershoufang/107101162153.html
浦东,泥城镇,乾耀东港,外环外,360,22232,4室2厅1厨2卫,161.93O,中楼层 (共5层),平层,南,一梯两户,毛坯,70年,钢混结构,有,,https://sh.lianjia.com/ershoufang/107100409125.html
浦东,泥城镇,云松翠庭,外环外,115,18684,1室1厅1厨1卫,61.55O,高楼层 (共6层),平层,南,一梯两户,毛坯,未知,钢混结构,无,,https://sh.lianjia.com/ershoufang/107100464642.html
浦东,泥城镇,云帆名苑,外环外,121,15922,1室1厅1厨1卫,76O,低楼层 (共10层),暂无数据,南,一梯三户,简装,未知,钢混结构,有,,https://sh.lianjia.com/ershoufang/107002313391.html
浦东,泥城镇,云帆佳苑,外环外,140,16937,2室2厅1厨1卫,82.66O,高楼层 (共6层),平层,南,一梯两户,简装,未知,钢混结构,无,,https://sh.lianjia.com/ershoufang/107100448826.html
浦东,泥城镇,清风花苑,外环外,160,19601,2室2厅0厨1卫,81.63O,中楼层 (共6层),暂无数据,南,一梯两户,其他,未知,钢混结构,无,,https://sh.lianjia.com/ershoufang/107101435626.html
浦东,泥城镇,云帆佳苑,外环外,142,17179,2室2厅1厨1卫,82.66O,中楼层 (共6层),平层,南,一梯两户,毛坯,未知,钢混结构,无,,https://sh.lianjia.com/ershoufang/107101521634.html
浦东,泥城镇,清风丽苑,外环外,115,23177,1室1厅0厨1卫,49.62O,低楼层 (共4层),暂无数据,南,一梯三户,精装,未知,钢混结构,无,,https://sh.lianjia.com/ershoufang/107101432934.html
浦东,泥城镇,清风雅苑,外环外,119,19083,1室1厅1厨1卫,62.36O,低楼层 (共11层),暂无数据,南,一梯三户,毛坯,未知,钢混结构,暂无数据,,https://sh.lianjia.com/ershoufang/107101443349.html
浦东,泥城镇,云树仁居,外环外,140,17061,2室2厅1厨1卫,82.06O,中楼层 (共4层),平层,南,一梯两户,简装,未知,钢混结构,无,,https://sh.lianjia.com/ershoufang/107101330907.html
浦东,泥城镇,乾耀东港,外环外,178,19780,2室1厅1厨1卫,89.99O,低楼层 (共11层),平层,东南,一梯四户,精装,70年,钢混结构,有,,https://sh.lianjia.com/ershoufang/107101489772.html
浦东,泥城镇,云帆名苑,外环外,123,16172,1室2厅1厨1卫,76.06O,低楼层 (共10层),平层,南,一梯三户,简装,未知,钢混结构,有,,https://sh.lianjia.com/ershoufang/107101457081.html
浦东,泥城镇,鸿音广场,外环外,55,12261,1室1厅1厨1卫,44.86O,中楼层 (共11层),暂无数据,南,一梯三十一户,精装,50年,钢混结构,有,,https://sh.lianjia.com/ershoufang/107100395518.html
浦东,泥城镇,乾耀东港,外环外,205,23107,2室2厅1厨1卫,88.72O,高楼层 (共13层),暂无数据,南,一梯四户,毛坯,未知,钢混结构,有,,https://sh.lianjia.com/ershoufang/107001253389.html
浦东,泥城镇,乾耀东港,外环外,183,20697,2室2厅1厨1卫,88.42O,高楼层 (共13层),平层,南 北,一梯四户,精装,70年,钢混结构,有,,https://sh.lianjia.com/ershoufang/107101314349.html
浦东,泥城镇,云树仁居,外环外,115,17908,1室1厅1厨1卫,64.22O,中楼层 (共6层),平层,南,一梯两户,精装,未知,钢混结构,无,,https://sh.lianjia.com/ershoufang/107101212093.html
浦东,泥城镇,泥城苑,外环外,170,17802,2室2厅1厨1卫,95.5O,中楼层 (共12层),平层,南,一梯两户,精装,未知,钢混结构,有,,https://sh.lianjia.com/ershoufang/107100333376.html
浦东,泥城镇,丽都华庭,外环外,240,27733,2室2厅1厨1卫,86.54O,中楼层 (共13层),平层,南,一梯两户,精装,未知,钢混结构,有,,https://sh.lianjia.com/ershoufang/107100160990.html
浦东,泥城镇,清风佳苑,外环外,126,21092,1室1厅1厨1卫,59.74O,高楼层 (共6层),平层,南 北,一梯三户,精装,未知,钢混结构,无,,https://sh.lianjia.com/ershoufang/107101245038.html
浦东,泥城镇,乾耀东港,外环外,162,24924,1室1厅1厨1卫,65O,低楼层 (共11层),平层,南,一梯四户,精装,70年,钢混结构,有,,https://sh.lianjia.com/ershoufang/107100397106.html
浦东,泥城镇,丽都华庭,外环外,178,25708,1室2厅1厨1卫,69.24O,高楼层 (共14层),平层,南,一梯两户,精装,70年,钢混结构,有,,https://sh.lianjia.com/ershoufang/107100061705.html
浦东,泥城镇,荷风翠庭,外环外,170,16849,3室2厅1厨1卫,100.9O,低楼层 (共6层),暂无数据,南,一梯两户,简装,未知,钢混结构,无,,https://sh.lianjia.com/ershoufang/107100606070.html
浦东,泥城镇,清风丽苑,外环外,190,18831,3室2厅1厨1卫,100.9O,中楼层 (共6层),暂无数据,南,一梯两户,精装,未知,钢混结构,无,,https://sh.lianjia.com/ershoufang/107000763343.html
浦东,泥城镇,蓝色城邦(公寓),外环外,280,20518,3室2厅1厨2卫,136.47O,高楼层 (共12层),复式,南,一梯两户,精装,70年,钢混结构,有,,https://sh.lianjia.com/ershoufang/107101455658.html
浦东,泥城镇,云帆花苑,外环外,161,19563,2室2厅1厨1卫,82.3O,中楼层 (共12层),平层,南,一梯两户,精装,70年,钢混结构,无,,https://sh.lianjia.com/ershoufang/107101199930.html
浦东,泥城镇,云松华庭,外环外,216,17612,3室2厅1厨2卫,122.65O,中楼层 (共6层),平层,南,一梯两户,精装,未知,钢混结构,无,,https://sh.lianjia.com/ershoufang/107100642064.html
浦东,泥城镇,云锦丽苑,外环外,160,18958,2室1厅1厨1卫,84.4O,中楼层 (共5层),暂无数据,南,一梯三户,精装,未知,钢混结构,无,,https://sh.lianjia.com/ershoufang/107001917617.html
浦东,泥城镇,云锦新苑,外环外,172,15703,3室2厅1厨1卫,109.54O,中楼层 (共6层),平层,南,一梯两户,精装,未知,钢混结构,无,,https://sh.lianjia.com/ershoufang/107101176897.html
浦东,泥城镇,乾耀东港,外环外,170,20074,2室2厅1厨1卫,84.69O,中楼层 (共11层),平层,南 北,一梯四户,精装,70年,钢混结构,有,,https://sh.lianjia.com/ershoufang/107101471442.html
浦东,泥城镇,云树仁居,外环外,145,17525,2室2厅1厨1卫,82.74O,中楼层 (共6层),平层,南,一梯两户,简装,未知,钢混结构,无,,https://sh.lianjia.com/ershoufang/107101211065.html
浦东,泥城镇,泥城苑,外环外,185,14800,3室2厅1厨1卫,125O,高楼层 (共6层),平层,南,一梯两户,精装,未知,钢混结构,无,,https://sh.lianjia.com/ershoufang/107101046082.html
浦东,泥城镇,鸿音广场,外环外,45,9910,1室0厅1厨1卫,45.41O,高楼层 (共11层),暂无数据,暂无数据,一梯三十一户,其他,50年,钢混结构,有,,https://sh.lianjia.com/ershoufang/107001217761.html
浦东,泥城镇,云松翠庭,外环外,155,18963,2室2厅0厨1卫,81.74O,高楼层 (共6层),平层,南 北,一梯两户,毛坯,未知,钢混结构,无,,https://sh.lianjia.com/ershoufang/107101380613.html
浦东,泥城镇,清风丽苑,外环外,200,16180,3室2厅1厨2卫,123.61O,中楼层 (共4层),暂无数据,南,一梯两户,精装,未知,钢混结构,无,,https://sh.lianjia.com/ershoufang/107101351266.html
浦东,泥城镇,鸿音广场,外环外,60,13213,1室1厅1厨1卫,45.41O,中楼层 (共11层),暂无数据,南 北,两梯三十一户,精装,50年,钢混结构,有,,https://sh.lianjia.com/ershoufang/107100283042.html
浦东,泥城镇,荷风华庭,外环外,155,18989,2室2厅0厨1卫,81.63O,高楼层 (共6层),暂无数据,南,一梯两户,其他,未知,钢混结构,无,,https://sh.lianjia.com/ershoufang/107101381833.html
浦东,泥城镇,云松景庭,外环外,108,17468,2室1厅1厨1卫,61.83O,低楼层 (共4层),平层,南 北,一梯两户,简装,未知,钢混结构,无,,https://sh.lianjia.com/ershoufang/107101324678.html
浦东,泥城镇,荷风华庭,外环外,155,18823,2室2厅1厨1卫,82.35O,高楼层 (共11层),平层,南,一梯三户,精装,未知,钢混结构,有,,https://sh.lianjia.com/ershoufang/107101512925.html
浦东,泥城镇,云帆花苑,外环外,155,18782,2室1厅1厨1卫,82.53O,低楼层 (共10层),平层,南,一梯三户,简装,70年,钢混结构,无,,https://sh.lianjia.com/ershoufang/107100967270.html
浦东,泥城镇,乾耀东港,外环外,181,21373,2室2厅1厨1卫,84.69O,低楼层 (共11层),平层,南,一梯四户,精装,70年,钢混结构,有,,https://sh.lianjia.com/ershoufang/107101279848.html
浦东,泥城镇,蓝色城邦(公寓),外环外,170,19387,2室2厅1厨1卫,87.69O,低楼层 (共13层),平层,南,一梯两户,精装,70年,钢混结构,有,,https://sh.lianjia.com/ershoufang/107101386206.html
浦东,泥城镇,云帆花苑,外环外,175,17166,3室2厅1厨1卫,101.95O,高楼层 (共6层),暂无数据,南,一梯两户,其他,70年,钢混结构,无,,https://sh.lianjia.com/ershoufang/107101409185.html
浦东,泥城镇,丽都华庭,外环外,275,24775,3室2厅1厨2卫,111O,低楼层 (共12层),平层,南,一梯一户,精装,70年,钢混结构,有,,https://sh.lianjia.com/ershoufang/107100945606.html
浦东,泥城镇,云帆花苑,外环外,98,20087,1室1厅1厨1卫,48.79O,中楼层 (共4层),平层,南,一梯三户,毛坯,未知,钢混结构,无,,https://sh.lianjia.com/ershoufang/107101302235.html
浦东,泥城镇,碧桂园浦东星作,外环外,235,25269,3室1厅1厨2卫,93O,中楼层 (共14层),暂无数据,南,一梯两户,其他,70年,钢混结构,暂无数据,,https://sh.lianjia.com/ershoufang/107101509542.html
浦东,泥城镇,荷风华庭,外环外,153,18682,2室2厅1厨1卫,81.9O,低楼层 (共11层),平层,南,一梯三户,精装,未知,钢混结构,有,,https://sh.lianjia.com/ershoufang/107001577297.html
浦东,泥城镇,云帆名苑,外环外,132,15676,2室1厅1厨1卫,84.21O,高楼层 (共6层),暂无数据,南,一梯两户,毛坯,未知,钢混结构,无,,https://sh.lianjia.com/ershoufang/107100786643.html
浦东,泥城镇,碧桂园浦东星作,外环外,250,27778,3室2厅1厨1卫,90O,中楼层 (共14层),暂无数据,南,一梯两户,其他,70年,钢混结构,暂无数据,,https://sh.lianjia.com/ershoufang/107101222840.html
浦东,泥城镇,鸿音广场,外环外,50,10997,1室1厅1厨1卫,45.47O,低楼层 (共11层),暂无数据,北,两梯三十一户,精装,50年,钢混结构,有,,https://sh.lianjia.com/ershoufang/107100680405.html
浦东,泥城镇,泥城苑,外环外,158,17257,2室2厅1厨1卫,91.56O,中楼层 (共6层),平层,南,一梯两户,毛坯,未知,钢混结构,无,,https://sh.lianjia.com/ershoufang/107100847320.html
浦东,泥城镇,鸿音广场,外环外,56,11200,1室0厅1厨1卫,50O,中楼层 (共11层),暂无数据,南,一梯三十一户,其他,50年,钢混结构,有,,https://sh.lianjia.com/ershoufang/107100395520.html
浦东,泥城镇,清风花苑,外环外,126,19688,1室2厅1厨1卫,64O,低楼层 (共11层),平层,南,一梯三户,精装,未知,钢混结构,有,,https://sh.lianjia.com/ershoufang/107002252277.html
浦东,泥城镇,丽都华庭,外环外,205,24016,2室1厅1厨1卫,85.36O,低楼层 (共13层),平层,东南,一梯两户,精装,70年,钢混结构,有,,https://sh.lianjia.com/ershoufang/107101472475.html
浦东,泥城镇,蓝色城邦(公寓),外环外,175,19919,2室2厅1厨1卫,87.86O,中楼层 (共12层),平层,南,一梯两户,毛坯,70年,钢混结构,有,,https://sh.lianjia.com/ershoufang/107101431533.html
浦东,泥城镇,丽都华庭,外环外,180,26046,1室2厅1厨1卫,69.11O,高楼层 (共13层),平层,南,一梯两户,毛坯,未知,钢混结构,有,,https://sh.lianjia.com/ershoufang/107100105101.html
浦东,泥城镇,泥城苑,外环外,230,18266,3室2厅1厨2卫,125.92O,高楼层 (共6层),暂无数据,南,一梯两户,毛坯,未知,钢混结构,无,,https://sh.lianjia.com/ershoufang/107001136045.html
浦东,泥城镇,荷风华庭,外环外,218,17724,3室2厅1厨2卫,123O,高楼层 (共6层),暂无数据,南,一梯两户,简装,未知,钢混结构,无,,https://sh.lianjia.com/ershoufang/107002321525.html
浦东,泥城镇,清风花苑,外环外,160,19601,2室2厅1厨1卫,81.63O,高楼层 (共6层),暂无数据,南,一梯两户,精装,未知,钢混结构,无,,https://sh.lianjia.com/ershoufang/107101244311.html
浦东,泥城镇,泥城路12弄,外环外,150,12730,2室2厅1厨1卫,117.84O,低楼层 (共6层),暂无数据,南 北,一梯两户,其他,未知,钢混结构,无,,https://sh.lianjia.com/ershoufang/107101025352.html
浦东,泥城镇,云帆名苑,外环外,120,20209,2室1厅1厨1卫,59.38O,高楼层 (共6层),暂无数据,南,一梯两户,精装,未知,钢混结构,无,,https://sh.lianjia.com/ershoufang/107101076870.html
浦东,泥城镇,云帆雅苑,外环外,160,17179,2室2厅1厨1卫,93.14O,中楼层 (共10层),平层,暂无数据,一梯三户,简装,未知,钢混结构,有,,https://sh.lianjia.com/ershoufang/107002054077.html
浦东,泥城镇,碧桂园浦东星作,外环外,270,29014,3室2厅1厨2卫,93.06O,中楼层 (共14层),平层,南 北,一梯两户,其他,70年,钢混结构,暂无数据,,https://sh.lianjia.com/ershoufang/107101391818.html
浦东,泥城镇,云帆佳苑,外环外,135,16246,2室2厅1厨1卫,83.1O,高楼层 (共6层),暂无数据,南,一梯两户,简装,未知,钢混结构,无,,https://sh.lianjia.com/ershoufang/107000331679.html
浦东,泥城镇,清风雅苑,外环外,160,15858,3室2厅1厨1卫,100.9O,低楼层 (共6层),平层,南,一梯两户,简装,未知,钢混结构,无,,https://sh.lianjia.com/ershoufang/107101252886.html
浦东,泥城镇,泥城苑,外环外,180,19591,2室2厅1厨1卫,91.88O,高楼层 (共11层),平层,南,一梯两户,毛坯,未知,钢混结构,有,,https://sh.lianjia.com/ershoufang/107100161876.html
浦东,泥城镇,鸿音广场,外环外,80,9954,2室2厅1厨1卫,80.37O,中楼层 (共11层),暂无数据,南,两梯三十一户,精装,50年,钢混结构,有,,https://sh.lianjia.com/ershoufang/107100800275.html
浦东,泥城镇,清风雅苑,外环外,170,16849,3室2厅1厨1卫,100.9O,高楼层 (共6层),平层,南,一梯两户,精装,未知,钢混结构,无,,https://sh.lianjia.com/ershoufang/107101320486.html
浦东,泥城镇,美轮新村,外环外,150,13393,3室2厅1厨1卫,112O,中楼层 (共5层),暂无数据,南 北,一梯两户,其他,70年,砖混结构,无,,https://sh.lianjia.com/ershoufang/107101468506.html
浦东,泥城镇,乾耀东港,外环外,135,20036,1室1厅1厨1卫,67.38O,低楼层 (共13层),暂无数据,暂无数据,一梯四户,毛坯,未知,钢混结构,有,,https://sh.lianjia.com/ershoufang/107001955715.html
浦东,泥城镇,东亚阳光里,外环外,178,22821,2室1厅1厨1卫,78O,高楼层 (共11层),暂无数据,南 北,一梯两户,毛坯,70年,钢混结构,暂无数据,,https://sh.lianjia.com/ershoufang/107101289434.html
浦东,泥城镇,云树雅居,外环外,155,18818,2室2厅1厨1卫,82.37O,中楼层 (共11层),平层,南,一梯两户,简装,未知,钢混结构,有,,https://sh.lianjia.com/ershoufang/107101512818.html
浦东,泥城镇,丽都华庭,外环外,215,24845,2室2厅1厨1卫,86.54O,高楼层 (共13层),平层,南,一梯两户,毛坯,未知,钢混结构,有,,https://sh.lianjia.com/ershoufang/107100461978.html
浦东,泥城镇,蓝色城邦(公寓),外环外,164,18667,2室2厅1厨1卫,87.86O,低楼层 (共12层),平层,南,一梯两户,精装,未知,钢混结构,有,,https://sh.lianjia.com/ershoufang/107101385486.html
浦东,泥城镇,碧桂园浦东星作,外环外,255,27494,3室2厅1厨1卫,92.75O,中楼层 (共14层),暂无数据,南,一梯两户,其他,70年,钢混结构,暂无数据,,https://sh.lianjia.com/ershoufang/107101137392.html
浦东,泥城镇,荷风景庭,外环外,148,18131,2室2厅1厨1卫,81.63O,高楼层 (共6层),平层,南,一梯两户,毛坯,未知,钢混结构,无,,https://sh.lianjia.com/ershoufang/107002117745.html
浦东,泥城镇,美轮新村,外环外,200,17544,3室2厅1厨1卫,114O,中楼层 (共5层),暂无数据,南,一梯两户,其他,70年,砖混结构,无,,https://sh.lianjia.com/ershoufang/107100154883.html
浦东,泥城镇,蓝色城邦(公寓),外环外,163,18695,2室2厅1厨1卫,87.19O,高楼层 (共11层),平层,南,一梯两户,毛坯,70年,钢混结构,有,,https://sh.lianjia.com/ershoufang/107100975170.html
浦东,泥城镇,荷风景庭,外环外,180,17840,3室2厅1厨1卫,100.9O,高楼层 (共6层),暂无数据,南 北,一梯两户,精装,未知,钢混结构,无,,https://sh.lianjia.com/ershoufang/107101397446.html
浦东,泥城镇,云树仁居,外环外,120,19497,1室1厅1厨1卫,61.55O,高楼层 (共6层),平层,南,一梯两户,其他,未知,钢混结构,无,,https://sh.lianjia.com/ershoufang/107101496525.html
浦东,泥城镇,云松景庭,外环外,112,17500,1室1厅1厨1卫,64O,高楼层 (共6层),平层,南,一梯两户,简装,未知,钢混结构,无,,https://sh.lianjia.com/ershoufang/107100550732.html
浦东,泥城镇,云帆名苑,外环外,160,13410,3室2厅1厨2卫,119.32O,高楼层 (共6层),平层,南,一梯两户,简装,未知,钢混结构,无,,https://sh.lianjia.com/ershoufang/107001660987.html
浦东,泥城镇,丽都华庭,外环外,205,24016,2室2厅1厨1卫,85.36O,高楼层 (共13层),平层,南,一梯两户,毛坯,未知,钢混结构,有,,https://sh.lianjia.com/ershoufang/107100722559.html
浦东,泥城镇,丽都华庭,外环外,181,26141,1室2厅1厨1卫,69.24O,高楼层 (共13层),平层,南,一梯两户,简装,未知,钢混结构,有,,https://sh.lianjia.com/ershoufang/107101019571.html
浦东,泥城镇,泥城苑,外环外,180,14286,3室2厅1厨2卫,126O,高楼层 (共6层),暂无数据,南,一梯两户,毛坯,未知,钢混结构,无,,https://sh.lianjia.com/ershoufang/107100259868.html
浦东,泥城镇,碧桂园浦东星作,外环外,280,30095,3室2厅1厨2卫,93.04O,中楼层 (共14层),暂无数据,南 北,一梯两户,其他,70年,钢混结构,暂无数据,,https://sh.lianjia.com/ershoufang/107101181643.html
浦东,泥城镇,鸿音广场,外环外,45,9910,1室1厅1厨1卫,45.41O,高楼层 (共11层),暂无数据,暂无数据,一梯三十一户,其他,50年,钢混结构,有,,https://sh.lianjia.com/ershoufang/107001347499.html
浦东,泥城镇,乾耀东港,外环外,240,26670,3室2厅1厨1卫,89.99O,中楼层 (共11层),暂无数据,南,一梯四户,精装,70年,钢混结构,有,,https://sh.lianjia.com/ershoufang/107002102617.html
浦东,泥城镇,蓝色城邦(公寓),外环外,173,19758,2室2厅1厨1卫,87.56O,中楼层 (共13层),暂无数据,南,一梯两户,毛坯,70年,钢混结构,有,,https://sh.lianjia.com/ershoufang/107100481934.html
浦东,泥城镇,乾耀东港,外环外,172,19453,3室2厅1厨1卫,88.42O,低楼层 (共13层),平层,南,一梯四户,精装,未知,钢混结构,有,,https://sh.lianjia.com/ershoufang/107101375469.html
浦东,泥城镇,云松翠庭,外环外,120,19446,1室1厅1厨1卫,61.71O,低楼层 (共6层),平层,南,一梯两户,精装,未知,钢混结构,无,,https://sh.lianjia.com/ershoufang/107101336781.html
浦东,泥城镇,鸿音广场,外环外,60,13196,1室1厅1厨1卫,45.47O,中楼层 (共11层),暂无数据,暂无数据,两梯三十一户,其他,50年,钢混结构,有,,https://sh.lianjia.com/ershoufang/107002142505.html
浦东,泥城镇,云帆名苑,外环外,106,21947,1室1厅1厨1卫,48.3O,低楼层 (共6层),平层,南,一梯三户,精装,未知,钢混结构,无,,https://sh.lianjia.com/ershoufang/107100639233.html
浦东,泥城镇,荷风景庭,外环外,280,16893,4室2厅1厨2卫,165.75O,中楼层 (共11层),暂无数据,南 北,一梯两户,毛坯,未知,钢混结构,有,,https://sh.lianjia.com/ershoufang/107100967457.html
浦东,泥城镇,泥城苑,外环外,220,16751,3室2厅1厨2卫,131.34O,低楼层 (共12层),暂无数据,南,一梯两户,其他,未知,钢混结构,有,,https://sh.lianjia.com/ershoufang/107101044665.html
浦东,泥城镇,云松景庭,外环外,118,18366,1室1厅1厨1卫,64.25O,中楼层 (共6层),平层,南,一梯两户,简装,未知,钢混结构,无,,https://sh.lianjia.com/ershoufang/107101169062.html
浦东,泥城镇,云松翠庭,外环外,150,18351,2室2厅1厨1卫,81.74O,高楼层 (共6层),暂无数据,南,一梯两户,简装,未知,钢混结构,无,,https://sh.lianjia.com/ershoufang/107100363299.html
浦东,泥城镇,云锦名苑,外环外,250,19255,3室2厅1厨2卫,129.84O,高楼层 (共6层),暂无数据,南,一梯两户,精装,未知,钢混结构,无,,https://sh.lianjia.com/ershoufang/107002049189.html
浦东,泥城镇,丽都华庭,外环外,255,27625,2室2厅1厨2卫,92.31O,高楼层 (共11层),平层,南,一梯两户,精装,70年,钢混结构,有,,https://sh.lianjia.com/ershoufang/107100271230.html
浦东,泥城镇,乾耀东港,外环外,480,29993,4室2厅1厨2卫,160.04O,低楼层 (共5层),暂无数据,南,一梯两户,其他,70年,钢混结构,有,,https://sh.lianjia.com/ershoufang/107101118720.html
浦东,泥城镇,云帆雅苑,外环外,150,17735,2室2厅1厨1卫,84.58O,中楼层 (共6层),平层,南,一梯两户,简装,未知,钢混结构,无,,https://sh.lianjia.com/ershoufang/107100103379.html
浦东,泥城镇,乾耀东港,外环外,185,20923,2室2厅1厨1卫,88.42O,中楼层 (共13层),平层,南,一梯四户,精装,70年,钢混结构,有,,https://sh.lianjia.com/ershoufang/107101332307.html
浦东,泥城镇,云帆雅苑,外环外,158,19014,2室2厅1厨1卫,83.1O,高楼层 (共6层),平层,南,一梯两户,精装,未知,钢混结构,无,,https://sh.lianjia.com/ershoufang/107100693469.html
浦东,泥城镇,云帆名苑,外环外,111,19801,2室1厅1厨1卫,56.06O,高楼层 (共6层),平层,南,一梯两户,精装,未知,钢混结构,无,,https://sh.lianjia.com/ershoufang/107100196571.html
浦东,泥城镇,鸿音广场,外环外,50,11169,1室1厅1厨1卫,44.77O,中楼层 (共11层),暂无数据,南,一梯三十一户,其他,50年,钢混结构,有,,https://sh.lianjia.com/ershoufang/107101503627.html
浦东,泥城镇,云帆佳苑,外环外,150,14598,3室2厅1厨1卫,102.76O,高楼层 (共6层),平层,南,一梯两户,精装,未知,钢混结构,无,,https://sh.lianjia.com/ershoufang/107100489634.html
浦东,泥城镇,云锦新苑,外环外,155,14129,3室2厅1厨1卫,109.71O,高楼层 (共6层),平层,南,一梯两户,简装,未知,钢混结构,无,,https://sh.lianjia.com/ershoufang/107100149821.html
浦东,泥城镇,清风雅苑,外环外,158,19356,2室2厅1厨1卫,81.63O,高楼层 (共6层),平层,南,一梯两户,精装,未知,钢混结构,无,,https://sh.lianjia.com/ershoufang/107101449656.html
浦东,泥城镇,丽都华庭,外环外,448,25455,4室2厅1厨2卫,176O,中楼层 (共5层),平层,南 北,一梯两户,简装,70年,钢混结构,无,,https://sh.lianjia.com/ershoufang/107100831550.html
浦东,泥城镇,云帆名苑,外环外,150,17788,2室2厅1厨1卫,84.33O,低楼层 (共6层),暂无数据,南,一梯两户,毛坯,未知,钢混结构,无,,https://sh.lianjia.com/ershoufang/107101281317.html
浦东,泥城镇,乾耀东港,外环外,325,23836,3室2厅1厨2卫,136.35O,中楼层 (共5层),平层,南,一梯两户,毛坯,70年,钢混结构,有,,https://sh.lianjia.com/ershoufang/107100482407.html
浦东,泥城镇,清风丽苑,外环外,150,17858,2室1厅1厨1卫,84O,中楼层 (共6层),暂无数据,南,一梯两户,精装,未知,钢混结构,无,,https://sh.lianjia.com/ershoufang/107101351287.html
浦东,泥城镇,丽都Z庭,外环外,229,25391,3室1厅1厨1卫,90.19O,低楼层 (共16层),平层,南,一梯两户,简装,70年,钢混结构,有,,https://sh.lianjia.com/ershoufang/107100862454.html
浦东,泥城镇,丽都华庭,外环外,259,25000,3室2厅1厨2卫,103.6O,低楼层 (共11层),暂无数据,南 北,一梯两户,其他,未知,钢混结构,有,,https://sh.lianjia.com/ershoufang/107101504875.html
浦东,泥城镇,蓝色城邦(公寓),外环外,190,21720,2室2厅1厨1卫,87.48O,中楼层 (共14层),暂无数据,南,一梯两户,其他,70年,钢混结构,有,,https://sh.lianjia.com/ershoufang/107101375265.html
浦东,泥城镇,云帆佳苑,外环外,190,15863,3室2厅1厨2卫,119.78O,高楼层 (共6层),暂无数据,南,一梯两户,精装,未知,钢混结构,无,,https://sh.lianjia.com/ershoufang/107101035830.html
浦东,泥城镇,清风雅苑,外环外,178,17642,3室2厅1厨1卫,100.9O,高楼层 (共6层),平层,南,一梯两户,精装,未知,钢混结构,无,,https://sh.lianjia.com/ershoufang/107100620198.html
浦东,泥城镇,荷风翠庭,外环外,200,18985,3室1厅1厨1卫,105.35O,高楼层 (共11层),暂无数据,南,一梯三户,其他,未知,钢混结构,有,,https://sh.lianjia.com/ershoufang/107100613171.html
浦东,泥城镇,碧桂园浦东星作,外环外,410,25490,4室2厅1厨3卫,160.85O,低楼层 (共2层),暂无数据,南,一梯两户,毛坯,70年,未知结构,暂无数据,,https://sh.lianjia.com/ershoufang/107101176166.html
浦东,泥城镇,丽都Z庭,外环外,250,28287,3室2厅1厨1卫,88.38O,低楼层 (共16层),平层,南,一梯两户,精装,70年,钢混结构,有,,https://sh.lianjia.com/ershoufang/107100062740.html
浦东,泥城镇,荷风华庭,外环外,114,17675,1室1厅1厨1卫,64.5O,低楼层 (共11层),平层,南,一梯三户,毛坯,未知,钢混结构,有,,https://sh.lianjia.com/ershoufang/107101226801.html
浦东,泥城镇,云帆名苑,外环外,96,19876,1室1厅1厨1卫,48.3O,低楼层 (共6层),平层,南,一梯三户,简装,未知,钢混结构,无,,https://sh.lianjia.com/ershoufang/107100343231.html
浦东,泥城镇,云锦新苑,外环外,160,17614,3室1厅1厨1卫,90.84O,高楼层 (共6层),暂无数据,暂无数据,一梯两户,其他,未知,钢混结构,无,,https://sh.lianjia.com/ershoufang/107001727919.html
浦东,泥城镇,蓝色城邦(公寓),外环外,300,21983,3室2厅1厨2卫,136.47O,高楼层 (共12层),暂无数据,南,一梯两户,毛坯,未知,钢混结构,有,,https://sh.lianjia.com/ershoufang/107100807704.html
浦东,泥城镇,东亚阳光里,外环外,190,24021,2室1厅1厨1卫,79.1O,低楼层 (共11层),平层,南,一梯两户,毛坯,70年,钢混结构,暂无数据,,https://sh.lianjia.com/ershoufang/107100058565.html
浦东,泥城镇,丽都华庭,外环外,206,23854,2室2厅1厨1卫,86.36O,中楼层 (共12层),平层,南,一梯两户,精装,70年,钢混结构,有,,https://sh.lianjia.com/ershoufang/107101172283.html
浦东,泥城镇,云松景庭,外环外,111,17277,1室1厅1厨1卫,64.25O,高楼层 (共6层),平层,南,一梯两户,简装,未知,钢混结构,无,,https://sh.lianjia.com/ershoufang/107101271763.html
浦东,泥城镇,荷风翠庭,外环外,98,19632,1室1厅1厨1卫,49.92O,中楼层 (共4层),平层,南,一梯三户,毛坯,未知,钢混结构,无,,https://sh.lianjia.com/ershoufang/107100794470.html
浦东,泥城镇,丽都华庭,外环外,180,24537,1室1厅1厨1卫,73.36O,低楼层 (共13层),平层,南,一梯两户,毛坯,未知,钢混结构,有,,https://sh.lianjia.com/ershoufang/107101124412.html
浦东,泥城镇,云松景庭,外环外,172,16627,2室2厅1厨1卫,103.45O,低楼层 (共11层),平层,南 北,一梯两户,简装,未知,钢混结构,有,,https://sh.lianjia.com/ershoufang/107101383850.html
浦东,泥城镇,云锦新苑,外环外,168,15337,3室2厅1厨1卫,109.54O,中楼层 (共6层),平层,南,一梯两户,毛坯,未知,钢混结构,无,,https://sh.lianjia.com/ershoufang/107101398687.html
浦东,泥城镇,泥城路12弄,外环外,218,18414,3室1厅1厨1卫,118.39O,中楼层 (共6层),平层,南,一梯两户,其他,未知,钢混结构,无,,https://sh.lianjia.com/ershoufang/107101344916.html
浦东,泥城镇,云树仁居,外环外,140,17128,2室2厅1厨1卫,81.74O,高楼层 (共6层),平层,南,一梯两户,毛坯,未知,钢混结构,无,,https://sh.lianjia.com/ershoufang/107101099366.html
浦东,泥城镇,乾耀东港,外环外,182,20584,2室2厅1厨1卫,88.42O,低楼层 (共13层),平层,南,一梯四户,精装,未知,钢混结构,有,,https://sh.lianjia.com/ershoufang/107101107324.html
浦东,泥城镇,云帆雅苑,外环外,138,16607,2室1厅1厨1卫,83.1O,低楼层 (共6层),平层,南 北,一梯两户,毛坯,未知,钢混结构,无,,https://sh.lianjia.com/ershoufang/107101247248.html
浦东,泥城镇,清风花苑,外环外,126,19688,1室1厅1厨1卫,64O,低楼层 (共11层),平层,南,一梯三户,简装,未知,钢混结构,有,,https://sh.lianjia.com/ershoufang/107101161093.html
浦东,泥城镇,丽都华庭,外环外,212,23821,2室2厅1厨2卫,89O,中楼层 (共11层),复式,南,一梯三户,精装,70年,钢混结构,有,,https://sh.lianjia.com/ershoufang/107101445606.html
浦东,泥城镇,丽都华庭,外环外,165,23831,1室1厅1厨1卫,69.24O,高楼层 (共13层),暂无数据,南,一梯两户,毛坯,未知,钢混结构,有,,https://sh.lianjia.com/ershoufang/107001570823.html
浦东,泥城镇,美芦苑,外环外,305,21002,4室2厅2厨2卫,145.23O,低楼层 (共1层),暂无数据,南,一梯一户,毛坯,未知,钢混结构,无,,https://sh.lianjia.com/ershoufang/107100166939.html
浦东,泥城镇,鸿音广场,外环外,43,9642,1室1厅1厨1卫,44.6O,高楼层 (共11层),暂无数据,南,两梯三十一户,其他,50年,钢混结构,有,,https://sh.lianjia.com/ershoufang/107101425742.html
浦东,泥城镇,荷风翠庭,外环外,130,21534,1室1厅1厨1卫,60.37O,高楼层 (共6层),暂无数据,南,一梯三户,简装,未知,钢混结构,无,,https://sh.lianjia.com/ershoufang/107101142518.html
浦东,泥城镇,鸿音广场,外环外,45,9910,1室1厅1厨1卫,45.41O,中楼层 (共11层),暂无数据,暂无数据,一梯三十一户,其他,50年,钢混结构,有,,https://sh.lianjia.com/ershoufang/107002090377.html
浦东,泥城镇,泥城苑,外环外,160,17392,2室2厅1厨1卫,92O,低楼层 (共11层),平层,南,一梯两户,其他,未知,钢混结构,有,,https://sh.lianjia.com/ershoufang/107100751882.html
浦东,泥城镇,荷风华庭,外环外,106,21363,1室1厅1厨1卫,49.62O,中楼层 (共4层),平层,暂无数据,一梯三户,毛坯,未知,钢混结构,无,,https://sh.lianjia.com/ershoufang/107001238365.html
浦东,泥城镇,云帆佳苑,外环外,132,15767,2室1厅1厨1卫,83.72O,高楼层 (共6层),平层,南,一梯两户,毛坯,未知,钢混结构,无,,https://sh.lianjia.com/ershoufang/107101141158.html
浦东,泥城镇,丽都华庭,外环外,208,24181,2室2厅1厨1卫,86.02O,低楼层 (共13层),平层,南,一梯两户,精装,未知,钢混结构,有,,https://sh.lianjia.com/ershoufang/107002330369.html
浦东,泥城镇,丽都华庭,外环外,170,19319,2室2厅1厨1卫,88O,低楼层 (共11层),复式,南,一梯三户,毛坯,70年,钢混结构,有,,https://sh.lianjia.com/ershoufang/107100407124.html
浦东,泥城镇,荷风翠庭,外环外,124,20757,1室1厅0厨1卫,59.74O,中楼层 (共6层),暂无数据,南,一梯三户,精装,未知,钢混结构,无,,https://sh.lianjia.com/ershoufang/107101439543.html
浦东,泥城镇,乾耀东港,外环外,148,21518,1室1厅1厨1卫,68.78O,低楼层 (共11层),平层,南,一梯四户,精装,70年,钢混结构,有,,https://sh.lianjia.com/ershoufang/107100611926.html
浦东,泥城镇,云松翠庭,外环外,160,19158,2室2厅1厨1卫,83.52O,高楼层 (共11层),平层,南,一梯两户,简装,未知,钢混结构,有,,https://sh.lianjia.com/ershoufang/107001789687.html
浦东,泥城镇,蓝色城邦(公寓),外环外,105,19812,1室1厅1厨1卫,53O,低楼层 (共12层),暂无数据,南,一梯两户,其他,70年,钢混结构,有,,https://sh.lianjia.com/ershoufang/107101084570.html
浦东,泥城镇,蓝色城邦(公寓),外环外,105,19682,1室1厅1厨1卫,53.35O,高楼层 (共12层),暂无数据,南,一梯两户,毛坯,70年,钢混结构,有,,https://sh.lianjia.com/ershoufang/107100717845.html
浦东,泥城镇,云帆名苑,外环外,148,14471,3室2厅1厨1卫,102.28O,高楼层 (共6层),平层,南,一梯两户,精装,未知,钢混结构,无,,https://sh.lianjia.com/ershoufang/107101521137.html
浦东,泥城镇,云树仁居,外环外,128,15610,2室2厅1厨1卫,82O,低楼层 (共4层),暂无数据,南,一梯两户,毛坯,未知,钢混结构,无,,https://sh.lianjia.com/ershoufang/107100744076.html
浦东,泥城镇,荷风景庭,外环外,185,18335,3室2厅1厨1卫,100.9O,高楼层 (共6层),暂无数据,南 北,一梯两户,其他,未知,钢混结构,无,,https://sh.lianjia.com/ershoufang/107101204338.html
浦东,泥城镇,云锦佳苑,外环外,147,17620,2室2厅1厨1卫,83.43O,高楼层 (共6层),平层,南,一梯两户,精装,未知,钢混结构,无,,https://sh.lianjia.com/ershoufang/107100332431.html
浦东,泥城镇,云松景庭,外环外,180,17400,2室2厅1厨1卫,103.45O,中楼层 (共11层),平层,南,一梯两户,精装,未知,钢混结构,有,,https://sh.lianjia.com/ershoufang/107101416787.html
浦东,泥城镇,蓝色城邦(公寓),外环外,345,19836,4室2厅1厨3卫,173.93O,中楼层 (共4层),暂无数据,南,一梯两户,毛坯,70年,钢混结构,无,,https://sh.lianjia.com/ershoufang/107100587129.html
浦东,泥城镇,荷风翠庭,外环外,127,20366,1室2厅1厨1卫,62.36O,中楼层 (共11层),平层,南,一梯三户,精装,未知,钢混结构,有,,https://sh.lianjia.com/ershoufang/107101358897.html
浦东,泥城镇,云树仁居,外环外,105,17068,1室1厅1厨1卫,61.52O,低楼层 (共6层),平层,南,一梯两户,简装,70年,钢混结构,无,,https://sh.lianjia.com/ershoufang/107100720394.html
浦东,泥城镇,丽都华庭,外环外,160,23109,1室2厅1厨1卫,69.24O,高楼层 (共13层),暂无数据,南,一梯两户,毛坯,未知,钢混结构,有,,https://sh.lianjia.com/ershoufang/107101104763.html
浦东,泥城镇,丽都Z庭,外环外,255,28159,3室2厅1厨1卫,90.56O,低楼层 (共16层),暂无数据,南,一梯两户,毛坯,70年,钢混结构,有,,https://sh.lianjia.com/ershoufang/107001006445.html
浦东,泥城镇,云锦新苑,外环外,190,17155,3室2厅1厨1卫,110.76O,高楼层 (共6层),平层,南,一梯两户,精装,未知,钢混结构,无,,https://sh.lianjia.com/ershoufang/107100443321.html
浦东,泥城镇,荷风翠庭,外环外,280,16893,4室2厅1厨2卫,165.75O,低楼层 (共11层),平层,南 北,一梯两户,简装,未知,钢混结构,有,,https://sh.lianjia.com/ershoufang/107100134033.html
浦东,泥城镇,云帆雅苑,外环外,160,13338,3室2厅1厨2卫,119.96O,高楼层 (共6层),平层,南,一梯两户,毛坯,未知,钢混结构,无,,https://sh.lianjia.com/ershoufang/107101377489.html
浦东,泥城镇,乾耀东港,外环外,210,23282,2室2厅1厨1卫,90.2O,低楼层 (共11层),暂无数据,南,一梯四户,精装,70年,钢混结构,有,,https://sh.lianjia.com/ershoufang/107001696971.html
浦东,泥城镇,丽都华庭,外环外,175,19804,2室2厅1厨1卫,88.37O,低楼层 (共11层),跃层,南,一梯三户,毛坯,70年,钢混结构,有,,https://sh.lianjia.com/ershoufang/107100361609.html
浦东,泥城镇,蓝色城邦(公寓),外环外,152,17585,1室2厅1厨1卫,86.44O,低楼层 (共12层),复式,南,一梯两户,精装,70年,钢混结构,有,,https://sh.lianjia.com/ershoufang/107100820500.html
浦东,泥城镇,东亚阳光里,外环外,183,20690,3室2厅1厨1卫,88.45O,低楼层 (共11层),平层,南 北,一梯两户,毛坯,70年,钢混结构,暂无数据,,https://sh.lianjia.com/ershoufang/107100667880.html
浦东,泥城镇,云帆名苑,外环外,95,19669,1室1厅1厨1卫,48.3O,低楼层 (共6层),平层,南,一梯三户,简装,未知,钢混结构,无,,https://sh.lianjia.com/ershoufang/107100775415.html
浦东,泥城镇,丽都华庭,外环外,172,19546,2室2厅2厨1卫,88O,低楼层 (共11层),复式,南,一梯三户,毛坯,70年,钢混结构,有,,https://sh.lianjia.com/ershoufang/107100996601.html
浦东,泥城镇,丽都华庭,外环外,170,24553,1室2厅1厨1卫,69.24O,低楼层 (共14层),平层,南,一梯两户,精装,70年,钢混结构,有,,https://sh.lianjia.com/ershoufang/107100631180.html
浦东,泥城镇,泥城路12弄,外环外,190,16240,3室1厅1厨1卫,117O,低楼层 (共5层),暂无数据,暂无数据,一梯两户,简装,未知,钢混结构,无,,https://sh.lianjia.com/ershoufang/107002344851.html
浦东,泥城镇,清风雅苑,外环外,176,16862,3室2厅1厨1卫,104.38O,低楼层 (共11层),平层,南 北,一梯三户,毛坯,未知,钢混结构,暂无数据,,https://sh.lianjia.com/ershoufang/107101161110.html
浦东,泥城镇,蓝色城邦(公寓),外环外,200,22622,2室2厅1厨1卫,88.41O,高楼层 (共12层),暂无数据,南,一梯两户,其他,70年,钢混结构,有,,https://sh.lianjia.com/ershoufang/107100952711.html
浦东,泥城镇,云树欣居,外环外,148,17918,2室2厅1厨1卫,82.6O,高楼层 (共10层),平层,南,一梯两户,毛坯,未知,钢混结构,有,,https://sh.lianjia.com/ershoufang/107002097399.html
浦东,泥城镇,泥城苑,外环外,177,19200,2室2厅1厨1卫,92.19O,高楼层 (共11层),平层,南,一梯两户,精装,未知,钢混结构,有,,https://sh.lianjia.com/ershoufang/107100287101.html
浦东,泥城镇,荷风华庭,外环外,147,17949,2室2厅1厨1卫,81.9O,低楼层 (共11层),暂无数据,南 北,一梯三户,其他,未知,钢混结构,有,,https://sh.lianjia.com/ershoufang/107101394825.html
浦东,泥城镇,云锦名苑,外环外,128,15519,2室2厅1厨1卫,82.48O,高楼层 (共6层),平层,南,一梯两户,毛坯,未知,钢混结构,无,,https://sh.lianjia.com/ershoufang/107100926685.html
浦东,泥城镇,云松景庭,外环外,180,17400,2室2厅1厨1卫,103.45O,中楼层 (共11层),平层,南 北,一梯两户,精装,未知,钢混结构,有,,https://sh.lianjia.com/ershoufang/107101502542.html
浦东,泥城镇,丽都华庭,外环外,207,23920,2室1厅1厨1卫,86.54O,低楼层 (共13层),平层,南,一梯两户,精装,未知,钢混结构,有,,https://sh.lianjia.com/ershoufang/107100568761.html
浦东,泥城镇,云锦名苑,外环外,148,14112,3室2厅1厨1卫,104.88O,高楼层 (共6层),平层,南,一梯两户,毛坯,未知,钢混结构,无,,https://sh.lianjia.com/ershoufang/107101401397.html
浦东,泥城镇,云帆雅苑,外环外,110,19763,1室2厅1厨1卫,55.66O,低楼层 (共6层),暂无数据,南,一梯两户,简装,未知,钢混结构,无,,https://sh.lianjia.com/ershoufang/107001532621.html
浦东,泥城镇,荷风翠庭,外环外,105,21034,1室1厅1厨1卫,49.92O,低楼层 (共4层),暂无数据,南,一梯三户,简装,未知,钢混结构,无,,https://sh.lianjia.com/ershoufang/107001974297.html
浦东,泥城镇,荷风华庭,外环外,125,19323,1室1厅1厨1卫,64.69O,中楼层 (共11层),暂无数据,南,一梯三户,毛坯,未知,钢混结构,有,,https://sh.lianjia.com/ershoufang/107101249417.html
浦东,泥城镇,荷风华庭,外环外,157,19170,2室2厅1厨1卫,81.9O,高楼层 (共11层),平层,南,一梯三户,毛坯,未知,钢混结构,有,,https://sh.lianjia.com/ershoufang/107101104608.html
浦东,泥城镇,蓝色城邦(公寓),外环外,112,20998,1室1厅1厨1卫,53.34O,低楼层 (共12层),平层,南,一梯两户,精装,70年,钢混结构,有,,https://sh.lianjia.com/ershoufang/107101193636.html
浦东,泥城镇,云锦名苑,外环外,180,13847,3室2厅1厨2卫,130O,高楼层 (共6层),平层,南,一梯两户,毛坯,未知,钢混结构,无,,https://sh.lianjia.com/ershoufang/107101447031.html
浦东,泥城镇,云锦丽苑,外环外,110,20375,2室0厅1厨1卫,53.99O,中楼层 (共6层),暂无数据,南,一梯两户,毛坯,未知,钢混结构,无,,https://sh.lianjia.com/ershoufang/107101114695.html
浦东,泥城镇,泥城苑,外环外,180,19477,2室1厅1厨1卫,92.42O,高楼层 (共12层),暂无数据,南,一梯两户,毛坯,未知,钢混结构,有,,https://sh.lianjia.com/ershoufang/107100273400.html
浦东,泥城镇,蓝色城邦(公寓),外环外,175,20023,2室2厅1厨1卫,87.4O,中楼层 (共14层),平层,南,一梯两户,简装,70年,钢混结构,有,,https://sh.lianjia.com/ershoufang/107101413633.html
浦东,泥城镇,丽都Z庭,外环外,235,25825,3室2厅1厨1卫,91O,低楼层 (共16层),平层,南 北,一梯两户,精装,70年,钢混结构,有,,https://sh.lianjia.com/ershoufang/107101282352.html
浦东,泥城镇,云锦佳苑,外环外,125,21041,1室1厅1厨1卫,59.41O,中楼层 (共5层),平层,南,一梯三户,其他,未知,钢混结构,无,,https://sh.lianjia.com/ershoufang/107100484156.html
浦东,泥城镇,东亚阳光里,外环外,173,21899,2室1厅1厨1卫,79O,高楼层 (共11层),平层,南,一梯两户,毛坯,70年,钢混结构,暂无数据,,https://sh.lianjia.com/ershoufang/107101410392.html
浦东,泥城镇,云松华庭,外环外,185,18229,3室2厅1厨1卫,101.49O,中楼层 (共6层),平层,南,一梯两户,简装,未知,钢混结构,无,,https://sh.lianjia.com/ershoufang/107100116550.html
浦东,泥城镇,鸿音广场,外环外,55,12261,1室0厅1厨1卫,44.86O,高楼层 (共11层),暂无数据,暂无数据,一梯三十一户,精装,50年,钢混结构,有,,https://sh.lianjia.com/ershoufang/107000301111.html
