浦东,唐镇,绿城玉兰公馆(公寓),外环外,690,77009,3室2厅1厨1卫,89.6O,中楼层 (共9层),平层,南,一梯两户,精装,70年,钢混结构,有,,https://sh.lianjia.com/ershoufang/107000606591.html
浦东,唐镇,同馨苑,外环外,300,37500,2室2厅1厨1卫,80O,高楼层 (共6层),暂无数据,南,一梯两户,精装,70年,钢混结构,无,,https://sh.lianjia.com/ershoufang/107101293988.html
浦东,唐镇,保利金爵公寓,外环外,490,53517,2室2厅1厨1卫,91.56O,中楼层 (共14层),平层,南 北,一梯两户,精装,70年,钢混结构,有,,https://sh.lianjia.com/ershoufang/107100670586.html
浦东,唐镇,毕加索小镇(一期)(公寓),外环外,526,56469,2室2厅1厨1卫,93.15O,中楼层 (共8层),平层,南,一梯两户,精装,未知,钢混结构,有,,https://sh.lianjia.com/ershoufang/107101169306.html
浦东,唐镇,绿波城,外环外,355,40909,2室2厅1厨1卫,86.78O,低楼层 (共6层),暂无数据,南,一梯两户,精装,70年,钢混结构,无,,https://sh.lianjia.com/ershoufang/107101360192.html
浦东,唐镇,棕榈泉花园,外环外,2200,47123,4室2厅3厨0卫,466.87O,低楼层 (共3层),,南,,毛坯,未知,钢混结构,,独栋,https://sh.lianjia.com/ershoufang/107100277330.html
浦东,唐镇,金枫豪苑,外环外,990,40202,4室2厅1厨3卫,246.26O,低楼层 (共1层),,暂无数据,,毛坯,未知,钢混结构,,联排,https://sh.lianjia.com/ershoufang/107002330073.html
浦东,唐镇,毕加索小镇(一期)(公寓),外环外,373,62302,2室1厅1厨1卫,59.87O,高楼层 (共8层),暂无数据,南 北,一梯三户,精装,70年,钢混结构,有,,https://sh.lianjia.com/ershoufang/107100479017.html
浦东,唐镇,圣马丽诺桥语,外环外,2500,72904,4室2厅1厨4卫,342.92O,低楼层 (共2层),,北,,精装,未知,钢混结构,,独栋,https://sh.lianjia.com/ershoufang/107100571279.html
浦东,唐镇,东唐苑,外环外,365,38649,3室1厅1厨1卫,94.44O,中楼层 (共6层),平层,南 北,一梯两户,精装,未知,砖混结构,无,,https://sh.lianjia.com/ershoufang/107101288522.html
浦东,唐镇,保利金色唐城,外环外,440,51942,2室2厅1厨1卫,84.71O,低楼层 (共6层),平层,南,一梯两户,精装,未知,钢混结构,无,,https://sh.lianjia.com/ershoufang/107101098714.html
浦东,唐镇,毕加索小镇(二期)(公寓),外环外,1029,67653,4室3厅1厨2卫,152.1O,高楼层 (共12层),暂无数据,南 北,一梯两户,精装,未知,钢混结构,有,,https://sh.lianjia.com/ershoufang/107100537388.html
浦东,唐镇,齐友佳苑,外环外,240,41754,1室1厅1厨1卫,57.48O,高楼层 (共14层),暂无数据,南,一梯两户,简装,未知,钢混结构,暂无数据,,https://sh.lianjia.com/ershoufang/107101475622.html
浦东,唐镇,毕加索小镇(一期)(公寓),外环外,530,56922,2室2厅1厨1卫,93.11O,中楼层 (共8层),平层,南,一梯两户,毛坯,70年,钢混结构,有,,https://sh.lianjia.com/ershoufang/107101335340.html
浦东,唐镇,棕榈泉花园,外环外,2200,75183,4室2厅2厨4卫,292.62O,低楼层 (共3层),,南,,精装,未知,钢混结构,,独栋,https://sh.lianjia.com/ershoufang/107100595780.html
浦东,唐镇,绿城玉兰花园(一期),外环外,1400,73299,3室2厅1厨2卫,191O,低楼层 (共13层),暂无数据,南 北,一梯两户,其他,未知,钢混结构,有,,https://sh.lianjia.com/ershoufang/107100626980.html
浦东,唐镇,棕榈泉花园,外环外,2950,56379,4室2厅1厨4卫,523.25O,低楼层 (共3层),,南,,精装,未知,钢混结构,,独栋,https://sh.lianjia.com/ershoufang/107100814837.html
浦东,唐镇,同景苑,外环外,215,40263,1室1厅1厨1卫,53.4O,高楼层 (共6层),暂无数据,南,一梯两户,简装,70年,钢混结构,无,,https://sh.lianjia.com/ershoufang/107101220523.html
浦东,唐镇,金枫豪苑,外环外,899,41644,5室2厅1厨4卫,215.88O,低楼层 (共1层),,南 北,,精装,未知,钢混结构,,联排,https://sh.lianjia.com/ershoufang/107100629634.html
浦东,唐镇,圣马丽诺桥语,外环外,2700,77093,5室3厅1厨4卫,350.23O,低楼层 (共2层),,南,,精装,未知,钢混结构,,独栋,https://sh.lianjia.com/ershoufang/107101274463.html
浦东,唐镇,创新佳苑,外环外,258,41836,1室2厅1厨1卫,61.67O,中楼层 (共8层),暂无数据,南,一梯三户,毛坯,未知,钢混结构,有,,https://sh.lianjia.com/ershoufang/107101481991.html
浦东,唐镇,绿波城,外环外,270,45709,1室2厅1厨1卫,59.07O,低楼层 (共6层),平层,南,一梯两户,精装,70年,钢混结构,无,,https://sh.lianjia.com/ershoufang/107101176436.html
浦东,唐镇,阳光城魔都,外环外,300,50421,1室1厅1厨1卫,59.5O,低楼层 (共26层),复式,南 西南,一梯三十户,其他,50年,钢混结构,暂无数据,,https://sh.lianjia.com/ershoufang/107100507132.html
浦东,唐镇,白金瀚宫,外环外,4300,80391,7室3厅1厨4卫,534.89O,低楼层 (共3层),,北,,精装,未知,钢混结构,,独栋,https://sh.lianjia.com/ershoufang/107000228299.html
浦东,唐镇,同馨苑,外环外,325,37228,2室2厅1厨1卫,87.3O,中楼层 (共6层),平层,南 北,一梯两户,精装,未知,钢混结构,无,,https://sh.lianjia.com/ershoufang/107100931618.html
浦东,唐镇,毕加索小镇(二期)(公寓),外环外,550,60828,3室1厅1厨1卫,90.42O,高楼层 (共11层),平层,南,一梯两户,精装,70年,钢混结构,有,,https://sh.lianjia.com/ershoufang/107101237135.html
浦东,唐镇,白金瀚宫,外环外,3000,56087,6室3厅1厨5卫,534.89O,低楼层 (共3层),,北,,精装,未知,钢混结构,,独栋,https://sh.lianjia.com/ershoufang/107000227385.html
浦东,唐镇,绿城玉兰花园(一期),外环外,2300,92370,4室2厅1厨3卫,249O,低楼层 (共12层),暂无数据,南 北,一梯两户,其他,未知,钢混结构,有,,https://sh.lianjia.com/ershoufang/107100682593.html
浦东,唐镇,毕加索小镇(二期)(公寓),外环外,640,42667,3室3厅1厨0卫,150O,低楼层 (共11层),暂无数据,东南,一梯两户,精装,70年,钢混结构,有,,https://sh.lianjia.com/ershoufang/107101195017.html
浦东,唐镇,张江公馆,中环至外环,275,43036,1室1厅1厨1卫,63.9O,低楼层 (共26层),平层,南,两梯四户,精装,50年,钢混结构,有,,https://sh.lianjia.com/ershoufang/107100021580.html
浦东,唐镇,保利金爵公寓,外环外,420,56000,1室2厅1厨1卫,75O,高楼层 (共14层),平层,南,两梯三户,精装,70年,钢混结构,有,,https://sh.lianjia.com/ershoufang/107101349496.html
浦东,唐镇,保利金爵公寓,外环外,630,56215,3室1厅1厨2卫,112.07O,低楼层 (共14层),平层,南 北,一梯两户,精装,70年,钢混结构,有,,https://sh.lianjia.com/ershoufang/107101285105.html
浦东,唐镇,星纪元,外环外,430,45264,2室1厅1厨2卫,95O,高楼层 (共11层),暂无数据,南,一梯十户,其他,50年,钢混结构,暂无数据,,https://sh.lianjia.com/ershoufang/107101266227.html
浦东,唐镇,东唐苑,外环外,298,30722,2室2厅1厨1卫,97O,中楼层 (共6层),暂无数据,南,一梯两户,毛坯,70年,砖混结构,无,,https://sh.lianjia.com/ershoufang/107100077533.html
浦东,唐镇,保集澜湾(别墅),外环外,1350,60686,4室2厅1厨2卫,222.46O,低楼层 (共1层),,南,,毛坯,70年,钢混结构,,联排,https://sh.lianjia.com/ershoufang/107100568863.html
浦东,唐镇,同景苑,外环外,200,38088,1室1厅1厨1卫,52.51O,中楼层 (共6层),平层,南,一梯两户,精装,未知,钢混结构,无,,https://sh.lianjia.com/ershoufang/107101314266.html
浦东,唐镇,白金瀚宫,外环外,5800,109056,7室3厅1厨5卫,531.84O,低楼层 (共3层),,北,,精装,未知,钢混结构,,独栋,https://sh.lianjia.com/ershoufang/107000118629.html
浦东,唐镇,张江公馆,中环至外环,450,42858,3室2厅1厨2卫,105O,低楼层 (共27层),平层,南,两梯四户,精装,70年,钢混结构,有,,https://sh.lianjia.com/ershoufang/107101449479.html
浦东,唐镇,毕加索小镇(一期)(公寓),外环外,510,54587,2室2厅0厨1卫,93.43O,高楼层 (共8层),暂无数据,南,一梯两户,简装,未知,钢混结构,有,,https://sh.lianjia.com/ershoufang/107101416364.html
浦东,唐镇,绿城玉兰花园(二期),外环外,1780,77244,4室2厅1厨3卫,230.44O,低楼层 (共2层),暂无数据,南 北,一梯一户,毛坯,未知,钢混结构,无,,https://sh.lianjia.com/ershoufang/107100939635.html
浦东,唐镇,金利公寓,外环外,340,43697,2室2厅1厨1卫,77.81O,中楼层 (共6层),暂无数据,南,一梯两户,毛坯,未知,钢混结构,无,,https://sh.lianjia.com/ershoufang/107101284096.html
浦东,唐镇,创新佳苑,外环外,320,41946,2室2厅1厨1卫,76.29O,低楼层 (共11层),平层,南,一梯三户,毛坯,70年,钢混结构,有,,https://sh.lianjia.com/ershoufang/107100637656.html
浦东,唐镇,绿城玉兰花园(二期),外环外,740,81913,3室2厅1厨1卫,90.34O,高楼层 (共15层),平层,南,两梯四户,精装,未知,钢混结构,有,,https://sh.lianjia.com/ershoufang/107101120269.html
浦东,唐镇,东唐苑,外环外,470,34971,3室2厅1厨2卫,134.4O,中楼层 (共6层),平层,南,一梯两户,毛坯,未知,砖混结构,无,,https://sh.lianjia.com/ershoufang/107101195006.html
浦东,唐镇,金爵别墅,外环外,2800,63830,13室3厅2厨7卫,438.67O,低楼层 (共3层),,东南,,毛坯,未知,钢混结构,,独栋,https://sh.lianjia.com/ershoufang/107101109736.html
浦东,唐镇,金大元御珑公馆(公寓),外环外,1680,62976,4室2厅1厨3卫,266.77O,中楼层 (共12层),平层,南,一梯两户,精装,70年,钢混结构,有,,https://sh.lianjia.com/ershoufang/107101058853.html
浦东,唐镇,棕榈泉花园,外环外,2300,78698,5室3厅2厨6卫,292.26O,低楼层 (共3层),,南 北,,简装,未知,钢混结构,,独栋,https://sh.lianjia.com/ershoufang/107100582638.html
浦东,唐镇,保利金爵公寓,外环外,500,55182,2室2厅1厨1卫,90.61O,高楼层 (共14层),平层,南,一梯两户,精装,70年,钢混结构,有,,https://sh.lianjia.com/ershoufang/107001622495.html
浦东,唐镇,毕加索小镇(二期)(公寓),外环外,510,57336,2室2厅1厨1卫,88.95O,低楼层 (共11层),平层,南,一梯两户,精装,70年,钢混结构,有,,https://sh.lianjia.com/ershoufang/107101243564.html
浦东,唐镇,棕榈泉花园,外环外,2900,79453,4室2厅1厨4卫,365O,低楼层 (共3层),,南,,毛坯,未知,钢混结构,,独栋,https://sh.lianjia.com/ershoufang/107000074523.html
浦东,唐镇,保利御樽苑(公寓),外环外,800,58284,3室2厅1厨2卫,137.26O,中楼层 (共12层),平层,南,两梯两户,精装,70年,钢混结构,有,,https://sh.lianjia.com/ershoufang/107002182923.html
浦东,唐镇,保利金爵公寓,外环外,485,53297,2室1厅1厨1卫,91O,中楼层 (共14层),平层,南,一梯两户,精装,70年,钢混结构,有,,https://sh.lianjia.com/ershoufang/107101243543.html
浦东,唐镇,仁恒东郊花园,外环外,968,71987,3室2厅1厨2卫,134.47O,中楼层 (共13层),平层,南,一梯两户,精装,70年,钢混结构,有,,https://sh.lianjia.com/ershoufang/107100781262.html
浦东,唐镇,保利金爵公寓,外环外,610,56840,3室2厅1厨2卫,107.32O,中楼层 (共14层),平层,南,一梯两户,精装,70年,钢混结构,有,,https://sh.lianjia.com/ershoufang/107101311631.html
浦东,唐镇,虹盛小区,外环外,245,29919,3室1厅1厨1卫,81.89O,高楼层 (共6层),平层,南,一梯三户,简装,70年,砖混结构,无,,https://sh.lianjia.com/ershoufang/107100281939.html
浦东,唐镇,金唐公寓,外环外,350,43506,2室1厅1厨1卫,80.45O,中楼层 (共6层),平层,南 北,一梯两户,精装,未知,钢混结构,无,,https://sh.lianjia.com/ershoufang/107101276333.html
浦东,唐镇,绿城玉兰花园(一期),外环外,1300,71288,3室2厅1厨2卫,182.36O,低楼层 (共13层),暂无数据,南 北,一梯两户,精装,未知,钢混结构,有,,https://sh.lianjia.com/ershoufang/107100826615.html
浦东,唐镇,圣马丽诺桥语,外环外,3000,87484,4室3厅2厨5卫,342.92O,低楼层 (共2层),,南 北,,精装,未知,钢混结构,,独栋,https://sh.lianjia.com/ershoufang/107100808469.html
浦东,唐镇,宏伟新村,外环外,196,31928,2室1厅1厨1卫,61.39O,高楼层 (共6层),平层,南,一梯三户,精装,未知,砖混结构,无,,https://sh.lianjia.com/ershoufang/107101431651.html
浦东,唐镇,绿波城,外环外,500,39882,3室2厅1厨1卫,125.37O,中楼层 (共6层),平层,南,一梯两户,简装,70年,钢混结构,无,,https://sh.lianjia.com/ershoufang/107100649891.html
浦东,唐镇,保集澜湾(别墅),外环外,1550,70455,4室2厅1厨2卫,220O,低楼层 (共1层),,南,,精装,70年,钢混结构,,联排,https://sh.lianjia.com/ershoufang/107002046331.html
浦东,唐镇,唐丰苑,外环外,400,48692,2室1厅1厨1卫,82.15O,高楼层 (共14层),平层,南,一梯两户,精装,70年,钢混结构,有,,https://sh.lianjia.com/ershoufang/107101354441.html
浦东,唐镇,金爵别墅,外环外,2600,84531,5室3厅1厨3卫,307.58O,低楼层 (共3层),,南,,毛坯,未知,钢混结构,,独栋,https://sh.lianjia.com/ershoufang/107101027642.html
浦东,唐镇,齐爱佳苑,外环外,350,42373,2室1厅1厨1卫,82.6O,低楼层 (共6层),暂无数据,南,一梯两户,毛坯,未知,钢混结构,无,,https://sh.lianjia.com/ershoufang/107101294852.html
浦东,唐镇,仁恒东郊花园,外环外,660,71213,2室2厅1厨2卫,92.68O,高楼层 (共13层),暂无数据,南,一梯两户,精装,未知,钢混结构,有,,https://sh.lianjia.com/ershoufang/107101253282.html
浦东,唐镇,唐丰苑,外环外,360,45972,2室2厅1厨1卫,78.31O,中楼层 (共14层),平层,南,一梯两户,简装,未知,钢混结构,有,,https://sh.lianjia.com/ershoufang/107101147588.html
浦东,唐镇,保利金色唐城,外环外,438,53415,2室2厅1厨1卫,82O,低楼层 (共6层),暂无数据,暂无数据,一梯两户,精装,未知,钢混结构,无,,https://sh.lianjia.com/ershoufang/107002337425.html
浦东,唐镇,绿城玉兰公馆(公寓),外环外,1160,80194,4室2厅1厨2卫,144.65O,高楼层 (共10层),平层,南,两梯两户,精装,70年,钢混结构,有,,https://sh.lianjia.com/ershoufang/107100768434.html
浦东,唐镇,保集澜湾(别墅),外环外,1680,64123,4室2厅1厨4卫,262O,低楼层 (共1层),,南,,精装,70年,钢混结构,,联排,https://sh.lianjia.com/ershoufang/107100437319.html
浦东,唐镇,齐友佳苑,外环外,250,42145,1室1厅1厨1卫,59.32O,中楼层 (共14层),暂无数据,南,一梯两户,简装,70年,钢混结构,有,,https://sh.lianjia.com/ershoufang/107101407751.html
浦东,唐镇,保利金爵公寓,外环外,650,60186,3室2厅2厨0卫,108O,低楼层 (共14层),暂无数据,南,一梯两户,精装,70年,钢混结构,有,,https://sh.lianjia.com/ershoufang/107100106754.html
浦东,唐镇,绿波城,外环外,272,45592,1室2厅1厨1卫,59.66O,低楼层 (共6层),平层,南,一梯两户,精装,70年,钢混结构,无,,https://sh.lianjia.com/ershoufang/107101419421.html
浦东,唐镇,阳光城魔都,外环外,190,48718,1室1厅1厨1卫,39O,高楼层 (共26层),复式,南,一梯三十户,精装,50年,钢混结构,暂无数据,,https://sh.lianjia.com/ershoufang/107101067728.html
浦东,唐镇,金爵别墅,外环外,2999,69899,4室2厅1厨4卫,429.05O,低楼层 (共3层),,南,,精装,未知,钢混结构,,独栋,https://sh.lianjia.com/ershoufang/107101226045.html
浦东,唐镇,仁恒东郊花园,外环外,690,74450,2室2厅1厨2卫,92.68O,中楼层 (共13层),平层,南,一梯两户,其他,未知,钢混结构,有,,https://sh.lianjia.com/ershoufang/107101488640.html
浦东,唐镇,金大元御珑公馆(公寓),外环外,1480,69556,4室2厅1厨3卫,212.78O,高楼层 (共12层),平层,东,两梯两户,精装,70年,钢混结构,有,,https://sh.lianjia.com/ershoufang/107100742314.html
浦东,唐镇,张江公馆,中环至外环,370,51763,2室2厅1厨1卫,71.48O,高楼层 (共27层),平层,南,两梯四户,精装,50年,钢混结构,有,,https://sh.lianjia.com/ershoufang/107101280000.html
浦东,唐镇,金枫豪苑,外环外,880,45670,4室2厅1厨3卫,192.69O,低楼层 (共1层),,南,,精装,未知,钢混结构,,联排,https://sh.lianjia.com/ershoufang/107101389312.html
浦东,唐镇,绿城玉兰公馆(公寓),外环外,1200,70589,3室2厅1厨2卫,170O,中楼层 (共5层),平层,南,一梯两户,精装,未知,钢混结构,有,,https://sh.lianjia.com/ershoufang/107101033510.html
浦东,唐镇,张江公馆,中环至外环,440,41786,3室2厅1厨2卫,105.3O,中楼层 (共26层),平层,南,两梯四户,精装,50年,钢混结构,有,,https://sh.lianjia.com/ershoufang/107100823881.html
浦东,唐镇,金利公寓,外环外,405,46202,2室2厅1厨1卫,87.66O,高楼层 (共6层),跃层,南,一梯两户,精装,未知,钢混结构,无,,https://sh.lianjia.com/ershoufang/107100320493.html
浦东,唐镇,仁恒东郊花园,外环外,1350,75843,4室2厅1厨2卫,178O,中楼层 (共13层),平层,南,一梯两户,精装,未知,钢混结构,有,,https://sh.lianjia.com/ershoufang/107101274180.html
浦东,唐镇,鑫唐佳苑,外环外,420,46745,4室1厅1厨2卫,89.85O,高楼层 (共6层),平层,南 北,一梯两户,精装,未知,钢混结构,无,,https://sh.lianjia.com/ershoufang/107101198810.html
浦东,唐镇,创新佳苑,外环外,285,50080,1室1厅1厨1卫,56.91O,中楼层 (共11层),暂无数据,南,一梯三户,精装,未知,钢混结构,有,,https://sh.lianjia.com/ershoufang/107100615889.html
浦东,唐镇,保利金爵公寓,外环外,486,55543,2室2厅1厨1卫,87.5O,低楼层 (共14层),平层,南,两梯三户,精装,70年,钢混结构,有,,https://sh.lianjia.com/ershoufang/107100275425.html
浦东,唐镇,金爵别墅,外环外,2900,52341,5室2厅1厨4卫,554.06O,低楼层 (共2层),,北,,毛坯,未知,钢混结构,,独栋,https://sh.lianjia.com/ershoufang/107100788132.html
浦东,唐镇,东唐苑,外环外,322,39891,2室1厅1厨1卫,80.72O,中楼层 (共6层),平层,南,一梯两户,简装,未知,砖混结构,无,,https://sh.lianjia.com/ershoufang/107101044230.html
浦东,唐镇,毕加索小镇(一期)(别墅),外环外,1450,45340,4室2厅1厨4卫,319.81O,低楼层 (共3层),,南,,简装,未知,钢混结构,,联排,https://sh.lianjia.com/ershoufang/107001278055.html
浦东,唐镇,绿城玉兰花园(二期),外环外,1780,96645,4室2厅1厨2卫,184.18O,低楼层 (共16层),暂无数据,南,两梯四户,其他,未知,钢混结构,有,,https://sh.lianjia.com/ershoufang/107100698999.html
浦东,唐镇,金唐公寓,外环外,345,39032,2室2厅1厨1卫,88.39O,高楼层 (共6层),平层,南,一梯两户,简装,未知,钢混结构,无,,https://sh.lianjia.com/ershoufang/107100635085.html
浦东,唐镇,保利御樽苑(公寓),外环外,420,57535,2室2厅1厨1卫,73O,低楼层 (共12层),平层,南,两梯两户,精装,70年,钢混结构,有,,https://sh.lianjia.com/ershoufang/107100932401.html
浦东,唐镇,金枫公寓,外环外,336,33902,2室2厅1厨1卫,99.11O,高楼层 (共6层),平层,南,一梯两户,精装,未知,钢混结构,无,,https://sh.lianjia.com/ershoufang/107100960408.html
浦东,唐镇,齐友佳苑,外环外,252,43842,1室2厅1厨1卫,57.48O,高楼层 (共14层),暂无数据,南 北,一梯两户,毛坯,未知,钢混结构,暂无数据,,https://sh.lianjia.com/ershoufang/107101390579.html
浦东,唐镇,保集澜湾(公寓),外环外,920,58622,3室2厅1厨2卫,156.94O,低楼层 (共8层),暂无数据,南,一梯四户,精装,70年,钢混结构,有,,https://sh.lianjia.com/ershoufang/107101230826.html
浦东,唐镇,同馨苑,外环外,295,36875,2室2厅1厨1卫,80O,中楼层 (共6层),平层,南,一梯两户,精装,未知,钢混结构,无,,https://sh.lianjia.com/ershoufang/107101353674.html
浦东,唐镇,金融家,外环外,490,50788,2室2厅1厨1卫,96.48O,低楼层 (共8层),平层,南,两梯四户,毛坯,70年,钢混结构,有,,https://sh.lianjia.com/ershoufang/107100733128.html
浦东,唐镇,金爵别墅,外环外,2900,67592,6室2厅2厨4卫,429.05O,低楼层 (共3层),,南,,精装,未知,钢混结构,,独栋,https://sh.lianjia.com/ershoufang/107100651637.html
浦东,唐镇,圣马丽诺桥语,外环外,2500,71382,5室2厅4厨4卫,350.23O,低楼层 (共2层),,南,,精装,未知,钢混结构,,独栋,https://sh.lianjia.com/ershoufang/107101033660.html
浦东,唐镇,金唐公寓,外环外,278,45883,1室1厅1厨1卫,60.59O,中楼层 (共6层),平层,南,一梯两户,精装,未知,钢混结构,无,,https://sh.lianjia.com/ershoufang/107101313340.html
浦东,唐镇,白金瀚宫,外环外,4500,84130,5室2厅2厨4卫,534.89O,低楼层 (共3层),,南,,精装,未知,钢混结构,,独栋,https://sh.lianjia.com/ershoufang/107101141745.html
浦东,唐镇,保利御樽苑(公寓),外环外,900,65694,4室1厅1厨3卫,137O,高楼层 (共12层),跃层,南,两梯两户,精装,70年,钢混结构,有,,https://sh.lianjia.com/ershoufang/107101292206.html
浦东,唐镇,同馨苑,外环外,215,39077,1室1厅1厨1卫,55.02O,低楼层 (共6层),暂无数据,南,一梯两户,毛坯,未知,钢混结构,无,,https://sh.lianjia.com/ershoufang/107101255080.html
浦东,唐镇,鑫唐佳苑,外环外,240,41380,1室2厅1厨1卫,58O,低楼层 (共6层),暂无数据,南,一梯三户,毛坯,未知,钢混结构,无,,https://sh.lianjia.com/ershoufang/107001136987.html
浦东,唐镇,绿城玉兰花园(一期),外环外,3500,70000,3室2厅1厨5卫,500O,低楼层 (共5层),暂无数据,南,一梯一户,其他,未知,钢混结构,无,,https://sh.lianjia.com/ershoufang/107101164835.html
浦东,唐镇,毕加索小镇(一期)(别墅),外环外,1500,43762,4室3厅1厨4卫,342.77O,低楼层 (共3层),,暂无数据,,毛坯,未知,钢混结构,,联排,https://sh.lianjia.com/ershoufang/107001706343.html
浦东,唐镇,阳光城魔都,外环外,295,50000,2室2厅1厨2卫,59O,高楼层 (共26层),暂无数据,西南,一梯三十户,精装,50年,钢混结构,暂无数据,,https://sh.lianjia.com/ershoufang/107101121201.html
浦东,唐镇,鑫港苑,外环外,420,35594,3室2厅1厨2卫,118O,中楼层 (共6层),平层,南,一梯两户,毛坯,未知,钢混结构,无,,https://sh.lianjia.com/ershoufang/107101355955.html
浦东,唐镇,保利金爵公寓,外环外,880,52419,4室2厅1厨2卫,167.88O,高楼层 (共13层),暂无数据,南,两梯三户,简装,70年,钢混结构,有,,https://sh.lianjia.com/ershoufang/107100396269.html
浦东,唐镇,张江公馆,中环至外环,500,47452,3室2厅1厨2卫,105.37O,中楼层 (共25层),暂无数据,南,两梯四户,精装,50年,钢混结构,有,,https://sh.lianjia.com/ershoufang/107101382630.html
浦东,唐镇,鑫唐佳苑,外环外,620,51143,3室2厅1厨2卫,121.23O,高楼层 (共6层),平层,南 北,一梯两户,精装,未知,钢混结构,无,,https://sh.lianjia.com/ershoufang/107101401452.html
浦东,唐镇,保利金爵公寓,外环外,520,58049,2室2厅1厨1卫,89.58O,低楼层 (共14层),平层,南 东,一梯两户,精装,70年,钢混结构,有,,https://sh.lianjia.com/ershoufang/107101280924.html
浦东,唐镇,保利金爵公寓,外环外,350,53847,1室2厅1厨1卫,65O,中楼层 (共7层),平层,南,一梯三户,精装,70年,钢混结构,有,,https://sh.lianjia.com/ershoufang/107100038696.html
浦东,唐镇,保利金爵公寓,外环外,610,56482,3室2厅1厨2卫,108O,低楼层 (共11层),平层,南,一梯两户,简装,70年,钢混结构,有,,https://sh.lianjia.com/ershoufang/107101073986.html
浦东,唐镇,鑫唐佳苑,外环外,485,53093,4室2厅1厨2卫,91.35O,高楼层 (共6层),平层,南 北,一梯两户,精装,未知,钢混结构,无,,https://sh.lianjia.com/ershoufang/107101341954.html
浦东,唐镇,金爵别墅,外环外,2300,53334,5室3厅1厨4卫,431.25O,低楼层 (共3层),,南,,精装,未知,钢混结构,,独栋,https://sh.lianjia.com/ershoufang/107101013419.html
浦东,唐镇,金融家,外环外,435,47022,2室2厅1厨1卫,92.51O,中楼层 (共8层),平层,南,一梯四户,精装,70年,钢混结构,有,,https://sh.lianjia.com/ershoufang/107101389649.html
浦东,唐镇,齐爱佳苑,外环外,270,55181,1室1厅1厨1卫,48.93O,高楼层 (共6层),平层,南,一梯两户,毛坯,未知,钢混结构,无,,https://sh.lianjia.com/ershoufang/107100133159.html
浦东,唐镇,唐丰苑,外环外,380,48526,2室1厅1厨1卫,78.31O,低楼层 (共14层),暂无数据,南,一梯两户,简装,70年,钢混结构,有,,https://sh.lianjia.com/ershoufang/107101349668.html
浦东,唐镇,毕加索小镇(一期)(别墅),外环外,1350,42587,4室2厅1厨3卫,317O,低楼层 (共3层),,南,,毛坯,未知,钢混结构,,联排,https://sh.lianjia.com/ershoufang/107000114023.html
浦东,唐镇,保利御樽苑(公寓),外环外,1000,57804,3室2厅1厨3卫,173O,低楼层 (共12层),平层,南,两梯两户,精装,70年,钢混结构,有,,https://sh.lianjia.com/ershoufang/107002187157.html
浦东,唐镇,张江公馆,中环至外环,338,47472,2室2厅1厨2卫,71.2O,低楼层 (共27层),平层,南,两梯四户,精装,70年,钢混结构,有,,https://sh.lianjia.com/ershoufang/107101082210.html
浦东,唐镇,保利金爵公寓,外环外,370,49572,1室2厅1厨1卫,74.64O,低楼层 (共14层),平层,南,两梯三户,精装,70年,钢混结构,有,,https://sh.lianjia.com/ershoufang/107101158506.html
浦东,唐镇,同馨苑,外环外,295,36875,2室1厅1厨1卫,80O,高楼层 (共6层),暂无数据,南,一梯两户,精装,未知,钢混结构,无,,https://sh.lianjia.com/ershoufang/107002202987.html
浦东,唐镇,圣马丽诺桥语,外环外,2800,78745,5室3厅1厨5卫,355.58O,低楼层 (共2层),,南,,精装,未知,钢混结构,,独栋,https://sh.lianjia.com/ershoufang/107100637229.html
浦东,唐镇,张江公馆,中环至外环,410,39424,3室2厅1厨2卫,104O,低楼层 (共27层),暂无数据,南,两梯四户,精装,70年,钢混结构,有,,https://sh.lianjia.com/ershoufang/107100869328.html
浦东,唐镇,绿城玉兰花园(二期),外环外,1200,80478,3室2厅1厨2卫,149.11O,中楼层 (共16层),平层,南,两梯四户,精装,未知,钢混结构,有,,https://sh.lianjia.com/ershoufang/107100525286.html
浦东,唐镇,齐友佳苑,外环外,245,42698,1室1厅1厨1卫,57.38O,高楼层 (共14层),平层,南,一梯两户,简装,未知,钢混结构,有,,https://sh.lianjia.com/ershoufang/107101344494.html
浦东,唐镇,金融家,外环外,675,46875,4室1厅1厨2卫,144O,低楼层 (共8层),平层,南 北,一梯两户,精装,70年,钢混结构,有,,https://sh.lianjia.com/ershoufang/107100626791.html
浦东,唐镇,绿城玉兰花园(二期),外环外,1100,78910,3室2厅1厨2卫,139.4O,低楼层 (共17层),平层,南,两梯两户,精装,70年,钢混结构,有,,https://sh.lianjia.com/ershoufang/107101211319.html
浦东,唐镇,金枫豪苑,外环外,850,44159,4室2厅1厨3卫,192.49O,低楼层 (共1层),,南,,简装,未知,钢混结构,,联排,https://sh.lianjia.com/ershoufang/107100027279.html
浦东,唐镇,创新佳苑,外环外,420,36459,3室2厅1厨2卫,115.2O,低楼层 (共11层),暂无数据,南,一梯两户,毛坯,未知,钢混结构,有,,https://sh.lianjia.com/ershoufang/107100974835.html
浦东,唐镇,毕加索小镇(一期)(公寓),外环外,530,57217,2室2厅1厨1卫,92.63O,高楼层 (共8层),平层,南 北,一梯两户,精装,未知,钢混结构,有,,https://sh.lianjia.com/ershoufang/107101360994.html
浦东,唐镇,保利金爵公寓,外环外,360,54340,1室2厅1厨1卫,66.25O,低楼层 (共11层),平层,南,一梯三户,毛坯,70年,钢混结构,有,,https://sh.lianjia.com/ershoufang/107100015399.html
浦东,唐镇,毕加索小镇(一期)(公寓),外环外,495,53032,2室2厅1厨1卫,93.34O,中楼层 (共8层),平层,南,一梯两户,简装,70年,钢混结构,有,,https://sh.lianjia.com/ershoufang/107101298890.html
浦东,唐镇,绿城玉兰花园(一期),外环外,1680,81701,4室2厅1厨2卫,205.63O,中楼层 (共12层),平层,南 北,一梯两户,精装,70年,钢混结构,有,,https://sh.lianjia.com/ershoufang/107101456069.html
浦东,唐镇,阳光城魔都,外环外,260,65000,1室1厅1厨1卫,40O,中楼层 (共26层),复式,南,一梯三十户,其他,50年,钢混结构,暂无数据,,https://sh.lianjia.com/ershoufang/107100251562.html
浦东,唐镇,绿城玉兰花园(一期),外环外,1050,79915,2室2厅1厨2卫,131.39O,高楼层 (共13层),平层,南,一梯两户,精装,未知,钢混结构,有,,https://sh.lianjia.com/ershoufang/107101386381.html
浦东,唐镇,保利御樽苑(公寓),外环外,1000,57472,4室2厅1厨3卫,174O,中楼层 (共12层),暂无数据,南,两梯两户,精装,70年,钢混结构,有,,https://sh.lianjia.com/ershoufang/107002147673.html
浦东,唐镇,瀚盛家园,外环外,365,41796,2室2厅1厨1卫,87.33O,中楼层 (共6层),平层,南 北,一梯两户,精装,未知,钢混结构,无,,https://sh.lianjia.com/ershoufang/107101421797.html
浦东,唐镇,仁恒东郊花园,外环外,680,72341,2室2厅1厨2卫,94O,中楼层 (共12层),平层,南,一梯两户,精装,未知,钢混结构,有,,https://sh.lianjia.com/ershoufang/107100926764.html
浦东,唐镇,仁恒东郊花园,外环外,950,70439,3室2厅1厨2卫,134.87O,中楼层 (共19层),平层,南,一梯两户,精装,70年,钢混结构,有,,https://sh.lianjia.com/ershoufang/107101176034.html
浦东,唐镇,仁恒东郊花园,外环外,650,68951,2室2厅1厨1卫,94.27O,高楼层 (共12层),平层,南 北,一梯两户,精装,未知,钢混结构,有,,https://sh.lianjia.com/ershoufang/107101494142.html
浦东,唐镇,金枫豪苑,外环外,850,39254,4室2厅1厨3卫,216.54O,低楼层 (共1层),,南,,毛坯,未知,钢混结构,,联排,https://sh.lianjia.com/ershoufang/107101116620.html
浦东,唐镇,绿城玉兰花园(二期),外环外,1300,88629,3室2厅1厨2卫,146.68O,高楼层 (共16层),平层,南,两梯四户,精装,未知,钢混结构,有,,https://sh.lianjia.com/ershoufang/107001656073.html
浦东,唐镇,绿城玉兰花园(一期),外环外,1400,71770,3室2厅1厨2卫,195.07O,低楼层 (共13层),平层,南 北,一梯两户,精装,未知,钢混结构,有,,https://sh.lianjia.com/ershoufang/107101138945.html
浦东,唐镇,浦发罗兰翡丽,外环外,500,73530,2室1厅1厨1卫,68O,低楼层 (共18层),平层,南,一梯四户,精装,70年,钢混结构,有,,https://sh.lianjia.com/ershoufang/107100403865.html
浦东,唐镇,棕榈泉花园,外环外,1988,67938,4室2厅1厨4卫,292.62O,低楼层 (共3层),,南,,精装,未知,钢混结构,,独栋,https://sh.lianjia.com/ershoufang/107101335735.html
浦东,唐镇,仁恒东郊花园,外环外,1650,75014,5室2厅1厨4卫,219.96O,高楼层 (共12层),平层,南,一梯两户,精装,未知,钢混结构,有,,https://sh.lianjia.com/ershoufang/107101071786.html
浦东,唐镇,圣马丽诺桥语,外环外,2700,77093,5室3厅1厨4卫,350.23O,低楼层 (共2层),,南,,精装,未知,钢混结构,,独栋,https://sh.lianjia.com/ershoufang/107100816878.html
浦东,唐镇,鑫唐佳苑,外环外,555,45422,3室2厅1厨2卫,122.19O,中楼层 (共6层),暂无数据,南,一梯两户,毛坯,未知,钢混结构,无,,https://sh.lianjia.com/ershoufang/107100697139.html
浦东,唐镇,张江公馆,中环至外环,400,56180,2室2厅1厨2卫,71.2O,中楼层 (共27层),暂无数据,南,两梯四户,精装,70年,钢混结构,有,,https://sh.lianjia.com/ershoufang/107100538374.html
浦东,唐镇,白金瀚宫,外环外,3100,68833,5室2厅2厨4卫,450.37O,低楼层 (共3层),,南,,毛坯,未知,钢混结构,,独栋,https://sh.lianjia.com/ershoufang/107101078224.html
浦东,唐镇,阳光城魔都,外环外,210,47728,1室1厅1厨1卫,44O,中楼层 (共26层),复式,北,一梯三十户,精装,50年,钢混结构,暂无数据,,https://sh.lianjia.com/ershoufang/107101206229.html
浦东,唐镇,仁恒东郊花园,外环外,690,73195,2室2厅1厨1卫,94.27O,中楼层 (共12层),暂无数据,南 北,一梯两户,精装,70年,钢混结构,有,,https://sh.lianjia.com/ershoufang/107101375699.html
浦东,唐镇,保利金爵公寓,外环外,410,54931,1室2厅1厨1卫,74.64O,中楼层 (共14层),暂无数据,南,两梯三户,精装,70年,钢混结构,有,,https://sh.lianjia.com/ershoufang/107001193691.html
浦东,唐镇,金枫豪苑,外环外,860,43878,4室2厅1厨3卫,196O,低楼层 (共1层),,南 北,,精装,未知,钢混结构,,联排,https://sh.lianjia.com/ershoufang/107100816200.html
浦东,唐镇,毕加索小镇(一期)(别墅),外环外,1460,45071,4室3厅1厨4卫,323.94O,低楼层 (共3层),,南,,精装,未知,钢混结构,,联排,https://sh.lianjia.com/ershoufang/107101269919.html
浦东,唐镇,齐友佳苑,外环外,215,36050,1室2厅1厨1卫,59.64O,中楼层 (共14层),平层,南,一梯两户,简装,未知,钢混结构,暂无数据,,https://sh.lianjia.com/ershoufang/107101430502.html
浦东,唐镇,金融家,外环外,620,49600,3室1厅1厨2卫,125O,中楼层 (共8层),平层,南,一梯两户,精装,70年,钢混结构,有,,https://sh.lianjia.com/ershoufang/107100905676.html
浦东,唐镇,保利金爵公寓,外环外,500,56180,2室2厅1厨1卫,89O,中楼层 (共14层),平层,南,一梯两户,精装,70年,钢混结构,有,,https://sh.lianjia.com/ershoufang/107101312809.html
浦东,唐镇,宏伟新村,外环外,260,35107,2室2厅1厨1卫,74.06O,中楼层 (共5层),平层,南,一梯两户,简装,70年,砖混结构,无,,https://sh.lianjia.com/ershoufang/107101346356.html
浦东,唐镇,东唐苑,外环外,330,40656,2室2厅1厨1卫,81.17O,低楼层 (共6层),平层,南,一梯两户,精装,未知,砖混结构,无,,https://sh.lianjia.com/ershoufang/107101355616.html
浦东,唐镇,保集澜湾(别墅),外环外,1720,64180,6室3厅1厨6卫,268O,低楼层 (共1层),,南,,精装,70年,钢混结构,,联排,https://sh.lianjia.com/ershoufang/107101001228.html
浦东,唐镇,东唐苑,外环外,418,44530,2室2厅1厨1卫,93.87O,中楼层 (共6层),平层,南,一梯两户,精装,未知,砖混结构,无,,https://sh.lianjia.com/ershoufang/107101073573.html
浦东,唐镇,金利公寓,外环外,450,36883,3室2厅1厨2卫,122.01O,中楼层 (共6层),暂无数据,南,一梯两户,毛坯,70年,钢混结构,无,,https://sh.lianjia.com/ershoufang/107100311588.html
浦东,唐镇,金唐公寓,外环外,360,45000,2室1厅1厨1卫,80O,高楼层 (共6层),平层,南,一梯两户,精装,70年,钢混结构,无,,https://sh.lianjia.com/ershoufang/107100614211.html
浦东,唐镇,白金瀚宫,外环外,3400,63565,5室3厅1厨3卫,534.89O,低楼层 (共3层),,南,,精装,未知,钢混结构,,独栋,https://sh.lianjia.com/ershoufang/107000061765.html
浦东,唐镇,金大元御珑公馆(公寓),外环外,1470,67124,3室2厅1厨2卫,219O,中楼层 (共12层),平层,南 北,两梯两户,精装,70年,钢混结构,有,,https://sh.lianjia.com/ershoufang/107101350969.html
浦东,唐镇,毕加索小镇(一期)(公寓),外环外,550,61112,2室2厅1厨1卫,90O,高楼层 (共8层),平层,南,一梯三户,精装,70年,钢混结构,有,,https://sh.lianjia.com/ershoufang/107101463840.html
浦东,唐镇,棕榈泉花园,外环外,2300,81659,5室2厅1厨4卫,281.66O,低楼层 (共3层),,南,,其他,未知,钢混结构,,独栋,https://sh.lianjia.com/ershoufang/107101482377.html
浦东,唐镇,浦发罗兰翡丽,外环外,590,60254,3室2厅1厨1卫,97.92O,中楼层 (共14层),平层,南,一梯两户,精装,70年,钢混结构,有,,https://sh.lianjia.com/ershoufang/107100888198.html
浦东,唐镇,金利公寓,外环外,450,37752,3室2厅1厨2卫,119.2O,高楼层 (共6层),平层,南,一梯两户,精装,未知,钢混结构,无,,https://sh.lianjia.com/ershoufang/107101478525.html
浦东,唐镇,仁恒东郊花园,外环外,665,70790,2室2厅1厨2卫,93.94O,中楼层 (共13层),平层,南,一梯两户,精装,未知,钢混结构,有,,https://sh.lianjia.com/ershoufang/107101362043.html
浦东,唐镇,金枫公寓,外环外,220,34756,1室1厅1厨1卫,63.3O,高楼层 (共6层),平层,南,一梯两户,简装,未知,钢混结构,无,,https://sh.lianjia.com/ershoufang/107101477807.html
浦东,唐镇,金利公寓,外环外,320,41026,2室1厅1厨1卫,78O,高楼层 (共6层),暂无数据,南,一梯两户,毛坯,70年,钢混结构,无,,https://sh.lianjia.com/ershoufang/107101442554.html
浦东,唐镇,绿波城,外环外,410,47246,2室2厅1厨1卫,86.78O,高楼层 (共6层),平层,南 北,一梯两户,精装,70年,钢混结构,无,,https://sh.lianjia.com/ershoufang/107101454945.html
浦东,唐镇,金大元御珑公馆(公寓),外环外,2100,57066,6室2厅1厨3卫,368O,高楼层 (共6层),复式,南,一梯两户,精装,未知,钢混结构,无,,https://sh.lianjia.com/ershoufang/107100926984.html
浦东,唐镇,齐爱佳苑,外环外,350,42966,2室1厅1厨1卫,81.46O,低楼层 (共6层),平层,南 北,一梯三户,毛坯,未知,钢混结构,无,,https://sh.lianjia.com/ershoufang/107101504744.html
浦东,唐镇,金爵别墅,外环外,2500,58046,5室3厅1厨5卫,430.7O,低楼层 (共3层),,南,,毛坯,未知,钢混结构,,独栋,https://sh.lianjia.com/ershoufang/107100996722.html
浦东,唐镇,毕加索小镇(二期)(公寓),外环外,630,38822,2室2厅1厨1卫,162.28O,低楼层 (共11层),复式,南,一梯两户,毛坯,70年,钢混结构,有,,https://sh.lianjia.com/ershoufang/107001606569.html
浦东,唐镇,保利金爵公寓,外环外,540,60566,2室2厅1厨1卫,89.16O,高楼层 (共13层),暂无数据,南,两梯三户,精装,70年,钢混结构,有,,https://sh.lianjia.com/ershoufang/107101383448.html
浦东,唐镇,保利御樽苑(公寓),外环外,910,52459,3室2厅1厨3卫,173.47O,中楼层 (共12层),平层,南,两梯两户,毛坯,70年,钢混结构,有,,https://sh.lianjia.com/ershoufang/107101089395.html
浦东,唐镇,唐丰苑,外环外,350,42605,2室2厅1厨1卫,82.15O,低楼层 (共14层),平层,南 北,一梯两户,精装,未知,钢混结构,有,,https://sh.lianjia.com/ershoufang/107101293344.html
浦东,唐镇,金利公寓,外环外,335,42878,2室2厅1厨1卫,78.13O,中楼层 (共6层),平层,南,一梯两户,毛坯,未知,钢混结构,无,,https://sh.lianjia.com/ershoufang/107101185531.html
浦东,唐镇,保利金爵公寓,外环外,675,53880,3室1厅1厨2卫,125.28O,高楼层 (共14层),平层,东南 南,一梯两户,精装,70年,钢混结构,有,,https://sh.lianjia.com/ershoufang/107101214479.html
浦东,唐镇,保利金爵公寓,外环外,510,58621,2室2厅1厨1卫,87O,高楼层 (共14层),暂无数据,南,两梯三户,精装,70年,钢混结构,有,,https://sh.lianjia.com/ershoufang/107002264185.html
浦东,唐镇,瀚盛家园,外环外,355,39852,2室2厅1厨1卫,89.08O,中楼层 (共6层),平层,南 北,一梯两户,精装,未知,钢混结构,无,,https://sh.lianjia.com/ershoufang/107101354972.html
浦东,唐镇,绿波城,外环外,470,37412,3室2厅1厨2卫,125.63O,中楼层 (共6层),暂无数据,南,一梯两户,毛坯,70年,钢混结构,无,,https://sh.lianjia.com/ershoufang/107101466177.html
浦东,唐镇,浦发罗兰翡丽,外环外,698,59153,3室2厅1厨2卫,118O,低楼层 (共18层),暂无数据,南,一梯三户,精装,70年,钢混结构,有,,https://sh.lianjia.com/ershoufang/107100996406.html
浦东,唐镇,齐友佳苑,外环外,532,44816,3室2厅1厨2卫,118.71O,高楼层 (共14层),暂无数据,南 北,一梯两户,毛坯,未知,钢混结构,暂无数据,,https://sh.lianjia.com/ershoufang/107101390571.html
浦东,唐镇,保集澜湾(公寓),外环外,880,61972,3室2厅1厨3卫,142O,低楼层 (共8层),暂无数据,南 北,一梯四户,精装,70年,钢混结构,有,,https://sh.lianjia.com/ershoufang/107100631869.html
浦东,唐镇,金融家,外环外,470,47175,2室2厅1厨1卫,99.63O,低楼层 (共8层),平层,南,两梯四户,精装,70年,钢混结构,有,,https://sh.lianjia.com/ershoufang/107100425335.html
浦东,唐镇,毕加索小镇(二期)(公寓),外环外,550,61680,2室2厅1厨1卫,89.17O,低楼层 (共11层),平层,南,一梯两户,精装,70年,钢混结构,有,,https://sh.lianjia.com/ershoufang/107101271651.html
浦东,唐镇,阳光城魔都,外环外,230,59355,1室1厅1厨1卫,38.75O,中楼层 (共22层),复式,南 西,四梯三十户,精装,50年,钢混结构,有,,https://sh.lianjia.com/ershoufang/107101271073.html
浦东,唐镇,同馨苑,外环外,295,36875,2室2厅1厨1卫,80O,中楼层 (共6层),暂无数据,南 北,一梯两户,毛坯,未知,钢混结构,无,,https://sh.lianjia.com/ershoufang/107101285368.html
浦东,唐镇,唐丰苑,外环外,355,45333,2室2厅1厨1卫,78.31O,中楼层 (共14层),暂无数据,南,一梯两户,简装,未知,钢混结构,有,,https://sh.lianjia.com/ershoufang/107101322072.html
浦东,唐镇,金枫公寓,外环外,370,37045,2室2厅1厨1卫,99.88O,中楼层 (共6层),暂无数据,南 北,一梯两户,其他,未知,钢混结构,无,,https://sh.lianjia.com/ershoufang/107101489963.html
浦东,唐镇,白金瀚宫,外环外,2880,66087,5室2厅1厨3卫,435.79O,低楼层 (共3层),,南,,毛坯,未知,钢混结构,,独栋,https://sh.lianjia.com/ershoufang/107000460455.html
浦东,唐镇,白金瀚宫,外环外,2800,74135,5室2厅2厨4卫,377.69O,低楼层 (共3层),,南,,毛坯,未知,钢混结构,,独栋,https://sh.lianjia.com/ershoufang/107100695139.html
浦东,唐镇,保利金色唐城,外环外,440,53051,2室2厅1厨1卫,82.94O,中楼层 (共4层),平层,南 北,一梯两户,精装,未知,钢混结构,无,,https://sh.lianjia.com/ershoufang/107101297902.html
浦东,唐镇,保集澜湾(公寓),外环外,670,46207,3室2厅1厨2卫,145O,中楼层 (共8层),平层,南 北,一梯两户,精装,70年,钢混结构,有,,https://sh.lianjia.com/ershoufang/107101007330.html
浦东,唐镇,张江公馆,中环至外环,340,47600,2室2厅1厨2卫,71.43O,低楼层 (共27层),暂无数据,南,两梯四户,精装,70年,钢混结构,有,,https://sh.lianjia.com/ershoufang/107101110696.html
浦东,唐镇,绿城玉兰公馆(公寓),外环外,740,83147,3室2厅1厨1卫,89O,中楼层 (共10层),暂无数据,南,一梯两户,精装,70年,钢混结构,有,,https://sh.lianjia.com/ershoufang/107100221366.html
浦东,唐镇,保利御樽苑(公寓),外环外,800,57143,3室2厅1厨2卫,140O,中楼层 (共8层),平层,南 东南,一梯两户,精装,70年,钢混结构,有,,https://sh.lianjia.com/ershoufang/107101378511.html
浦东,唐镇,保利御樽苑(公寓),外环外,758,52276,3室2厅1厨2卫,145O,高楼层 (共12层),平层,南 北,一梯两户,毛坯,70年,钢混结构,有,,https://sh.lianjia.com/ershoufang/107101409770.html
浦东,唐镇,保利金爵公寓,外环外,830,49461,4室3厅1厨2卫,167.81O,高楼层 (共13层),暂无数据,南,一梯两户,简装,70年,钢混结构,有,,https://sh.lianjia.com/ershoufang/107101304196.html
浦东,唐镇,保集澜湾(公寓),外环外,750,51725,3室2厅1厨2卫,145O,中楼层 (共8层),暂无数据,南 北,一梯两户,简装,70年,钢混结构,有,,https://sh.lianjia.com/ershoufang/107100906708.html
浦东,唐镇,鑫唐佳苑,外环外,530,44189,3室2厅1厨2卫,119.94O,高楼层 (共6层),平层,东南,一梯两户,精装,未知,钢混结构,无,,https://sh.lianjia.com/ershoufang/107101315007.html
浦东,唐镇,唐丰苑,外环外,245,42351,1室1厅1厨1卫,57.85O,中楼层 (共14层),平层,南,一梯两户,简装,未知,钢混结构,有,,https://sh.lianjia.com/ershoufang/107101336502.html
浦东,唐镇,唐丰苑,外环外,250,43216,1室1厅1厨1卫,57.85O,低楼层 (共14层),平层,南,一梯两户,简装,未知,钢混结构,有,,https://sh.lianjia.com/ershoufang/107101357806.html
浦东,唐镇,保利金爵公寓,外环外,380,53431,1室2厅1厨1卫,71.12O,低楼层 (共11层),平层,南,一梯两户,精装,70年,钢混结构,有,,https://sh.lianjia.com/ershoufang/107100241241.html
浦东,唐镇,阳光城魔都,外环外,230,51582,1室1厅1厨1卫,44.59O,高楼层 (共26层),复式,北,一梯三十户,精装,50年,钢混结构,暂无数据,,https://sh.lianjia.com/ershoufang/107101206030.html
浦东,唐镇,毕加索小镇(一期)(公寓),外环外,580,37180,2室2厅1厨1卫,156O,低楼层 (共8层),暂无数据,南,一梯两户,简装,未知,钢混结构,有,,https://sh.lianjia.com/ershoufang/107000383209.html
浦东,唐镇,保集澜湾(公寓),外环外,625,43394,4室1厅1厨2卫,144.03O,中楼层 (共7层),平层,南,一梯两户,精装,70年,钢混结构,有,,https://sh.lianjia.com/ershoufang/107101055500.html
浦东,唐镇,绿城玉兰花园(二期),外环外,880,82452,3室2厅1厨1卫,106.73O,中楼层 (共15层),平层,南,两梯四户,精装,未知,钢混结构,有,,https://sh.lianjia.com/ershoufang/107100137706.html
浦东,唐镇,白金瀚宫,外环外,3100,71136,4室3厅1厨5卫,435.79O,低楼层 (共3层),,南,,毛坯,未知,钢混结构,,独栋,https://sh.lianjia.com/ershoufang/107000074541.html
浦东,唐镇,毕加索小镇(一期)(公寓),外环外,656,41000,3室2厅1厨1卫,160O,低楼层 (共8层),暂无数据,南,一梯三户,精装,70年,钢混结构,有,,https://sh.lianjia.com/ershoufang/107000004431.html
浦东,唐镇,金枫豪苑,外环外,880,40747,4室2厅1厨3卫,215.97O,低楼层 (共1层),,南,,简装,未知,钢混结构,,联排,https://sh.lianjia.com/ershoufang/107101234436.html
浦东,唐镇,棕榈泉花园,外环外,4180,57960,5室3厅1厨5卫,721.19O,低楼层 (共3层),,南,,精装,未知,钢混结构,,独栋,https://sh.lianjia.com/ershoufang/107000380637.html
浦东,唐镇,华昌小区,外环外,298,31632,3室2厅1厨1卫,94.21O,中楼层 (共6层),平层,南,一梯四户,精装,未知,砖混结构,无,,https://sh.lianjia.com/ershoufang/107101341761.html
浦东,唐镇,棕榈泉花园,外环外,4200,57231,5室3厅1厨5卫,733.88O,低楼层 (共3层),,北,,毛坯,未知,钢混结构,,独栋,https://sh.lianjia.com/ershoufang/107001555215.html
浦东,唐镇,金大元御珑公馆(公寓),外环外,1680,65200,4室2厅1厨3卫,257.67O,中楼层 (共12层),平层,南,一梯两户,精装,未知,钢混结构,有,,https://sh.lianjia.com/ershoufang/107002288951.html
浦东,唐镇,毕加索小镇(二期)(公寓),外环外,580,64776,2室2厅1厨1卫,89.54O,中楼层 (共13层),暂无数据,南,一梯两户,毛坯,70年,钢混结构,有,,https://sh.lianjia.com/ershoufang/107001274505.html
浦东,唐镇,东唐苑,外环外,470,35878,4室2厅1厨3卫,131O,高楼层 (共6层),平层,南,一梯两户,简装,未知,砖混结构,无,,https://sh.lianjia.com/ershoufang/107100526687.html
浦东,唐镇,张江公馆,中环至外环,380,53199,2室1厅1厨2卫,71.43O,中楼层 (共27层),暂无数据,南,两梯四户,精装,70年,钢混结构,有,,https://sh.lianjia.com/ershoufang/107100723509.html
浦东,唐镇,毕加索小镇(一期)(公寓),外环外,595,35844,3室2厅1厨2卫,166O,低楼层 (共8层),暂无数据,南,一梯两户,毛坯,70年,钢混结构,有,,https://sh.lianjia.com/ershoufang/107101420391.html
浦东,唐镇,保利御樽苑(公寓),外环外,725,53356,3室2厅1厨2卫,135.88O,高楼层 (共17层),暂无数据,南,两梯两户,毛坯,70年,钢混结构,有,,https://sh.lianjia.com/ershoufang/107100614216.html
浦东,唐镇,东唐苑,外环外,368,45337,2室2厅1厨1卫,81.17O,中楼层 (共6层),暂无数据,南,一梯两户,精装,未知,砖混结构,无,,https://sh.lianjia.com/ershoufang/107101082037.html
浦东,唐镇,星纪元,外环外,200,41667,2室1厅1厨2卫,48O,中楼层 (共11层),暂无数据,南,一梯十八户,精装,50年,钢混结构,暂无数据,,https://sh.lianjia.com/ershoufang/107100955828.html
浦东,唐镇,星纪元,外环外,255,53125,2室2厅1厨2卫,48O,中楼层 (共11层),暂无数据,南,一梯十八户,精装,50年,钢混结构,暂无数据,,https://sh.lianjia.com/ershoufang/107002262381.html
浦东,唐镇,仁恒东郊花园,外环外,650,68617,2室2厅1厨1卫,94.73O,低楼层 (共18层),平层,南,一梯两户,精装,70年,钢混结构,有,,https://sh.lianjia.com/ershoufang/107101463000.html
浦东,唐镇,绿城玉兰公馆(公寓),外环外,1650,96368,4室3厅1厨3卫,171.22O,高楼层 (共5层),平层,南,一梯两户,精装,未知,钢混结构,无,,https://sh.lianjia.com/ershoufang/107101037108.html
浦东,唐镇,创新佳苑,外环外,265,46565,1室1厅1厨1卫,56.91O,中楼层 (共11层),暂无数据,南,一梯三户,毛坯,未知,钢混结构,有,,https://sh.lianjia.com/ershoufang/107101304459.html
浦东,唐镇,瀚盛家园,外环外,460,38280,3室2厅1厨2卫,120.17O,高楼层 (共6层),平层,南,一梯两户,精装,未知,钢混结构,无,,https://sh.lianjia.com/ershoufang/107101125649.html
浦东,唐镇,瀚盛家园,外环外,345,39587,2室2厅1厨1卫,87.15O,低楼层 (共6层),暂无数据,南,一梯两户,简装,未知,钢混结构,无,,https://sh.lianjia.com/ershoufang/107101251647.html
浦东,唐镇,保利御樽苑(公寓),外环外,800,58540,3室2厅1厨2卫,136.66O,低楼层 (共12层),暂无数据,南,两梯两户,精装,70年,钢混结构,有,,https://sh.lianjia.com/ershoufang/107100742815.html
浦东,唐镇,绿城玉兰花园(一期),外环外,2450,67371,4室2厅1厨3卫,363.66O,中楼层 (共5层),暂无数据,南,一梯一户,精装,未知,钢混结构,无,,https://sh.lianjia.com/ershoufang/107100684019.html
浦东,唐镇,唐欣苑,外环外,600,45617,3室2厅1厨2卫,131.53O,高楼层 (共6层),暂无数据,南,一梯两户,精装,未知,钢混结构,无,,https://sh.lianjia.com/ershoufang/107101139652.html
浦东,唐镇,保利金爵公寓,外环外,488,55964,2室2厅1厨1卫,87.2O,中楼层 (共11层),平层,南 北,一梯三户,精装,70年,钢混结构,有,,https://sh.lianjia.com/ershoufang/107101277033.html
浦东,唐镇,毕加索小镇(一期)(公寓),外环外,375,56527,1室1厅1厨1卫,66.34O,中楼层 (共8层),平层,南,一梯四户,毛坯,70年,钢混结构,有,,https://sh.lianjia.com/ershoufang/107100255873.html
浦东,唐镇,棕榈泉花园,外环外,2800,99411,5室2厅1厨4卫,281.66O,低楼层 (共3层),,暂无数据,,毛坯,未知,钢混结构,,独栋,https://sh.lianjia.com/ershoufang/107000048825.html
浦东,唐镇,仁恒东郊花园,外环外,670,71307,2室2厅1厨2卫,93.96O,高楼层 (共12层),平层,南,一梯两户,精装,未知,钢混结构,有,,https://sh.lianjia.com/ershoufang/107101324412.html
浦东,唐镇,白金瀚宫,外环外,3399,89995,4室2厅1厨4卫,377.69O,低楼层 (共3层),,南,,精装,未知,钢混结构,,独栋,https://sh.lianjia.com/ershoufang/107101141594.html
浦东,唐镇,张江公馆,中环至外环,350,49027,2室2厅1厨1卫,71.39O,低楼层 (共27层),暂无数据,南 北,两梯四户,精装,50年,钢混结构,有,,https://sh.lianjia.com/ershoufang/107101391367.html
浦东,唐镇,金利公寓,外环外,480,39361,3室2厅1厨2卫,121.95O,高楼层 (共6层),暂无数据,南 北,一梯两户,毛坯,未知,钢混结构,无,,https://sh.lianjia.com/ershoufang/107101250116.html
浦东,唐镇,东唐苑,外环外,560,34151,4室2厅1厨3卫,163.98O,中楼层 (共6层),暂无数据,南,一梯两户,精装,未知,砖混结构,无,,https://sh.lianjia.com/ershoufang/107002272777.html
浦东,唐镇,仁恒东郊花园,外环外,930,68956,3室2厅1厨2卫,134.87O,低楼层 (共18层),平层,南,一梯两户,精装,70年,钢混结构,有,,https://sh.lianjia.com/ershoufang/107101238580.html
浦东,唐镇,毕加索小镇(二期)(公寓),外环外,650,40730,4室2厅1厨2卫,159.59O,低楼层 (共13层),暂无数据,南,一梯两户,精装,未知,钢混结构,有,,https://sh.lianjia.com/ershoufang/107101066511.html
浦东,唐镇,毕加索小镇(二期)(公寓),外环外,560,37334,2室2厅1厨1卫,150O,低楼层 (共11层),暂无数据,南,一梯两户,精装,70年,钢混结构,有,,https://sh.lianjia.com/ershoufang/107101424385.html
浦东,唐镇,金枫公寓,外环外,488.8,24671,5室3厅1厨3卫,198.13O,高楼层 (共6层),跃层,南,一梯两户,简装,未知,钢混结构,无,,https://sh.lianjia.com/ershoufang/107101452721.html
浦东,唐镇,棕榈泉花园,外环外,4500,122573,9室2厅3厨5卫,367.13O,低楼层 (共3层),,南,,精装,未知,钢混结构,,独栋,https://sh.lianjia.com/ershoufang/107100697165.html
浦东,唐镇,星纪元,外环外,175,46114,1室1厅1厨1卫,37.95O,中楼层 (共11层),暂无数据,北,一梯十八户,精装,50年,未知结构,暂无数据,,https://sh.lianjia.com/ershoufang/107101056214.html
浦东,唐镇,毕加索小镇(一期)(公寓),外环外,530,55065,2室2厅1厨1卫,96.25O,高楼层 (共8层),平层,南,一梯三户,精装,70年,钢混结构,有,,https://sh.lianjia.com/ershoufang/107101244878.html
浦东,唐镇,绿城玉兰花园(二期),外环外,1688,89407,4室2厅1厨2卫,188.8O,中楼层 (共4层),平层,南,一梯两户,精装,未知,钢混结构,无,,https://sh.lianjia.com/ershoufang/107100389875.html
浦东,唐镇,绿城玉兰花园(二期),外环外,1880,98430,4室2厅1厨3卫,191O,低楼层 (共2层),暂无数据,南,一梯一户,精装,未知,钢混结构,无,,https://sh.lianjia.com/ershoufang/107101269706.html
浦东,唐镇,圣马丽诺桥语,外环外,2680,75370,4室2厅1厨3卫,355.58O,低楼层 (共2层),,南,,精装,未知,钢混结构,,独栋,https://sh.lianjia.com/ershoufang/107100924503.html
浦东,唐镇,保利御樽苑(公寓),外环外,800,59502,3室2厅1厨2卫,134.45O,中楼层 (共17层),平层,南,两梯两户,精装,70年,钢混结构,有,,https://sh.lianjia.com/ershoufang/107100538650.html
浦东,唐镇,保利御樽苑(公寓),外环外,1000,61028,4室3厅1厨3卫,163.86O,低楼层 (共12层),暂无数据,南,两梯两户,精装,70年,钢混结构,有,,https://sh.lianjia.com/ershoufang/107100755201.html
浦东,唐镇,宏伟新村,外环外,275,29381,3室1厅1厨1卫,93.6O,中楼层 (共6层),暂无数据,南,一梯三户,简装,未知,砖混结构,无,,https://sh.lianjia.com/ershoufang/107001702227.html
浦东,唐镇,金利公寓,外环外,500,39576,3室2厅1厨2卫,126.34O,中楼层 (共6层),暂无数据,南 北,一梯两户,简装,未知,钢混结构,无,,https://sh.lianjia.com/ershoufang/107101433214.html
浦东,唐镇,华昌小区,外环外,270,28660,2室2厅1厨1卫,94.21O,中楼层 (共6层),平层,南,一梯四户,精装,未知,砖混结构,无,,https://sh.lianjia.com/ershoufang/107101502736.html
浦东,唐镇,白金瀚宫,外环外,3380,79399,4室3厅2厨2卫,425.7O,低楼层 (共3层),,南,,精装,未知,钢混结构,,独栋,https://sh.lianjia.com/ershoufang/107101171792.html
浦东,唐镇,保利金爵公寓,外环外,582,53626,3室2厅1厨2卫,108.53O,高楼层 (共11层),平层,南 北,一梯两户,简装,70年,钢混结构,有,,https://sh.lianjia.com/ershoufang/107100544184.html
浦东,唐镇,毕加索小镇(一期)(公寓),外环外,490,58718,2室2厅1厨1卫,83.45O,低楼层 (共8层),平层,北,一梯四户,精装,70年,钢混结构,有,,https://sh.lianjia.com/ershoufang/107101036569.html
浦东,唐镇,毕加索小镇(一期)(公寓),外环外,525,57980,2室2厅1厨1卫,90.55O,低楼层 (共8层),平层,南 北,一梯三户,精装,未知,钢混结构,有,,https://sh.lianjia.com/ershoufang/107101140892.html
浦东,唐镇,唐丰苑,外环外,250,43261,1室1厅1厨1卫,57.79O,中楼层 (共14层),平层,南,一梯两户,毛坯,未知,钢混结构,有,,https://sh.lianjia.com/ershoufang/107101147572.html
浦东,唐镇,白金瀚宫,外环外,2000,68118,5室2厅2厨4卫,293.61O,低楼层 (共3层),,南,,精装,70年,钢混结构,,独栋,https://sh.lianjia.com/ershoufang/107100556613.html
浦东,唐镇,绿城玉兰花园(二期),外环外,830,77767,3室2厅1厨1卫,106.73O,低楼层 (共15层),平层,南 北,两梯四户,精装,未知,钢混结构,有,,https://sh.lianjia.com/ershoufang/107100662658.html
浦东,唐镇,保利金色唐城,外环外,575,53996,4室2厅1厨2卫,106.49O,高楼层 (共5层),平层,南,一梯一户,精装,未知,钢混结构,无,,https://sh.lianjia.com/ershoufang/107101260865.html
浦东,唐镇,鑫唐佳苑,外环外,330,41557,2室2厅1厨1卫,79.41O,低楼层 (共6层),平层,南,一梯三户,精装,未知,钢混结构,无,,https://sh.lianjia.com/ershoufang/107101121592.html
浦东,唐镇,仁恒东郊花园,外环外,700,74939,2室2厅1厨2卫,93.41O,低楼层 (共12层),平层,南,一梯两户,精装,70年,钢混结构,有,,https://sh.lianjia.com/ershoufang/107101296149.html
浦东,唐镇,东唐苑,外环外,320,39624,2室1厅1厨1卫,80.76O,低楼层 (共6层),平层,南,一梯两户,简装,70年,砖混结构,无,,https://sh.lianjia.com/ershoufang/107101502663.html
浦东,唐镇,金爵别墅,外环外,3000,54328,6室3厅2厨5卫,552.21O,低楼层 (共2层),,北,,精装,未知,钢混结构,,独栋,https://sh.lianjia.com/ershoufang/107101176920.html
浦东,唐镇,毕加索小镇(一期)(公寓),外环外,800,58115,3室2厅1厨2卫,137.66O,中楼层 (共8层),平层,南,一梯两户,精装,70年,钢混结构,有,,https://sh.lianjia.com/ershoufang/107100446391.html
浦东,唐镇,金利公寓,外环外,350,39828,2室2厅1厨1卫,87.88O,中楼层 (共6层),平层,南,一梯两户,精装,未知,钢混结构,无,,https://sh.lianjia.com/ershoufang/107101014526.html
浦东,唐镇,鑫唐佳苑,外环外,490,40102,3室2厅1厨2卫,122.19O,中楼层 (共6层),平层,南,一梯两户,精装,未知,钢混结构,无,,https://sh.lianjia.com/ershoufang/107100930066.html
浦东,唐镇,保利御樽苑(公寓),外环外,770,56345,3室2厅1厨2卫,136.66O,中楼层 (共12层),暂无数据,南,两梯两户,精装,70年,钢混结构,有,,https://sh.lianjia.com/ershoufang/107002328857.html
浦东,唐镇,绿城玉兰花园(一期),外环外,1998,60947,4室2厅1厨5卫,327.83O,中楼层 (共5层),平层,南,一梯两户,精装,未知,钢混结构,无,,https://sh.lianjia.com/ershoufang/107001327001.html
浦东,唐镇,金融家,外环外,488,52700,2室2厅1厨1卫,92.6O,中楼层 (共8层),平层,南,一梯四户,简装,70年,钢混结构,有,,https://sh.lianjia.com/ershoufang/107101092029.html
浦东,唐镇,毕加索小镇(二期)(公寓),外环外,550,33884,4室2厅1厨1卫,162.32O,低楼层 (共12层),平层,南,一梯两户,毛坯,未知,钢混结构,有,,https://sh.lianjia.com/ershoufang/107101203462.html
浦东,唐镇,保利金爵公寓,外环外,500,58824,3室1厅1厨1卫,85O,低楼层 (共13层),平层,南,一梯两户,精装,70年,钢混结构,有,,https://sh.lianjia.com/ershoufang/107100546199.html
浦东,唐镇,金爵别墅,外环外,3880,70203,8室4厅2厨7卫,552.69O,低楼层 (共2层),,南,,精装,未知,钢混结构,,独栋,https://sh.lianjia.com/ershoufang/107101177677.html
浦东,唐镇,毕加索小镇(一期)(公寓),外环外,505,54104,2室1厅1厨1卫,93.34O,中楼层 (共8层),平层,南 北,一梯两户,简装,70年,钢混结构,有,,https://sh.lianjia.com/ershoufang/107100494939.html
浦东,唐镇,张江公馆,中环至外环,520,49524,3室2厅1厨2卫,105O,高楼层 (共27层),暂无数据,南,两梯四户,精装,70年,钢混结构,有,,https://sh.lianjia.com/ershoufang/107100445818.html
浦东,唐镇,白金瀚宫,外环外,3100,71136,5室2厅1厨3卫,435.79O,低楼层 (共3层),,南,,毛坯,未知,钢混结构,,独栋,https://sh.lianjia.com/ershoufang/107100547288.html
浦东,唐镇,绿波城,外环外,272,46102,1室2厅1厨1卫,59O,低楼层 (共6层),平层,南,一梯两户,精装,70年,钢混结构,无,,https://sh.lianjia.com/ershoufang/107100614483.html
浦东,唐镇,鑫港苑,外环外,340,37761,2室2厅1厨1卫,90.04O,高楼层 (共6层),暂无数据,南,一梯两户,毛坯,未知,钢混结构,无,,https://sh.lianjia.com/ershoufang/107101466201.html
浦东,唐镇,金利公寓,外环外,320,40958,2室1厅1厨1卫,78.13O,高楼层 (共6层),平层,南,一梯两户,简装,70年,钢混结构,无,,https://sh.lianjia.com/ershoufang/107100897738.html
浦东,唐镇,齐友佳苑,外环外,330,40736,2室2厅0厨1卫,81.01O,中楼层 (共14层),暂无数据,南,一梯两户,简装,未知,钢混结构,暂无数据,,https://sh.lianjia.com/ershoufang/107101511378.html
浦东,唐镇,王港新雅路90弄,外环外,279,29751,3室1厅1厨1卫,93.78O,高楼层 (共6层),平层,南 北,一梯两户,简装,未知,砖混结构,无,,https://sh.lianjia.com/ershoufang/107100907507.html
浦东,唐镇,齐爱佳苑,外环外,245,50072,1室1厅1厨1卫,48.93O,高楼层 (共6层),平层,南,一梯两户,毛坯,70年,钢混结构,无,,https://sh.lianjia.com/ershoufang/107101435455.html
浦东,唐镇,白金瀚宫,外环外,3800,71043,5室2厅5厨5卫,534.89O,低楼层 (共3层),,北,,精装,未知,钢混结构,,独栋,https://sh.lianjia.com/ershoufang/107100387019.html
浦东,唐镇,绿城玉兰花园(一期),外环外,2480,36437,6室3厅1厨4卫,680.63O,低楼层 (共5层),暂无数据,南,一梯一户,精装,未知,钢混结构,无,,https://sh.lianjia.com/ershoufang/107100866276.html
浦东,唐镇,虹盛小区,外环外,177,34470,1室1厅1厨1卫,51.35O,中楼层 (共6层),平层,南,一梯三户,精装,70年,砖混结构,无,,https://sh.lianjia.com/ershoufang/107101441235.html
浦东,唐镇,保利金爵公寓,外环外,390,52251,1室1厅1厨1卫,74.64O,低楼层 (共14层),平层,南,两梯三户,精装,70年,钢混结构,有,,https://sh.lianjia.com/ershoufang/107101135515.html
浦东,唐镇,金大元御珑宫廷(别墅),外环外,3300,61453,4室2厅1厨6卫,537O,低楼层 (共4层),,南,,精装,70年,钢混结构,,联排,https://sh.lianjia.com/ershoufang/107100585306.html
浦东,唐镇,绿城玉兰花园(二期),外环外,1850,81913,4室3厅2厨5卫,225.85O,低楼层 (共2层),暂无数据,南,一梯一户,毛坯,未知,钢混结构,无,,https://sh.lianjia.com/ershoufang/107101344247.html
浦东,唐镇,保利金爵公寓,外环外,385,51581,1室2厅1厨1卫,74.64O,高楼层 (共14层),平层,南,两梯三户,精装,70年,钢混结构,有,,https://sh.lianjia.com/ershoufang/107101199043.html
浦东,唐镇,保利御樽苑(公寓),外环外,770,54062,3室2厅1厨2卫,142.43O,中楼层 (共12层),平层,南,一梯两户,精装,70年,钢混结构,有,,https://sh.lianjia.com/ershoufang/107101433699.html
浦东,唐镇,唐丰苑,外环外,540,45272,3室2厅1厨1卫,119.28O,高楼层 (共14层),平层,南,一梯两户,精装,未知,钢混结构,有,,https://sh.lianjia.com/ershoufang/107101479693.html
浦东,唐镇,绿城玉兰公馆(公寓),外环外,760,83389,2室1厅1厨1卫,91.14O,低楼层 (共10层),平层,南 北,一梯一户,精装,70年,钢混结构,有,,https://sh.lianjia.com/ershoufang/107101450801.html
浦东,唐镇,齐友佳苑,外环外,368,45427,2室2厅1厨1卫,81.01O,中楼层 (共14层),平层,南,一梯两户,精装,未知,钢混结构,暂无数据,,https://sh.lianjia.com/ershoufang/107101144142.html
浦东,唐镇,保利金爵公寓,外环外,410,54931,1室1厅1厨1卫,74.64O,中楼层 (共14层),平层,南,两梯三户,精装,70年,钢混结构,有,,https://sh.lianjia.com/ershoufang/107101148797.html
浦东,唐镇,张江公馆,中环至外环,388,54648,2室2厅1厨2卫,71O,中楼层 (共27层),暂无数据,南,两梯四户,简装,70年,钢混结构,有,,https://sh.lianjia.com/ershoufang/107101405926.html
浦东,唐镇,棕榈泉花园,外环外,3100,84439,5室3厅1厨5卫,367.13O,低楼层 (共3层),,南,,毛坯,未知,钢混结构,,独栋,https://sh.lianjia.com/ershoufang/107100641140.html
浦东,唐镇,齐友佳苑,外环外,270,39165,1室1厅1厨1卫,68.94O,低楼层 (共14层),暂无数据,南 北,一梯两户,毛坯,未知,钢混结构,有,,https://sh.lianjia.com/ershoufang/107101436935.html
浦东,唐镇,保利御樽苑(别墅),外环外,2300,57935,5室2厅1厨4卫,397O,低楼层 (共3层),,南,,精装,未知,钢混结构,,联排,https://sh.lianjia.com/ershoufang/107002124263.html
浦东,唐镇,绿波城,外环外,378,43559,2室2厅1厨1卫,86.78O,低楼层 (共6层),平层,南,一梯两户,毛坯,70年,钢混结构,无,,https://sh.lianjia.com/ershoufang/107101320178.html
浦东,唐镇,保利金爵公寓,外环外,550,50385,2室2厅1厨2卫,109.16O,低楼层 (共11层),平层,南,一梯两户,精装,70年,钢混结构,有,,https://sh.lianjia.com/ershoufang/107101199987.html
浦东,唐镇,绿城玉兰公馆(公寓),外环外,1590,86165,3室2厅1厨3卫,184.53O,低楼层 (共2层),暂无数据,南,一梯一户,精装,未知,钢混结构,无,,https://sh.lianjia.com/ershoufang/107100780304.html
浦东,唐镇,毕加索小镇(一期)(公寓),外环外,980,42215,3室2厅1厨2卫,232.15O,低楼层 (共8层),暂无数据,南,一梯两户,毛坯,70年,钢混结构,有,,https://sh.lianjia.com/ershoufang/107001937367.html
浦东,唐镇,金大元御珑公馆(公寓),外环外,1600,59973,4室2厅1厨4卫,266.79O,中楼层 (共12层),暂无数据,南 北,一梯两户,精装,未知,钢混结构,有,,https://sh.lianjia.com/ershoufang/107100665657.html
浦东,唐镇,绿城玉兰花园(二期),外环外,1480,78390,4室2厅1厨2卫,188.8O,中楼层 (共4层),平层,南,一梯两户,精装,未知,钢混结构,无,,https://sh.lianjia.com/ershoufang/107100807203.html
浦东,唐镇,金唐公寓,外环外,327,40647,2室2厅1厨1卫,80.45O,低楼层 (共6层),平层,南 北,一梯两户,毛坯,未知,钢混结构,无,,https://sh.lianjia.com/ershoufang/107101326859.html
浦东,唐镇,金唐公寓,外环外,370,41799,2室2厅1厨1卫,88.52O,低楼层 (共6层),暂无数据,南,一梯两户,精装,未知,钢混结构,无,,https://sh.lianjia.com/ershoufang/107101507204.html
浦东,唐镇,唐人苑,外环外,450,41807,3室2厅1厨1卫,107.64O,中楼层 (共6层),平层,南,一梯两户,精装,未知,钢混结构,无,,https://sh.lianjia.com/ershoufang/107101122420.html
浦东,唐镇,棕榈泉花园,外环外,2980,81171,5室3厅1厨4卫,367.13O,低楼层 (共3层),,南,,精装,未知,钢混结构,,独栋,https://sh.lianjia.com/ershoufang/107100775075.html
浦东,唐镇,绿城玉兰花园(二期),外环外,1400,95446,3室2厅1厨2卫,146.68O,低楼层 (共16层),平层,南,两梯两户,精装,未知,钢混结构,有,,https://sh.lianjia.com/ershoufang/107101351099.html
浦东,唐镇,白金瀚宫,外环外,3200,72597,5室2厅1厨4卫,440.79O,低楼层 (共3层),,北,,精装,未知,钢混结构,,独栋,https://sh.lianjia.com/ershoufang/107100859347.html
浦东,唐镇,金利公寓,外环外,380,43679,2室2厅1厨1卫,87O,中楼层 (共6层),暂无数据,南,一梯两户,毛坯,未知,钢混结构,无,,https://sh.lianjia.com/ershoufang/107100347174.html
浦东,唐镇,毕加索小镇(一期)(公寓),外环外,520,55860,2室2厅1厨1卫,93.09O,中楼层 (共8层),暂无数据,南,一梯两户,其他,未知,钢混结构,有,,https://sh.lianjia.com/ershoufang/107101450426.html
浦东,唐镇,虹盛小区,外环外,188,31854,2室1厅1厨1卫,59.02O,中楼层 (共6层),暂无数据,南,一梯三户,精装,未知,砖混结构,无,,https://sh.lianjia.com/ershoufang/107101452426.html
浦东,唐镇,虹盛小区,外环外,215,28992,2室1厅1厨1卫,74.16O,高楼层 (共6层),平层,南,一梯三户,简装,70年,砖混结构,无,,https://sh.lianjia.com/ershoufang/107100073612.html
浦东,唐镇,金枫公寓,外环外,360,37979,2室2厅1厨1卫,94.79O,高楼层 (共6层),平层,南,一梯两户,精装,未知,钢混结构,无,,https://sh.lianjia.com/ershoufang/107101068947.html
浦东,唐镇,毕加索小镇(一期)(公寓),外环外,530,56941,2室2厅1厨1卫,93.08O,中楼层 (共8层),平层,南,一梯两户,精装,70年,钢混结构,有,,https://sh.lianjia.com/ershoufang/107101349909.html
浦东,唐镇,保利御樽苑(公寓),外环外,950,54765,4室2厅1厨2卫,173.47O,中楼层 (共12层),平层,南,两梯两户,精装,70年,钢混结构,有,,https://sh.lianjia.com/ershoufang/107101292461.html
浦东,唐镇,金枫豪苑,外环外,900,45556,4室2厅1厨3卫,197.56O,低楼层 (共1层),,南,,精装,未知,钢混结构,,联排,https://sh.lianjia.com/ershoufang/107100476062.html
浦东,唐镇,龙东大道5401弄,外环外,230,31486,3室1厅1厨1卫,73.05O,高楼层 (共6层),平层,南,一梯两户,简装,未知,砖混结构,无,,https://sh.lianjia.com/ershoufang/107101172794.html
浦东,唐镇,龙东大道5401弄,外环外,230,35078,2室1厅1厨1卫,65.57O,高楼层 (共6层),暂无数据,南,一梯两户,精装,未知,砖混结构,无,,https://sh.lianjia.com/ershoufang/107100859089.html
浦东,唐镇,圣马丽诺桥语,外环外,2680,78153,4室2厅1厨4卫,342.92O,低楼层 (共2层),,南,,精装,未知,钢混结构,,独栋,https://sh.lianjia.com/ershoufang/107100657382.html
浦东,唐镇,毕加索小镇(二期)(公寓),外环外,530,58759,2室2厅1厨1卫,90.2O,低楼层 (共11层),平层,南,一梯两户,精装,70年,钢混结构,有,,https://sh.lianjia.com/ershoufang/107101442990.html
浦东,唐镇,金利公寓,外环外,280,49902,2室1厅1厨1卫,56.11O,高楼层 (共6层),平层,南,一梯两户,精装,未知,钢混结构,无,,https://sh.lianjia.com/ershoufang/107101446630.html
浦东,唐镇,仁恒东郊花园,外环外,670,72044,2室2厅1厨2卫,93O,中楼层 (共13层),平层,南,一梯两户,精装,未知,钢混结构,有,,https://sh.lianjia.com/ershoufang/107101316438.html
浦东,唐镇,阳光城魔都,外环外,298,50509,1室2厅1厨2卫,59O,中楼层 (共22层),暂无数据,西北,四梯三十户,精装,50年,钢混结构,有,,https://sh.lianjia.com/ershoufang/107101177123.html
浦东,唐镇,毕加索小镇(一期)(别墅),外环外,1498,61832,4室2厅1厨4卫,242.27O,低楼层 (共3层),,南,,精装,未知,钢混结构,,联排,https://sh.lianjia.com/ershoufang/107001235561.html
浦东,唐镇,保利金爵公寓,外环外,500,55494,2室2厅1厨1卫,90.1O,中楼层 (共14层),平层,南 北,两梯三户,精装,70年,钢混结构,有,,https://sh.lianjia.com/ershoufang/107101276744.html
浦东,唐镇,毕加索小镇(二期)(公寓),外环外,630,42000,3室2厅1厨1卫,150O,低楼层 (共11层),平层,南,一梯两户,精装,70年,钢混结构,有,,https://sh.lianjia.com/ershoufang/107100253333.html
浦东,唐镇,绿城玉兰花园(二期),外环外,880,82452,3室2厅1厨1卫,106.73O,低楼层 (共15层),暂无数据,南,两梯四户,其他,未知,钢混结构,有,,https://sh.lianjia.com/ershoufang/107101189232.html
浦东,唐镇,金利公寓,外环外,470,37202,3室2厅1厨2卫,126.34O,高楼层 (共6层),平层,南,一梯两户,毛坯,未知,钢混结构,无,,https://sh.lianjia.com/ershoufang/107002323569.html
浦东,唐镇,保利金爵公寓,外环外,460,52862,2室2厅0厨1卫,87.02O,高楼层 (共14层),平层,南,两梯三户,精装,70年,钢混结构,有,,https://sh.lianjia.com/ershoufang/107101429499.html
浦东,唐镇,金大元御珑公馆(公寓),外环外,1650,63462,4室2厅1厨4卫,260O,高楼层 (共12层),平层,南,一梯两户,精装,70年,钢混结构,有,,https://sh.lianjia.com/ershoufang/107100940949.html
浦东,唐镇,同馨苑,外环外,340,37143,2室2厅1厨1卫,91.54O,高楼层 (共6层),平层,南,一梯两户,精装,未知,钢混结构,无,,https://sh.lianjia.com/ershoufang/107100422784.html
浦东,唐镇,鑫港苑,外环外,370,30777,3室2厅1厨2卫,120.22O,高楼层 (共6层),暂无数据,南,一梯两户,毛坯,未知,钢混结构,无,,https://sh.lianjia.com/ershoufang/107101189600.html
浦东,唐镇,齐爱佳苑,外环外,400,48936,2室1厅1厨1卫,81.74O,高楼层 (共6层),平层,南,一梯两户,精装,未知,钢混结构,无,,https://sh.lianjia.com/ershoufang/107101397280.html
浦东,唐镇,毕加索小镇(二期)(别墅),外环外,1695,53471,5室3厅1厨4卫,317O,低楼层 (共3层),,南,,其他,未知,钢混结构,,联排,https://sh.lianjia.com/ershoufang/107101509068.html
浦东,唐镇,保利金爵公寓,外环外,360,49697,1室2厅1厨1卫,72.44O,低楼层 (共14层),暂无数据,南,一梯两户,精装,70年,钢混结构,有,,https://sh.lianjia.com/ershoufang/107101191863.html
浦东,唐镇,白金瀚宫,外环外,2250,76633,5室3厅1厨4卫,293.61O,低楼层 (共3层),,南,,精装,未知,钢混结构,,双拼,https://sh.lianjia.com/ershoufang/107000118689.html
浦东,唐镇,华昌小区,外环外,259,30896,2室1厅1厨1卫,83.83O,高楼层 (共6层),平层,南,一梯两户,精装,未知,砖混结构,无,,https://sh.lianjia.com/ershoufang/107101200241.html
浦东,唐镇,金枫公寓,外环外,350,35043,2室2厅1厨1卫,99.88O,中楼层 (共6层),平层,南,一梯两户,其他,未知,钢混结构,无,,https://sh.lianjia.com/ershoufang/107101460644.html
浦东,唐镇,张江公馆,中环至外环,360,50435,2室2厅1厨2卫,71.38O,高楼层 (共26层),暂无数据,南,两梯四户,精装,50年,钢混结构,有,,https://sh.lianjia.com/ershoufang/107101155366.html
浦东,唐镇,金利公寓,外环外,230,42048,1室2厅1厨1卫,54.7O,中楼层 (共6层),平层,南,一梯两户,简装,未知,钢混结构,无,,https://sh.lianjia.com/ershoufang/107101117246.html
浦东,唐镇,齐爱佳苑,外环外,255,52116,1室1厅1厨1卫,48.93O,高楼层 (共6层),平层,南,一梯两户,简装,70年,钢混结构,无,,https://sh.lianjia.com/ershoufang/107101046885.html
浦东,唐镇,唐丰苑,外环外,240,41068,1室2厅1厨1卫,58.44O,中楼层 (共14层),平层,南 北,一梯两户,精装,未知,钢混结构,有,,https://sh.lianjia.com/ershoufang/107101343196.html
浦东,唐镇,毕加索小镇(一期)(公寓),外环外,505,54302,2室1厅1厨1卫,93O,中楼层 (共8层),平层,南,一梯两户,毛坯,70年,钢混结构,有,,https://sh.lianjia.com/ershoufang/107101399906.html
浦东,唐镇,绿城玉兰花园(二期),外环外,740,81768,3室2厅1厨1卫,90.5O,中楼层 (共16层),平层,南,两梯四户,精装,未知,钢混结构,有,,https://sh.lianjia.com/ershoufang/107101472642.html
浦东,唐镇,棕榈泉花园,外环外,5999,71305,6室3厅2厨5卫,841.32O,低楼层 (共3层),,南,,其他,未知,钢混结构,,独栋,https://sh.lianjia.com/ershoufang/107101348711.html
浦东,唐镇,创新佳苑,外环外,275,48322,1室1厅1厨1卫,56.91O,高楼层 (共11层),平层,南,一梯三户,毛坯,未知,钢混结构,有,,https://sh.lianjia.com/ershoufang/107101340048.html
浦东,唐镇,保利御樽苑(公寓),外环外,390,57718,1室1厅1厨1卫,67.57O,低楼层 (共17层),平层,南,两梯两户,精装,70年,钢混结构,有,,https://sh.lianjia.com/ershoufang/107101242784.html
浦东,唐镇,绿波城,外环外,260,44181,1室2厅1厨1卫,58.85O,中楼层 (共6层),平层,南,一梯两户,简装,70年,钢混结构,无,,https://sh.lianjia.com/ershoufang/107100782205.html
浦东,唐镇,绿城玉兰花园(二期),外环外,1480,74858,4室2厅1厨2卫,197.71O,中楼层 (共4层),平层,南,一梯两户,简装,未知,钢混结构,无,,https://sh.lianjia.com/ershoufang/107100794395.html
浦东,唐镇,圣马丽诺桥语,外环外,2500,72904,5室2厅1厨4卫,342.92O,低楼层 (共2层),,南,,精装,未知,钢混结构,,独栋,https://sh.lianjia.com/ershoufang/107100397705.html
浦东,唐镇,张江公馆,中环至外环,510,51814,2室2厅1厨2卫,98.43O,低楼层 (共27层),平层,南,两梯四户,精装,70年,钢混结构,有,,https://sh.lianjia.com/ershoufang/107002108687.html
浦东,唐镇,保利金爵公寓,外环外,480,55160,2室2厅1厨1卫,87.02O,中楼层 (共14层),平层,南 北,两梯三户,精装,70年,钢混结构,有,,https://sh.lianjia.com/ershoufang/107101485746.html
浦东,唐镇,鑫唐佳苑,外环外,550,43808,3室2厅1厨2卫,125.55O,高楼层 (共6层),暂无数据,南,一梯两户,精装,未知,钢混结构,无,,https://sh.lianjia.com/ershoufang/107002034807.html
浦东,唐镇,东唐苑,外环外,340,45663,3室1厅1厨1卫,74.46O,中楼层 (共6层),平层,南,一梯两户,毛坯,未知,砖混结构,无,,https://sh.lianjia.com/ershoufang/107101221661.html
浦东,唐镇,毕加索小镇(一期)(公寓),外环外,347,57690,2室1厅1厨1卫,60.15O,低楼层 (共8层),平层,北,一梯三户,精装,70年,钢混结构,有,,https://sh.lianjia.com/ershoufang/107101103304.html
浦东,唐镇,张江公馆,中环至外环,350,49296,2室1厅1厨1卫,71O,中楼层 (共27层),平层,南 北,两梯四户,精装,70年,钢混结构,有,,https://sh.lianjia.com/ershoufang/107101460238.html
浦东,唐镇,绿城玉兰花园(二期),外环外,915,85715,3室1厅1厨1卫,106.75O,中楼层 (共15层),平层,南,两梯四户,精装,未知,钢混结构,有,,https://sh.lianjia.com/ershoufang/107101002813.html
浦东,唐镇,毕加索小镇(一期)(公寓),外环外,360,59851,1室1厅1厨1卫,60.15O,中楼层 (共8层),平层,南,一梯三户,精装,70年,钢混结构,有,,https://sh.lianjia.com/ershoufang/107101192029.html
浦东,唐镇,金枫公寓,外环外,400,27028,5室2厅1厨2卫,148O,高楼层 (共6层),暂无数据,南 北,一梯两户,毛坯,未知,钢混结构,无,,https://sh.lianjia.com/ershoufang/107100876824.html
浦东,唐镇,浦发罗兰翡丽,外环外,550,61798,3室2厅1厨1卫,89O,中楼层 (共17层),平层,南,一梯四户,精装,70年,钢混结构,有,,https://sh.lianjia.com/ershoufang/107100337704.html
浦东,唐镇,绿城玉兰花园(二期),外环外,1580,82831,3室2厅1厨3卫,190.75O,低楼层 (共2层),暂无数据,南,一梯一户,精装,未知,钢混结构,无,,https://sh.lianjia.com/ershoufang/107100097740.html
浦东,唐镇,毕加索小镇(一期)(公寓),外环外,520,55914,2室1厅1厨1卫,93O,中楼层 (共8层),平层,南,一梯两户,精装,未知,钢混结构,有,,https://sh.lianjia.com/ershoufang/107101462818.html
浦东,唐镇,保利御樽苑(公寓),外环外,1200,62713,4室2厅1厨2卫,191.35O,中楼层 (共13层),平层,南 北,两梯两户,精装,70年,钢混结构,有,,https://sh.lianjia.com/ershoufang/107101198443.html
浦东,唐镇,金唐公寓,外环外,350,40416,2室2厅1厨1卫,86.6O,高楼层 (共6层),暂无数据,南,一梯两户,毛坯,未知,钢混结构,无,,https://sh.lianjia.com/ershoufang/107101506456.html
浦东,唐镇,绿城玉兰公馆(公寓),外环外,710,79127,3室2厅1厨1卫,89.73O,中楼层 (共9层),平层,南,两梯两户,精装,70年,钢混结构,有,,https://sh.lianjia.com/ershoufang/107101336376.html
浦东,唐镇,金唐公寓,外环外,520,41936,3室2厅1厨2卫,124O,高楼层 (共6层),暂无数据,南,一梯两户,精装,未知,钢混结构,无,,https://sh.lianjia.com/ershoufang/107101384207.html
浦东,唐镇,瀚盛家园,外环外,490,38976,3室2厅1厨2卫,125.72O,低楼层 (共6层),暂无数据,南 北,一梯两户,简装,未知,钢混结构,无,,https://sh.lianjia.com/ershoufang/107100491357.html
浦东,唐镇,绿波城,外环外,270,45763,1室2厅1厨1卫,59O,低楼层 (共6层),平层,南,一梯两户,精装,70年,钢混结构,无,,https://sh.lianjia.com/ershoufang/107101220990.html
浦东,唐镇,仁恒东郊花园,外环外,660,72648,2室2厅1厨1卫,90.85O,低楼层 (共12层),平层,南,一梯两户,精装,70年,钢混结构,有,,https://sh.lianjia.com/ershoufang/107101150617.html
浦东,唐镇,浦发罗兰翡丽,外环外,570,64958,3室2厅1厨1卫,87.75O,中楼层 (共18层),暂无数据,南,一梯四户,其他,70年,钢混结构,有,,https://sh.lianjia.com/ershoufang/107100625803.html
浦东,唐镇,同馨苑,外环外,290,33706,2室2厅1厨1卫,86.04O,中楼层 (共6层),平层,南,一梯两户,简装,未知,钢混结构,无,,https://sh.lianjia.com/ershoufang/107101407718.html
浦东,唐镇,保利金爵公寓,外环外,470,55003,3室2厅1厨1卫,85.45O,低楼层 (共13层),平层,南 北,一梯两户,简装,70年,钢混结构,有,,https://sh.lianjia.com/ershoufang/107101237860.html
浦东,唐镇,绿城玉兰公馆(公寓),外环外,1298,76353,3室2厅1厨2卫,170O,中楼层 (共5层),平层,南 北,一梯两户,精装,未知,钢混结构,有,,https://sh.lianjia.com/ershoufang/107101135983.html
浦东,唐镇,金枫公寓,外环外,420,30958,4室2厅1厨2卫,135.67O,高楼层 (共6层),暂无数据,南 北,一梯两户,简装,未知,钢混结构,无,,https://sh.lianjia.com/ershoufang/107101339825.html
浦东,唐镇,金枫公寓,外环外,358,35844,2室2厅1厨1卫,99.88O,高楼层 (共6层),平层,南 北,一梯两户,精装,未知,钢混结构,无,,https://sh.lianjia.com/ershoufang/107101263467.html
浦东,唐镇,仁恒东郊花园,外环外,1300,73426,4室2厅1厨2卫,177.05O,中楼层 (共13层),平层,南,一梯两户,精装,未知,钢混结构,有,,https://sh.lianjia.com/ershoufang/107100058312.html
浦东,唐镇,金大元御珑公馆(公寓),外环外,1600,23989,9室6厅1厨6卫,667O,低楼层 (共12层),跃层,南,一梯一户,毛坯,未知,钢混结构,有,,https://sh.lianjia.com/ershoufang/107002276389.html
浦东,唐镇,鑫港苑,外环外,295,36857,2室2厅1厨1卫,80.04O,高楼层 (共6层),平层,南,一梯两户,精装,未知,钢混结构,无,,https://sh.lianjia.com/ershoufang/107101437478.html
浦东,唐镇,金融家,外环外,650,52846,3室2厅1厨2卫,123O,低楼层 (共8层),暂无数据,南,一梯两户,精装,70年,钢混结构,有,,https://sh.lianjia.com/ershoufang/107101358605.html
浦东,唐镇,毕加索小镇(一期)(公寓),外环外,360,54373,1室2厅1厨1卫,66.21O,低楼层 (共8层),平层,南,一梯四户,精装,70年,钢混结构,有,,https://sh.lianjia.com/ershoufang/107101148751.html
浦东,唐镇,保集澜湾(公寓),外环外,750,52817,4室2厅1厨2卫,142O,中楼层 (共7层),平层,南,一梯两户,精装,70年,钢混结构,有,,https://sh.lianjia.com/ershoufang/107101277059.html
浦东,唐镇,金大元御珑宫廷(别墅),外环外,2580,49777,4室3厅2厨4卫,518.32O,低楼层 (共4层),,南,,毛坯,70年,钢混结构,,联排,https://sh.lianjia.com/ershoufang/107100487432.html
浦东,唐镇,圣马丽诺桥语,外环外,2400,69988,5室4厅1厨4卫,342.92O,低楼层 (共2层),,北,,精装,未知,钢混结构,,独栋,https://sh.lianjia.com/ershoufang/107000231897.html
浦东,唐镇,白金瀚宫,外环外,3350,78694,6室3厅1厨4卫,425.7O,低楼层 (共3层),,南,,精装,未知,钢混结构,,独栋,https://sh.lianjia.com/ershoufang/107000066661.html
浦东,唐镇,齐友佳苑,外环外,238,40142,1室2厅1厨1卫,59.29O,低楼层 (共14层),暂无数据,南,一梯两户,毛坯,70年,钢混结构,有,,https://sh.lianjia.com/ershoufang/107101203052.html
浦东,唐镇,仁恒东郊花园,外环外,680,75213,2室2厅1厨1卫,90.41O,低楼层 (共18层),平层,南,一梯两户,精装,70年,钢混结构,有,,https://sh.lianjia.com/ershoufang/107002251947.html
浦东,唐镇,绿城玉兰花园(一期),外环外,1390,72453,3室3厅1厨2卫,191.85O,高楼层 (共13层),平层,南,一梯两户,精装,未知,钢混结构,有,,https://sh.lianjia.com/ershoufang/107001364005.html
浦东,唐镇,金唐公寓,外环外,233,40878,1室1厅1厨1卫,57O,低楼层 (共6层),平层,东南,一梯两户,简装,未知,钢混结构,无,,https://sh.lianjia.com/ershoufang/107101289468.html
浦东,唐镇,棕榈泉花园,外环外,2350,83434,6室3厅1厨3卫,281.66O,低楼层 (共3层),,南,,简装,未知,钢混结构,,独栋,https://sh.lianjia.com/ershoufang/107100970206.html
浦东,唐镇,东唐苑,外环外,360,41509,3室2厅1厨1卫,86.73O,高楼层 (共6层),平层,南,一梯两户,精装,未知,砖混结构,无,,https://sh.lianjia.com/ershoufang/107101280137.html
浦东,唐镇,保利金爵公寓,外环外,456,52037,2室2厅1厨1卫,87.63O,中楼层 (共6层),平层,南,一梯三户,毛坯,70年,钢混结构,无,,https://sh.lianjia.com/ershoufang/107101139034.html
浦东,唐镇,金利公寓,外环外,235,41557,1室2厅1厨1卫,56.55O,低楼层 (共6层),平层,南,一梯两户,毛坯,未知,钢混结构,无,,https://sh.lianjia.com/ershoufang/107101207488.html
浦东,唐镇,浦发罗兰翡丽,外环外,570,58211,3室2厅1厨1卫,97.92O,中楼层 (共14层),平层,南,一梯两户,精装,70年,钢混结构,有,,https://sh.lianjia.com/ershoufang/107100680969.html
浦东,唐镇,鑫唐佳苑,外环外,385,41327,2室2厅1厨1卫,93.16O,低楼层 (共6层),平层,南,一梯两户,简装,未知,钢混结构,无,,https://sh.lianjia.com/ershoufang/107100405884.html
浦东,唐镇,保利金爵公寓,外环外,435,49989,2室2厅1厨1卫,87.02O,低楼层 (共14层),平层,南,两梯三户,简装,70年,钢混结构,有,,https://sh.lianjia.com/ershoufang/107100681152.html
浦东,唐镇,同景苑,外环外,422,32902,3室2厅1厨2卫,128.26O,低楼层 (共6层),平层,南,一梯两户,精装,未知,钢混结构,无,,https://sh.lianjia.com/ershoufang/107101276916.html
浦东,唐镇,金枫豪苑,外环外,1000,50785,4室2厅1厨3卫,196.91O,低楼层 (共1层),,南,,精装,未知,钢混结构,,联排,https://sh.lianjia.com/ershoufang/107100206858.html
浦东,唐镇,保利御樽苑(公寓),外环外,1250,65377,5室2厅1厨2卫,191.2O,中楼层 (共13层),平层,南,两梯两户,精装,70年,钢混结构,有,,https://sh.lianjia.com/ershoufang/107002314083.html
浦东,唐镇,保利御樽苑(公寓),外环外,580,51506,2室2厅1厨1卫,112.61O,低楼层 (共17层),暂无数据,南,两梯两户,精装,70年,钢混结构,有,,https://sh.lianjia.com/ershoufang/107101454522.html
浦东,唐镇,同景苑,外环外,300,34306,2室2厅1厨1卫,87.45O,高楼层 (共6层),平层,南,一梯两户,简装,未知,钢混结构,无,,https://sh.lianjia.com/ershoufang/107100386571.html
浦东,唐镇,保利金爵公寓,外环外,520,59511,2室2厅1厨1卫,87.38O,中楼层 (共11层),平层,南 北,一梯两户,精装,70年,钢混结构,有,,https://sh.lianjia.com/ershoufang/107101352867.html
浦东,唐镇,齐友佳苑,外环外,495,41699,3室2厅1厨2卫,118.71O,高楼层 (共14层),暂无数据,南,一梯两户,简装,未知,钢混结构,暂无数据,,https://sh.lianjia.com/ershoufang/107101475625.html
浦东,唐镇,毕加索小镇(一期)(公寓),外环外,550,61639,2室2厅1厨1卫,89.23O,中楼层 (共8层),平层,南,一梯三户,精装,70年,钢混结构,有,,https://sh.lianjia.com/ershoufang/107101197461.html
浦东,唐镇,金利公寓,外环外,340,40232,2室2厅1厨1卫,84.51O,低楼层 (共6层),暂无数据,南,一梯两户,简装,未知,钢混结构,无,,https://sh.lianjia.com/ershoufang/107101072187.html
浦东,唐镇,毕加索小镇(二期)(公寓),外环外,565,45503,2室2厅1厨1卫,124.17O,低楼层 (共11层),暂无数据,南,一梯两户,简装,70年,钢混结构,有,,https://sh.lianjia.com/ershoufang/107101258704.html
浦东,唐镇,绿城玉兰花园(二期),外环外,1200,80478,3室2厅1厨2卫,149.11O,低楼层 (共16层),暂无数据,南,两梯四户,精装,未知,钢混结构,有,,https://sh.lianjia.com/ershoufang/107101190287.html
浦东,唐镇,毕加索小镇(二期)(别墅),外环外,1798,51163,5室3厅1厨4卫,351.43O,低楼层 (共3层),,南,,精装,70年,钢混结构,,联排,https://sh.lianjia.com/ershoufang/107100880188.html
浦东,唐镇,棕榈泉花园,外环外,2700,95861,5室2厅1厨4卫,281.66O,低楼层 (共3层),,南,,精装,未知,钢混结构,,独栋,https://sh.lianjia.com/ershoufang/107100587605.html
浦东,唐镇,唐丰苑,外环外,240,41530,1室2厅1厨1卫,57.79O,中楼层 (共14层),平层,南,一梯两户,简装,未知,钢混结构,有,,https://sh.lianjia.com/ershoufang/107101150844.html
浦东,唐镇,金融家,外环外,480,51971,2室2厅1厨1卫,92.36O,高楼层 (共8层),平层,南,两梯四户,精装,70年,钢混结构,有,,https://sh.lianjia.com/ershoufang/107101418725.html
浦东,唐镇,绿城玉兰公馆(公寓),外环外,2000,95740,4室2厅1厨3卫,208.9O,低楼层 (共2层),暂无数据,南,一梯一户,精装,未知,钢混结构,无,,https://sh.lianjia.com/ershoufang/107101065743.html
浦东,唐镇,鑫唐佳苑,外环外,625,49781,3室2厅1厨1卫,125.55O,高楼层 (共6层),暂无数据,东南 南,一梯两户,精装,未知,钢混结构,无,,https://sh.lianjia.com/ershoufang/107001854765.html
浦东,唐镇,齐爱佳苑,外环外,450,34903,3室2厅1厨2卫,128.93O,低楼层 (共6层),暂无数据,南,一梯两户,毛坯,未知,钢混结构,无,,https://sh.lianjia.com/ershoufang/107101089509.html
浦东,唐镇,金爵别墅,外环外,3350,57549,5室2厅1厨4卫,582.12O,低楼层 (共2层),,南,,精装,未知,钢混结构,,独栋,https://sh.lianjia.com/ershoufang/107100891867.html
浦东,唐镇,绿波城,外环外,540,43528,3室2厅1厨2卫,124.06O,中楼层 (共6层),暂无数据,南,一梯两户,简装,70年,钢混结构,无,,https://sh.lianjia.com/ershoufang/107101123400.html
浦东,唐镇,绿城玉兰花园(二期),外环外,740,83063,3室2厅1厨1卫,89.09O,高楼层 (共15层),平层,南,两梯四户,精装,未知,钢混结构,有,,https://sh.lianjia.com/ershoufang/107101166200.html
浦东,唐镇,金唐公寓,外环外,360,47139,2室1厅1厨1卫,76.37O,中楼层 (共6层),平层,北,一梯两户,精装,未知,钢混结构,无,,https://sh.lianjia.com/ershoufang/107100840777.html
浦东,唐镇,唐丰苑,外环外,250,43156,1室1厅1厨1卫,57.93O,低楼层 (共14层),平层,东 南,一梯两户,毛坯,未知,钢混结构,有,,https://sh.lianjia.com/ershoufang/107101140398.html
浦东,唐镇,金枫公寓,外环外,225,35579,1室2厅1厨1卫,63.24O,高楼层 (共6层),平层,南,一梯两户,精装,未知,钢混结构,无,,https://sh.lianjia.com/ershoufang/107101411377.html
浦东,唐镇,金利公寓,外环外,280,50000,2室1厅1厨1卫,56O,高楼层 (共6层),平层,南 北,一梯两户,精装,未知,钢混结构,无,,https://sh.lianjia.com/ershoufang/107101146863.html
浦东,唐镇,浦发罗兰翡丽,外环外,560,57143,3室2厅1厨1卫,98O,低楼层 (共14层),平层,南,两梯两户,精装,70年,钢混结构,有,,https://sh.lianjia.com/ershoufang/107101330273.html
浦东,唐镇,创新佳苑,外环外,270,47754,1室1厅1厨1卫,56.54O,中楼层 (共11层),暂无数据,南,一梯三户,毛坯,未知,钢混结构,有,,https://sh.lianjia.com/ershoufang/107101281418.html
浦东,唐镇,唐丰苑,外环外,400,48692,2室2厅1厨1卫,82.15O,高楼层 (共14层),平层,南 北,一梯两户,毛坯,未知,钢混结构,有,,https://sh.lianjia.com/ershoufang/107101179823.html
浦东,唐镇,金大元御珑公馆(公寓),外环外,1800,69186,4室2厅1厨3卫,260.17O,低楼层 (共15层),平层,南,一梯两户,精装,未知,钢混结构,有,,https://sh.lianjia.com/ershoufang/107100863944.html
浦东,唐镇,创新佳苑,外环外,270,46352,1室1厅1厨1卫,58.25O,中楼层 (共8层),暂无数据,南,一梯三户,简装,未知,钢混结构,有,,https://sh.lianjia.com/ershoufang/107101004626.html
浦东,唐镇,保利金爵公寓,外环外,350,46892,2室1厅1厨1卫,74.64O,低楼层 (共14层),平层,南,两梯三户,精装,70年,钢混结构,有,,https://sh.lianjia.com/ershoufang/107100949666.html
浦东,唐镇,齐友佳苑,外环外,380,44612,2室2厅1厨1卫,85.18O,中楼层 (共14层),平层,南,一梯两户,简装,未知,钢混结构,有,,https://sh.lianjia.com/ershoufang/107101139227.html
浦东,唐镇,唐丰苑,外环外,250,43104,1室2厅1厨1卫,58O,低楼层 (共14层),平层,南,一梯两户,简装,未知,钢混结构,有,,https://sh.lianjia.com/ershoufang/107101219095.html
浦东,唐镇,毕加索小镇(一期)(公寓),外环外,768,53475,3室2厅1厨2卫,143.62O,中楼层 (共8层),平层,南,一梯两户,精装,70年,钢混结构,有,,https://sh.lianjia.com/ershoufang/107101235355.html
浦东,唐镇,阳光城魔都,外环外,248,55112,1室1厅1厨1卫,45O,高楼层 (共26层),复式,南 北,一梯三十户,其他,50年,钢混结构,暂无数据,,https://sh.lianjia.com/ershoufang/107100479977.html
浦东,唐镇,张江公馆,中环至外环,380,53199,2室2厅1厨2卫,71.43O,低楼层 (共25层),暂无数据,南,两梯四户,其他,50年,钢混结构,有,,https://sh.lianjia.com/ershoufang/107101247784.html
浦东,唐镇,圣马丽诺桥语,外环外,2500,71392,5室3厅1厨4卫,350.18O,低楼层 (共2层),,南,,其他,未知,钢混结构,,独栋,https://sh.lianjia.com/ershoufang/107101455172.html
浦东,唐镇,宏伟新村,外环外,230,31056,3室1厅1厨1卫,74.06O,低楼层 (共6层),平层,南,一梯两户,精装,未知,砖混结构,无,,https://sh.lianjia.com/ershoufang/107101258548.html
浦东,唐镇,金利公寓,外环外,460,38572,3室2厅1厨2卫,119.26O,中楼层 (共6层),暂无数据,南,一梯两户,毛坯,未知,钢混结构,无,,https://sh.lianjia.com/ershoufang/107101375858.html
浦东,唐镇,毕加索小镇(一期)(公寓),外环外,335,55955,1室2厅1厨1卫,59.87O,低楼层 (共8层),平层,南,一梯三户,简装,70年,钢混结构,有,,https://sh.lianjia.com/ershoufang/107101148416.html
浦东,唐镇,棕榈泉花园,外环外,4100,48733,6室4厅1厨6卫,841.32O,低楼层 (共3层),,南,,毛坯,未知,钢混结构,,独栋,https://sh.lianjia.com/ershoufang/107001723387.html
浦东,唐镇,唐丰苑,外环外,510,42707,3室2厅1厨2卫,119.42O,低楼层 (共14层),平层,南,一梯两户,精装,未知,钢混结构,有,,https://sh.lianjia.com/ershoufang/107101336490.html
浦东,唐镇,保集澜湾(公寓),外环外,800,55945,3室2厅1厨2卫,143O,低楼层 (共8层),跃层,南,一梯四户,毛坯,70年,钢混结构,有,,https://sh.lianjia.com/ershoufang/107100474571.html
浦东,唐镇,鑫港苑,外环外,390,32441,3室2厅1厨1卫,120.22O,高楼层 (共6层),平层,南,一梯两户,毛坯,未知,钢混结构,无,,https://sh.lianjia.com/ershoufang/107100898859.html
浦东,唐镇,保集澜湾(公寓),外环外,880,55000,3室2厅1厨2卫,160O,低楼层 (共8层),暂无数据,南,一梯四户,毛坯,70年,钢混结构,有,,https://sh.lianjia.com/ershoufang/107100237093.html
浦东,唐镇,金唐公寓,外环外,500,40867,3室2厅1厨2卫,122.35O,中楼层 (共6层),暂无数据,南,一梯两户,精装,未知,钢混结构,无,,https://sh.lianjia.com/ershoufang/107101201487.html
浦东,唐镇,鑫唐佳苑,外环外,510,56673,4室2厅1厨1卫,89.99O,高楼层 (共6层),平层,南,一梯两户,精装,未知,钢混结构,无,,https://sh.lianjia.com/ershoufang/107101314635.html
浦东,唐镇,绿波城,外环外,270,45686,2室1厅1厨1卫,59.1O,中楼层 (共6层),平层,南,一梯两户,精装,70年,钢混结构,无,,https://sh.lianjia.com/ershoufang/107101485930.html
浦东,唐镇,金融家,外环外,455,49137,2室2厅1厨1卫,92.6O,中楼层 (共8层),平层,南,一梯四户,简装,70年,钢混结构,有,,https://sh.lianjia.com/ershoufang/107101389347.html
浦东,唐镇,阳光城魔都,外环外,210,54250,1室1厅1厨1卫,38.71O,高楼层 (共26层),复式,南,一梯三十户,其他,50年,钢混结构,暂无数据,,https://sh.lianjia.com/ershoufang/107100559576.html
浦东,唐镇,棕榈泉花园,外环外,2100,71766,4室3厅1厨4卫,292.62O,低楼层 (共3层),,南,,简装,未知,钢混结构,,独栋,https://sh.lianjia.com/ershoufang/107100905084.html
浦东,唐镇,金唐公寓,外环外,360,45686,2室2厅1厨1卫,78.8O,中楼层 (共6层),平层,南,一梯两户,精装,未知,钢混结构,无,,https://sh.lianjia.com/ershoufang/107101465560.html
浦东,唐镇,仁恒东郊花园,外环外,700,74843,2室2厅1厨2卫,93.53O,中楼层 (共12层),平层,南,一梯两户,精装,未知,钢混结构,有,,https://sh.lianjia.com/ershoufang/107101201482.html
浦东,唐镇,仁恒东郊花园,外环外,1300,72993,4室2厅1厨2卫,178.1O,中楼层 (共13层),平层,南,一梯两户,精装,70年,钢混结构,有,,https://sh.lianjia.com/ershoufang/107101127322.html
浦东,唐镇,绿城玉兰花园(二期),外环外,760,84445,3室2厅1厨1卫,90O,低楼层 (共15层),暂无数据,南,两梯四户,精装,未知,钢混结构,有,,https://sh.lianjia.com/ershoufang/107100345069.html
浦东,唐镇,保利金爵公寓,外环外,598,55706,3室2厅1厨2卫,107.35O,中楼层 (共14层),暂无数据,南,两梯两户,精装,70年,钢混结构,有,,https://sh.lianjia.com/ershoufang/107100198201.html
浦东,唐镇,仁恒东郊花园,外环外,680,73135,2室1厅1厨1卫,92.98O,低楼层 (共12层),平层,南,一梯两户,精装,未知,钢混结构,有,,https://sh.lianjia.com/ershoufang/107101180751.html
浦东,唐镇,金爵别墅,外环外,3180,57537,7室3厅1厨5卫,552.69O,低楼层 (共2层),,南,,精装,70年,钢混结构,,独栋,https://sh.lianjia.com/ershoufang/107100614377.html
浦东,唐镇,华昌小区,外环外,295,31314,3室1厅1厨1卫,94.21O,中楼层 (共6层),暂无数据,南,一梯四户,简装,未知,砖混结构,无,,https://sh.lianjia.com/ershoufang/107001934355.html
浦东,唐镇,金利公寓,外环外,349,39813,2室2厅1厨1卫,87.66O,低楼层 (共6层),平层,南,一梯两户,精装,未知,钢混结构,无,,https://sh.lianjia.com/ershoufang/107101337890.html
浦东,唐镇,毕加索小镇(一期)(别墅),外环外,1730,50472,3室2厅1厨3卫,342.77O,低楼层 (共3层),,南,,精装,未知,钢混结构,,联排,https://sh.lianjia.com/ershoufang/107101291618.html
浦东,唐镇,华昌小区,外环外,300,31844,3室1厅1厨1卫,94.21O,中楼层 (共6层),暂无数据,南,一梯四户,精装,未知,砖混结构,无,,https://sh.lianjia.com/ershoufang/107001875197.html
浦东,唐镇,毕加索小镇(一期)(公寓),外环外,760,55073,3室2厅1厨2卫,138O,高楼层 (共8层),平层,南,一梯两户,精装,70年,钢混结构,有,,https://sh.lianjia.com/ershoufang/107100011138.html
浦东,唐镇,齐友佳苑,外环外,240,41791,1室1厅1厨1卫,57.43O,中楼层 (共14层),平层,南,一梯两户,简装,未知,钢混结构,有,,https://sh.lianjia.com/ershoufang/107101357574.html
浦东,唐镇,金利公寓,外环外,320,41275,2室1厅1厨1卫,77.53O,中楼层 (共6层),平层,南,一梯两户,简装,未知,钢混结构,无,,https://sh.lianjia.com/ershoufang/107101220819.html
浦东,唐镇,绿城玉兰花园(一期),外环外,1000,81847,2室2厅1厨2卫,122.18O,高楼层 (共13层),暂无数据,南,一梯两户,精装,未知,钢混结构,有,,https://sh.lianjia.com/ershoufang/107002333379.html
浦东,唐镇,毕加索小镇(一期)(公寓),外环外,360,60000,2室1厅1厨1卫,60O,低楼层 (共8层),平层,南,一梯三户,简装,70年,钢混结构,有,,https://sh.lianjia.com/ershoufang/107100768552.html
浦东,唐镇,白金瀚宫,外环外,2200,74930,5室2厅1厨3卫,293.61O,低楼层 (共3层),,南,,精装,未知,钢混结构,,双拼,https://sh.lianjia.com/ershoufang/107002152545.html
浦东,唐镇,齐爱佳苑,外环外,510,39493,3室2厅1厨2卫,129.14O,高楼层 (共6层),平层,南,一梯两户,精装,未知,钢混结构,无,,https://sh.lianjia.com/ershoufang/107100897783.html
浦东,唐镇,唐丰苑,外环外,340,44099,2室1厅1厨1卫,77.1O,中楼层 (共14层),暂无数据,南 北,一梯两户,简装,未知,钢混结构,有,,https://sh.lianjia.com/ershoufang/107101377303.html
浦东,唐镇,金利公寓,外环外,310,39567,2室2厅1厨1卫,78.35O,高楼层 (共6层),平层,南,一梯两户,精装,未知,钢混结构,无,,https://sh.lianjia.com/ershoufang/107100248212.html
浦东,唐镇,齐爱佳苑,外环外,378,46290,2室2厅1厨1卫,81.66O,低楼层 (共6层),平层,南,一梯两户,精装,70年,钢混结构,无,,https://sh.lianjia.com/ershoufang/107101314909.html
浦东,唐镇,棕榈泉花园,外环外,2200,75183,5室4厅1厨4卫,292.62O,低楼层 (共3层),,暂无数据,,精装,未知,钢混结构,,独栋,https://sh.lianjia.com/ershoufang/107000070539.html
浦东,唐镇,圣马丽诺桥语,外环外,2750,72508,5室3厅1厨4卫,379.27O,低楼层 (共2层),,南,,精装,未知,钢混结构,,独栋,https://sh.lianjia.com/ershoufang/107101209989.html
浦东,唐镇,唐丰苑,外环外,340,44099,2室1厅1厨1卫,77.1O,高楼层 (共14层),暂无数据,南,一梯两户,毛坯,未知,钢混结构,有,,https://sh.lianjia.com/ershoufang/107101410112.html
浦东,唐镇,金爵别墅,外环外,3500,81576,6室3厅1厨4卫,429.05O,低楼层 (共3层),,南,,精装,未知,钢混结构,,独栋,https://sh.lianjia.com/ershoufang/107100962823.html
浦东,唐镇,金大元御珑宫廷(别墅),外环外,3800,86758,6室3厅1厨5卫,438O,低楼层 (共4层),,南,,毛坯,70年,钢混结构,,双拼,https://sh.lianjia.com/ershoufang/107001999405.html
浦东,唐镇,绿城玉兰公馆(公寓),外环外,1800,86957,4室3厅1厨4卫,207O,低楼层 (共2层),暂无数据,南 北,一梯一户,精装,未知,钢混结构,无,,https://sh.lianjia.com/ershoufang/107100500142.html
浦东,唐镇,金大元御珑公馆(公寓),外环外,1800,60785,4室2厅1厨3卫,296.13O,高楼层 (共12层),平层,南,一梯两户,精装,未知,钢混结构,有,,https://sh.lianjia.com/ershoufang/107100814615.html
浦东,唐镇,毕加索小镇(一期)(公寓),外环外,800,57972,3室2厅1厨2卫,138O,高楼层 (共8层),平层,南,一梯两户,精装,70年,钢混结构,有,,https://sh.lianjia.com/ershoufang/107101289979.html
浦东,唐镇,白金瀚宫,外环外,3500,82218,5室3厅1厨3卫,425.7O,低楼层 (共3层),,南,,精装,未知,钢混结构,,独栋,https://sh.lianjia.com/ershoufang/107000142101.html
浦东,唐镇,保集澜湾(别墅),外环外,1330,75142,4室2厅1厨4卫,177O,低楼层 (共4层),,南,,精装,70年,钢混结构,,叠拼,https://sh.lianjia.com/ershoufang/107100528381.html
浦东,唐镇,金利公寓,外环外,240,44167,1室1厅1厨1卫,54.34O,高楼层 (共6层),平层,南,一梯两户,毛坯,未知,钢混结构,无,,https://sh.lianjia.com/ershoufang/107101487830.html
浦东,唐镇,王港新雅路90弄,外环外,270,28807,3室1厅1厨1卫,93.73O,高楼层 (共5层),暂无数据,南,一梯两户,精装,未知,砖混结构,无,,https://sh.lianjia.com/ershoufang/107101333847.html
浦东,唐镇,金利公寓,外环外,273,50240,2室2厅1厨2卫,54.34O,高楼层 (共6层),平层,南,一梯两户,精装,70年,钢混结构,无,,https://sh.lianjia.com/ershoufang/107100827384.html
浦东,唐镇,毕加索小镇(一期)(公寓),外环外,505,54237,2室2厅1厨1卫,93.11O,低楼层 (共8层),平层,南,一梯两户,精装,未知,钢混结构,有,,https://sh.lianjia.com/ershoufang/107101387587.html
浦东,唐镇,金唐公寓,外环外,480,43306,3室2厅1厨2卫,110.84O,中楼层 (共6层),平层,南,一梯两户,精装,未知,钢混结构,无,,https://sh.lianjia.com/ershoufang/107101199839.html
浦东,唐镇,金利公寓,外环外,347,39585,2室1厅1厨1卫,87.66O,高楼层 (共6层),暂无数据,南,一梯两户,精装,未知,钢混结构,无,,https://sh.lianjia.com/ershoufang/107101125198.html
浦东,唐镇,保利金爵公寓,外环外,450,50224,2室2厅1厨1卫,89.6O,低楼层 (共11层),平层,南,一梯两户,简装,70年,钢混结构,有,,https://sh.lianjia.com/ershoufang/107100841978.html
浦东,唐镇,圣马丽诺桥语,外环外,2170,70179,4室2厅1厨3卫,309.21O,低楼层 (共2层),,南,,精装,未知,钢混结构,,独栋,https://sh.lianjia.com/ershoufang/107000218937.html
浦东,唐镇,保利御樽苑(公寓),外环外,1200,69177,3室2厅1厨3卫,173.47O,高楼层 (共12层),平层,南,两梯两户,精装,70年,钢混结构,有,,https://sh.lianjia.com/ershoufang/107100327548.html
浦东,唐镇,金利公寓,外环外,260,46429,2室2厅1厨1卫,56O,低楼层 (共6层),暂无数据,南,一梯两户,精装,未知,钢混结构,无,,https://sh.lianjia.com/ershoufang/107002332581.html
浦东,唐镇,绿城玉兰公馆(公寓),外环外,700,78652,3室2厅1厨1卫,89O,高楼层 (共9层),平层,南,一梯两户,精装,70年,钢混结构,有,,https://sh.lianjia.com/ershoufang/107100577728.html
浦东,唐镇,张江公馆,中环至外环,360,50399,2室2厅0厨2卫,71.43O,中楼层 (共25层),平层,南,两梯四户,精装,50年,钢混结构,有,,https://sh.lianjia.com/ershoufang/107101390306.html
