浦东,塘桥,文兰小区,内环内,380,64407,2室1厅1厨1卫,59O,高楼层 (共6层),平层,南,一梯两户,精装,70年,砖混结构,无,,https://sh.lianjia.com/ershoufang/107101149127.html
浦东,塘桥,君誉江畔,内环内,320,62623,1室1厅1厨1卫,51.1O,高楼层 (共27层),暂无数据,西南,一梯二十四户,其他,50年,未知结构,暂无数据,,https://sh.lianjia.com/ershoufang/107100228301.html
浦东,塘桥,九龙仓滨江壹十八,内环内,3900,135417,5室2厅1厨4卫,288O,高楼层 (共17层),平层,南,两梯两户,精装,70年,钢混结构,有,,https://sh.lianjia.com/ershoufang/107100691593.html
浦东,塘桥,澳丽花园,内环内,805,85693,2室2厅1厨1卫,93.94O,高楼层 (共17层),平层,南,一梯两户,精装,未知,钢混结构,有,,https://sh.lianjia.com/ershoufang/107101304510.html
浦东,塘桥,南泉小区,内环内,339,65877,2室1厅1厨1卫,51.46O,中楼层 (共6层),平层,南,一梯四户,精装,未知,砖混结构,无,,https://sh.lianjia.com/ershoufang/107101356753.html
浦东,塘桥,浦东南路2054弄,内环内,236,58634,2室1厅1厨1卫,40.25O,高楼层 (共6层),平层,南,一梯四户,精装,未知,砖混结构,无,,https://sh.lianjia.com/ershoufang/107101321169.html
浦东,塘桥,中远行家,内环内,480,62241,1室1厅1厨1卫,77.12O,高楼层 (共28层),平层,东南,四梯八户,简装,70年,钢混结构,有,,https://sh.lianjia.com/ershoufang/107101126078.html
浦东,塘桥,仁恒广场,内环内,690,58475,3室2厅1厨2卫,118O,中楼层 (共21层),暂无数据,东南,两梯八户,其他,未知,钢混结构,有,,https://sh.lianjia.com/ershoufang/107100797611.html
浦东,塘桥,南泉公寓,内环内,550,62401,2室2厅1厨1卫,88.14O,低楼层 (共18层),平层,南,两梯六户,精装,70年,钢混结构,有,,https://sh.lianjia.com/ershoufang/107101434814.html
浦东,塘桥,欣晟家园,内环内,800,53295,3室2厅1厨2卫,150.11O,低楼层 (共31层),平层,东南,两梯六户,简装,70年,钢混结构,有,,https://sh.lianjia.com/ershoufang/107100998880.html
浦东,塘桥,海富花园,内环内,1500,58654,4室2厅1厨2卫,255.74O,高楼层 (共25层),暂无数据,东南,两梯三户,毛坯,70年,钢混结构,有,,https://sh.lianjia.com/ershoufang/107000198847.html
浦东,塘桥,海运新村,内环内,375,58567,2室1厅1厨1卫,64.03O,中楼层 (共18层),平层,南,一梯八户,精装,未知,钢混结构,暂无数据,,https://sh.lianjia.com/ershoufang/107101275950.html
浦东,塘桥,南泉小区,内环内,285,61649,2室1厅1厨1卫,46.23O,高楼层 (共6层),平层,南,一梯三户,简装,未知,砖混结构,无,,https://sh.lianjia.com/ershoufang/107100975947.html
浦东,塘桥,塘东小区,内环内,375,64268,2室1厅1厨1卫,58.35O,高楼层 (共6层),暂无数据,南 北,一梯四户,精装,70年,砖混结构,无,,https://sh.lianjia.com/ershoufang/107100907910.html
浦东,塘桥,南泉路1319号,内环内,350,57050,2室1厅1厨1卫,61.35O,高楼层 (共6层),平层,北,一梯五户,精装,未知,砖混结构,无,,https://sh.lianjia.com/ershoufang/107101248549.html
浦东,塘桥,金浦小区(塘桥),内环内,345,58804,2室1厅1厨1卫,58.67O,高楼层 (共6层),平层,西南,一梯四户,精装,未知,砖混结构,无,,https://sh.lianjia.com/ershoufang/107100539393.html
浦东,塘桥,浦建小区,内环内,350,55293,2室1厅1厨1卫,63.3O,高楼层 (共6层),平层,南,一梯四户,简装,70年,砖混结构,无,,https://sh.lianjia.com/ershoufang/107101335408.html
浦东,塘桥,新都花园,内环内,960,72459,3室2厅1厨2卫,132.49O,低楼层 (共14层),平层,南,一梯两户,精装,未知,钢混结构,有,,https://sh.lianjia.com/ershoufang/107101299621.html
浦东,塘桥,龙阳小区,内环内,300,69558,1室1厅1厨1卫,43.13O,中楼层 (共6层),暂无数据,南,一梯五户,精装,未知,砖混结构,无,,https://sh.lianjia.com/ershoufang/107002146237.html
浦东,塘桥,宁阳小区,内环内,235,67374,1室1厅1厨1卫,34.88O,中楼层 (共6层),平层,南,一梯四户,简装,70年,砖混结构,无,,https://sh.lianjia.com/ershoufang/107101429204.html
浦东,塘桥,澳丽花园,内环内,785,79293,2室2厅1厨1卫,99O,低楼层 (共11层),平层,南,一梯两户,精装,未知,钢混结构,有,,https://sh.lianjia.com/ershoufang/107100389899.html
浦东,塘桥,越富豪庭,内环内,890,72832,2室2厅1厨2卫,122.2O,高楼层 (共23层),暂无数据,南 北,一梯两户,其他,70年,钢混结构,有,,https://sh.lianjia.com/ershoufang/107101470221.html
浦东,塘桥,金浦小区(塘桥),内环内,360,64494,2室1厅1厨1卫,55.82O,高楼层 (共6层),暂无数据,南 北,一梯两户,简装,未知,砖混结构,无,,https://sh.lianjia.com/ershoufang/107100252276.html
浦东,塘桥,九龙仓滨江壹十八,内环内,3200,135022,4室2厅1厨3卫,237O,低楼层 (共18层),暂无数据,南,两梯两户,精装,70年,钢混结构,有,,https://sh.lianjia.com/ershoufang/107101446499.html
浦东,塘桥,微山新村,内环内,230,54762,1室1厅1厨1卫,42O,中楼层 (共5层),平层,南,一梯四户,简装,未知,砖混结构,无,,https://sh.lianjia.com/ershoufang/107100448366.html
浦东,塘桥,盛逸公寓,内环内,1000,72527,3室2厅1厨2卫,137.88O,中楼层 (共16层),平层,南,一梯两户,其他,未知,钢混结构,有,,https://sh.lianjia.com/ershoufang/107101448512.html
浦东,塘桥,君誉江畔,内环内,330,60285,1室1厅1厨1卫,54.74O,高楼层 (共27层),平层,东南,一梯二十四户,其他,50年,未知结构,暂无数据,,https://sh.lianjia.com/ershoufang/107100940261.html
浦东,塘桥,浦建小区,内环内,198,57794,1室0厅1厨1卫,34.26O,高楼层 (共6层),平层,南,一梯六户,毛坯,未知,砖混结构,无,,https://sh.lianjia.com/ershoufang/107100625685.html
浦东,塘桥,家化滨江苑,内环内,2600,63908,4室2厅1厨3卫,406.84O,低楼层 (共35层),暂无数据,南 北,两梯两户,毛坯,未知,钢混结构,有,,https://sh.lianjia.com/ershoufang/107100583422.html
浦东,塘桥,港驳小区,内环内,193,57050,1室1厅1厨1卫,33.83O,高楼层 (共6层),暂无数据,南,一梯四户,精装,未知,砖混结构,无,,https://sh.lianjia.com/ershoufang/107101210221.html
浦东,塘桥,浦建小区,内环内,290,62006,1室1厅1厨1卫,46.77O,高楼层 (共6层),暂无数据,南,一梯六户,其他,未知,砖混结构,无,,https://sh.lianjia.com/ershoufang/107100742067.html
浦东,塘桥,欣晟家园,内环内,645,56337,2室2厅1厨1卫,114.49O,低楼层 (共31层),平层,南,两梯六户,精装,70年,钢混结构,有,,https://sh.lianjia.com/ershoufang/107101121723.html
浦东,塘桥,文兰小区,内环内,240,58795,1室1厅1厨1卫,40.82O,高楼层 (共6层),平层,南,一梯四户,精装,70年,砖混结构,无,,https://sh.lianjia.com/ershoufang/107101164125.html
浦东,塘桥,东方城市花园(二期),内环至中环,810,66481,2室2厅1厨1卫,121.84O,中楼层 (共24层),平层,南,两梯四户,精装,70年,钢混结构,有,,https://sh.lianjia.com/ershoufang/107101360728.html
浦东,塘桥,南泉小区,内环内,198,62560,1室1厅1厨1卫,31.65O,高楼层 (共6层),平层,南,一梯四户,精装,未知,砖混结构,无,,https://sh.lianjia.com/ershoufang/107101233877.html
浦东,塘桥,国信世纪海景,内环内,4250,123339,5室2厅1厨4卫,344.58O,高楼层 (共31层),平层,南,三梯两户,精装,未知,钢混结构,有,,https://sh.lianjia.com/ershoufang/107101178944.html
浦东,塘桥,塘东小区,内环内,287,66145,1室1厅1厨1卫,43.39O,中楼层 (共6层),平层,南,一梯四户,其他,70年,砖混结构,无,,https://sh.lianjia.com/ershoufang/107101344890.html
浦东,塘桥,文兰小区,内环内,265,67072,1室1厅1厨1卫,39.51O,高楼层 (共6层),平层,南,一梯三户,精装,70年,砖混结构,无,,https://sh.lianjia.com/ershoufang/107101495372.html
浦东,塘桥,海富花园,内环内,880,51462,4室2厅1厨4卫,171O,低楼层 (共21层),平层,南,两梯五户,其他,70年,钢混结构,有,,https://sh.lianjia.com/ershoufang/107101055899.html
浦东,塘桥,宁阳小区,内环内,280,53528,2室1厅1厨1卫,52.31O,高楼层 (共6层),平层,南,一梯四户,精装,未知,砖混结构,无,,https://sh.lianjia.com/ershoufang/107001176275.html
浦东,塘桥,峨海小区,内环内,595,76479,2室2厅1厨1卫,77.8O,高楼层 (共7层),平层,南,一梯两户,精装,70年,钢混结构,有,,https://sh.lianjia.com/ershoufang/107101304206.html
浦东,塘桥,南泉小区,内环内,335,62407,2室1厅1厨1卫,53.68O,低楼层 (共6层),平层,南,一梯四户,其他,未知,砖混结构,无,,https://sh.lianjia.com/ershoufang/107101425275.html
浦东,塘桥,家化滨江苑,内环内,2900,74501,5室2厅1厨3卫,389.26O,高楼层 (共35层),复式,南 北,两梯一户,精装,70年,钢混结构,有,,https://sh.lianjia.com/ershoufang/107000363901.html
浦东,塘桥,港驳小区,内环内,214,66709,1室1厅1厨1卫,32.08O,低楼层 (共6层),暂无数据,南,一梯四户,精装,70年,砖混结构,无,,https://sh.lianjia.com/ershoufang/107100483028.html
浦东,塘桥,新都花园,内环内,575,67433,2室2厅1厨1卫,85.27O,中楼层 (共30层),平层,南,三梯六户,精装,未知,钢混结构,有,,https://sh.lianjia.com/ershoufang/107101154973.html
浦东,塘桥,宁阳小区,内环内,475,63588,2室1厅1厨1卫,74.7O,高楼层 (共6层),平层,南,一梯两户,简装,70年,砖混结构,无,,https://sh.lianjia.com/ershoufang/107101073759.html
浦东,塘桥,蓝高小区,内环内,340,59839,2室1厅1厨1卫,56.82O,高楼层 (共6层),暂无数据,东南,一梯四户,精装,70年,砖混结构,无,,https://sh.lianjia.com/ershoufang/107101407056.html
浦东,塘桥,澳丽花园,内环内,980,78400,3室2厅1厨2卫,125O,低楼层 (共10层),平层,北 南,一梯两户,精装,未知,钢混结构,有,,https://sh.lianjia.com/ershoufang/107101373295.html
浦东,塘桥,港驳小区,内环内,255,66789,1室0厅0厨1卫,38.18O,中楼层 (共6层),平层,南,一梯三户,其他,70年,砖混结构,无,,https://sh.lianjia.com/ershoufang/107101459138.html
浦东,塘桥,宏润公寓,内环内,870,82866,2室2厅1厨1卫,104.99O,中楼层 (共14层),平层,南,一梯两户,精装,未知,钢混结构,有,,https://sh.lianjia.com/ershoufang/107101446836.html
浦东,塘桥,塘东小区,内环内,375,64334,2室1厅1厨1卫,58.29O,高楼层 (共6层),平层,南,一梯四户,其他,70年,砖混结构,无,,https://sh.lianjia.com/ershoufang/107101486570.html
浦东,塘桥,港驳小区,内环内,195,66736,1室1厅1厨1卫,29.22O,低楼层 (共6层),平层,南,一梯四户,简装,70年,砖混结构,无,,https://sh.lianjia.com/ershoufang/107101470624.html
浦东,塘桥,欣晟家园,内环内,765,75200,2室2厅2厨2卫,101.73O,高楼层 (共18层),平层,南 北,一梯两户,精装,未知,钢混结构,有,,https://sh.lianjia.com/ershoufang/107101142209.html
浦东,塘桥,宁阳小区,内环内,210,59558,1室1厅1厨1卫,35.26O,高楼层 (共6层),平层,南,一梯四户,精装,70年,砖混结构,无,,https://sh.lianjia.com/ershoufang/107101379202.html
浦东,塘桥,东方城市花园(二期),内环至中环,1080,70144,4室2厅1厨2卫,153.97O,低楼层 (共14层),平层,南,两梯两户,精装,70年,钢混结构,有,,https://sh.lianjia.com/ershoufang/107101386303.html
浦东,塘桥,南泉小区,内环内,275,57090,1室1厅1厨1卫,48.17O,高楼层 (共6层),暂无数据,南,一梯四户,简装,未知,砖混结构,无,,https://sh.lianjia.com/ershoufang/107101120320.html
浦东,塘桥,南泉小区,内环内,315,64550,2室1厅1厨1卫,48.8O,中楼层 (共6层),平层,南,一梯四户,简装,70年,砖混结构,无,,https://sh.lianjia.com/ershoufang/107100510477.html
浦东,塘桥,金浦小区(塘桥),内环内,320,63594,2室1厅1厨1卫,50.32O,高楼层 (共6层),平层,南,一梯三户,简装,未知,砖混结构,无,,https://sh.lianjia.com/ershoufang/107101149919.html
浦东,塘桥,君誉江畔,内环内,350,63510,1室1厅1厨1卫,55.11O,高楼层 (共27层),平层,西北,一梯二十四户,其他,50年,未知结构,暂无数据,,https://sh.lianjia.com/ershoufang/107101291870.html
浦东,塘桥,茂兴大厦,内环内,515,63044,2室1厅1厨1卫,81.69O,中楼层 (共24层),平层,南,两梯八户,简装,未知,钢混结构,有,,https://sh.lianjia.com/ershoufang/107100983090.html
浦东,塘桥,海运新村,内环内,305,60206,1室1厅1厨1卫,50.66O,高楼层 (共18层),平层,南,一梯八户,精装,未知,钢混结构,暂无数据,,https://sh.lianjia.com/ershoufang/107101283213.html
浦东,塘桥,国地公寓,内环内,820,52230,3室3厅1厨2卫,157O,高楼层 (共6层),跃层,南,一梯两户,简装,未知,砖混结构,无,,https://sh.lianjia.com/ershoufang/107101425056.html
浦东,塘桥,乔顿花园,内环内,720,73402,2室2厅1厨1卫,98.09O,低楼层 (共6层),平层,南,一梯两户,简装,未知,钢混结构,无,,https://sh.lianjia.com/ershoufang/107101039877.html
浦东,塘桥,鹏欣家园,内环至中环,570,62901,2室2厅1厨1卫,90.62O,高楼层 (共6层),平层,南,一梯两户,精装,未知,砖混结构,无,,https://sh.lianjia.com/ershoufang/107100602565.html
浦东,塘桥,中远行家,内环内,540,59947,2室2厅1厨2卫,90.08O,低楼层 (共28层),暂无数据,东南,四梯十二户,精装,70年,钢混结构,有,,https://sh.lianjia.com/ershoufang/107101015450.html
浦东,塘桥,浦东南路2054弄,内环内,395,65768,2室1厅1厨1卫,60.06O,高楼层 (共6层),平层,南 北,一梯四户,其他,未知,砖混结构,无,,https://sh.lianjia.com/ershoufang/107100488149.html
浦东,塘桥,东方城市花园(二期),内环至中环,830,68128,2室2厅1厨2卫,121.83O,低楼层 (共24层),平层,南 北,两梯四户,精装,70年,钢混结构,有,,https://sh.lianjia.com/ershoufang/107100282183.html
浦东,塘桥,仁恒广场,内环内,800,58356,3室2厅1厨2卫,137.09O,中楼层 (共25层),平层,东南,两梯六户,精装,未知,钢混结构,有,,https://sh.lianjia.com/ershoufang/107100998256.html
浦东,塘桥,龙阳小区,内环内,260,64309,1室1厅1厨1卫,40.43O,高楼层 (共6层),平层,南,一梯四户,精装,未知,砖混结构,无,,https://sh.lianjia.com/ershoufang/107100855572.html
浦东,塘桥,金浦小区(塘桥),内环内,275,64403,1室1厅1厨1卫,42.7O,高楼层 (共6层),平层,南,一梯四户,简装,未知,砖混结构,无,,https://sh.lianjia.com/ershoufang/107101105206.html
浦东,塘桥,众城商厦,内环内,725,45012,3室2厅1厨2卫,161.07O,中楼层 (共15层),平层,南,一梯三户,其他,70年,钢混结构,暂无数据,,https://sh.lianjia.com/ershoufang/107101320660.html
浦东,塘桥,文兰小区,内环内,346,66964,2室1厅1厨1卫,51.67O,高楼层 (共6层),暂无数据,南,一梯两户,精装,70年,砖混结构,无,,https://sh.lianjia.com/ershoufang/107101172413.html
浦东,塘桥,东方城市花园(二期),内环至中环,830,67944,3室1厅1厨2卫,122.16O,低楼层 (共24层),平层,南,两梯三户,精装,70年,钢混结构,有,,https://sh.lianjia.com/ershoufang/107101153325.html
浦东,塘桥,东方城市花园(二期),内环至中环,810,66307,2室2厅0厨2卫,122.16O,低楼层 (共24层),平层,南 北,两梯三户,精装,70年,钢混结构,有,,https://sh.lianjia.com/ershoufang/107101415749.html
浦东,塘桥,东南华庭,内环内,1088,68484,3室2厅1厨2卫,158.87O,低楼层 (共29层),暂无数据,南,两梯八户,精装,未知,钢混结构,有,,https://sh.lianjia.com/ershoufang/107000046377.html
浦东,塘桥,东源大厦,内环内,640,60727,2室2厅1厨1卫,105.39O,中楼层 (共28层),平层,南,两梯七户,精装,未知,钢混结构,有,,https://sh.lianjia.com/ershoufang/107100395365.html
浦东,塘桥,峨山小区,内环内,212,66793,1室1厅1厨1卫,31.74O,中楼层 (共6层),平层,南,一梯四户,精装,70年,砖混结构,无,,https://sh.lianjia.com/ershoufang/107100673619.html
浦东,塘桥,君誉江畔,内环内,300,54845,1室1厅1厨1卫,54.7O,低楼层 (共27层),平层,东,一梯二十四户,其他,50年,未知结构,暂无数据,,https://sh.lianjia.com/ershoufang/107101322905.html
浦东,塘桥,雍江星座香园,内环内,995,66923,4室2厅1厨2卫,148.68O,高楼层 (共6层),暂无数据,南 北,一梯两户,简装,未知,钢混结构,无,,https://sh.lianjia.com/ershoufang/107100035177.html
浦东,塘桥,南泉公寓,内环内,740,62144,3室2厅1厨1卫,119.08O,低楼层 (共18层),暂无数据,东南,两梯五户,其他,70年,钢混结构,有,,https://sh.lianjia.com/ershoufang/107101307997.html
浦东,塘桥,航运小区,内环内,200,66248,1室1厅1厨1卫,30.19O,高楼层 (共6层),平层,南,一梯五户,简装,未知,砖混结构,无,,https://sh.lianjia.com/ershoufang/107101239683.html
浦东,塘桥,宏润公寓,内环内,1092,79959,3室2厅1厨1卫,136.57O,高楼层 (共11层),平层,南,一梯两户,精装,未知,钢混结构,有,,https://sh.lianjia.com/ershoufang/107101314514.html
浦东,塘桥,金浦小区(塘桥),内环内,500,60902,2室1厅1厨1卫,82.1O,高楼层 (共6层),暂无数据,南,一梯两户,其他,未知,砖混结构,无,,https://sh.lianjia.com/ershoufang/107101486637.html
浦东,塘桥,金龙东苑,内环内,1390,59655,5室1厅1厨2卫,233.01O,高楼层 (共7层),复式,南 北,一梯两户,简装,未知,钢混结构,有,,https://sh.lianjia.com/ershoufang/107100899137.html
浦东,塘桥,港驳小区,内环内,203,60006,1室1厅0厨1卫,33.83O,中楼层 (共6层),平层,南,一梯四户,精装,未知,砖混结构,无,,https://sh.lianjia.com/ershoufang/107101510526.html
浦东,塘桥,九龙仓滨江壹十八,内环内,2400,100672,4室2厅1厨3卫,238.4O,低楼层 (共18层),平层,南,两梯两户,精装,70年,钢混结构,有,,https://sh.lianjia.com/ershoufang/107100556753.html
浦东,塘桥,南泉公寓,内环内,649,54174,3室2厅1厨1卫,119.8O,高楼层 (共18层),暂无数据,南 北,两梯五户,精装,未知,钢混结构,有,,https://sh.lianjia.com/ershoufang/107101220568.html
浦东,塘桥,怡东花园(公寓),内环内,1110,84405,3室2厅1厨2卫,131.51O,低楼层 (共12层),平层,南 北,一梯两户,精装,70年,钢混结构,有,,https://sh.lianjia.com/ershoufang/107101245104.html
浦东,塘桥,九龙仓滨江壹十八,内环内,3900,135417,5室2厅1厨4卫,288O,高楼层 (共17层),平层,南,两梯两户,精装,70年,钢混结构,有,,https://sh.lianjia.com/ershoufang/107101369873.html
浦东,塘桥,国地公寓,内环内,539,61488,2室2厅1厨1卫,87.66O,高楼层 (共6层),平层,南,一梯两户,精装,未知,砖混结构,无,,https://sh.lianjia.com/ershoufang/107100502793.html
浦东,塘桥,峨山小区,内环内,385,64039,2室1厅1厨1卫,60.12O,中楼层 (共6层),平层,南,一梯五户,简装,未知,砖混结构,无,,https://sh.lianjia.com/ershoufang/107101278675.html
浦东,塘桥,微山新村,内环内,255,60903,1室1厅1厨1卫,41.87O,低楼层 (共6层),平层,南,一梯四户,简装,未知,砖混结构,无,,https://sh.lianjia.com/ershoufang/107100281512.html
浦东,塘桥,南泉公寓,内环内,445,64559,2室1厅1厨1卫,68.93O,高楼层 (共6层),平层,南,一梯三户,精装,未知,砖混结构,无,,https://sh.lianjia.com/ershoufang/107101220863.html
浦东,塘桥,九龙仓滨江壹十八,内环内,4188,114913,5室2厅1厨4卫,364.45O,中楼层 (共17层),平层,南,三梯两户,精装,70年,钢混结构,有,,https://sh.lianjia.com/ershoufang/107100312869.html
浦东,塘桥,蓝村小区,内环内,390,60195,2室1厅1厨1卫,64.79O,高楼层 (共6层),平层,南,一梯三户,精装,未知,钢混结构,有,,https://sh.lianjia.com/ershoufang/107101083368.html
浦东,塘桥,国信世纪海景,内环内,1830,93168,3室2厅1厨2卫,196.42O,低楼层 (共31层),平层,西南,三梯两户,精装,70年,钢混结构,有,,https://sh.lianjia.com/ershoufang/107100169840.html
浦东,塘桥,蓝高小区,内环内,275,65074,1室1厅1厨1卫,42.26O,低楼层 (共6层),平层,南,一梯四户,精装,未知,砖混结构,无,,https://sh.lianjia.com/ershoufang/107100639471.html
浦东,塘桥,南泉小区,内环内,230,57601,1室1厅1厨1卫,39.93O,高楼层 (共6层),暂无数据,南,一梯七户,简装,未知,砖混结构,无,,https://sh.lianjia.com/ershoufang/107101265256.html
浦东,塘桥,越富豪庭,内环内,870,71195,2室1厅1厨1卫,122.2O,中楼层 (共23层),平层,南,一梯两户,精装,70年,钢混结构,有,,https://sh.lianjia.com/ershoufang/107100466032.html
浦东,塘桥,东方城市花园(一期),内环内,1333,84416,3室2厅1厨2卫,157.91O,低楼层 (共24层),平层,南,一梯两户,其他,未知,钢混结构,有,,https://sh.lianjia.com/ershoufang/107101428938.html
浦东,塘桥,微山新村,内环内,270,65662,1室1厅1厨1卫,41.12O,高楼层 (共5层),平层,南,一梯四户,精装,未知,砖混结构,无,,https://sh.lianjia.com/ershoufang/107101395050.html
浦东,塘桥,峨山小区,内环内,190,59862,1室1厅1厨1卫,31.74O,高楼层 (共6层),平层,南,一梯四户,精装,70年,砖混结构,无,,https://sh.lianjia.com/ershoufang/107100848016.html
浦东,塘桥,东方城市花园(二期),内环至中环,1050,69211,3室2厅1厨2卫,151.71O,高楼层 (共31层),暂无数据,南,两梯三户,精装,70年,钢混结构,有,,https://sh.lianjia.com/ershoufang/107100689768.html
浦东,塘桥,鹏欣家园,内环至中环,690,58450,3室2厅1厨2卫,118.05O,高楼层 (共6层),暂无数据,南,一梯两户,精装,未知,砖混结构,无,,https://sh.lianjia.com/ershoufang/107101013802.html
浦东,塘桥,西邱小区,内环内,280,62654,2室1厅0厨1卫,44.69O,高楼层 (共6层),平层,南,一梯两户,简装,未知,砖混结构,无,,https://sh.lianjia.com/ershoufang/107100801962.html
浦东,塘桥,盛逸公寓,内环内,1100,79780,3室2厅1厨2卫,137.88O,中楼层 (共16层),平层,南,一梯两户,简装,未知,钢混结构,有,,https://sh.lianjia.com/ershoufang/107101056731.html
浦东,塘桥,盛族家园-悉尼阳光・悉尼星光,内环内,1020,80195,3室2厅1厨2卫,127.19O,高楼层 (共11层),暂无数据,南,一梯两户,简装,未知,钢混结构,有,,https://sh.lianjia.com/ershoufang/107001072343.html
浦东,塘桥,君誉江畔,内环内,305,55344,1室1厅1厨1卫,55.11O,中楼层 (共27层),暂无数据,西,一梯二十四户,其他,50年,未知结构,暂无数据,,https://sh.lianjia.com/ershoufang/107100737124.html
浦东,塘桥,海运新村,内环内,499,64230,2室1厅1厨1卫,77.69O,低楼层 (共18层),平层,南,一梯八户,精装,未知,钢混结构,暂无数据,,https://sh.lianjia.com/ershoufang/107100283594.html
浦东,塘桥,景瑞尚滨江,内环内,1150,136905,2室2厅1厨1卫,84O,低楼层 (共24层),平层,东南,三梯五户,精装,70年,钢混结构,有,,https://sh.lianjia.com/ershoufang/107100692546.html
浦东,塘桥,东方城市花园(一期),内环内,1150,79316,3室2厅0厨2卫,144.99O,中楼层 (共27层),暂无数据,南,一梯三户,精装,未知,钢混结构,有,,https://sh.lianjia.com/ershoufang/107101464134.html
浦东,塘桥,浦建小区,内环内,270,58543,1室1厅1厨1卫,46.12O,中楼层 (共6层),平层,南,一梯六户,简装,未知,砖混结构,无,,https://sh.lianjia.com/ershoufang/107100485307.html
浦东,塘桥,康乐花园(浦东),内环内,445,63901,1室1厅1厨1卫,69.64O,高楼层 (共6层),暂无数据,南,一梯两户,精装,未知,钢混结构,无,,https://sh.lianjia.com/ershoufang/107101305717.html
浦东,塘桥,微山二村,内环内,200,61843,1室1厅1厨1卫,32.34O,高楼层 (共6层),平层,南,一梯三户,精装,未知,砖混结构,无,,https://sh.lianjia.com/ershoufang/107101046000.html
浦东,塘桥,君誉江畔,内环内,275,50955,1室1厅1厨1卫,53.97O,中楼层 (共27层),平层,南,一梯二十四户,其他,50年,未知结构,暂无数据,,https://sh.lianjia.com/ershoufang/107101441784.html
浦东,塘桥,港驳小区,内环内,205,66044,1室1厅1厨1卫,31.04O,中楼层 (共6层),平层,南,一梯四户,精装,70年,砖混结构,无,,https://sh.lianjia.com/ershoufang/107100823332.html
浦东,塘桥,峨山路622弄,内环内,385,61600,2室1厅1厨1卫,62.5O,高楼层 (共6层),暂无数据,南 北,一梯三户,其他,70年,砖混结构,无,,https://sh.lianjia.com/ershoufang/107100790350.html
浦东,塘桥,港驳小区,内环内,360,59485,2室1厅1厨1卫,60.52O,高楼层 (共6层),平层,南,一梯四户,精装,70年,砖混结构,无,,https://sh.lianjia.com/ershoufang/107101008926.html
浦东,塘桥,国地公寓,内环内,880,65819,3室2厅1厨2卫,133.7O,低楼层 (共10层),平层,南,一梯两户,精装,未知,钢混结构,有,,https://sh.lianjia.com/ershoufang/107002333221.html
浦东,塘桥,越富豪庭,内环内,930,76924,2室2厅1厨2卫,120.9O,低楼层 (共23层),暂无数据,南,一梯两户,精装,未知,钢混结构,有,,https://sh.lianjia.com/ershoufang/107100456659.html
浦东,塘桥,东方城市花园(二期),内环至中环,820,67126,2室2厅1厨2卫,122.16O,高楼层 (共24层),平层,南,两梯三户,精装,70年,钢混结构,有,,https://sh.lianjia.com/ershoufang/107101202752.html
浦东,塘桥,蓝高小区,内环内,283,60678,1室1厅1厨1卫,46.64O,中楼层 (共6层),平层,南,一梯六户,精装,70年,砖混结构,无,,https://sh.lianjia.com/ershoufang/107101139730.html
浦东,塘桥,新都花园,内环内,960,61713,3室2厅1厨2卫,155.56O,高楼层 (共30层),平层,南 西,三梯五户,简装,未知,钢混结构,有,,https://sh.lianjia.com/ershoufang/107101299784.html
浦东,塘桥,国信世纪海景,内环内,2300,97586,3室2厅1厨3卫,235.69O,高楼层 (共35层),平层,南,三梯两户,精装,70年,钢混结构,有,,https://sh.lianjia.com/ershoufang/107000537999.html
浦东,塘桥,东方城市花园(二期),内环至中环,830,68403,2室2厅1厨2卫,121.34O,中楼层 (共31层),平层,南 北,两梯三户,精装,70年,钢混结构,有,,https://sh.lianjia.com/ershoufang/107100443547.html
浦东,塘桥,东方城市花园(二期),内环至中环,800,65931,2室2厅1厨2卫,121.34O,高楼层 (共31层),平层,南,两梯三户,精装,70年,钢混结构,有,,https://sh.lianjia.com/ershoufang/107101184363.html
浦东,塘桥,仁恒广场,内环内,730,61865,3室2厅1厨2卫,118O,低楼层 (共21层),暂无数据,南,两梯八户,简装,未知,钢混结构,有,,https://sh.lianjia.com/ershoufang/107101150375.html
浦东,塘桥,东方城市花园(二期),内环至中环,1050,69211,3室2厅1厨2卫,151.71O,高楼层 (共31层),平层,南,两梯三户,精装,70年,钢混结构,有,,https://sh.lianjia.com/ershoufang/107100564404.html
浦东,塘桥,峨山小区,内环内,200,59225,1室1厅1厨1卫,33.77O,高楼层 (共6层),平层,南,一梯三户,精装,未知,砖混结构,无,,https://sh.lianjia.com/ershoufang/107100991257.html
浦东,塘桥,东方城市花园(二期),内环至中环,1120,72742,4室2厅1厨2卫,153.97O,高楼层 (共14层),平层,南 北,两梯两户,精装,70年,钢混结构,有,,https://sh.lianjia.com/ershoufang/107101229622.html
浦东,塘桥,怡东花园(别墅),内环内,3300,86843,5室3厅1厨4卫,380O,低楼层 (共3层),,南 北,,精装,未知,钢混结构,,联排,https://sh.lianjia.com/ershoufang/107100961594.html
浦东,塘桥,东方金座,内环内,820,60047,3室2厅1厨1卫,136.56O,低楼层 (共32层),暂无数据,南,三梯六户,精装,70年,钢混结构,有,,https://sh.lianjia.com/ershoufang/107002288173.html
浦东,塘桥,国信世纪海景,内环内,2300,97574,3室2厅1厨2卫,235.72O,高楼层 (共35层),平层,南,三梯两户,精装,未知,钢混结构,有,,https://sh.lianjia.com/ershoufang/107100774636.html
浦东,塘桥,浦建小区,内环内,256,54960,1室1厅1厨1卫,46.58O,高楼层 (共6层),平层,南,一梯五户,简装,未知,砖混结构,无,,https://sh.lianjia.com/ershoufang/107101241531.html
浦东,塘桥,九龙仓滨江壹十八,内环内,4100,122024,5室3厅1厨4卫,336O,高楼层 (共17层),平层,南,两梯两户,精装,70年,钢混结构,有,,https://sh.lianjia.com/ershoufang/107100001537.html
浦东,塘桥,澳丽花园,内环内,1005,80873,3室2厅1厨2卫,124.27O,高楼层 (共11层),平层,南 北,一梯两户,精装,未知,钢混结构,有,,https://sh.lianjia.com/ershoufang/107101314677.html
浦东,塘桥,仁恒广场,内环内,850,39605,4室2厅1厨2卫,214.62O,中楼层 (共25层),暂无数据,东北,两梯六户,简装,未知,钢混结构,有,,https://sh.lianjia.com/ershoufang/107101259448.html
浦东,塘桥,金浦小区(塘桥),内环内,450,67135,2室1厅1厨1卫,67.03O,高楼层 (共6层),平层,南 北,一梯四户,其他,未知,砖混结构,无,,https://sh.lianjia.com/ershoufang/107101421354.html
浦东,塘桥,港驳小区,内环内,385,66300,2室1厅1厨1卫,58.07O,中楼层 (共6层),平层,南,一梯四户,精装,70年,砖混结构,无,,https://sh.lianjia.com/ershoufang/107101445829.html
浦东,塘桥,浦建小区,内环内,248,63754,1室1厅1厨1卫,38.9O,低楼层 (共6层),平层,南,一梯六户,其他,未知,砖混结构,无,,https://sh.lianjia.com/ershoufang/107101497444.html
浦东,塘桥,茂兴大厦,内环内,510,69369,2室1厅1厨1卫,73.52O,低楼层 (共18层),暂无数据,南,两梯八户,其他,未知,钢混结构,有,,https://sh.lianjia.com/ershoufang/107100815555.html
浦东,塘桥,君誉江畔,内环内,330,58835,1室1厅1厨1卫,56.09O,高楼层 (共27层),暂无数据,南,一梯二十四户,精装,50年,未知结构,暂无数据,,https://sh.lianjia.com/ershoufang/107001550889.html
浦东,塘桥,港驳小区,内环内,200,59935,1室1厅1厨1卫,33.37O,高楼层 (共5层),平层,南 北,一梯六户,精装,未知,砖混结构,无,,https://sh.lianjia.com/ershoufang/107100882019.html
浦东,塘桥,龙阳小区,内环内,430,66906,2室1厅1厨1卫,64.27O,高楼层 (共6层),平层,南,一梯两户,简装,未知,砖混结构,无,,https://sh.lianjia.com/ershoufang/107101192052.html
浦东,塘桥,越富豪庭,内环内,1050,68628,3室2厅1厨2卫,153O,中楼层 (共20层),暂无数据,南,一梯两户,精装,未知,钢混结构,有,,https://sh.lianjia.com/ershoufang/107100977058.html
浦东,塘桥,蓝高小区,内环内,310,65319,1室1厅1厨1卫,47.46O,高楼层 (共6层),平层,南,一梯四户,其他,70年,砖混结构,无,,https://sh.lianjia.com/ershoufang/107101470103.html
浦东,塘桥,海富花园,内环内,780,46204,3室2厅1厨2卫,168.82O,低楼层 (共25层),平层,东,两梯五户,简装,70年,钢混结构,有,,https://sh.lianjia.com/ershoufang/107100957134.html
浦东,塘桥,康乐花园(浦东),内环内,640,64647,2室2厅1厨1卫,99O,高楼层 (共6层),平层,南,一梯两户,简装,未知,钢混结构,无,,https://sh.lianjia.com/ershoufang/107002004981.html
浦东,塘桥,蓝村小区,内环内,245,64764,1室1厅1厨1卫,37.83O,高楼层 (共6层),平层,南,一梯三户,精装,未知,砖混结构,无,,https://sh.lianjia.com/ershoufang/107101413226.html
浦东,塘桥,君誉江畔,内环内,280,50799,1室1厅1厨1卫,55.12O,中楼层 (共27层),暂无数据,南,一梯二十四户,其他,50年,未知结构,暂无数据,,https://sh.lianjia.com/ershoufang/107101450976.html
浦东,塘桥,国地公寓,内环内,595,64506,3室2厅1厨1卫,92.24O,高楼层 (共6层),平层,南,一梯两户,精装,未知,砖混结构,无,,https://sh.lianjia.com/ershoufang/107100956264.html
浦东,塘桥,东方城市花园(二期),内环至中环,778,67889,2室2厅1厨1卫,114.6O,低楼层 (共30层),平层,南,两梯三户,精装,70年,钢混结构,有,,https://sh.lianjia.com/ershoufang/107101110154.html
浦东,塘桥,航运小区,内环内,320,60298,2室1厅1厨1卫,53.07O,低楼层 (共6层),暂无数据,南 北,一梯三户,简装,未知,砖混结构,无,,https://sh.lianjia.com/ershoufang/107002160601.html
浦东,塘桥,南泉小区,内环内,209,58973,1室0厅1厨1卫,35.44O,高楼层 (共6层),平层,南,一梯四户,简装,70年,砖混结构,无,,https://sh.lianjia.com/ershoufang/107101236550.html
浦东,塘桥,新都花园,内环内,980,52828,3室2厅1厨2卫,185.51O,中楼层 (共30层),暂无数据,南,三梯四户,精装,未知,钢混结构,有,,https://sh.lianjia.com/ershoufang/107100936770.html
浦东,塘桥,东方城市花园(一期),内环内,670,82696,1室2厅1厨1卫,81.02O,中楼层 (共27层),平层,南,一梯三户,精装,未知,钢混结构,有,,https://sh.lianjia.com/ershoufang/107101283186.html
浦东,塘桥,雍江星座香园,内环内,780,83566,2室1厅1厨1卫,93.34O,低楼层 (共6层),暂无数据,南,一梯两户,其他,未知,钢混结构,无,,https://sh.lianjia.com/ershoufang/107101352439.html
浦东,塘桥,欣晟家园,内环内,698,79319,2室2厅1厨1卫,88O,中楼层 (共5层),平层,南,一梯两户,精装,未知,钢混结构,无,,https://sh.lianjia.com/ershoufang/107101292754.html
浦东,塘桥,雍江星座香园,内环内,970,88755,2室2厅1厨1卫,109.29O,中楼层 (共15层),平层,南,一梯两户,简装,70年,钢混结构,有,,https://sh.lianjia.com/ershoufang/107100626298.html
浦东,塘桥,文兰小区,内环内,270,66323,1室1厅1厨1卫,40.71O,低楼层 (共6层),平层,南,一梯六户,简装,70年,砖混结构,无,,https://sh.lianjia.com/ershoufang/107101413899.html
浦东,塘桥,塘东小区,内环内,620,66596,3室1厅1厨1卫,93.1O,低楼层 (共18层),平层,东南,两梯八户,精装,70年,钢混结构,有,,https://sh.lianjia.com/ershoufang/107100719387.html
浦东,塘桥,海富花园,内环内,730,51774,3室2厅2厨2卫,141O,低楼层 (共21层),平层,南,两梯五户,其他,70年,钢混结构,有,,https://sh.lianjia.com/ershoufang/107101055861.html
浦东,塘桥,海运新村,内环内,290,58860,2室1厅1厨1卫,49.27O,高楼层 (共6层),平层,南,一梯三户,精装,未知,砖混结构,无,,https://sh.lianjia.com/ershoufang/107100809192.html
浦东,塘桥,文兰小区,内环内,260,60748,1室1厅1厨1卫,42.8O,低楼层 (共6层),平层,南,一梯四户,精装,70年,砖混结构,无,,https://sh.lianjia.com/ershoufang/107101435967.html
浦东,塘桥,塘东小区,内环内,358,61333,2室1厅1厨1卫,58.37O,高楼层 (共6层),平层,南 北,一梯四户,精装,70年,钢混结构,无,,https://sh.lianjia.com/ershoufang/107100795393.html
浦东,塘桥,金浦小区(塘桥),内环内,360,64149,2室1厅1厨1卫,56.12O,中楼层 (共6层),平层,南,一梯四户,简装,70年,砖混结构,无,,https://sh.lianjia.com/ershoufang/107101144602.html
浦东,塘桥,南泉小区,内环内,219,54874,2室1厅1厨1卫,39.91O,高楼层 (共6层),平层,南,一梯六户,精装,未知,砖混结构,无,,https://sh.lianjia.com/ershoufang/107100388750.html
浦东,塘桥,怡东花园(公寓),内环内,1200,77565,3室2厅1厨2卫,154.71O,高楼层 (共18层),平层,南,一梯两户,精装,未知,钢混结构,有,,https://sh.lianjia.com/ershoufang/107100711492.html
浦东,塘桥,久事大桥公寓,内环内,1000,63695,3室2厅1厨2卫,157O,低楼层 (共21层),平层,南 北,两梯七户,精装,未知,钢混结构,有,,https://sh.lianjia.com/ershoufang/107101371500.html
浦东,塘桥,国信世纪海景,内环内,1840,93402,3室2厅1厨3卫,197O,低楼层 (共31层),暂无数据,南,三梯两户,精装,70年,钢混结构,有,,https://sh.lianjia.com/ershoufang/107100211636.html
浦东,塘桥,蓝高小区,内环内,250,63052,1室1厅1厨1卫,39.65O,中楼层 (共6层),平层,南,一梯四户,简装,未知,砖混结构,无,,https://sh.lianjia.com/ershoufang/107101291620.html
浦东,塘桥,东方城市花园(二期),内环至中环,900,71811,2室2厅1厨2卫,125.33O,中楼层 (共31层),暂无数据,南,两梯三户,精装,70年,钢混结构,有,,https://sh.lianjia.com/ershoufang/107101469145.html
浦东,塘桥,东南华庭,内环内,1058,66596,3室2厅1厨2卫,158.87O,低楼层 (共29层),平层,西北,两梯八户,精装,未知,钢混结构,有,,https://sh.lianjia.com/ershoufang/107000088349.html
浦东,塘桥,九龙仓滨江壹十八,内环内,3199,111077,5室2厅1厨4卫,288O,低楼层 (共17层),平层,南,两梯两户,精装,70年,钢混结构,有,,https://sh.lianjia.com/ershoufang/107100460958.html
浦东,塘桥,金浦小区(塘桥),内环内,420,69148,2室1厅1厨1卫,60.74O,低楼层 (共6层),平层,南,一梯三户,简装,70年,砖混结构,无,,https://sh.lianjia.com/ershoufang/107101478241.html
浦东,塘桥,塘东小区,内环内,348,59702,2室1厅1厨1卫,58.29O,高楼层 (共6层),平层,南,一梯四户,精装,70年,砖混结构,无,,https://sh.lianjia.com/ershoufang/107101355778.html
浦东,塘桥,山泉花苑,内环内,750,76586,2室1厅1厨1卫,97.93O,中楼层 (共6层),平层,南,一梯两户,精装,未知,钢混结构,无,,https://sh.lianjia.com/ershoufang/107100909976.html
浦东,塘桥,蓝高小区,内环内,390,63841,2室1厅1厨1卫,61.09O,低楼层 (共6层),平层,南,一梯四户,简装,70年,砖混结构,无,,https://sh.lianjia.com/ershoufang/107101161951.html
浦东,塘桥,东源大厦,内环内,850,63169,2室2厅1厨1卫,134.56O,中楼层 (共28层),平层,南 北,两梯七户,毛坯,未知,钢混结构,有,,https://sh.lianjia.com/ershoufang/107101500093.html
浦东,塘桥,浦建小区,内环内,260,55939,1室1厅0厨1卫,46.48O,高楼层 (共6层),暂无数据,南,一梯四户,简装,未知,砖混结构,无,,https://sh.lianjia.com/ershoufang/107101396274.html
浦东,塘桥,澳丽花园,内环内,815,82174,2室2厅1厨1卫,99.18O,低楼层 (共11层),平层,南,一梯两户,精装,70年,钢混结构,有,,https://sh.lianjia.com/ershoufang/107101375183.html
浦东,塘桥,微山新村,内环内,240,60868,1室1厅1厨1卫,39.43O,低楼层 (共6层),平层,南,一梯四户,简装,未知,砖混结构,无,,https://sh.lianjia.com/ershoufang/107100816003.html
浦东,塘桥,九龙仓滨江壹十八,内环内,3700,128473,4室2厅1厨3卫,288O,中楼层 (共17层),平层,南,两梯两户,精装,70年,钢混结构,有,,https://sh.lianjia.com/ershoufang/107100769829.html
浦东,塘桥,东方城市花园(二期),内环至中环,625,80129,1室2厅1厨1卫,78O,高楼层 (共24层),平层,南,两梯四户,精装,70年,钢混结构,有,,https://sh.lianjia.com/ershoufang/107101322411.html
浦东,塘桥,蓝村小区,内环内,255,65570,1室1厅1厨1卫,38.89O,高楼层 (共6层),平层,南 北,一梯三户,简装,未知,砖混结构,无,,https://sh.lianjia.com/ershoufang/107101269083.html
浦东,塘桥,国地公寓,内环内,870,62830,3室2厅1厨2卫,138.47O,低楼层 (共10层),平层,南,一梯两户,精装,未知,钢混结构,有,,https://sh.lianjia.com/ershoufang/107101387411.html
浦东,塘桥,家化滨江苑,内环内,4000,89775,5室2厅1厨3卫,445.56O,低楼层 (共35层),暂无数据,南,一梯一户,其他,未知,钢混结构,有,,https://sh.lianjia.com/ershoufang/107101303086.html
浦东,塘桥,微山二村,内环内,230,63960,1室1厅1厨1卫,35.96O,中楼层 (共6层),平层,南,一梯四户,简装,未知,砖混结构,无,,https://sh.lianjia.com/ershoufang/107101089268.html
浦东,塘桥,浦江映象,内环内,720,69931,2室2厅1厨1卫,102.96O,低楼层 (共18层),平层,南,一梯两户,精装,未知,钢混结构,有,,https://sh.lianjia.com/ershoufang/107100594463.html
浦东,塘桥,塘桥小区,内环内,180,52725,1室1厅1厨1卫,34.14O,高楼层 (共4层),平层,南,一梯四户,简装,未知,砖混结构,无,,https://sh.lianjia.com/ershoufang/107100062179.html
浦东,塘桥,塘桥小区,内环内,230,55104,2室1厅1厨1卫,41.74O,高楼层 (共5层),平层,南,一梯六户,简装,未知,砖混结构,无,,https://sh.lianjia.com/ershoufang/107101060005.html
浦东,塘桥,东方城市花园(二期),内环至中环,1150,70857,3室2厅1厨2卫,162.3O,高楼层 (共30层),暂无数据,南,两梯三户,毛坯,70年,钢混结构,有,,https://sh.lianjia.com/ershoufang/107101497458.html
浦东,塘桥,东方城市花园(二期),内环至中环,830,68184,2室2厅1厨2卫,121.73O,中楼层 (共24层),平层,南,两梯三户,精装,70年,钢混结构,有,,https://sh.lianjia.com/ershoufang/107101122728.html
浦东,塘桥,峨山小区,内环内,210,61512,1室1厅1厨1卫,34.14O,高楼层 (共6层),暂无数据,南,一梯四户,简装,未知,砖混结构,无,,https://sh.lianjia.com/ershoufang/107101080272.html
浦东,塘桥,中远行家,内环内,355,69759,1室1厅1厨1卫,50.89O,中楼层 (共28层),平层,南,四梯十二户,精装,70年,钢混结构,有,,https://sh.lianjia.com/ershoufang/107101079863.html
浦东,塘桥,海富花园,内环内,740,55398,2室2厅1厨2卫,133.58O,高楼层 (共25层),平层,南,两梯三户,精装,70年,钢混结构,有,,https://sh.lianjia.com/ershoufang/107101248016.html
浦东,塘桥,仁恒广场,内环内,830,72629,2室1厅1厨1卫,114.28O,高楼层 (共18层),暂无数据,西南,两梯六户,简装,未知,钢混结构,有,,https://sh.lianjia.com/ershoufang/107101218404.html
浦东,塘桥,蓝村小区,内环内,365,63589,2室1厅1厨1卫,57.4O,中楼层 (共6层),平层,南,一梯四户,精装,70年,砖混结构,无,,https://sh.lianjia.com/ershoufang/107101137812.html
浦东,塘桥,怡东花园(公寓),内环内,1190,87869,3室2厅1厨2卫,135.43O,高楼层 (共13层),平层,南 北,一梯两户,精装,未知,钢混结构,有,,https://sh.lianjia.com/ershoufang/107101452913.html
浦东,塘桥,贵龙园,内环内,920,73654,3室2厅1厨1卫,124.91O,高楼层 (共18层),平层,南 北,一梯三户,精装,未知,钢混结构,有,,https://sh.lianjia.com/ershoufang/107101434597.html
浦东,塘桥,国信世纪海景,内环内,2260,111821,3室2厅2厨2卫,202.11O,中楼层 (共35层),平层,南,三梯两户,精装,未知,钢混结构,有,,https://sh.lianjia.com/ershoufang/107101189924.html
浦东,塘桥,九龙仓滨江壹十八,内环内,2800,118645,4室2厅1厨3卫,236O,低楼层 (共18层),暂无数据,南 北,两梯两户,精装,70年,钢混结构,有,,https://sh.lianjia.com/ershoufang/107101036804.html
浦东,塘桥,蓝高小区,内环内,308,64897,1室1厅1厨1卫,47.46O,中楼层 (共6层),平层,南,一梯四户,精装,70年,砖混结构,无,,https://sh.lianjia.com/ershoufang/107002273393.html
浦东,塘桥,塘东小区,内环内,250,57617,2室0厅1厨1卫,43.39O,高楼层 (共6层),平层,南 北,一梯四户,毛坯,70年,砖混结构,无,,https://sh.lianjia.com/ershoufang/107101342117.html
浦东,塘桥,西邱小区,内环内,300,58905,2室1厅1厨1卫,50.93O,高楼层 (共6层),平层,南 北,一梯三户,简装,未知,砖混结构,无,,https://sh.lianjia.com/ershoufang/107100581446.html
浦东,塘桥,南泉小区,内环内,265,54304,2室1厅1厨1卫,48.8O,高楼层 (共6层),平层,南,一梯四户,简装,未知,砖混结构,无,,https://sh.lianjia.com/ershoufang/107001853781.html
浦东,塘桥,蓝村小区,内环内,242,63518,1室1厅1厨1卫,38.1O,中楼层 (共6层),平层,南 北,一梯四户,简装,未知,砖混结构,无,,https://sh.lianjia.com/ershoufang/107101338983.html
浦东,塘桥,金浦小区(塘桥),内环内,345,54408,2室1厅1厨1卫,63.41O,高楼层 (共6层),平层,南,一梯四户,简装,70年,砖混结构,无,,https://sh.lianjia.com/ershoufang/107100869780.html
浦东,塘桥,塘东小区,内环内,380,65722,3室1厅1厨2卫,57.82O,低楼层 (共18层),平层,东南,两梯八户,精装,70年,钢混结构,有,,https://sh.lianjia.com/ershoufang/107101042454.html
浦东,塘桥,贵龙园,内环内,817,79973,2室2厅1厨1卫,102.16O,低楼层 (共18层),暂无数据,南 北,一梯三户,精装,未知,钢混结构,有,,https://sh.lianjia.com/ershoufang/107101507483.html
浦东,塘桥,蓝村大厦,内环内,720,46240,3室2厅1厨2卫,155.71O,高楼层 (共28层),暂无数据,南,两梯六户,简装,70年,钢混结构,有,,https://sh.lianjia.com/ershoufang/107101408313.html
浦东,塘桥,峨山小区,内环内,313,60777,2室1厅1厨1卫,51.5O,高楼层 (共6层),平层,南,一梯三户,精装,未知,砖混结构,无,,https://sh.lianjia.com/ershoufang/107100660393.html
浦东,塘桥,塘桥小区,内环内,172,59827,1室0厅1厨1卫,28.75O,中楼层 (共5层),暂无数据,南,一梯六户,精装,未知,砖混结构,无,,https://sh.lianjia.com/ershoufang/107101016387.html
浦东,塘桥,中远行家,内环内,490,67124,1室1厅1厨1卫,73O,低楼层 (共28层),平层,南,四梯十二户,简装,70年,钢混结构,有,,https://sh.lianjia.com/ershoufang/107101433148.html
浦东,塘桥,宁阳小区,内环内,180,65622,1室0厅0厨1卫,27.43O,中楼层 (共6层),平层,南,一梯五户,简装,70年,砖混结构,无,,https://sh.lianjia.com/ershoufang/107101438213.html
浦东,塘桥,康乐花园(浦东),内环内,550,64913,2室2厅1厨1卫,84.73O,高楼层 (共6层),平层,南,一梯两户,简装,未知,钢混结构,无,,https://sh.lianjia.com/ershoufang/107100942192.html
浦东,塘桥,东方城市花园(二期),内环至中环,810,68401,2室2厅1厨2卫,118.42O,低楼层 (共14层),平层,南 北,一梯两户,精装,70年,钢混结构,有,,https://sh.lianjia.com/ershoufang/107100341942.html
浦东,塘桥,峨山小区,内环内,200,63012,1室1厅1厨1卫,31.74O,低楼层 (共6层),平层,南,一梯四户,简装,70年,砖混结构,无,,https://sh.lianjia.com/ershoufang/107101428816.html
浦东,塘桥,国地公寓,内环内,860,54771,3室2厅1厨2卫,157.02O,高楼层 (共6层),复式,南,一梯两户,精装,未知,砖混结构,无,,https://sh.lianjia.com/ershoufang/107100482588.html
浦东,塘桥,怡东花园(公寓),内环内,1120,79360,3室2厅1厨2卫,141.13O,中楼层 (共12层),平层,南 北,一梯两户,精装,未知,钢混结构,有,,https://sh.lianjia.com/ershoufang/107101502614.html
浦东,塘桥,文兰小区,内环内,430,64526,2室2厅1厨1卫,66.64O,低楼层 (共6层),平层,东南,一梯四户,精装,70年,砖混结构,无,,https://sh.lianjia.com/ershoufang/107101200220.html
浦东,塘桥,海富花园,内环内,1040,54187,4室2厅1厨2卫,191.93O,高楼层 (共21层),暂无数据,南 北,两梯五户,其他,70年,钢混结构,有,,https://sh.lianjia.com/ershoufang/107100801124.html
浦东,塘桥,怡东花园(公寓),内环内,1480,84134,4室3厅1厨3卫,175.91O,低楼层 (共12层),暂无数据,南 北,一梯两户,精装,未知,钢混结构,有,,https://sh.lianjia.com/ershoufang/107101497698.html
浦东,塘桥,鹏欣家园,内环至中环,380,63952,1室1厅1厨1卫,59.42O,高楼层 (共6层),平层,南,一梯两户,精装,未知,砖混结构,无,,https://sh.lianjia.com/ershoufang/107002314169.html
浦东,塘桥,中远行家,内环内,460,70165,1室1厅1厨1卫,65.56O,中楼层 (共28层),平层,南,四梯十二户,简装,70年,钢混结构,有,,https://sh.lianjia.com/ershoufang/107101184948.html
浦东,塘桥,九龙仓滨江壹十八,内环内,2700,114407,4室2厅1厨3卫,236O,中楼层 (共18层),平层,南,两梯两户,精装,70年,钢混结构,有,,https://sh.lianjia.com/ershoufang/107101375036.html
浦东,塘桥,南泉小区,内环内,189,53195,2室0厅1厨1卫,35.53O,高楼层 (共6层),平层,南,一梯四户,简装,70年,砖混结构,无,,https://sh.lianjia.com/ershoufang/107101312399.html
浦东,塘桥,东方城市花园(一期),内环内,870,77108,2室2厅1厨2卫,112.83O,低楼层 (共16层),暂无数据,南 北,一梯两户,精装,未知,钢混结构,有,,https://sh.lianjia.com/ershoufang/107101266048.html
浦东,塘桥,鹏欣家园,内环至中环,960,45715,4室3厅1厨3卫,210O,高楼层 (共6层),暂无数据,南 北,一梯两户,毛坯,未知,砖混结构,无,,https://sh.lianjia.com/ershoufang/107101134029.html
浦东,塘桥,南泉路1319号,内环内,235,64033,1室1厅1厨1卫,36.7O,高楼层 (共6层),暂无数据,南,一梯五户,其他,未知,砖混结构,无,,https://sh.lianjia.com/ershoufang/107100936224.html
浦东,塘桥,东方城市花园(二期),内环至中环,960,67411,3室2厅1厨2卫,142.41O,低楼层 (共14层),平层,南,一梯两户,精装,70年,钢混结构,有,,https://sh.lianjia.com/ershoufang/107101434305.html
浦东,塘桥,仁恒广场,内环内,610,66442,2室1厅1厨1卫,91.81O,低楼层 (共18层),平层,西南,两梯六户,精装,未知,钢混结构,有,,https://sh.lianjia.com/ershoufang/107101200650.html
浦东,塘桥,峨山小区,内环内,205,62386,1室1厅1厨1卫,32.86O,高楼层 (共6层),平层,南,一梯五户,精装,未知,砖混结构,无,,https://sh.lianjia.com/ershoufang/107100760264.html
浦东,塘桥,君誉江畔,内环内,280,51405,1室1厅1厨1卫,54.47O,中楼层 (共27层),暂无数据,南,一梯二十四户,精装,50年,未知结构,暂无数据,,https://sh.lianjia.com/ershoufang/107001333217.html
浦东,塘桥,君誉江畔,内环内,350,64924,1室1厅1厨1卫,53.91O,低楼层 (共27层),暂无数据,东南,一梯二十四户,精装,50年,未知结构,暂无数据,,https://sh.lianjia.com/ershoufang/107101266143.html
浦东,塘桥,浦建小区,内环内,320,62733,2室1厅1厨1卫,51.01O,中楼层 (共5层),平层,南,一梯五户,简装,未知,砖混结构,无,,https://sh.lianjia.com/ershoufang/107101202499.html
浦东,塘桥,国信世纪海景,内环内,2200,93343,3室2厅1厨3卫,235.69O,中楼层 (共35层),平层,东南,三梯两户,精装,70年,钢混结构,有,,https://sh.lianjia.com/ershoufang/107100844165.html
浦东,塘桥,东方城市花园(一期),内环内,1110,83434,3室2厅1厨2卫,133.04O,低楼层 (共11层),平层,南 北,一梯两户,其他,未知,钢混结构,有,,https://sh.lianjia.com/ershoufang/107101428729.html
浦东,塘桥,蓝村大厦,内环内,600,42198,4室1厅0厨1卫,142.19O,高楼层 (共28层),平层,东 北,两梯六户,简装,70年,钢混结构,有,,https://sh.lianjia.com/ershoufang/107101494150.html
浦东,塘桥,东方城市花园(一期),内环内,1500,77396,4室2厅1厨3卫,193.81O,高楼层 (共11层),暂无数据,南 北,一梯两户,精装,未知,钢混结构,有,,https://sh.lianjia.com/ershoufang/107100057913.html
浦东,塘桥,怡东花园(公寓),内环内,1138,82345,3室2厅1厨2卫,138.2O,中楼层 (共11层),平层,南 北,一梯两户,精装,未知,钢混结构,有,,https://sh.lianjia.com/ershoufang/107100626939.html
浦东,塘桥,蓝高小区,内环内,250,60976,1室1厅1厨1卫,41O,低楼层 (共6层),平层,南,一梯六户,其他,70年,砖混结构,无,,https://sh.lianjia.com/ershoufang/107101361802.html
浦东,塘桥,众城商厦,内环内,631,39995,3室2厅1厨2卫,157.77O,中楼层 (共15层),平层,南,一梯三户,其他,70年,钢混结构,暂无数据,,https://sh.lianjia.com/ershoufang/107101320655.html
浦东,塘桥,东方城市花园(一期),内环内,870,76632,2室2厅1厨2卫,113.53O,低楼层 (共11层),平层,南,一梯两户,精装,未知,钢混结构,有,,https://sh.lianjia.com/ershoufang/107101497807.html
浦东,塘桥,文兰小区,内环内,368,61161,2室1厅1厨1卫,60.17O,高楼层 (共6层),暂无数据,南,一梯三户,简装,70年,砖混结构,无,,https://sh.lianjia.com/ershoufang/107101489728.html
浦东,塘桥,景瑞尚滨江,内环内,1750,150863,2室2厅1厨2卫,116O,中楼层 (共24层),平层,南,三梯五户,其他,70年,钢混结构,有,,https://sh.lianjia.com/ershoufang/107101479706.html
浦东,塘桥,微山二村,内环内,288,61671,2室1厅1厨1卫,46.7O,高楼层 (共6层),平层,南,一梯四户,精装,未知,砖混结构,无,,https://sh.lianjia.com/ershoufang/107101203214.html
浦东,塘桥,峨山小区,内环内,305,65677,2室1厅1厨1卫,46.44O,中楼层 (共6层),平层,南 北,一梯三户,精装,70年,砖混结构,无,,https://sh.lianjia.com/ershoufang/107101296229.html
浦东,塘桥,海运新村,内环内,325,61321,1室1厅1厨1卫,53O,中楼层 (共18层),平层,南,一梯八户,精装,未知,钢混结构,暂无数据,,https://sh.lianjia.com/ershoufang/107101354780.html
浦东,塘桥,东方汇景苑,内环内,800,72274,2室2厅1厨1卫,110.69O,低楼层 (共17层),暂无数据,南,一梯两户,精装,未知,钢混结构,有,,https://sh.lianjia.com/ershoufang/107101050437.html
浦东,塘桥,九龙仓滨江壹十八,内环内,4200,115132,5室2厅1厨3卫,364.8O,中楼层 (共17层),平层,南,两梯两户,精装,70年,钢混结构,有,,https://sh.lianjia.com/ershoufang/107100983479.html
浦东,塘桥,海富花园,内环内,1090,57896,3室2厅1厨1卫,188.27O,低楼层 (共25层),平层,南,两梯五户,其他,70年,钢混结构,有,,https://sh.lianjia.com/ershoufang/107100550673.html
浦东,塘桥,蓝高小区,内环内,290,61105,1室1厅1厨1卫,47.46O,高楼层 (共6层),暂无数据,南,一梯四户,精装,70年,砖混结构,无,,https://sh.lianjia.com/ershoufang/107101117228.html
浦东,塘桥,东方城市花园(二期),内环至中环,760,63355,2室2厅1厨2卫,119.96O,低楼层 (共14层),平层,南,一梯两户,精装,70年,钢混结构,有,,https://sh.lianjia.com/ershoufang/107101510723.html
浦东,塘桥,东方城市花园(二期),内环至中环,1460,73682,4室2厅0厨3卫,198.15O,高楼层 (共30层),暂无数据,南,两梯两户,精装,70年,钢混结构,有,,https://sh.lianjia.com/ershoufang/107101446805.html
浦东,塘桥,峨海小区,内环内,474,76886,2室1厅1厨1卫,61.65O,高楼层 (共6层),平层,南,一梯三户,精装,未知,砖混结构,无,,https://sh.lianjia.com/ershoufang/107101157679.html
浦东,塘桥,东方城市花园(二期),内环至中环,620,79234,1室2厅1厨1卫,78.25O,高楼层 (共24层),平层,南,两梯四户,精装,70年,钢混结构,有,,https://sh.lianjia.com/ershoufang/107101163199.html
浦东,塘桥,东方城市花园(二期),内环至中环,1050,64871,3室2厅1厨2卫,161.86O,低楼层 (共30层),平层,南,两梯三户,精装,70年,钢混结构,有,,https://sh.lianjia.com/ershoufang/107100967378.html
浦东,塘桥,文兰小区,内环内,268,67831,1室1厅1厨1卫,39.51O,中楼层 (共6层),平层,南,一梯三户,精装,70年,砖混结构,无,,https://sh.lianjia.com/ershoufang/107101243647.html
浦东,塘桥,仁恒广场,内环内,545,67560,2室1厅1厨1卫,80.67O,低楼层 (共21层),平层,东北,两梯八户,简装,未知,钢混结构,有,,https://sh.lianjia.com/ershoufang/107100083517.html
浦东,塘桥,南泉小区,内环内,380,59524,3室1厅1厨1卫,63.84O,高楼层 (共6层),暂无数据,南,一梯三户,简装,未知,砖混结构,无,,https://sh.lianjia.com/ershoufang/107101360465.html
浦东,塘桥,国信世纪海景,内环内,2100,89089,3室2厅1厨3卫,235.72O,中楼层 (共35层),平层,南,三梯两户,精装,未知,钢混结构,有,,https://sh.lianjia.com/ershoufang/107101214241.html
浦东,塘桥,茂兴大厦,内环内,603,67458,3室1厅1厨1卫,89.39O,中楼层 (共24层),平层,东,两梯八户,简装,未知,钢混结构,有,,https://sh.lianjia.com/ershoufang/107101438011.html
浦东,塘桥,中远行家,内环内,470,60944,1室1厅1厨1卫,77.12O,高楼层 (共28层),暂无数据,东南,四梯七户,精装,70年,钢混结构,有,,https://sh.lianjia.com/ershoufang/107101263633.html
浦东,塘桥,雍江星座香园,内环内,600,83138,2室2厅1厨1卫,72.17O,中楼层 (共5层),暂无数据,南,一梯两户,精装,未知,钢混结构,无,,https://sh.lianjia.com/ershoufang/107101459476.html
浦东,塘桥,微山新村,内环内,220,54028,1室1厅1厨1卫,40.72O,低楼层 (共5层),平层,南,一梯五户,简装,未知,砖混结构,无,,https://sh.lianjia.com/ershoufang/107101411687.html
浦东,塘桥,金浦小区(塘桥),内环内,539,69964,2室2厅1厨1卫,77.04O,低楼层 (共6层),平层,南,一梯三户,精装,70年,砖混结构,无,,https://sh.lianjia.com/ershoufang/107101424257.html
浦东,塘桥,海运新村,内环内,350,54662,2室1厅1厨1卫,64.03O,中楼层 (共18层),暂无数据,西南,一梯八户,简装,未知,钢混结构,暂无数据,,https://sh.lianjia.com/ershoufang/107100639833.html
浦东,塘桥,中远行家,内环内,450,68640,1室1厅1厨1卫,65.56O,中楼层 (共28层),平层,南,四梯十二户,精装,70年,钢混结构,有,,https://sh.lianjia.com/ershoufang/107101040021.html
浦东,塘桥,蓝高小区,内环内,380,67918,2室1厅1厨1卫,55.95O,中楼层 (共6层),暂无数据,南,一梯两户,简装,70年,砖混结构,无,,https://sh.lianjia.com/ershoufang/107101449741.html
浦东,塘桥,东南华庭,内环内,1300,63129,4室2厅1厨3卫,205.93O,低楼层 (共29层),暂无数据,南,两梯八户,精装,未知,钢混结构,有,,https://sh.lianjia.com/ershoufang/107101154152.html
浦东,塘桥,仁恒广场,内环内,850,53870,3室2厅1厨2卫,157.79O,高楼层 (共18层),暂无数据,南,两梯六户,简装,未知,钢混结构,有,,https://sh.lianjia.com/ershoufang/107100751752.html
浦东,塘桥,浦东南路2141弄,内环内,360,53051,2室1厅1厨1卫,67.86O,高楼层 (共6层),平层,南,一梯四户,精装,未知,砖混结构,无,,https://sh.lianjia.com/ershoufang/107101456432.html
浦东,塘桥,蓝村小区,内环内,235,63037,1室1厅1厨1卫,37.28O,高楼层 (共6层),平层,南,一梯四户,精装,70年,砖混结构,无,,https://sh.lianjia.com/ershoufang/107101321964.html
浦东,塘桥,宏润公寓,内环内,1030,77195,3室2厅1厨1卫,133.43O,低楼层 (共11层),平层,南,一梯两户,简装,未知,钢混结构,有,,https://sh.lianjia.com/ershoufang/107101085328.html
浦东,塘桥,中远行家,内环内,450,58351,1室1厅1厨1卫,77.12O,低楼层 (共28层),平层,东南,四梯十二户,精装,70年,钢混结构,有,,https://sh.lianjia.com/ershoufang/107101268963.html
浦东,塘桥,港驳小区,内环内,248,58436,1室1厅1厨1卫,42.44O,高楼层 (共6层),平层,南,一梯四户,简装,70年,砖混结构,无,,https://sh.lianjia.com/ershoufang/107101157486.html
浦东,塘桥,微山二村,内环内,295,58382,2室1厅1厨1卫,50.53O,高楼层 (共6层),平层,南,一梯四户,简装,未知,砖混结构,无,,https://sh.lianjia.com/ershoufang/107101405881.html
浦东,塘桥,山泉花苑,内环内,995,76135,3室2厅1厨2卫,130.69O,低楼层 (共6层),平层,南,一梯两户,精装,70年,钢混结构,无,,https://sh.lianjia.com/ershoufang/107101161511.html
浦东,塘桥,宁阳小区,内环内,228,57766,2室0厅1厨1卫,39.47O,高楼层 (共7层),平层,南,一梯三户,精装,70年,钢混结构,无,,https://sh.lianjia.com/ershoufang/107100852018.html
浦东,塘桥,西邱小区,内环内,298,59221,2室0厅1厨1卫,50.32O,高楼层 (共6层),暂无数据,南,一梯三户,精装,未知,砖混结构,无,,https://sh.lianjia.com/ershoufang/107100202246.html
浦东,塘桥,蓝高小区,内环内,375,66917,2室1厅1厨1卫,56.04O,高楼层 (共6层),平层,南,一梯四户,精装,70年,钢混结构,无,,https://sh.lianjia.com/ershoufang/107101283430.html
浦东,塘桥,峨山小区,内环内,220,57895,1室0厅1厨1卫,38O,高楼层 (共6层),平层,南,一梯三户,精装,70年,砖混结构,无,,https://sh.lianjia.com/ershoufang/107101321353.html
浦东,塘桥,九龙仓滨江壹十八,内环内,3350,141351,3室2厅1厨3卫,237O,中楼层 (共18层),暂无数据,南,两梯两户,精装,70年,钢混结构,有,,https://sh.lianjia.com/ershoufang/107101397809.html
浦东,塘桥,欣晟家园,内环内,690,78849,2室2厅1厨1卫,87.51O,中楼层 (共5层),暂无数据,南,一梯两户,简装,未知,钢混结构,无,,https://sh.lianjia.com/ershoufang/107101386292.html
浦东,塘桥,峨海小区,内环内,475,75940,2室1厅1厨1卫,62.55O,高楼层 (共6层),平层,南 北,一梯两户,精装,未知,砖混结构,无,,https://sh.lianjia.com/ershoufang/107101038948.html
浦东,塘桥,宁阳小区,内环内,280,60936,2室0厅1厨1卫,45.95O,低楼层 (共6层),平层,北,一梯三户,精装,70年,砖混结构,无,,https://sh.lianjia.com/ershoufang/107101326567.html
浦东,塘桥,海运新村,内环内,289,58033,2室0厅1厨1卫,49.8O,高楼层 (共6层),平层,南,一梯三户,简装,未知,砖混结构,无,,https://sh.lianjia.com/ershoufang/107000329249.html
浦东,塘桥,金浦小区(塘桥),内环内,580,65301,2室1厅1厨1卫,88.82O,中楼层 (共6层),平层,南,一梯两户,精装,70年,砖混结构,无,,https://sh.lianjia.com/ershoufang/107101312580.html
浦东,塘桥,微山三村,内环内,310,66099,1室1厅1厨1卫,46.9O,低楼层 (共6层),平层,南,一梯四户,简装,70年,砖混结构,无,,https://sh.lianjia.com/ershoufang/107101476736.html
浦东,塘桥,蓝村小区,内环内,224,65922,1室1厅0厨1卫,33.98O,中楼层 (共6层),平层,南,一梯四户,精装,未知,砖混结构,无,,https://sh.lianjia.com/ershoufang/107101239570.html
浦东,塘桥,南泉小区,内环内,237,66874,1室1厅1厨1卫,35.44O,中楼层 (共6层),平层,南,一梯四户,精装,70年,砖混结构,无,,https://sh.lianjia.com/ershoufang/107100715129.html
浦东,塘桥,君誉江畔,内环内,300,54437,1室1厅1厨1卫,55.11O,中楼层 (共27层),暂无数据,西南,一梯二十四户,其他,50年,未知结构,暂无数据,,https://sh.lianjia.com/ershoufang/107101242557.html
浦东,塘桥,仁恒广场,内环内,890,58170,3室2厅1厨2卫,153O,高楼层 (共18层),平层,南,两梯六户,简装,未知,钢混结构,有,,https://sh.lianjia.com/ershoufang/107101359480.html
浦东,塘桥,金龙东苑,内环内,1050,68588,3室2厅1厨2卫,153.09O,高楼层 (共10层),暂无数据,南,一梯两户,精装,未知,钢混结构,有,,https://sh.lianjia.com/ershoufang/107101319043.html
浦东,塘桥,中远行家,内环内,660,74016,2室2厅1厨1卫,89.17O,高楼层 (共28层),暂无数据,南,四梯七户,精装,70年,钢混结构,有,,https://sh.lianjia.com/ershoufang/107101406636.html
浦东,塘桥,蓝村小区,内环内,305,65677,2室1厅1厨1卫,46.44O,高楼层 (共6层),平层,南 北,一梯三户,精装,未知,砖混结构,无,,https://sh.lianjia.com/ershoufang/107100255174.html
浦东,塘桥,宁阳小区,内环内,167,54737,1室1厅1厨1卫,30.51O,低楼层 (共6层),平层,北,一梯四户,简装,70年,砖混结构,无,,https://sh.lianjia.com/ershoufang/107100831676.html
浦东,塘桥,仁恒广场,内环内,650,55447,2室2厅1厨1卫,117.23O,低楼层 (共18层),平层,西南,两梯六户,简装,未知,钢混结构,有,,https://sh.lianjia.com/ershoufang/107101178737.html
浦东,塘桥,东源大厦,内环内,599,59307,2室1厅1厨1卫,101O,低楼层 (共28层),平层,南 北,两梯七户,简装,未知,钢混结构,有,,https://sh.lianjia.com/ershoufang/107100844625.html
浦东,塘桥,蓝村大厦,内环内,630,42499,4室1厅0厨1卫,148.24O,高楼层 (共28层),平层,北,两梯六户,简装,70年,钢混结构,有,,https://sh.lianjia.com/ershoufang/107101494139.html
浦东,塘桥,方圆公寓,内环内,900,72476,3室2厅1厨2卫,124.18O,高楼层 (共11层),暂无数据,南 北,一梯两户,精装,未知,钢混结构,有,,https://sh.lianjia.com/ershoufang/107100486995.html
浦东,塘桥,蓝高小区,内环内,268,61062,1室1厅1厨1卫,43.89O,高楼层 (共6层),平层,南,一梯六户,精装,70年,砖混结构,无,,https://sh.lianjia.com/ershoufang/107101499625.html
浦东,塘桥,东方城市花园(二期),内环至中环,795,65535,2室2厅1厨2卫,121.31O,低楼层 (共24层),平层,南,两梯四户,精装,70年,钢混结构,有,,https://sh.lianjia.com/ershoufang/107101481033.html
浦东,塘桥,峨山小区,内环内,230,60527,1室0厅1厨1卫,38O,高楼层 (共6层),暂无数据,南 北,一梯四户,精装,70年,砖混结构,无,,https://sh.lianjia.com/ershoufang/107002112601.html
浦东,塘桥,家化滨江苑,内环内,1620,86757,3室2厅1厨2卫,186.73O,中楼层 (共33层),平层,南,两梯四户,精装,70年,钢混结构,有,,https://sh.lianjia.com/ershoufang/107000404151.html
浦东,塘桥,塘桥小区,内环内,260,57332,2室1厅1厨1卫,45.35O,中楼层 (共5层),暂无数据,南,一梯六户,其他,未知,砖混结构,无,,https://sh.lianjia.com/ershoufang/107101437583.html
浦东,塘桥,澳丽花园,内环内,980,78982,3室2厅1厨2卫,124.08O,低楼层 (共11层),平层,南,一梯两户,精装,未知,钢混结构,有,,https://sh.lianjia.com/ershoufang/107101007334.html
浦东,塘桥,微山二村,内环内,289,61779,2室1厅1厨1卫,46.78O,高楼层 (共6层),平层,南,一梯四户,简装,未知,砖混结构,无,,https://sh.lianjia.com/ershoufang/107100408372.html
浦东,塘桥,贵龙园,内环内,850,69896,2室2厅1厨2卫,121.61O,高楼层 (共17层),平层,南 北,一梯三户,精装,未知,钢混结构,有,,https://sh.lianjia.com/ershoufang/107101398693.html
浦东,塘桥,东方城市花园(二期),内环至中环,999,65850,3室2厅1厨2卫,151.71O,高楼层 (共31层),平层,南 北,两梯三户,精装,70年,钢混结构,有,,https://sh.lianjia.com/ershoufang/107101402563.html
浦东,塘桥,南泉公寓,内环内,190,57023,1室1厅1厨1卫,33.32O,高楼层 (共6层),平层,南,一梯四户,精装,70年,砖混结构,无,,https://sh.lianjia.com/ershoufang/107101250673.html
浦东,塘桥,南泉小区,内环内,190,61133,1室0厅1厨1卫,31.08O,高楼层 (共6层),平层,南,一梯四户,简装,未知,砖混结构,无,,https://sh.lianjia.com/ershoufang/107101204188.html
浦东,塘桥,国地公寓,内环内,530,63066,2室1厅1厨1卫,84.04O,低楼层 (共6层),暂无数据,南,一梯两户,简装,未知,砖混结构,无,,https://sh.lianjia.com/ershoufang/107100835720.html
浦东,塘桥,浦江海景,内环内,1100,90098,2室2厅1厨2卫,122.09O,高楼层 (共20层),平层,南,两梯三户,精装,70年,钢混结构,有,,https://sh.lianjia.com/ershoufang/107101127996.html
浦东,塘桥,仁恒广场,内环内,730,71830,3室2厅1厨1卫,101.63O,中楼层 (共23层),平层,东南,两梯六户,其他,未知,钢混结构,有,,https://sh.lianjia.com/ershoufang/107100607447.html
浦东,塘桥,乔顿花园,内环内,930,70691,3室2厅1厨2卫,131.56O,高楼层 (共6层),平层,南,一梯两户,精装,未知,钢混结构,无,,https://sh.lianjia.com/ershoufang/107101107241.html
浦东,塘桥,九龙仓滨江壹十八,内环内,2800,117648,4室2厅1厨3卫,238O,中楼层 (共18层),平层,南,两梯两户,精装,70年,钢混结构,有,,https://sh.lianjia.com/ershoufang/107101448563.html
浦东,塘桥,港驳小区,内环内,340,65549,2室1厅1厨1卫,51.87O,高楼层 (共6层),平层,南,一梯四户,精装,70年,砖混结构,无,,https://sh.lianjia.com/ershoufang/107101449586.html
浦东,塘桥,茂兴大厦,内环内,540,69222,2室1厅1厨1卫,78.01O,高楼层 (共24层),平层,南,两梯八户,简装,未知,钢混结构,有,,https://sh.lianjia.com/ershoufang/107101431479.html
浦东,塘桥,君誉江畔,内环内,330,64580,1室1厅1厨1卫,51.1O,高楼层 (共27层),暂无数据,西南,一梯二十四户,精装,50年,未知结构,暂无数据,,https://sh.lianjia.com/ershoufang/107100228214.html
浦东,塘桥,君誉江畔,内环内,380,70059,1室1厅1厨1卫,54.24O,高楼层 (共27层),暂无数据,南,一梯二十四户,其他,50年,未知结构,暂无数据,,https://sh.lianjia.com/ershoufang/107101406338.html
浦东,塘桥,东源大厦,内环内,825,59992,3室2厅1厨1卫,137.52O,低楼层 (共28层),平层,南,两梯七户,精装,未知,钢混结构,有,,https://sh.lianjia.com/ershoufang/107100681751.html
浦东,塘桥,家化滨江苑,内环内,1860,77073,4室2厅1厨2卫,241.33O,高楼层 (共33层),平层,南,两梯四户,简装,70年,钢混结构,有,,https://sh.lianjia.com/ershoufang/107100375274.html
浦东,塘桥,东方城市花园(二期),内环至中环,820,67214,2室2厅1厨2卫,122O,低楼层 (共14层),平层,南,一梯两户,简装,70年,钢混结构,有,,https://sh.lianjia.com/ershoufang/107101028422.html
浦东,塘桥,航运小区,内环内,225,58397,1室1厅0厨1卫,38.53O,高楼层 (共6层),平层,南,一梯五户,其他,未知,砖混结构,无,,https://sh.lianjia.com/ershoufang/107101404011.html
浦东,塘桥,新都花园,内环内,800,79977,2室2厅1厨1卫,100.03O,中楼层 (共14层),平层,南,一梯两户,精装,未知,钢混结构,有,,https://sh.lianjia.com/ershoufang/107101064759.html
浦东,塘桥,南泉小区,内环内,383,59994,2室2厅1厨1卫,63.84O,高楼层 (共6层),平层,南,一梯三户,精装,未知,砖混结构,无,,https://sh.lianjia.com/ershoufang/107100686088.html
浦东,塘桥,鹏欣家园,内环至中环,450,63461,2室1厅1厨1卫,70.91O,中楼层 (共6层),平层,南,一梯两户,精装,未知,砖混结构,无,,https://sh.lianjia.com/ershoufang/107101321369.html
浦东,塘桥,海富花园,内环内,740,51967,2室2厅1厨2卫,142.4O,低楼层 (共21层),暂无数据,东南,两梯五户,精装,70年,钢混结构,有,,https://sh.lianjia.com/ershoufang/107000738783.html
浦东,塘桥,塘桥小区,内环内,200,58106,1室1厅1厨1卫,34.42O,中楼层 (共5层),暂无数据,南,一梯六户,简装,未知,砖混结构,无,,https://sh.lianjia.com/ershoufang/107001597543.html
浦东,塘桥,金浦小区(塘桥),内环内,305,63161,2室1厅1厨1卫,48.29O,中楼层 (共6层),平层,南,一梯四户,精装,未知,砖混结构,无,,https://sh.lianjia.com/ershoufang/107100011590.html
浦东,塘桥,山泉花苑,内环内,938,77502,2室2厅1厨2卫,121.03O,低楼层 (共11层),平层,南,一梯两户,精装,未知,钢混结构,有,,https://sh.lianjia.com/ershoufang/107101403369.html
浦东,塘桥,仁恒广场,内环内,680,57628,3室2厅1厨1卫,118O,低楼层 (共21层),平层,东南 西南 东北,两梯八户,简装,未知,钢混结构,有,,https://sh.lianjia.com/ershoufang/107101035494.html
浦东,塘桥,峨山小区,内环内,205,59010,1室1厅1厨1卫,34.74O,高楼层 (共6层),平层,南,一梯四户,精装,未知,砖混结构,无,,https://sh.lianjia.com/ershoufang/107101019264.html
浦东,塘桥,浦东南路2141弄,内环内,325,52598,2室1厅1厨1卫,61.79O,高楼层 (共6层),平层,南 北,一梯四户,简装,未知,砖混结构,无,,https://sh.lianjia.com/ershoufang/107100674633.html
浦东,塘桥,浦建小区,内环内,265,57622,1室1厅1厨1卫,45.99O,高楼层 (共6层),暂无数据,南,一梯六户,精装,未知,砖混结构,无,,https://sh.lianjia.com/ershoufang/107101505355.html
浦东,塘桥,怡东花园(公寓),内环内,880,81595,2室2厅1厨2卫,107.85O,高楼层 (共12层),平层,南 北,一梯两户,精装,未知,钢混结构,有,,https://sh.lianjia.com/ershoufang/107101392487.html
浦东,塘桥,家化滨江苑,内环内,1850,75155,3室2厅1厨2卫,246.16O,低楼层 (共33层),平层,南 北,两梯四户,精装,70年,钢混结构,有,,https://sh.lianjia.com/ershoufang/107101112451.html
浦东,塘桥,微山新村,内环内,200,63857,1室1厅1厨1卫,31.32O,中楼层 (共5层),平层,南,一梯四户,简装,未知,砖混结构,无,,https://sh.lianjia.com/ershoufang/107100959035.html
浦东,塘桥,中远行家,内环内,355,69759,1室1厅1厨1卫,50.89O,中楼层 (共28层),平层,南,四梯十二户,精装,70年,钢混结构,有,,https://sh.lianjia.com/ershoufang/107101420542.html
浦东,塘桥,东方汇景苑,内环内,830,73719,2室2厅1厨1卫,112.59O,低楼层 (共9层),平层,南,一梯两户,精装,未知,钢混结构,有,,https://sh.lianjia.com/ershoufang/107101442041.html
浦东,塘桥,新都花园,内环内,580,67442,2室2厅1厨1卫,86O,中楼层 (共30层),暂无数据,东南,三梯六户,其他,未知,钢混结构,有,,https://sh.lianjia.com/ershoufang/107101476996.html
浦东,塘桥,欣晟家园,内环内,920,68295,3室2厅1厨2卫,134.71O,高楼层 (共11层),平层,南,一梯两户,精装,未知,钢混结构,有,,https://sh.lianjia.com/ershoufang/107101119269.html
浦东,塘桥,宁阳小区,内环内,275,55815,2室1厅1厨1卫,49.27O,低楼层 (共6层),平层,南,一梯四户,简装,70年,砖混结构,无,,https://sh.lianjia.com/ershoufang/107101506603.html
浦东,塘桥,鹏欣家园,内环至中环,865,57002,3室2厅1厨2卫,151.75O,高楼层 (共13层),平层,南,一梯两户,精装,70年,钢混结构,暂无数据,,https://sh.lianjia.com/ershoufang/107100281558.html
浦东,塘桥,塘东小区,内环内,380,65192,2室1厅1厨1卫,58.29O,低楼层 (共6层),平层,南,一梯四户,精装,70年,砖混结构,无,,https://sh.lianjia.com/ershoufang/107101218324.html
浦东,塘桥,塘桥小区,内环内,185,53748,1室1厅1厨1卫,34.42O,中楼层 (共5层),平层,南,一梯四户,简装,未知,砖混结构,无,,https://sh.lianjia.com/ershoufang/107100908473.html
浦东,塘桥,东方城市花园(一期),内环内,920,79661,2室2厅1厨1卫,115.49O,中楼层 (共11层),暂无数据,南,一梯两户,精装,未知,钢混结构,有,,https://sh.lianjia.com/ershoufang/107101415346.html
浦东,塘桥,文兰小区,内环内,250,58303,1室1厅1厨1卫,42.88O,高楼层 (共6层),暂无数据,南,一梯四户,精装,70年,砖混结构,无,,https://sh.lianjia.com/ershoufang/107100908516.html
浦东,塘桥,金浦小区(塘桥),内环内,335,65984,2室1厅1厨1卫,50.77O,高楼层 (共6层),暂无数据,南,一梯三户,简装,未知,砖混结构,无,,https://sh.lianjia.com/ershoufang/107100526876.html
浦东,塘桥,东方城市花园(一期),内环内,1350,80468,4室2厅1厨2卫,167.77O,中楼层 (共27层),平层,南,一梯三户,其他,未知,钢混结构,有,,https://sh.lianjia.com/ershoufang/107101478198.html
浦东,塘桥,微山新村,内环内,225,55161,1室1厅1厨1卫,40.79O,中楼层 (共5层),平层,南,一梯四户,精装,未知,砖混结构,无,,https://sh.lianjia.com/ershoufang/107101239950.html
浦东,塘桥,东方城市花园(二期),内环至中环,838,68785,2室2厅1厨1卫,121.83O,高楼层 (共24层),平层,南,两梯四户,精装,70年,钢混结构,有,,https://sh.lianjia.com/ershoufang/107101142623.html
浦东,塘桥,盛族家园-悉尼阳光・悉尼星光,内环内,1050,72564,4室2厅2厨2卫,144.7O,中楼层 (共16层),平层,南,一梯两户,精装,未知,钢混结构,有,,https://sh.lianjia.com/ershoufang/107101130536.html
浦东,塘桥,龙阳小区,内环内,380,66214,2室1厅1厨1卫,57.39O,高楼层 (共6层),平层,南,一梯四户,简装,未知,砖混结构,无,,https://sh.lianjia.com/ershoufang/107101197748.html
浦东,塘桥,峨山小区,内环内,288,57960,2室1厅1厨1卫,49.69O,低楼层 (共6层),平层,南,一梯三户,简装,未知,砖混结构,无,,https://sh.lianjia.com/ershoufang/107100312835.html
浦东,塘桥,峨山小区,内环内,265,62207,1室1厅1厨1卫,42.6O,中楼层 (共6层),平层,南 北,一梯四户,简装,未知,砖混结构,无,,https://sh.lianjia.com/ershoufang/107101188226.html
浦东,塘桥,九龙仓滨江壹十八,内环内,3800,128379,5室2厅1厨5卫,296O,低楼层 (共17层),平层,南 北,两梯两户,精装,70年,钢混结构,有,,https://sh.lianjia.com/ershoufang/107101430345.html
浦东,塘桥,文兰小区,内环内,270,62967,1室1厅1厨1卫,42.88O,中楼层 (共6层),平层,南,一梯四户,简装,70年,砖混结构,无,,https://sh.lianjia.com/ershoufang/107001466309.html
浦东,塘桥,蓝高小区,内环内,380,57524,2室1厅1厨1卫,66.06O,高楼层 (共6层),平层,南 北,一梯四户,精装,未知,砖混结构,无,,https://sh.lianjia.com/ershoufang/107101122294.html
浦东,塘桥,浦东南路2141弄,内环内,380,55858,2室1厅1厨1卫,68.03O,中楼层 (共6层),暂无数据,南,一梯四户,简装,未知,砖混结构,无,,https://sh.lianjia.com/ershoufang/107101217819.html
浦东,塘桥,君誉江畔,内环内,365,67958,1室0厅1厨1卫,53.71O,高楼层 (共27层),暂无数据,东,一梯二十四户,精装,50年,未知结构,暂无数据,,https://sh.lianjia.com/ershoufang/107002044871.html
浦东,塘桥,怡东花园(公寓),内环内,868,82455,2室2厅1厨2卫,105.27O,中楼层 (共11层),平层,南 北,一梯两户,精装,未知,钢混结构,有,,https://sh.lianjia.com/ershoufang/107100865861.html
浦东,塘桥,金龙东苑,内环内,1000,74405,3室2厅1厨2卫,134.4O,高楼层 (共10层),平层,南,一梯两户,简装,未知,钢混结构,有,,https://sh.lianjia.com/ershoufang/107101302582.html
浦东,塘桥,港驳小区,内环内,246,57965,1室1厅1厨1卫,42.44O,高楼层 (共6层),平层,南,一梯四户,精装,70年,砖混结构,无,,https://sh.lianjia.com/ershoufang/107101363930.html
浦东,塘桥,塘东小区,内环内,460,70846,2室1厅1厨1卫,64.93O,中楼层 (共18层),暂无数据,东南,两梯八户,精装,70年,钢混结构,有,,https://sh.lianjia.com/ershoufang/107001335119.html
浦东,塘桥,东方城市花园(二期),内环至中环,1750,62029,7室4厅2厨4卫,282.13O,高楼层 (共14层),暂无数据,东 南 北,一梯两户,简装,70年,钢混结构,有,,https://sh.lianjia.com/ershoufang/107100602918.html
浦东,塘桥,贵龙园,内环内,1065,70868,3室2厅1厨2卫,150.28O,高楼层 (共12层),平层,南,一梯两户,简装,未知,钢混结构,有,,https://sh.lianjia.com/ershoufang/107100657790.html
浦东,塘桥,澳丽花园,内环内,810,75701,2室2厅1厨2卫,107O,低楼层 (共7层),平层,南,一梯两户,精装,未知,钢混结构,有,,https://sh.lianjia.com/ershoufang/107100454907.html
浦东,塘桥,东南华庭,内环内,830,102723,4室2厅1厨2卫,80.8O,低楼层 (共29层),暂无数据,西南,两梯八户,精装,未知,钢混结构,有,,https://sh.lianjia.com/ershoufang/107002133403.html
浦东,塘桥,微山新村,内环内,270,59472,2室1厅1厨1卫,45.4O,中楼层 (共5层),暂无数据,南,一梯四户,简装,未知,砖混结构,无,,https://sh.lianjia.com/ershoufang/107101096822.html
浦东,塘桥,东方汇景苑,内环内,1100,68733,4室2厅1厨2卫,160.04O,高楼层 (共17层),平层,南 北,一梯两户,精装,未知,钢混结构,有,,https://sh.lianjia.com/ershoufang/107101261923.html
浦东,塘桥,茂兴大厦,内环内,470,60288,2室1厅1厨1卫,77.96O,低楼层 (共24层),平层,南,两梯八户,简装,未知,钢混结构,有,,https://sh.lianjia.com/ershoufang/107100833286.html
浦东,塘桥,航运小区,内环内,303,56945,2室1厅1厨1卫,53.21O,中楼层 (共6层),平层,南 北,一梯五户,简装,未知,砖混结构,无,,https://sh.lianjia.com/ershoufang/107101033130.html
浦东,塘桥,鹏欣家园,内环至中环,588,67486,2室2厅1厨1卫,87.13O,高楼层 (共6层),平层,南,一梯两户,精装,未知,砖混结构,无,,https://sh.lianjia.com/ershoufang/107101003370.html
浦东,塘桥,君誉江畔,内环内,370,57223,1室2厅1厨1卫,64.66O,中楼层 (共27层),暂无数据,南,一梯二十四户,其他,50年,未知结构,暂无数据,,https://sh.lianjia.com/ershoufang/107100989849.html
浦东,塘桥,家化滨江苑,内环内,1960,94966,3室2厅1厨2卫,206.39O,高楼层 (共33层),平层,东 南,两梯两户,毛坯,70年,钢混结构,有,,https://sh.lianjia.com/ershoufang/107100129679.html
浦东,塘桥,海运新村,内环内,475,61172,2室1厅1厨1卫,77.65O,中楼层 (共18层),平层,西南,一梯八户,精装,未知,钢混结构,暂无数据,,https://sh.lianjia.com/ershoufang/107100217697.html
浦东,塘桥,怡东花园(公寓),内环内,1500,77963,4室2厅1厨3卫,192.4O,低楼层 (共13层),暂无数据,南,一梯两户,精装,未知,钢混结构,有,,https://sh.lianjia.com/ershoufang/107100492353.html
浦东,塘桥,浦建小区,内环内,235,50811,2室0厅1厨1卫,46.25O,高楼层 (共6层),平层,南,一梯六户,简装,未知,砖混结构,无,,https://sh.lianjia.com/ershoufang/107101105085.html
浦东,塘桥,东方城市花园(二期),内环至中环,810,66772,3室2厅1厨1卫,121.31O,中楼层 (共24层),平层,南 北,两梯四户,精装,70年,钢混结构,有,,https://sh.lianjia.com/ershoufang/107100510374.html
浦东,塘桥,春之声公寓,内环内,999,73831,3室2厅1厨2卫,135.31O,低楼层 (共15层),平层,南,一梯两户,精装,未知,钢混结构,有,,https://sh.lianjia.com/ershoufang/107101038368.html
浦东,塘桥,峨山小区,内环内,335,61468,2室1厅1厨1卫,54.5O,高楼层 (共6层),平层,南,一梯三户,精装,70年,砖混结构,无,,https://sh.lianjia.com/ershoufang/107100578680.html
浦东,塘桥,鹏欣家园,内环至中环,540,66741,2室2厅1厨1卫,80.91O,低楼层 (共6层),暂无数据,南,一梯两户,精装,未知,砖混结构,无,,https://sh.lianjia.com/ershoufang/107100190112.html
浦东,塘桥,君誉江畔,内环内,350,63939,1室1厅1厨1卫,54.74O,高楼层 (共27层),暂无数据,南,一梯二十四户,精装,50年,未知结构,暂无数据,,https://sh.lianjia.com/ershoufang/107100529038.html
浦东,塘桥,东方金座,内环内,910,66638,3室2厅1厨1卫,136.56O,高楼层 (共32层),暂无数据,南,三梯六户,精装,70年,钢混结构,有,,https://sh.lianjia.com/ershoufang/107001902915.html
浦东,塘桥,蓝高小区,内环内,440,65662,2室1厅1厨1卫,67.01O,高楼层 (共6层),平层,南 北,一梯四户,精装,70年,砖混结构,无,,https://sh.lianjia.com/ershoufang/107101166880.html
浦东,塘桥,南泉小区,内环内,310,63629,2室1厅1厨1卫,48.72O,高楼层 (共6层),暂无数据,南,一梯四户,简装,70年,砖混结构,无,,https://sh.lianjia.com/ershoufang/107101497442.html
浦东,塘桥,塘桥小区,内环内,210,60976,1室1厅1厨1卫,34.44O,中楼层 (共4层),暂无数据,南,一梯四户,简装,未知,砖混结构,无,,https://sh.lianjia.com/ershoufang/107101361803.html
浦东,塘桥,金浦小区(塘桥),内环内,288,65144,1室1厅1厨1卫,44.21O,高楼层 (共6层),平层,南,一梯四户,精装,70年,砖混结构,无,,https://sh.lianjia.com/ershoufang/107101446113.html
浦东,塘桥,国地公寓,内环内,580,66165,2室2厅1厨1卫,87.66O,中楼层 (共6层),暂无数据,南,一梯两户,精装,未知,砖混结构,无,,https://sh.lianjia.com/ershoufang/107101112520.html
浦东,塘桥,君誉江畔,内环内,320,62623,1室1厅1厨1卫,51.1O,高楼层 (共27层),暂无数据,西南,一梯二十四户,其他,50年,未知结构,暂无数据,,https://sh.lianjia.com/ershoufang/107100228202.html
浦东,塘桥,蓝村小区,内环内,236,61878,1室1厅1厨1卫,38.14O,高楼层 (共6层),平层,南,一梯四户,精装,70年,砖混结构,无,,https://sh.lianjia.com/ershoufang/107101412169.html
浦东,塘桥,文兰小区,内环内,255,62470,1室1厅1厨1卫,40.82O,低楼层 (共6层),平层,南 北,一梯四户,毛坯,70年,砖混结构,无,,https://sh.lianjia.com/ershoufang/107100802352.html
浦东,塘桥,越富豪庭,内环内,1115,72876,3室2厅1厨2卫,153O,中楼层 (共20层),暂无数据,南 北,一梯两户,精装,未知,钢混结构,有,,https://sh.lianjia.com/ershoufang/107101496221.html
浦东,塘桥,九龙仓滨江壹十八,内环内,3000,116732,5室2厅1厨3卫,257O,中楼层 (共18层),平层,南,两梯两户,精装,70年,钢混结构,有,,https://sh.lianjia.com/ershoufang/107101357314.html
浦东,塘桥,国信世纪海景,内环内,1930,82146,3室2厅1厨2卫,234.95O,低楼层 (共35层),平层,东,三梯两户,精装,70年,钢混结构,有,,https://sh.lianjia.com/ershoufang/107100772006.html
浦东,塘桥,君誉江畔,内环内,328,60217,1室1厅1厨1卫,54.47O,高楼层 (共27层),暂无数据,北,一梯二十四户,精装,50年,未知结构,暂无数据,,https://sh.lianjia.com/ershoufang/107002163887.html
浦东,塘桥,东方城市花园(二期),内环至中环,1080,71189,3室2厅1厨2卫,151.71O,低楼层 (共31层),平层,南 北,两梯三户,精装,70年,钢混结构,有,,https://sh.lianjia.com/ershoufang/107101411338.html
浦东,塘桥,东南华庭,内环内,1290,80975,3室2厅1厨2卫,159.31O,中楼层 (共29层),平层,南,两梯八户,其他,未知,钢混结构,有,,https://sh.lianjia.com/ershoufang/107101300540.html
浦东,塘桥,微山新村,内环内,461,61060,2室1厅1厨1卫,75.5O,高楼层 (共6层),暂无数据,南 北,一梯三户,其他,未知,砖混结构,无,,https://sh.lianjia.com/ershoufang/107101128676.html
浦东,塘桥,家化滨江苑,内环内,2300,79341,4室2厅1厨4卫,289.89O,低楼层 (共35层),暂无数据,南,一梯一户,精装,未知,钢混结构,有,,https://sh.lianjia.com/ershoufang/107100765843.html
浦东,塘桥,微山新村,内环内,280,52642,2室1厅1厨1卫,53.19O,低楼层 (共6层),平层,南,一梯四户,简装,未知,砖混结构,无,,https://sh.lianjia.com/ershoufang/107100189477.html
浦东,塘桥,君誉江畔,内环内,295,54388,1室1厅1厨1卫,54.24O,高楼层 (共27层),暂无数据,东南,一梯二十四户,其他,50年,未知结构,暂无数据,,https://sh.lianjia.com/ershoufang/107100475153.html
浦东,塘桥,浦建小区,内环内,250,53454,1室1厅1厨1卫,46.77O,高楼层 (共6层),平层,南,一梯六户,精装,未知,砖混结构,无,,https://sh.lianjia.com/ershoufang/107100358363.html
浦东,塘桥,雍江星座香园,内环内,680,73205,2室2厅1厨1卫,92.89O,低楼层 (共6层),暂无数据,南,一梯两户,精装,未知,钢混结构,无,,https://sh.lianjia.com/ershoufang/107100727024.html
浦东,塘桥,中远行家,内环内,415,63837,1室1厅1厨1卫,65.01O,低楼层 (共28层),平层,西南,四梯十二户,精装,70年,钢混结构,有,,https://sh.lianjia.com/ershoufang/107100962398.html
浦东,塘桥,金浦花园,内环内,750,52533,3室2厅1厨2卫,142.77O,中楼层 (共18层),平层,南,两梯四户,简装,70年,钢混结构,有,,https://sh.lianjia.com/ershoufang/107100431494.html
浦东,塘桥,南泉小区,内环内,420,64825,3室1厅1厨1卫,64.79O,高楼层 (共6层),暂无数据,南,一梯三户,精装,未知,砖混结构,无,,https://sh.lianjia.com/ershoufang/107100927770.html
浦东,塘桥,乔顿花园,内环内,1060,74812,3室2厅1厨2卫,141.69O,低楼层 (共23层),平层,南 北,两梯两户,精装,未知,钢混结构,有,,https://sh.lianjia.com/ershoufang/107101491243.html
浦东,塘桥,贵龙园,内环内,860,71075,2室2厅1厨2卫,121O,中楼层 (共11层),暂无数据,南,一梯两户,精装,未知,钢混结构,有,,https://sh.lianjia.com/ershoufang/107100902166.html
浦东,塘桥,微山新村,内环内,230,55934,1室1厅1厨1卫,41.12O,高楼层 (共6层),平层,南,一梯四户,简装,未知,砖混结构,无,,https://sh.lianjia.com/ershoufang/107101344779.html
浦东,塘桥,金浦花园,内环内,750,52533,2室2厅1厨2卫,142.77O,高楼层 (共18层),平层,西南,两梯四户,精装,70年,钢混结构,有,,https://sh.lianjia.com/ershoufang/107101083356.html
浦东,塘桥,蓝高小区,内环内,488,66045,2室1厅1厨1卫,73.89O,低楼层 (共18层),平层,东南,一梯八户,其他,70年,钢混结构,有,,https://sh.lianjia.com/ershoufang/107101490904.html
浦东,塘桥,蓝村小区,内环内,315,57211,2室1厅1厨1卫,55.06O,高楼层 (共6层),平层,南,一梯四户,简装,70年,砖混结构,无,,https://sh.lianjia.com/ershoufang/107100991353.html
浦东,塘桥,东方城市花园(二期),内环至中环,850,70052,2室2厅1厨2卫,121.34O,高楼层 (共31层),平层,南,两梯三户,精装,70年,钢混结构,有,,https://sh.lianjia.com/ershoufang/107101341189.html
浦东,塘桥,微山新村,内环内,280,59474,2室0厅1厨1卫,47.08O,高楼层 (共6层),平层,南,一梯四户,简装,未知,砖混结构,无,,https://sh.lianjia.com/ershoufang/107100945618.html
浦东,塘桥,东南华庭,内环内,830,66215,2室2厅1厨2卫,125.35O,中楼层 (共29层),平层,南 西南,两梯八户,精装,未知,钢混结构,有,,https://sh.lianjia.com/ershoufang/107001605669.html
浦东,塘桥,新都花园,内环内,1000,57634,3室2厅1厨2卫,173.51O,低楼层 (共30层),平层,南 北,三梯四户,精装,未知,钢混结构,有,,https://sh.lianjia.com/ershoufang/107101301171.html
浦东,塘桥,金浦花园,内环内,750,52533,3室2厅1厨3卫,142.77O,高楼层 (共18层),平层,南 北,两梯四户,简装,未知,钢混结构,有,,https://sh.lianjia.com/ershoufang/107100669158.html
浦东,塘桥,久事大桥公寓,内环内,845,65191,3室2厅1厨1卫,129.62O,中楼层 (共21层),暂无数据,南,两梯七户,精装,未知,钢混结构,有,,https://sh.lianjia.com/ershoufang/107100421627.html
浦东,塘桥,东方城市花园(二期),内环至中环,1060,69871,3室2厅1厨2卫,151.71O,高楼层 (共31层),平层,南,两梯三户,精装,70年,钢混结构,有,,https://sh.lianjia.com/ershoufang/107100319400.html
浦东,塘桥,仁恒广场,内环内,798,58210,3室2厅2厨2卫,137.09O,中楼层 (共25层),平层,东南,两梯六户,简装,未知,钢混结构,有,,https://sh.lianjia.com/ershoufang/107100455820.html
浦东,塘桥,九龙仓滨江壹十八,内环内,4100,112471,5室2厅1厨4卫,364.54O,中楼层 (共17层),平层,南,三梯两户,精装,70年,钢混结构,有,,https://sh.lianjia.com/ershoufang/107101392488.html
浦东,塘桥,雍江星座香园,内环内,1039,90223,3室2厅1厨1卫,115.16O,低楼层 (共15层),平层,南,一梯两户,精装,未知,钢混结构,有,,https://sh.lianjia.com/ershoufang/107101413947.html
浦东,塘桥,春之声公寓,内环内,1450,72986,4室2厅1厨2卫,198.67O,高楼层 (共15层),复式,南,一梯两户,精装,未知,钢混结构,有,,https://sh.lianjia.com/ershoufang/107101484800.html
浦东,塘桥,峨山小区,内环内,280,60022,2室1厅1厨1卫,46.65O,高楼层 (共6层),平层,南,一梯三户,精装,70年,砖混结构,无,,https://sh.lianjia.com/ershoufang/107100995868.html
浦东,塘桥,欣晟家园,内环内,658,57473,2室2厅1厨1卫,114.49O,中楼层 (共31层),平层,南,两梯六户,精装,70年,钢混结构,有,,https://sh.lianjia.com/ershoufang/107100310844.html
浦东,塘桥,海富花园,内环内,515,65248,1室2厅1厨1卫,78.93O,低楼层 (共25层),暂无数据,西北,两梯七户,简装,70年,钢混结构,有,,https://sh.lianjia.com/ershoufang/107100071258.html
浦东,塘桥,航运小区,内环内,320,60298,2室1厅1厨1卫,53.07O,高楼层 (共6层),平层,南 北,一梯三户,精装,未知,砖混结构,无,,https://sh.lianjia.com/ershoufang/107100569665.html
浦东,塘桥,塘桥小区,内环内,232,63216,1室1厅1厨2卫,36.7O,中楼层 (共6层),平层,南,一梯五户,精装,未知,砖混结构,无,,https://sh.lianjia.com/ershoufang/107101236641.html
浦东,塘桥,南泉小区,内环内,199,64948,1室0厅1厨1卫,30.64O,中楼层 (共6层),暂无数据,南,一梯三户,精装,未知,砖混结构,无,,https://sh.lianjia.com/ershoufang/107101433278.html
浦东,塘桥,东方城市花园(一期),内环内,1180,83287,3室2厅1厨2卫,141.68O,高楼层 (共27层),平层,南,一梯三户,精装,未知,钢混结构,有,,https://sh.lianjia.com/ershoufang/107002294483.html
浦东,塘桥,浦建小区,内环内,275,59692,1室1厅1厨1卫,46.07O,高楼层 (共6层),平层,南,一梯六户,简装,未知,砖混结构,无,,https://sh.lianjia.com/ershoufang/107101070012.html
浦东,塘桥,浦东南路2054弄,内环内,243,60179,1室1厅1厨1卫,40.38O,中楼层 (共6层),平层,南,一梯四户,简装,未知,砖混结构,无,,https://sh.lianjia.com/ershoufang/107101121673.html
