浦东,外高桥,天鹅泉公寓,中环至外环,435,44864,2室2厅1厨1卫,96.96O,中楼层 (共5层),平层,南,一梯两户,精装,70年,钢混结构,无,,https://sh.lianjia.com/ershoufang/107100783644.html
浦东,外高桥,潼港一村,中环至外环,220,36753,2室1厅1厨1卫,59.86O,中楼层 (共6层),平层,南 北,一梯四户,简装,未知,砖混结构,无,,https://sh.lianjia.com/ershoufang/107101057978.html
浦东,外高桥,名扬佳园,中环至外环,225,39488,1室1厅1厨1卫,56.98O,中楼层 (共9层),平层,南,两梯四户,简装,未知,钢混结构,有,,https://sh.lianjia.com/ershoufang/107100527979.html
浦东,外高桥,港城新苑,中环至外环,213,39047,1室1厅1厨1卫,54.55O,高楼层 (共6层),平层,南,一梯两户,毛坯,未知,钢混结构,无,,https://sh.lianjia.com/ershoufang/107100220366.html
浦东,外高桥,高南新村,中环至外环,232,35152,2室1厅1厨1卫,66O,高楼层 (共6层),平层,南,一梯三户,精装,70年,砖混结构,无,,https://sh.lianjia.com/ershoufang/107100527170.html
浦东,外高桥,潼港八村,中环至外环,255,38226,2室1厅1厨1卫,66.71O,高楼层 (共6层),平层,南,一梯三户,精装,未知,砖混结构,无,,https://sh.lianjia.com/ershoufang/107101206909.html
浦东,外高桥,富特五村,中环至外环,175,38795,1室1厅1厨1卫,45.11O,中楼层 (共6层),平层,南,一梯三户,简装,未知,砖混结构,无,,https://sh.lianjia.com/ershoufang/107101309178.html
浦东,外高桥,港城新苑,中环至外环,225,40710,1室1厅1厨1卫,55.27O,高楼层 (共6层),平层,南,一梯两户,毛坯,未知,钢混结构,无,,https://sh.lianjia.com/ershoufang/107101263805.html
浦东,外高桥,高南新村,中环至外环,320,34454,3室1厅1厨1卫,92.88O,高楼层 (共6层),平层,南,一梯两户,简装,70年,砖混结构,无,,https://sh.lianjia.com/ershoufang/107101043984.html
浦东,外高桥,东江新苑,中环至外环,290,31656,2室2厅1厨1卫,91.61O,低楼层 (共11层),平层,南,一梯三户,毛坯,未知,钢混结构,暂无数据,,https://sh.lianjia.com/ershoufang/107101397306.html
浦东,外高桥,永久城市花园,中环至外环,630,44464,3室2厅1厨2卫,141.69O,低楼层 (共13层),暂无数据,南,一梯两户,简装,70年,钢混结构,有,,https://sh.lianjia.com/ershoufang/107001106185.html
浦东,外高桥,尼德兰官邸,中环至外环,1180,27317,4室2厅1厨3卫,431.98O,低楼层 (共5层),暂无数据,南,一梯两户,毛坯,未知,钢混结构,无,,https://sh.lianjia.com/ershoufang/107101156382.html
浦东,外高桥,阳明花园广场,中环至外环,415,40171,2室2厅1厨1卫,103.31O,中楼层 (共27层),平层,南,三梯八户,简装,70年,钢混结构,有,,https://sh.lianjia.com/ershoufang/107101002593.html
浦东,外高桥,凌桥二村,中环至外环,178,32933,2室1厅1厨1卫,54.05O,高楼层 (共6层),暂无数据,南,一梯三户,简装,未知,砖混结构,无,,https://sh.lianjia.com/ershoufang/107101241438.html
浦东,外高桥,品臻国际公寓,中环至外环,170,30554,1室2厅1厨1卫,55.64O,低楼层 (共19层),暂无数据,暂无数据,一梯六户,精装,未知,钢混结构,有,,https://sh.lianjia.com/ershoufang/107001078731.html
浦东,外高桥,上炼三村,中环至外环,235,40856,2室1厅1厨1卫,57.52O,低楼层 (共6层),暂无数据,南,一梯三户,简装,70年,砖混结构,无,,https://sh.lianjia.com/ershoufang/107002333327.html
浦东,外高桥,凌桥二村,中环至外环,165,30242,2室1厅1厨1卫,54.56O,高楼层 (共6层),平层,南,一梯三户,简装,70年,砖混结构,无,,https://sh.lianjia.com/ershoufang/107101355330.html
浦东,外高桥,学前一村,中环至外环,240,36980,2室1厅1厨1卫,64.9O,高楼层 (共6层),暂无数据,南,一梯两户,精装,未知,砖混结构,无,,https://sh.lianjia.com/ershoufang/107101341169.html
浦东,外高桥,凌桥一村,中环至外环,192,29091,2室1厅1厨1卫,66O,中楼层 (共6层),平层,南,一梯三户,简装,70年,砖混结构,无,,https://sh.lianjia.com/ershoufang/107101106898.html
浦东,外高桥,仁恒家园,中环至外环,1150,53320,3室2厅1厨2卫,215.68O,高楼层 (共6层),暂无数据,南,一梯两户,精装,70年,钢混结构,无,,https://sh.lianjia.com/ershoufang/107001378277.html
浦东,外高桥,浦发春晖新苑,中环至外环,410,46544,2室2厅1厨1卫,88.09O,中楼层 (共15层),平层,东南,一梯四户,精装,未知,钢混结构,有,,https://sh.lianjia.com/ershoufang/107101312785.html
浦东,外高桥,潼港六村,中环至外环,199,36169,1室1厅1厨1卫,55.02O,中楼层 (共6层),平层,南,一梯两户,简装,未知,砖混结构,无,,https://sh.lianjia.com/ershoufang/107101210815.html
浦东,外高桥,尼德兰花园(二期),中环至外环,440,49735,2室2厅1厨1卫,88.47O,中楼层 (共13层),平层,南,两梯四户,简装,70年,钢混结构,有,,https://sh.lianjia.com/ershoufang/107101168412.html
浦东,外高桥,天鹅泉公寓,中环至外环,440,45380,2室2厅1厨1卫,96.96O,中楼层 (共5层),平层,南,一梯两户,精装,70年,钢混结构,无,,https://sh.lianjia.com/ershoufang/107100915391.html
浦东,外高桥,海高二村,中环至外环,180,35013,2室1厅1厨1卫,51.41O,中楼层 (共6层),平层,南,一梯三户,简装,未知,砖混结构,无,,https://sh.lianjia.com/ershoufang/107100749617.html
浦东,外高桥,阳明花园广场,中环至外环,360,38532,2室2厅1厨1卫,93.43O,中楼层 (共27层),平层,南,三梯八户,精装,70年,钢混结构,有,,https://sh.lianjia.com/ershoufang/107101423831.html
浦东,外高桥,东江新苑,中环至外环,310,33568,2室2厅1厨1卫,92.35O,中楼层 (共11层),平层,南,一梯三户,毛坯,未知,钢混结构,暂无数据,,https://sh.lianjia.com/ershoufang/107101357218.html
浦东,外高桥,富特五村,中环至外环,180,39947,1室1厅1厨1卫,45.06O,中楼层 (共6层),平层,南,一梯三户,精装,未知,砖混结构,无,,https://sh.lianjia.com/ershoufang/107101379846.html
浦东,外高桥,高南新村,中环至外环,320,34840,3室1厅1厨1卫,91.85O,高楼层 (共6层),平层,南,一梯两户,简装,70年,砖混结构,无,,https://sh.lianjia.com/ershoufang/107101044007.html
浦东,外高桥,潼港一村,中环至外环,230,35067,2室1厅1厨1卫,65.59O,高楼层 (共6层),平层,南,一梯两户,精装,未知,砖混结构,无,,https://sh.lianjia.com/ershoufang/107100576642.html
浦东,外高桥,潼港八村,中环至外环,228,36220,2室1厅1厨1卫,62.95O,高楼层 (共6层),平层,南,一梯两户,简装,未知,砖混结构,无,,https://sh.lianjia.com/ershoufang/107101343519.html
浦东,外高桥,南新东园,中环至外环,295,39587,2室1厅1厨1卫,74.52O,低楼层 (共6层),暂无数据,暂无数据,一梯三户,简装,未知,钢混结构,无,,https://sh.lianjia.com/ershoufang/107001163447.html
浦东,外高桥,博捷名苑,中环至外环,585,43123,3室2厅1厨2卫,135.66O,低楼层 (共12层),平层,南,一梯两户,简装,未知,钢混结构,有,,https://sh.lianjia.com/ershoufang/107101160561.html
浦东,外高桥,东江新苑,中环至外环,390,42572,3室2厅1厨1卫,91.61O,高楼层 (共11层),暂无数据,南,一梯三户,简装,未知,钢混结构,暂无数据,,https://sh.lianjia.com/ershoufang/107101400236.html
浦东,外高桥,港城新苑,中环至外环,425,42234,2室2厅1厨1卫,100.63O,中楼层 (共11层),平层,南,一梯三户,精装,未知,钢混结构,有,,https://sh.lianjia.com/ershoufang/107101050072.html
浦东,外高桥,富特五村,中环至外环,220,38590,2室1厅1厨1卫,57.01O,高楼层 (共6层),平层,南,一梯三户,精装,未知,砖混结构,无,,https://sh.lianjia.com/ershoufang/107100305943.html
浦东,外高桥,海高一村,中环至外环,192,35399,2室1厅1厨1卫,54.24O,中楼层 (共6层),平层,南,一梯三户,简装,未知,砖混结构,无,,https://sh.lianjia.com/ershoufang/107101046503.html
浦东,外高桥,高盛家园,中环至外环,318,35731,2室1厅1厨1卫,89O,中楼层 (共15层),平层,南,两梯四户,其他,70年,钢混结构,有,,https://sh.lianjia.com/ershoufang/107101307278.html
浦东,外高桥,名扬佳园,中环至外环,428,35123,3室2厅1厨2卫,121.86O,低楼层 (共13层),平层,南,两梯三户,毛坯,70年,钢混结构,有,,https://sh.lianjia.com/ershoufang/107101094103.html
浦东,外高桥,潼港二村,中环至外环,152,35841,1室1厅1厨1卫,42.41O,高楼层 (共6层),平层,南,一梯两户,简装,未知,砖混结构,无,,https://sh.lianjia.com/ershoufang/107101290698.html
浦东,外高桥,潼港一村,中环至外环,187,33364,2室1厅1厨1卫,56.05O,高楼层 (共6层),平层,南,一梯三户,简装,未知,砖混结构,无,,https://sh.lianjia.com/ershoufang/107101235846.html
浦东,外高桥,潼港六村,中环至外环,230,36978,2室1厅1厨1卫,62.2O,高楼层 (共6层),平层,南,一梯三户,简装,未知,砖混结构,无,,https://sh.lianjia.com/ershoufang/107100304382.html
浦东,外高桥,高南新村,中环至外环,203,37303,2室1厅1厨1卫,54.42O,高楼层 (共6层),平层,南,一梯三户,简装,70年,砖混结构,无,,https://sh.lianjia.com/ershoufang/107101246677.html
浦东,外高桥,尼德兰花园(二期),中环至外环,528,52800,2室2厅1厨2卫,100O,高楼层 (共13层),暂无数据,暂无数据,两梯四户,毛坯,70年,钢混结构,有,,https://sh.lianjia.com/ershoufang/107001013109.html
浦东,外高桥,海高一村,中环至外环,158,41470,1室1厅1厨1卫,38.1O,高楼层 (共6层),平层,南,一梯三户,简装,未知,砖混结构,无,,https://sh.lianjia.com/ershoufang/107100886139.html
浦东,外高桥,潼港八村,中环至外环,153,40638,1室1厅1厨1卫,37.65O,高楼层 (共6层),平层,南,一梯三户,简装,未知,砖混结构,无,,https://sh.lianjia.com/ershoufang/107101194119.html
浦东,外高桥,上炼三村,中环至外环,235,33678,2室2厅1厨1卫,69.78O,高楼层 (共6层),平层,南,一梯三户,精装,70年,砖混结构,无,,https://sh.lianjia.com/ershoufang/107101031557.html
浦东,外高桥,高桥二村,中环至外环,180,36000,2室1厅1厨1卫,50O,高楼层 (共6层),平层,南,一梯四户,简装,70年,砖混结构,无,,https://sh.lianjia.com/ershoufang/107101178970.html
浦东,外高桥,富特三村,中环至外环,325,42296,3室1厅1厨1卫,76.84O,中楼层 (共6层),暂无数据,南,一梯两户,简装,70年,砖混结构,无,,https://sh.lianjia.com/ershoufang/107100282271.html
浦东,外高桥,和龙新苑,中环至外环,215,39013,1室1厅1厨1卫,55.11O,中楼层 (共6层),平层,南,一梯两户,精装,未知,钢混结构,无,,https://sh.lianjia.com/ershoufang/107101284315.html
浦东,外高桥,天鹅泉公寓,中环至外环,430,44349,2室2厅1厨1卫,96.96O,中楼层 (共5层),平层,南,一梯两户,简装,70年,钢混结构,无,,https://sh.lianjia.com/ershoufang/107100915306.html
浦东,外高桥,潼港八村,中环至外环,210,33871,2室1厅1厨1卫,62O,高楼层 (共6层),平层,南,一梯两户,简装,未知,砖混结构,无,,https://sh.lianjia.com/ershoufang/107100497303.html
浦东,外高桥,富特四村,中环至外环,250,41667,2室1厅1厨1卫,60O,高楼层 (共6层),平层,南 北,一梯四户,简装,70年,砖混结构,无,,https://sh.lianjia.com/ershoufang/107101027334.html
浦东,外高桥,东港丽景苑,中环至外环,490,38583,3室2厅1厨2卫,127O,高楼层 (共5层),暂无数据,南 北,一梯两户,其他,未知,钢混结构,无,,https://sh.lianjia.com/ershoufang/107100724264.html
浦东,外高桥,锦福苑,中环至外环,200,34189,1室1厅1厨1卫,58.5O,高楼层 (共6层),平层,南,一梯两户,毛坯,未知,钢混结构,无,,https://sh.lianjia.com/ershoufang/107001717719.html
浦东,外高桥,潼港四村,中环至外环,228,35598,3室1厅1厨1卫,64.05O,高楼层 (共6层),平层,南,一梯三户,精装,未知,砖混结构,无,,https://sh.lianjia.com/ershoufang/107100630793.html
浦东,外高桥,富特五村,中环至外环,250,43860,1室2厅1厨1卫,57O,低楼层 (共6层),平层,南,一梯两户,精装,未知,砖混结构,无,,https://sh.lianjia.com/ershoufang/107100419988.html
浦东,外高桥,港城新苑,中环至外环,395,41729,2室2厅1厨1卫,94.66O,中楼层 (共14层),平层,南,一梯两户,精装,未知,钢混结构,有,,https://sh.lianjia.com/ershoufang/107100785270.html
浦东,外高桥,上炼三村,中环至外环,150,35596,2室0厅1厨1卫,42.14O,低楼层 (共6层),平层,南,一梯三户,简装,70年,砖混结构,无,,https://sh.lianjia.com/ershoufang/107100420938.html
浦东,外高桥,中凌东港苑,中环至外环,283,32094,2室2厅1厨1卫,88.18O,高楼层 (共14层),暂无数据,南,一梯两户,其他,未知,钢混结构,有,,https://sh.lianjia.com/ershoufang/107101499897.html
浦东,外高桥,浦发春晖新苑,中环至外环,430,48517,2室2厅1厨2卫,88.63O,低楼层 (共15层),暂无数据,南,一梯四户,其他,未知,钢混结构,有,,https://sh.lianjia.com/ershoufang/107100606610.html
浦东,外高桥,仁恒家园,中环至外环,760,51949,3室2厅1厨2卫,146.3O,低楼层 (共6层),平层,南,一梯两户,精装,70年,钢混结构,无,,https://sh.lianjia.com/ershoufang/107101327484.html
浦东,外高桥,永久城市花园,中环至外环,630,45696,3室2厅1厨2卫,137.87O,低楼层 (共11层),暂无数据,南,一梯两户,精装,70年,钢混结构,有,,https://sh.lianjia.com/ershoufang/107100590086.html
浦东,外高桥,港城新苑,中环至外环,349,36193,2室2厅1厨1卫,96.43O,低楼层 (共14层),平层,南,一梯两户,精装,未知,钢混结构,有,,https://sh.lianjia.com/ershoufang/107100945710.html
浦东,外高桥,浦发春晖新苑,中环至外环,230,41584,2室1厅1厨1卫,55.31O,低楼层 (共15层),暂无数据,东南,一梯四户,简装,70年,钢混结构,有,,https://sh.lianjia.com/ershoufang/107101067661.html
浦东,外高桥,南新西园,中环至外环,480,44697,3室2厅1厨1卫,107.39O,中楼层 (共18层),暂无数据,南,一梯四户,毛坯,70年,钢混结构,有,,https://sh.lianjia.com/ershoufang/107101296351.html
浦东,外高桥,凌桥景园,中环至外环,300,33995,2室2厅1厨1卫,88.25O,高楼层 (共15层),平层,南,一梯四户,毛坯,70年,钢混结构,有,,https://sh.lianjia.com/ershoufang/107100466331.html
浦东,外高桥,高南新村,中环至外环,435,36862,3室2厅1厨2卫,118.01O,低楼层 (共6层),平层,南,一梯两户,简装,70年,砖混结构,无,,https://sh.lianjia.com/ershoufang/107100892531.html
浦东,外高桥,学前二村,中环至外环,245,36078,2室1厅1厨1卫,67.91O,中楼层 (共5层),平层,南,一梯两户,简装,未知,砖混结构,无,,https://sh.lianjia.com/ershoufang/107100810752.html
浦东,外高桥,宝厦晶公馆,中环至外环,438,49005,2室2厅1厨1卫,89.38O,中楼层 (共16层),平层,南,一梯两户,精装,未知,钢混结构,有,,https://sh.lianjia.com/ershoufang/107101453018.html
浦东,外高桥,海高二村,中环至外环,225,33388,2室1厅1厨1卫,67.39O,高楼层 (共6层),平层,南,一梯两户,毛坯,未知,砖混结构,无,,https://sh.lianjia.com/ershoufang/107100886641.html
浦东,外高桥,仁恒家园,中环至外环,1100,53342,4室2厅1厨2卫,206.22O,低楼层 (共6层),平层,南,一梯两户,精装,70年,钢混结构,无,,https://sh.lianjia.com/ershoufang/107100470242.html
浦东,外高桥,尼德兰花园(二期),中环至外环,535,53458,2室2厅1厨2卫,100.08O,中楼层 (共13层),平层,南,两梯四户,其他,70年,钢混结构,有,,https://sh.lianjia.com/ershoufang/107101345597.html
浦东,外高桥,潼港六村,中环至外环,245,33696,3室1厅1厨1卫,72.71O,高楼层 (共6层),平层,南,一梯三户,毛坯,未知,砖混结构,无,,https://sh.lianjia.com/ershoufang/107101150176.html
浦东,外高桥,阳明花园广场,中环至外环,515,40793,3室2厅1厨2卫,126.25O,高楼层 (共27层),平层,北,三梯八户,精装,70年,钢混结构,有,,https://sh.lianjia.com/ershoufang/107101407187.html
浦东,外高桥,天鹅泉公寓,中环至外环,320,51613,2室1厅1厨1卫,62O,高楼层 (共4层),复式,南,一梯两户,简装,70年,钢混结构,无,,https://sh.lianjia.com/ershoufang/107101063698.html
浦东,外高桥,陆凌新村,中环至外环,275,31840,2室1厅1厨1卫,86.37O,中楼层 (共6层),平层,南,一梯两户,简装,70年,砖混结构,无,,https://sh.lianjia.com/ershoufang/107100567014.html
浦东,外高桥,春晖苑,中环至外环,480,38955,3室2厅1厨2卫,123.22O,高楼层 (共6层),平层,南,一梯两户,简装,未知,钢混结构,无,,https://sh.lianjia.com/ershoufang/107101083550.html
浦东,外高桥,潼港二村,中环至外环,202,37814,1室1厅1厨1卫,53.42O,高楼层 (共6层),平层,南,一梯两户,精装,未知,砖混结构,无,,https://sh.lianjia.com/ershoufang/107101400916.html
浦东,外高桥,东兴苑,中环至外环,440,40919,3室2厅1厨2卫,107.53O,高楼层 (共6层),平层,南,一梯两户,精装,未知,钢混结构,无,,https://sh.lianjia.com/ershoufang/107100693283.html
浦东,外高桥,海高一村,中环至外环,510,27225,5室2厅1厨2卫,187.33O,中楼层 (共6层),平层,南,一梯三户,精装,未知,砖混结构,无,,https://sh.lianjia.com/ershoufang/107101340484.html
浦东,外高桥,潼港二村,中环至外环,205,35790,2室1厅1厨1卫,57.28O,中楼层 (共6层),平层,南,一梯两户,简装,未知,砖混结构,无,,https://sh.lianjia.com/ershoufang/107101363359.html
浦东,外高桥,潼港八村,中环至外环,255,35987,2室1厅1厨1卫,70.86O,高楼层 (共6层),平层,南,一梯两户,简装,70年,砖混结构,无,,https://sh.lianjia.com/ershoufang/107101239332.html
浦东,外高桥,港城新苑,中环至外环,520,39979,3室2厅1厨2卫,130.07O,中楼层 (共14层),平层,南,一梯两户,精装,未知,钢混结构,有,,https://sh.lianjia.com/ershoufang/107101321467.html
浦东,外高桥,高南新村,中环至外环,330,35929,3室1厅1厨1卫,91.85O,高楼层 (共6层),平层,南,一梯两户,简装,70年,砖混结构,无,,https://sh.lianjia.com/ershoufang/107100836476.html
浦东,外高桥,东港丽景苑,中环至外环,420,33419,3室2厅1厨2卫,125.68O,高楼层 (共5层),复式,南,一梯两户,精装,未知,钢混结构,无,,https://sh.lianjia.com/ershoufang/107101025736.html
浦东,外高桥,陆凌新村,中环至外环,228,34005,2室1厅1厨1卫,67.05O,低楼层 (共6层),平层,南,一梯两户,毛坯,70年,砖混结构,无,,https://sh.lianjia.com/ershoufang/107101133162.html
浦东,外高桥,潼港三村,中环至外环,280,35234,2室1厅1厨1卫,79.47O,高楼层 (共6层),平层,南,一梯两户,简装,70年,砖混结构,无,,https://sh.lianjia.com/ershoufang/107101440043.html
浦东,外高桥,潼港西八村,中环至外环,260,34635,2室1厅1厨1卫,75.07O,高楼层 (共6层),平层,南,一梯两户,简装,70年,砖混结构,无,,https://sh.lianjia.com/ershoufang/107100955850.html
浦东,外高桥,高盛家园,中环至外环,169,29244,1室1厅1厨1卫,57.79O,低楼层 (共15层),平层,南,两梯四户,其他,70年,钢混结构,有,,https://sh.lianjia.com/ershoufang/107101388719.html
浦东,外高桥,大同路139号,中环至外环,175,38294,1室0厅1厨1卫,45.7O,中楼层 (共6层),暂无数据,南,一梯五户,精装,70年,砖混结构,无,,https://sh.lianjia.com/ershoufang/107000770189.html
浦东,外高桥,中凌滨江苑,中环至外环,280,32772,2室2厅1厨1卫,85.44O,高楼层 (共11层),平层,南,一梯四户,简装,未知,钢混结构,有,,https://sh.lianjia.com/ershoufang/107101126683.html
浦东,外高桥,中凌东港苑,中环至外环,320,35811,2室2厅1厨1卫,89.36O,中楼层 (共11层),暂无数据,南,一梯三户,简装,未知,钢混结构,有,,https://sh.lianjia.com/ershoufang/107100383085.html
浦东,外高桥,仁恒家园,中环至外环,1400,67972,4室2厅1厨2卫,205.97O,高楼层 (共6层),暂无数据,南,一梯两户,精装,70年,钢混结构,无,,https://sh.lianjia.com/ershoufang/107100773296.html
浦东,外高桥,潼港八村,中环至外环,229,36990,2室1厅1厨1卫,61.91O,中楼层 (共6层),平层,南,一梯两户,精装,未知,砖混结构,无,,https://sh.lianjia.com/ershoufang/107101368598.html
浦东,外高桥,风信景苑,中环至外环,730,45342,3室3厅1厨2卫,161O,中楼层 (共5层),复式,东南 南,一梯一户,毛坯,70年,钢混结构,无,,https://sh.lianjia.com/ershoufang/107100979026.html
浦东,外高桥,富特三村,中环至外环,263,47827,3室1厅1厨1卫,54.99O,低楼层 (共6层),平层,东南,一梯三户,简装,70年,砖混结构,无,,https://sh.lianjia.com/ershoufang/107101253103.html
浦东,外高桥,瑞禾明苑,中环至外环,495,49436,2室2厅1厨1卫,100.13O,低楼层 (共15层),平层,南,一梯三户,精装,70年,钢混结构,有,,https://sh.lianjia.com/ershoufang/107100059211.html
浦东,外高桥,和祥佳园,中环至外环,232,39877,1室1厅1厨1卫,58.18O,低楼层 (共11层),平层,南,一梯三户,简装,未知,钢混结构,有,,https://sh.lianjia.com/ershoufang/107101475826.html
浦东,外高桥,新高桥春晖苑,中环至外环,266,40145,1室2厅1厨1卫,66.26O,高楼层 (共6层),平层,南 北,一梯两户,简装,70年,钢混结构,无,,https://sh.lianjia.com/ershoufang/107100431479.html
浦东,外高桥,富特五村,中环至外环,190,42120,2室1厅1厨1卫,45.11O,高楼层 (共6层),暂无数据,南,一梯三户,简装,未知,砖混结构,无,,https://sh.lianjia.com/ershoufang/107100713759.html
浦东,外高桥,南新西园,中环至外环,390,37278,3室1厅1厨1卫,104.62O,低楼层 (共11层),平层,南,一梯四户,毛坯,70年,钢混结构,有,,https://sh.lianjia.com/ershoufang/107100472816.html
浦东,外高桥,潼港一村,中环至外环,260,34686,3室1厅1厨1卫,74.96O,高楼层 (共6层),平层,南,一梯两户,简装,未知,砖混结构,无,,https://sh.lianjia.com/ershoufang/107101472893.html
浦东,外高桥,潼港五村,中环至外环,239,37853,2室1厅1厨1卫,63.14O,高楼层 (共6层),平层,南,一梯三户,简装,未知,砖混结构,无,,https://sh.lianjia.com/ershoufang/107100637823.html
浦东,外高桥,和龙新苑,中环至外环,220,39921,1室1厅1厨1卫,55.11O,低楼层 (共6层),平层,南,一梯两户,简装,未知,钢混结构,无,,https://sh.lianjia.com/ershoufang/107100384821.html
浦东,外高桥,富特三村,中环至外环,268,48941,2室1厅1厨1卫,54.76O,低楼层 (共6层),平层,南,一梯两户,精装,70年,砖混结构,无,,https://sh.lianjia.com/ershoufang/107101475001.html
浦东,外高桥,港城新苑,中环至外环,355,36292,2室2厅1厨1卫,97.82O,低楼层 (共11层),暂无数据,南 北,一梯三户,精装,未知,钢混结构,有,,https://sh.lianjia.com/ershoufang/107101485022.html
浦东,外高桥,学前一村,中环至外环,150,38982,1室1厅1厨1卫,38.48O,高楼层 (共6层),平层,南,一梯三户,简装,未知,砖混结构,无,,https://sh.lianjia.com/ershoufang/107100133817.html
浦东,外高桥,高桥二村,中环至外环,205,33624,2室1厅1厨1卫,60.97O,高楼层 (共6层),平层,南,一梯四户,简装,70年,砖混结构,无,,https://sh.lianjia.com/ershoufang/107101040700.html
浦东,外高桥,凌桥二村,中环至外环,290,38817,3室1厅1厨1卫,74.71O,高楼层 (共6层),平层,南,一梯三户,简装,未知,砖混结构,无,,https://sh.lianjia.com/ershoufang/107100097900.html
浦东,外高桥,和祥佳园,中环至外环,483,40250,3室2厅1厨2卫,120O,高楼层 (共14层),平层,南,一梯两户,精装,未知,钢混结构,有,,https://sh.lianjia.com/ershoufang/107100410867.html
浦东,外高桥,尼德兰花园(一期),中环至外环,1000,32473,4室2厅1厨2卫,307.95O,低楼层 (共5层),平层,南,一梯两户,简装,70年,钢混结构,无,,https://sh.lianjia.com/ershoufang/107001880231.html
浦东,外高桥,高南新村,中环至外环,320,34840,3室1厅1厨1卫,91.85O,高楼层 (共6层),暂无数据,南 北,一梯两户,简装,70年,砖混结构,无,,https://sh.lianjia.com/ershoufang/107100151772.html
浦东,外高桥,潼港西八村,中环至外环,330,35851,2室2厅1厨1卫,92.05O,高楼层 (共6层),暂无数据,南,一梯两户,精装,未知,砖混结构,无,,https://sh.lianjia.com/ershoufang/107100802675.html
浦东,外高桥,高桥二村,中环至外环,185,36555,1室1厅1厨1卫,50.61O,高楼层 (共6层),暂无数据,南,一梯四户,简装,70年,砖混结构,无,,https://sh.lianjia.com/ershoufang/107101144720.html
浦东,外高桥,博捷名苑,中环至外环,480,49654,2室1厅1厨1卫,96.67O,中楼层 (共5层),平层,南,一梯两户,精装,70年,钢混结构,有,,https://sh.lianjia.com/ershoufang/107100786812.html
浦东,外高桥,江东路1423弄,中环至外环,345,26681,3室2厅1厨2卫,129.31O,高楼层 (共6层),平层,南,一梯两户,其他,未知,钢混结构,无,,https://sh.lianjia.com/ershoufang/107101454325.html
浦东,外高桥,乐非天地,中环至外环,160,38196,1室1厅1厨1卫,41.89O,中楼层 (共15层),复式,南,两梯十六户,精装,50年,钢混结构,有,,https://sh.lianjia.com/ershoufang/107100089633.html
浦东,外高桥,阳明花园广场,中环至外环,780,55320,3室2厅1厨2卫,141O,低楼层 (共24层),暂无数据,南,两梯三户,精装,70年,钢混结构,有,,https://sh.lianjia.com/ershoufang/107100639971.html
浦东,外高桥,学前一村,中环至外环,160,41581,1室1厅1厨1卫,38.48O,中楼层 (共6层),暂无数据,南,一梯三户,精装,未知,砖混结构,无,,https://sh.lianjia.com/ershoufang/107002261971.html
浦东,外高桥,品臻国际公寓,中环至外环,198,35883,1室1厅1厨1卫,55.18O,中楼层 (共19层),复式,南,一梯十二户,精装,未知,钢混结构,有,,https://sh.lianjia.com/ershoufang/107101131683.html
浦东,外高桥,运银公寓,中环至外环,600,44857,3室2厅1厨2卫,133.76O,高楼层 (共11层),暂无数据,南,一梯两户,精装,未知,钢混结构,暂无数据,,https://sh.lianjia.com/ershoufang/107001984689.html
浦东,外高桥,大同路485号,中环至外环,180,35871,1室1厅1厨1卫,50.18O,中楼层 (共5层),暂无数据,南,一梯两户,精装,70年,未知结构,无,,https://sh.lianjia.com/ershoufang/107000999387.html
浦东,外高桥,仁恒家园,中环至外环,800,55992,3室2厅1厨2卫,142.88O,低楼层 (共7层),平层,南,一梯两户,精装,70年,钢混结构,有,,https://sh.lianjia.com/ershoufang/107100868765.html
浦东,外高桥,南新东园,中环至外环,364,40625,2室2厅1厨1卫,89.6O,低楼层 (共14层),平层,南,一梯两户,精装,未知,钢混结构,有,,https://sh.lianjia.com/ershoufang/107101293409.html
浦东,外高桥,南新西园,中环至外环,220,40205,1室1厅1厨1卫,54.72O,高楼层 (共11层),暂无数据,南,一梯四户,简装,70年,钢混结构,无,,https://sh.lianjia.com/ershoufang/107101216276.html
浦东,外高桥,品臻国际公寓,中环至外环,169,30628,1室1厅1厨1卫,55.18O,中楼层 (共19层),复式,南,一梯十二户,精装,未知,钢混结构,有,,https://sh.lianjia.com/ershoufang/107101447573.html
浦东,外高桥,潼港一村,中环至外环,225,34489,2室1厅1厨1卫,65.24O,中楼层 (共6层),平层,南,一梯两户,简装,未知,砖混结构,无,,https://sh.lianjia.com/ershoufang/107101382069.html
浦东,外高桥,凌桥一村,中环至外环,180,33334,2室1厅1厨1卫,54O,中楼层 (共6层),平层,南,一梯三户,精装,70年,砖混结构,无,,https://sh.lianjia.com/ershoufang/107101498898.html
浦东,外高桥,富特四村,中环至外环,232,36245,2室1厅1厨1卫,64.01O,高楼层 (共6层),平层,南,一梯两户,简装,70年,砖混结构,无,,https://sh.lianjia.com/ershoufang/107101099407.html
浦东,外高桥,富特五村,中环至外环,240,38549,2室1厅1厨1卫,62.26O,中楼层 (共6层),暂无数据,南,一梯两户,精装,未知,砖混结构,无,,https://sh.lianjia.com/ershoufang/107101292359.html
浦东,外高桥,凌桥景园,中环至外环,190,32770,1室1厅1厨1卫,57.98O,高楼层 (共15层),平层,南,两梯四户,其他,70年,钢混结构,有,,https://sh.lianjia.com/ershoufang/107101471054.html
浦东,外高桥,学前一村,中环至外环,230,35440,2室1厅1厨1卫,64.9O,高楼层 (共6层),平层,南,一梯两户,简装,未知,砖混结构,无,,https://sh.lianjia.com/ershoufang/107101085893.html
浦东,外高桥,潼港四村,中环至外环,283,36418,2室1厅1厨1卫,77.71O,低楼层 (共6层),平层,南,一梯三户,精装,未知,砖混结构,无,,https://sh.lianjia.com/ershoufang/107101372465.html
浦东,外高桥,海高二村,中环至外环,215,33287,2室1厅1厨1卫,64.59O,高楼层 (共6层),平层,南,一梯两户,简装,未知,砖混结构,无,,https://sh.lianjia.com/ershoufang/107101416670.html
浦东,外高桥,凌桥二村,中环至外环,175,32378,2室1厅1厨1卫,54.05O,中楼层 (共6层),平层,南,一梯三户,简装,未知,砖混结构,无,,https://sh.lianjia.com/ershoufang/107101174201.html
浦东,外高桥,学前一村,中环至外环,238,35156,2室1厅1厨1卫,67.7O,高楼层 (共6层),平层,南,一梯两户,精装,未知,砖混结构,无,,https://sh.lianjia.com/ershoufang/107101383657.html
浦东,外高桥,潼港二村,中环至外环,199,34742,2室1厅1厨1卫,57.28O,高楼层 (共6层),平层,南,一梯两户,简装,未知,砖混结构,无,,https://sh.lianjia.com/ershoufang/107101440516.html
浦东,外高桥,潼港六村,中环至外环,220,35010,2室1厅1厨1卫,62.84O,高楼层 (共6层),平层,南,一梯三户,简装,未知,砖混结构,无,,https://sh.lianjia.com/ershoufang/107101243415.html
浦东,外高桥,陆凌新村,中环至外环,300,34735,2室1厅1厨1卫,86.37O,中楼层 (共6层),平层,南,一梯两户,简装,未知,砖混结构,无,,https://sh.lianjia.com/ershoufang/107001764215.html
浦东,外高桥,富特四村,中环至外环,315,39748,3室1厅1厨1卫,79.25O,高楼层 (共6层),平层,南,一梯两户,精装,70年,砖混结构,无,,https://sh.lianjia.com/ershoufang/107101431736.html
浦东,外高桥,高南新村,中环至外环,305,31535,3室1厅1厨1卫,96.72O,高楼层 (共6层),平层,南,一梯两户,简装,70年,砖混结构,无,,https://sh.lianjia.com/ershoufang/107100507087.html
浦东,外高桥,富特四村,中环至外环,178,40000,1室1厅1厨1卫,44.5O,中楼层 (共6层),平层,南,一梯三户,简装,70年,砖混结构,无,,https://sh.lianjia.com/ershoufang/107101312128.html
浦东,外高桥,欧高路138弄,中环至外环,350,35649,3室2厅1厨1卫,98.18O,低楼层 (共6层),平层,东南,一梯两户,精装,未知,砖混结构,无,,https://sh.lianjia.com/ershoufang/107101421364.html
浦东,外高桥,潼港六村,中环至外环,312,38657,2室2厅1厨1卫,80.71O,低楼层 (共6层),平层,南,一梯两户,简装,70年,砖混结构,无,,https://sh.lianjia.com/ershoufang/107101192841.html
浦东,外高桥,阳明花园广场,中环至外环,450,43559,2室2厅1厨1卫,103.31O,低楼层 (共27层),暂无数据,南,三梯八户,简装,70年,钢混结构,有,,https://sh.lianjia.com/ershoufang/107101005243.html
浦东,外高桥,新高桥春晖苑,中环至外环,400,43750,2室1厅1厨1卫,91.43O,中楼层 (共6层),平层,南,一梯两户,简装,70年,钢混结构,无,,https://sh.lianjia.com/ershoufang/107101321547.html
浦东,外高桥,天鹅泉公寓,中环至外环,600,44294,3室2厅1厨2卫,135.46O,中楼层 (共6层),暂无数据,南,一梯两户,精装,70年,钢混结构,无,,https://sh.lianjia.com/ershoufang/107100135444.html
浦东,外高桥,陆凌新村,中环至外环,320,32604,3室1厅1厨1卫,98.15O,低楼层 (共6层),平层,南,一梯两户,简装,未知,砖混结构,无,,https://sh.lianjia.com/ershoufang/107101459776.html
浦东,外高桥,潼港三村,中环至外环,199,36921,2室1厅1厨1卫,53.9O,高楼层 (共6层),平层,南,一梯三户,简装,未知,砖混结构,无,,https://sh.lianjia.com/ershoufang/107101049751.html
浦东,外高桥,富特五村,中环至外环,280,38158,3室1厅1厨1卫,73.38O,高楼层 (共6层),平层,南,一梯三户,精装,未知,砖混结构,无,,https://sh.lianjia.com/ershoufang/107101380264.html
浦东,外高桥,潼港二村,中环至外环,163,35536,1室1厅1厨1卫,45.87O,高楼层 (共6层),平层,南,一梯两户,简装,未知,砖混结构,无,,https://sh.lianjia.com/ershoufang/107101511162.html
浦东,外高桥,和龙新苑,中环至外环,428,47451,4室2厅1厨2卫,90.2O,高楼层 (共5层),复式,南,一梯两户,精装,未知,钢混结构,无,,https://sh.lianjia.com/ershoufang/107101437497.html
浦东,外高桥,潼港五村,中环至外环,172,36998,1室1厅1厨1卫,46.49O,高楼层 (共6层),平层,南,一梯三户,毛坯,未知,砖混结构,无,,https://sh.lianjia.com/ershoufang/107100934963.html
浦东,外高桥,潼港六村,中环至外环,220,37788,2室1厅1厨1卫,58.22O,高楼层 (共6层),平层,南,一梯四户,简装,未知,砖混结构,无,,https://sh.lianjia.com/ershoufang/107001459175.html
浦东,外高桥,南新西园,中环至外环,250,45439,1室1厅1厨1卫,55.02O,高楼层 (共11层),平层,南,一梯四户,简装,未知,钢混结构,有,,https://sh.lianjia.com/ershoufang/107101318561.html
浦东,外高桥,和祥佳园,中环至外环,340,38898,2室1厅1厨1卫,87.41O,中楼层 (共14层),平层,南 北,一梯两户,简装,未知,钢混结构,有,,https://sh.lianjia.com/ershoufang/107100772954.html
浦东,外高桥,潼港二村,中环至外环,200,33807,1室1厅1厨1卫,59.16O,中楼层 (共6层),平层,南,一梯两户,精装,未知,砖混结构,无,,https://sh.lianjia.com/ershoufang/107101321178.html
浦东,外高桥,天鹅泉公寓,中环至外环,310,47958,1室2厅1厨1卫,64.64O,中楼层 (共4层),平层,南,一梯两户,简装,70年,钢混结构,无,,https://sh.lianjia.com/ershoufang/107100882532.html
浦东,外高桥,锦福苑,中环至外环,250,28182,2室2厅1厨1卫,88.71O,高楼层 (共6层),平层,南,一梯三户,简装,未知,钢混结构,无,,https://sh.lianjia.com/ershoufang/107101409225.html
浦东,外高桥,潼港六村,中环至外环,188,36972,2室0厅1厨1卫,50.85O,中楼层 (共6层),平层,南,一梯四户,精装,70年,砖混结构,无,,https://sh.lianjia.com/ershoufang/107100636601.html
浦东,外高桥,东兴苑,中环至外环,225,40651,1室1厅1厨1卫,55.35O,中楼层 (共6层),暂无数据,南,一梯两户,精装,未知,钢混结构,无,,https://sh.lianjia.com/ershoufang/107100966935.html
浦东,外高桥,潼港四村,中环至外环,280,36032,2室1厅1厨1卫,77.71O,高楼层 (共6层),平层,南 北,一梯三户,精装,70年,砖混结构,无,,https://sh.lianjia.com/ershoufang/107101368939.html
浦东,外高桥,潼港七村,中环至外环,310,38472,2室1厅1厨1卫,80.58O,低楼层 (共6层),平层,南,一梯两户,简装,未知,砖混结构,无,,https://sh.lianjia.com/ershoufang/107101161270.html
浦东,外高桥,中凌东港苑,中环至外环,360,32752,3室2厅1厨1卫,109.92O,低楼层 (共14层),暂无数据,南,一梯两户,毛坯,未知,钢混结构,有,,https://sh.lianjia.com/ershoufang/107001272057.html
浦东,外高桥,南新西园,中环至外环,408,37993,3室1厅1厨1卫,107.39O,低楼层 (共18层),平层,南 北,一梯四户,简装,70年,钢混结构,有,,https://sh.lianjia.com/ershoufang/107101107577.html
浦东,外高桥,富特三村,中环至外环,200,36371,2室1厅1厨1卫,54.99O,低楼层 (共6层),平层,南,一梯三户,简装,70年,砖混结构,无,,https://sh.lianjia.com/ershoufang/107101137872.html
浦东,外高桥,高桥二村,中环至外环,195,39861,2室0厅1厨1卫,48.92O,高楼层 (共6层),平层,南,一梯四户,简装,70年,砖混结构,无,,https://sh.lianjia.com/ershoufang/107101277549.html
浦东,外高桥,尼德兰花园(二期),中环至外环,385,43750,2室2厅1厨1卫,88O,低楼层 (共13层),暂无数据,南,两梯四户,毛坯,70年,钢混结构,有,,https://sh.lianjia.com/ershoufang/107100969669.html
浦东,外高桥,尼德兰北岸,中环至外环,1250,43860,5室3厅1厨2卫,285O,低楼层 (共3层),,南,,毛坯,未知,钢混结构,,联排,https://sh.lianjia.com/ershoufang/107101423190.html
浦东,外高桥,富特三村,中环至外环,258,45256,2室1厅1厨1卫,57.01O,高楼层 (共6层),平层,南,一梯三户,精装,70年,砖混结构,无,,https://sh.lianjia.com/ershoufang/107100992229.html
浦东,外高桥,港城新苑,中环至外环,250,39063,1室2厅1厨1卫,64O,低楼层 (共11层),平层,南,一梯三户,毛坯,未知,钢混结构,有,,https://sh.lianjia.com/ershoufang/107100718825.html
浦东,外高桥,富特四村,中环至外环,230,39189,2室1厅1厨1卫,58.69O,高楼层 (共6层),暂无数据,南,一梯两户,简装,70年,砖混结构,无,,https://sh.lianjia.com/ershoufang/107101363325.html
浦东,外高桥,高盛家园,中环至外环,420,33334,3室2厅1厨2卫,126O,低楼层 (共15层),暂无数据,南,一梯四户,其他,70年,钢混结构,有,,https://sh.lianjia.com/ershoufang/107101081371.html
浦东,外高桥,石家街60弄,中环至外环,138,34466,1室1厅1厨1卫,40.04O,中楼层 (共6层),平层,南,一梯五户,简装,70年,砖混结构,无,,https://sh.lianjia.com/ershoufang/107101400865.html
浦东,外高桥,凌桥一村,中环至外环,155,28577,2室1厅1厨1卫,54.24O,中楼层 (共6层),平层,南,一梯三户,简装,70年,砖混结构,无,,https://sh.lianjia.com/ershoufang/107101381190.html
浦东,外高桥,凌桥景园,中环至外环,360,16439,2室2厅1厨1卫,219O,低楼层 (共15层),暂无数据,南,两梯四户,毛坯,70年,钢混结构,有,,https://sh.lianjia.com/ershoufang/107101035206.html
浦东,外高桥,风信景苑,中环至外环,1000,43108,5室2厅1厨3卫,231.98O,低楼层 (共3层),复式,南,一梯两户,毛坯,70年,钢混结构,无,,https://sh.lianjia.com/ershoufang/107101038684.html
浦东,外高桥,富特五村,中环至外环,185,41057,1室1厅1厨1卫,45.06O,中楼层 (共6层),平层,南,一梯三户,简装,未知,砖混结构,无,,https://sh.lianjia.com/ershoufang/107100086192.html
浦东,外高桥,海高二村,中环至外环,192,34999,2室1厅1厨1卫,54.86O,高楼层 (共6层),平层,南 北,一梯三户,精装,未知,砖混结构,无,,https://sh.lianjia.com/ershoufang/107101380763.html
浦东,外高桥,潼港二村,中环至外环,225,40100,2室1厅1厨1卫,56.11O,低楼层 (共6层),平层,南,一梯四户,精装,70年,砖混结构,无,,https://sh.lianjia.com/ershoufang/107100724209.html
浦东,外高桥,尼德兰花园(二期),中环至外环,455,51182,2室2厅1厨1卫,88.9O,中楼层 (共13层),平层,南,两梯四户,简装,70年,钢混结构,有,,https://sh.lianjia.com/ershoufang/107101330712.html
浦东,外高桥,学前二村,中环至外环,235,35238,2室1厅1厨1卫,66.69O,高楼层 (共6层),暂无数据,南,一梯三户,毛坯,未知,砖混结构,无,,https://sh.lianjia.com/ershoufang/107101413019.html
浦东,外高桥,东兴苑,中环至外环,375,44638,2室1厅1厨1卫,84.01O,低楼层 (共6层),暂无数据,南,一梯两户,简装,未知,钢混结构,无,,https://sh.lianjia.com/ershoufang/107101281347.html
浦东,外高桥,中凌东港苑,中环至外环,315,35723,2室2厅1厨1卫,88.18O,中楼层 (共14层),平层,南,一梯两户,其他,未知,钢混结构,有,,https://sh.lianjia.com/ershoufang/107100985783.html
浦东,外高桥,锦福苑,中环至外环,163,27864,1室1厅1厨1卫,58.5O,高楼层 (共6层),平层,南,一梯两户,毛坯,未知,钢混结构,无,,https://sh.lianjia.com/ershoufang/107101139575.html
浦东,外高桥,潼港五村,中环至外环,238,37188,2室1厅1厨1卫,64O,高楼层 (共6层),平层,南 北,一梯三户,简装,未知,砖混结构,无,,https://sh.lianjia.com/ershoufang/107101173216.html
浦东,外高桥,海高二村,中环至外环,235,34872,2室1厅1厨1卫,67.39O,低楼层 (共6层),平层,南,一梯两户,精装,未知,砖混结构,无,,https://sh.lianjia.com/ershoufang/107101390460.html
浦东,外高桥,永久城市花园,中环至外环,530,46087,2室2厅1厨2卫,115O,低楼层 (共11层),平层,南,一梯两户,精装,70年,钢混结构,有,,https://sh.lianjia.com/ershoufang/107101133328.html
浦东,外高桥,学前一村,中环至外环,229,33223,2室1厅1厨1卫,68.93O,中楼层 (共6层),平层,南,一梯四户,简装,未知,砖混结构,无,,https://sh.lianjia.com/ershoufang/107100473042.html
浦东,外高桥,富特五村,中环至外环,260,44567,2室1厅1厨1卫,58.34O,高楼层 (共6层),平层,南,一梯两户,简装,未知,砖混结构,无,,https://sh.lianjia.com/ershoufang/107100523858.html
浦东,外高桥,富特三村,中环至外环,266,46659,2室1厅1厨1卫,57.01O,低楼层 (共6层),平层,南,一梯三户,精装,70年,砖混结构,无,,https://sh.lianjia.com/ershoufang/107101321736.html
浦东,外高桥,高桥红坊,外环外,220,45729,2室1厅1厨1卫,48.11O,中楼层 (共5层),暂无数据,南,一梯十五户,其他,40年,钢混结构,无,,https://sh.lianjia.com/ershoufang/107101363336.html
浦东,外高桥,高桥二村,中环至外环,172,35819,2室0厅1厨1卫,48.02O,中楼层 (共6层),平层,南,一梯四户,简装,70年,砖混结构,无,,https://sh.lianjia.com/ershoufang/107100667052.html
浦东,外高桥,高盛家园,中环至外环,278,31413,2室2厅1厨1卫,88.5O,低楼层 (共15层),平层,南,两梯四户,毛坯,70年,钢混结构,有,,https://sh.lianjia.com/ershoufang/107101456544.html
浦东,外高桥,乐非天地,中环至外环,270,33641,2室2厅1厨2卫,80.26O,低楼层 (共15层),复式,南,两梯十六户,精装,50年,钢混结构,有,,https://sh.lianjia.com/ershoufang/107101120674.html
浦东,外高桥,仁恒家园,中环至外环,780,54398,3室2厅1厨2卫,143.39O,中楼层 (共6层),平层,南,一梯两户,精装,70年,钢混结构,无,,https://sh.lianjia.com/ershoufang/107100722375.html
浦东,外高桥,阳明花园广场,中环至外环,385,37267,2室1厅1厨1卫,103.31O,低楼层 (共19层),平层,南,两梯八户,精装,70年,钢混结构,有,,https://sh.lianjia.com/ershoufang/107101084246.html
浦东,外高桥,花山锦地苑,中环至外环,360,41480,2室2厅1厨1卫,86.79O,低楼层 (共11层),平层,南,一梯两户,精装,未知,钢混结构,暂无数据,,https://sh.lianjia.com/ershoufang/107101044882.html
浦东,外高桥,学前二村,中环至外环,310,35112,3室1厅1厨1卫,88.29O,中楼层 (共6层),暂无数据,南,一梯三户,简装,未知,砖混结构,无,,https://sh.lianjia.com/ershoufang/107001893289.html
浦东,外高桥,富特五村,中环至外环,215,37608,2室1厅1厨1卫,57.17O,高楼层 (共6层),平层,南,一梯三户,简装,未知,砖混结构,无,,https://sh.lianjia.com/ershoufang/107101112197.html
浦东,外高桥,石家街60弄,中环至外环,205,30033,2室1厅1厨1卫,68.26O,中楼层 (共6层),平层,南,一梯五户,精装,70年,砖混结构,无,,https://sh.lianjia.com/ershoufang/107101457203.html
浦东,外高桥,上炼二村,中环至外环,230,36272,2室1厅1厨1卫,63.41O,中楼层 (共5层),暂无数据,南,一梯两户,简装,未知,砖混结构,无,,https://sh.lianjia.com/ershoufang/107101222496.html
浦东,外高桥,品臻国际公寓,中环至外环,175,31819,1室1厅1厨1卫,55O,低楼层 (共19层),跃层,南,一梯十二户,简装,未知,钢混结构,有,,https://sh.lianjia.com/ershoufang/107100128180.html
浦东,外高桥,品臻国际公寓,中环至外环,180,32621,1室1厅1厨1卫,55.18O,中楼层 (共19层),复式,南,一梯十二户,精装,未知,钢混结构,有,,https://sh.lianjia.com/ershoufang/107101115431.html
浦东,外高桥,高南新村,中环至外环,370,35878,3室1厅1厨1卫,103.13O,低楼层 (共6层),平层,南,一梯两户,简装,70年,砖混结构,无,,https://sh.lianjia.com/ershoufang/107000907895.html
浦东,外高桥,仁恒家园,中环至外环,765,52398,3室2厅1厨2卫,146O,低楼层 (共6层),平层,东南,一梯两户,精装,70年,钢混结构,无,,https://sh.lianjia.com/ershoufang/107101101441.html
浦东,外高桥,富特四村,中环至外环,228,38849,2室1厅1厨1卫,58.69O,高楼层 (共6层),平层,南,一梯两户,简装,70年,砖混结构,无,,https://sh.lianjia.com/ershoufang/107101176755.html
浦东,外高桥,潼港六村,中环至外环,338,40582,2室2厅1厨1卫,83.29O,低楼层 (共6层),平层,南,一梯两户,简装,未知,砖混结构,无,,https://sh.lianjia.com/ershoufang/107101425407.html
浦东,外高桥,永久城市花园,中环至外环,585,50786,2室2厅1厨2卫,115.19O,中楼层 (共13层),暂无数据,暂无数据,一梯两户,毛坯,70年,钢混结构,有,,https://sh.lianjia.com/ershoufang/107002070885.html
浦东,外高桥,新高桥春晖苑,中环至外环,500,36417,3室2厅1厨2卫,137.3O,高楼层 (共6层),暂无数据,南,一梯两户,精装,70年,钢混结构,无,,https://sh.lianjia.com/ershoufang/107100038421.html
浦东,外高桥,中凌东港苑,中环至外环,315,35634,2室2厅1厨1卫,88.4O,中楼层 (共14层),平层,南,一梯两户,简装,未知,钢混结构,有,,https://sh.lianjia.com/ershoufang/107100985786.html
浦东,外高桥,仁恒家园,中环至外环,999,50111,4室2厅1厨2卫,199.36O,低楼层 (共7层),平层,南,一梯两户,精装,70年,钢混结构,有,,https://sh.lianjia.com/ershoufang/107101119838.html
浦东,外高桥,潼港五村,中环至外环,310,37898,2室2厅1厨1卫,81.8O,低楼层 (共6层),暂无数据,南,一梯三户,其他,未知,砖混结构,无,,https://sh.lianjia.com/ershoufang/107101256528.html
浦东,外高桥,天鹅泉公寓,中环至外环,320,52041,1室1厅1厨1卫,61.49O,中楼层 (共4层),平层,南,一梯两户,精装,70年,钢混结构,无,,https://sh.lianjia.com/ershoufang/107002266467.html
浦东,外高桥,凌桥景园,中环至外环,188,32577,1室1厅1厨1卫,57.71O,中楼层 (共15层),平层,南,两梯四户,毛坯,70年,钢混结构,有,,https://sh.lianjia.com/ershoufang/107101313651.html
浦东,外高桥,潼港二村,中环至外环,165,35546,1室1厅1厨1卫,46.42O,高楼层 (共6层),平层,南,一梯三户,精装,70年,砖混结构,无,,https://sh.lianjia.com/ershoufang/107100828494.html
浦东,外高桥,新高桥春晖苑,中环至外环,315,47540,1室1厅1厨1卫,66.26O,中楼层 (共6层),暂无数据,南,一梯两户,简装,70年,钢混结构,无,,https://sh.lianjia.com/ershoufang/107101361564.html
浦东,外高桥,锦悦苑,中环至外环,450,38298,3室2厅1厨1卫,117.5O,高楼层 (共6层),平层,南,一梯两户,精装,70年,钢混结构,无,,https://sh.lianjia.com/ershoufang/107101279886.html
浦东,外高桥,东义路21弄,中环至外环,190,34069,2室1厅1厨1卫,55.77O,中楼层 (共5层),平层,南,一梯四户,简装,未知,砖混结构,无,,https://sh.lianjia.com/ershoufang/107100710025.html
浦东,外高桥,学前二村,中环至外环,225,33603,2室1厅1厨1卫,66.96O,高楼层 (共6层),平层,南,一梯三户,毛坯,未知,砖混结构,无,,https://sh.lianjia.com/ershoufang/107100506515.html
浦东,外高桥,运银公寓,中环至外环,600,35877,4室2厅1厨3卫,167.24O,高楼层 (共4层),暂无数据,南,一梯三户,精装,70年,钢混结构,无,,https://sh.lianjia.com/ershoufang/107101344341.html
浦东,外高桥,高南新村,中环至外环,250,36765,2室1厅1厨1卫,68O,中楼层 (共6层),平层,南,一梯三户,精装,70年,砖混结构,无,,https://sh.lianjia.com/ershoufang/107101437462.html
浦东,外高桥,锦福苑,中环至外环,250,28458,3室1厅1厨1卫,87.85O,中楼层 (共6层),平层,东南 南,一梯两户,简装,未知,钢混结构,无,,https://sh.lianjia.com/ershoufang/107101418384.html
浦东,外高桥,富特四村,中环至外环,170,39702,1室1厅1厨1卫,42.82O,高楼层 (共6层),暂无数据,南,一梯三户,其他,70年,砖混结构,无,,https://sh.lianjia.com/ershoufang/107101519693.html
浦东,外高桥,潼港八村,中环至外环,263,37074,2室1厅1厨1卫,70.94O,中楼层 (共6层),平层,南,一梯四户,简装,未知,砖混结构,无,,https://sh.lianjia.com/ershoufang/107100182019.html
浦东,外高桥,乐非天地,中环至外环,248,30900,2室2厅1厨1卫,80.26O,中楼层 (共15层),暂无数据,南,两梯十六户,简装,50年,钢混结构,有,,https://sh.lianjia.com/ershoufang/107100989837.html
浦东,外高桥,富特五村,中环至外环,180,39841,1室1厅1厨1卫,45.18O,高楼层 (共6层),平层,南,一梯四户,简装,未知,砖混结构,无,,https://sh.lianjia.com/ershoufang/107101195186.html
浦东,外高桥,尼德兰花园(二期),中环至外环,445,49500,2室2厅1厨1卫,89.9O,高楼层 (共13层),暂无数据,南,两梯四户,毛坯,70年,钢混结构,有,,https://sh.lianjia.com/ershoufang/107100497832.html
浦东,外高桥,天鹅泉公寓,中环至外环,385,47803,2室1厅1厨1卫,80.54O,中楼层 (共4层),平层,南,一梯两户,精装,70年,钢混结构,无,,https://sh.lianjia.com/ershoufang/107100608501.html
浦东,外高桥,大同路780弄,中环至外环,145,33303,1室1厅1厨1卫,43.54O,低楼层 (共6层),平层,南,一梯四户,简装,70年,砖混结构,无,,https://sh.lianjia.com/ershoufang/107101082544.html
浦东,外高桥,大同路780弄,中环至外环,220,34739,2室1厅1厨1卫,63.33O,高楼层 (共6层),平层,南,一梯四户,简装,未知,砖混结构,无,,https://sh.lianjia.com/ershoufang/107101020410.html
浦东,外高桥,学前一村,中环至外环,250,38617,2室1厅1厨1卫,64.74O,低楼层 (共6层),平层,南,一梯两户,简装,未知,砖混结构,无,,https://sh.lianjia.com/ershoufang/107101096330.html
浦东,外高桥,阳明花园广场,中环至外环,500,39526,3室2厅1厨2卫,126.5O,中楼层 (共27层),平层,东北,三梯八户,简装,70年,钢混结构,有,,https://sh.lianjia.com/ershoufang/107100611782.html
浦东,外高桥,凌桥二村,中环至外环,245,32667,3室1厅1厨1卫,75O,低楼层 (共6层),暂无数据,南,一梯三户,精装,未知,砖混结构,无,,https://sh.lianjia.com/ershoufang/107002342789.html
浦东,外高桥,学前一村,中环至外环,155,39990,1室1厅1厨1卫,38.76O,低楼层 (共6层),平层,南,一梯三户,简装,未知,砖混结构,无,,https://sh.lianjia.com/ershoufang/107101351076.html
浦东,外高桥,尼德兰花园(二期),中环至外环,450,50865,2室2厅1厨1卫,88.47O,高楼层 (共13层),平层,南,两梯四户,精装,70年,钢混结构,有,,https://sh.lianjia.com/ershoufang/107101161621.html
浦东,外高桥,仁恒家园,中环至外环,1110,55807,4室2厅1厨2卫,198.9O,中楼层 (共7层),平层,南,一梯两户,精装,70年,钢混结构,有,,https://sh.lianjia.com/ershoufang/107100994310.html
浦东,外高桥,富特四村,中环至外环,240,40202,2室1厅1厨1卫,59.7O,中楼层 (共6层),平层,南,一梯四户,精装,70年,砖混结构,无,,https://sh.lianjia.com/ershoufang/107100606804.html
浦东,外高桥,中凌东港苑,中环至外环,370,29839,3室2厅1厨2卫,124O,低楼层 (共14层),暂无数据,南,一梯两户,简装,未知,钢混结构,有,,https://sh.lianjia.com/ershoufang/107001314319.html
浦东,外高桥,紫薇和苑,中环至外环,525,39552,2室2厅1厨2卫,132.74O,低楼层 (共6层),平层,南,一梯两户,精装,未知,钢混结构,有,,https://sh.lianjia.com/ershoufang/107101085420.html
浦东,外高桥,上炼二村,中环至外环,160,32148,2室0厅1厨1卫,49.77O,高楼层 (共5层),平层,南,一梯四户,简装,未知,砖混结构,无,,https://sh.lianjia.com/ershoufang/107100027806.html
浦东,外高桥,凌桥一村,中环至外环,132,34153,1室1厅1厨1卫,38.65O,高楼层 (共6层),平层,南,一梯三户,其他,未知,砖混结构,无,,https://sh.lianjia.com/ershoufang/107100732207.html
浦东,外高桥,港城新苑,中环至外环,515,39356,3室2厅1厨2卫,130.86O,中楼层 (共11层),平层,南 北,一梯三户,毛坯,未知,钢混结构,有,,https://sh.lianjia.com/ershoufang/107101168796.html
浦东,外高桥,潼港八村,中环至外环,196,38920,1室1厅1厨1卫,50.36O,低楼层 (共6层),平层,南,一梯两户,简装,未知,砖混结构,无,,https://sh.lianjia.com/ershoufang/107100790374.html
浦东,外高桥,学前二村,中环至外环,195,36449,2室1厅1厨1卫,53.5O,中楼层 (共6层),平层,南,一梯三户,简装,未知,砖混结构,无,,https://sh.lianjia.com/ershoufang/107101449851.html
浦东,外高桥,品臻国际公寓,中环至外环,180,32621,1室1厅1厨1卫,55.18O,中楼层 (共19层),暂无数据,南,一梯十二户,精装,未知,钢混结构,有,,https://sh.lianjia.com/ershoufang/107101456329.html
浦东,外高桥,潼港八村,中环至外环,282,39249,2室1厅1厨1卫,71.85O,中楼层 (共6层),平层,南,一梯四户,简装,未知,砖混结构,无,,https://sh.lianjia.com/ershoufang/107101287694.html
浦东,外高桥,港城新苑,中环至外环,320,21181,2室1厅1厨1卫,151.08O,低楼层 (共14层),暂无数据,南,一梯两户,毛坯,未知,钢混结构,有,,https://sh.lianjia.com/ershoufang/107100745005.html
浦东,外高桥,潼港兴高苑,中环至外环,500,38418,3室2厅1厨2卫,130.15O,高楼层 (共6层),平层,南,一梯两户,简装,70年,钢混结构,无,,https://sh.lianjia.com/ershoufang/107101381017.html
浦东,外高桥,高桥一村,中环至外环,167,33548,2室0厅1厨1卫,49.78O,低楼层 (共6层),平层,南,一梯四户,简装,未知,砖混结构,无,,https://sh.lianjia.com/ershoufang/107002035589.html
浦东,外高桥,富特五村,中环至外环,213,37369,2室1厅1厨1卫,57O,高楼层 (共6层),暂无数据,南,一梯三户,简装,70年,砖混结构,无,,https://sh.lianjia.com/ershoufang/107100855000.html
浦东,外高桥,富特三村,中环至外环,245,42870,2室1厅1厨1卫,57.15O,高楼层 (共6层),平层,南,一梯三户,毛坯,70年,砖混结构,无,,https://sh.lianjia.com/ershoufang/107002158471.html
浦东,外高桥,风信景苑,中环至外环,790,48715,4室2厅1厨2卫,162.17O,中楼层 (共5层),暂无数据,南,一梯一户,精装,70年,钢混结构,有,,https://sh.lianjia.com/ershoufang/107001588541.html
浦东,外高桥,锦福苑,中环至外环,190,28788,2室1厅1厨1卫,66O,低楼层 (共6层),暂无数据,南,一梯两户,精装,未知,钢混结构,无,,https://sh.lianjia.com/ershoufang/107000336703.html
浦东,外高桥,南新东园,中环至外环,225,41994,1室1厅1厨1卫,53.58O,中楼层 (共11层),暂无数据,南,一梯三户,简装,未知,钢混结构,有,,https://sh.lianjia.com/ershoufang/107100466759.html
浦东,外高桥,和龙新苑,中环至外环,310,40208,2室1厅1厨1卫,77.1O,高楼层 (共6层),平层,南,一梯两户,毛坯,70年,钢混结构,无,,https://sh.lianjia.com/ershoufang/107100811871.html
浦东,外高桥,风信景苑,中环至外环,920,46642,4室2厅1厨2卫,197.25O,低楼层 (共3层),复式,南,一梯两户,精装,70年,钢混结构,无,,https://sh.lianjia.com/ershoufang/107100692235.html
浦东,外高桥,锦福苑,中环至外环,195,28677,2室1厅1厨1卫,68O,中楼层 (共6层),暂无数据,南,一梯两户,简装,未知,钢混结构,无,,https://sh.lianjia.com/ershoufang/107001148477.html
浦东,外高桥,高桥一村,中环至外环,125,38450,1室0厅1厨1卫,32.51O,高楼层 (共6层),平层,南,一梯四户,简装,未知,砖混结构,无,,https://sh.lianjia.com/ershoufang/107101363104.html
浦东,外高桥,学前公寓,中环至外环,410,42269,2室2厅1厨1卫,97O,高楼层 (共6层),复式,南,一梯两户,简装,70年,钢混结构,无,,https://sh.lianjia.com/ershoufang/107101282378.html
浦东,外高桥,季景北路783-857号,中环至外环,162,32794,1室1厅1厨1卫,49.4O,中楼层 (共6层),平层,南,一梯两户,简装,70年,砖混结构,无,,https://sh.lianjia.com/ershoufang/107000821791.html
浦东,外高桥,潼港一村,中环至外环,208,34777,2室1厅1厨1卫,59.81O,中楼层 (共6层),平层,南,一梯四户,简装,未知,砖混结构,无,,https://sh.lianjia.com/ershoufang/107100931213.html
浦东,外高桥,怡静园,中环至外环,146,32839,1室1厅1厨1卫,44.46O,中楼层 (共6层),平层,南,一梯三户,简装,未知,砖混结构,无,,https://sh.lianjia.com/ershoufang/107101377534.html
浦东,外高桥,乐非天地,中环至外环,240,29903,2室2厅1厨2卫,80.26O,中楼层 (共15层),暂无数据,南,两梯十六户,精装,50年,钢混结构,有,,https://sh.lianjia.com/ershoufang/107101206804.html
浦东,外高桥,富特四村,中环至外环,290,36025,3室1厅1厨1卫,80.5O,高楼层 (共6层),平层,南,一梯两户,简装,70年,砖混结构,无,,https://sh.lianjia.com/ershoufang/107100214685.html
浦东,外高桥,仁恒家园,中环至外环,790,52695,3室2厅1厨2卫,149.92O,中楼层 (共6层),平层,南,一梯两户,精装,70年,钢混结构,无,,https://sh.lianjia.com/ershoufang/107101106185.html
浦东,外高桥,尼德兰北岸,中环至外环,1750,50190,5室4厅1厨5卫,348.68O,低楼层 (共3层),,南,,精装,70年,钢混结构,,联排,https://sh.lianjia.com/ershoufang/107100292323.html
浦东,外高桥,富特三村,中环至外环,260,45495,2室1厅1厨1卫,57.15O,高楼层 (共6层),平层,南,一梯三户,简装,70年,砖混结构,无,,https://sh.lianjia.com/ershoufang/107101187229.html
浦东,外高桥,金纬苑,中环至外环,600,31748,6室2厅1厨3卫,188.99O,高楼层 (共6层),暂无数据,南,一梯两户,毛坯,70年,钢混结构,无,,https://sh.lianjia.com/ershoufang/107001190223.html
浦东,外高桥,阳明花园广场,中环至外环,586,60413,2室2厅1厨2卫,97O,高楼层 (共24层),平层,南,两梯三户,精装,70年,钢混结构,有,,https://sh.lianjia.com/ershoufang/107100623009.html
浦东,外高桥,运银公寓,中环至外环,438,37430,3室2厅1厨1卫,117.02O,低楼层 (共11层),平层,南,一梯两户,简装,未知,钢混结构,暂无数据,,https://sh.lianjia.com/ershoufang/107101204390.html
浦东,外高桥,海高二村,中环至外环,220,32588,2室1厅1厨1卫,67.51O,高楼层 (共6层),平层,南,一梯三户,简装,未知,砖混结构,无,,https://sh.lianjia.com/ershoufang/107101239519.html
浦东,外高桥,南新东园,中环至外环,410,44493,2室2厅1厨1卫,92.15O,高楼层 (共18层),平层,南,一梯四户,简装,未知,钢混结构,有,,https://sh.lianjia.com/ershoufang/107100697202.html
浦东,外高桥,富特四村,中环至外环,180,39762,1室1厅1厨1卫,45.27O,中楼层 (共6层),平层,南,一梯两户,毛坯,70年,砖混结构,无,,https://sh.lianjia.com/ershoufang/107101236129.html
浦东,外高桥,上炼一村,中环至外环,118,34706,1室1厅1厨1卫,34O,中楼层 (共4层),平层,南,一梯四户,简装,70年,砖混结构,无,,https://sh.lianjia.com/ershoufang/107101368813.html
浦东,外高桥,潼港五村,中环至外环,288,37500,2室1厅1厨1卫,76.8O,低楼层 (共6层),暂无数据,南,一梯两户,毛坯,未知,砖混结构,无,,https://sh.lianjia.com/ershoufang/107101413135.html
浦东,外高桥,南新东园,中环至外环,335,41965,2室2厅1厨1卫,79.83O,中楼层 (共11层),平层,南 北,一梯三户,精装,70年,钢混结构,有,,https://sh.lianjia.com/ershoufang/107101350111.html
浦东,外高桥,东江新苑,中环至外环,255,45988,1室1厅1厨1卫,55.45O,高楼层 (共11层),平层,南,一梯四户,毛坯,未知,钢混结构,暂无数据,,https://sh.lianjia.com/ershoufang/107101491201.html
浦东,外高桥,中凌东港苑,中环至外环,275,33521,2室1厅1厨1卫,82.04O,中楼层 (共11层),平层,南,一梯三户,毛坯,未知,钢混结构,有,,https://sh.lianjia.com/ershoufang/107101433263.html
浦东,外高桥,富特五村,中环至外环,230,40344,2室1厅1厨1卫,57.01O,中楼层 (共6层),平层,南,一梯三户,毛坯,未知,砖混结构,无,,https://sh.lianjia.com/ershoufang/107101422819.html
浦东,外高桥,怡心苑,中环至外环,408,41989,2室2厅1厨1卫,97.17O,高楼层 (共6层),平层,南,一梯两户,精装,未知,钢混结构,无,,https://sh.lianjia.com/ershoufang/107101241987.html
浦东,外高桥,凌桥二村,中环至外环,145,36305,1室1厅1厨1卫,39.94O,低楼层 (共6层),平层,南,一梯三户,毛坯,未知,砖混结构,无,,https://sh.lianjia.com/ershoufang/107100952270.html
浦东,外高桥,名扬佳园,中环至外环,380,39584,2室2厅1厨1卫,96O,低楼层 (共11层),暂无数据,南,一梯三户,精装,未知,钢混结构,有,,https://sh.lianjia.com/ershoufang/107101495859.html
浦东,外高桥,上炼三村,中环至外环,130,38236,1室0厅1厨1卫,34O,中楼层 (共6层),平层,南,一梯三户,简装,70年,砖混结构,无,,https://sh.lianjia.com/ershoufang/107101287350.html
浦东,外高桥,中凌东港苑,中环至外环,400,32142,3室2厅1厨2卫,124.45O,中楼层 (共14层),平层,南,一梯两户,毛坯,未知,钢混结构,有,,https://sh.lianjia.com/ershoufang/107100041443.html
浦东,外高桥,潼港二村,中环至外环,235,34779,2室1厅1厨1卫,67.57O,高楼层 (共6层),平层,南,一梯三户,精装,未知,砖混结构,无,,https://sh.lianjia.com/ershoufang/107101510416.html
浦东,外高桥,花山名苑,中环至外环,388,37165,2室2厅1厨2卫,104.4O,高楼层 (共6层),平层,南,一梯两户,精装,未知,钢混结构,无,,https://sh.lianjia.com/ershoufang/107101246868.html
浦东,外高桥,上炼一村,中环至外环,105,30497,1室0厅1厨1卫,34.43O,中楼层 (共4层),暂无数据,南,一梯六户,其他,70年,砖混结构,无,,https://sh.lianjia.com/ershoufang/107101494914.html
浦东,外高桥,潼港一村,中环至外环,250,36332,2室1厅1厨1卫,68.81O,低楼层 (共6层),平层,南,一梯四户,精装,未知,砖混结构,无,,https://sh.lianjia.com/ershoufang/107101148147.html
浦东,外高桥,学前二村,中环至外环,250,38116,2室1厅1厨1卫,65.59O,高楼层 (共6层),平层,南,一梯两户,其他,未知,砖混结构,无,,https://sh.lianjia.com/ershoufang/107100694864.html
浦东,外高桥,浦发春晖新苑,中环至外环,247,44634,1室1厅1厨1卫,55.34O,中楼层 (共15层),暂无数据,南,一梯四户,毛坯,未知,钢混结构,有,,https://sh.lianjia.com/ershoufang/107100538023.html
浦东,外高桥,潼港八村,中环至外环,220,36821,2室1厅1厨1卫,59.75O,高楼层 (共6层),平层,南 北,一梯四户,毛坯,未知,砖混结构,无,,https://sh.lianjia.com/ershoufang/107100359603.html
浦东,外高桥,富特四村,中环至外环,300,39043,3室1厅1厨1卫,76.84O,高楼层 (共6层),平层,南,一梯两户,简装,70年,砖混结构,无,,https://sh.lianjia.com/ershoufang/107101135529.html
浦东,外高桥,怡静园,中环至外环,137,30732,1室1厅1厨1卫,44.58O,高楼层 (共6层),平层,南,一梯三户,简装,未知,砖混结构,无,,https://sh.lianjia.com/ershoufang/107101272707.html
浦东,外高桥,潼港三村,中环至外环,228,34546,2室1厅1厨1卫,66O,中楼层 (共6层),平层,南,一梯两户,简装,未知,砖混结构,无,,https://sh.lianjia.com/ershoufang/107002182073.html
浦东,外高桥,浦发春晖新苑,中环至外环,428,47795,2室2厅1厨2卫,89.55O,低楼层 (共15层),平层,东南,一梯四户,简装,未知,钢混结构,有,,https://sh.lianjia.com/ershoufang/107100165381.html
浦东,外高桥,阳明花园广场,中环至外环,648,61133,3室2厅1厨2卫,106O,高楼层 (共24层),平层,南,两梯四户,精装,70年,钢混结构,有,,https://sh.lianjia.com/ershoufang/107101393199.html
浦东,外高桥,学前一村,中环至外环,235,34093,2室1厅1厨1卫,68.93O,中楼层 (共6层),平层,南,一梯四户,简装,未知,砖混结构,无,,https://sh.lianjia.com/ershoufang/107001241869.html
浦东,外高桥,潼港八村,中环至外环,275,38809,2室1厅1厨1卫,70.86O,低楼层 (共6层),平层,南,一梯两户,简装,未知,砖混结构,无,,https://sh.lianjia.com/ershoufang/107101371002.html
浦东,外高桥,陆凌新村,中环至外环,228,32712,2室1厅1厨1卫,69.7O,中楼层 (共6层),平层,南,一梯两户,毛坯,未知,砖混结构,无,,https://sh.lianjia.com/ershoufang/107101126284.html
浦东,外高桥,潼港八村,中环至外环,233,36344,2室1厅1厨1卫,64.11O,高楼层 (共6层),平层,南,一梯四户,简装,未知,砖混结构,无,,https://sh.lianjia.com/ershoufang/107101417481.html
浦东,外高桥,东义路21弄,中环至外环,155,35972,1室1厅1厨1卫,43.09O,低楼层 (共6层),平层,南,一梯两户,简装,未知,砖混结构,无,,https://sh.lianjia.com/ershoufang/107100427449.html
浦东,外高桥,上炼一村,中环至外环,130,32606,1室1厅1厨1卫,39.87O,低楼层 (共4层),平层,南,一梯六户,简装,未知,砖混结构,无,,https://sh.lianjia.com/ershoufang/107101274535.html
浦东,外高桥,学前一村,中环至外环,195,36307,2室1厅1厨1卫,53.71O,高楼层 (共6层),平层,南,一梯三户,精装,未知,砖混结构,无,,https://sh.lianjia.com/ershoufang/107101426917.html
浦东,外高桥,怡心苑,中环至外环,220,37672,1室1厅1厨1卫,58.4O,中楼层 (共6层),暂无数据,南,一梯两户,毛坯,未知,钢混结构,无,,https://sh.lianjia.com/ershoufang/107101440382.html
浦东,外高桥,凌桥一村,中环至外环,172,33218,2室1厅1厨1卫,51.78O,低楼层 (共6层),平层,南 北,一梯三户,其他,70年,砖混结构,无,,https://sh.lianjia.com/ershoufang/107101150807.html
浦东,外高桥,乐非天地,中环至外环,160,38949,1室1厅1厨1卫,41.08O,低楼层 (共15层),暂无数据,南,两梯十六户,精装,50年,钢混结构,有,,https://sh.lianjia.com/ershoufang/107100526448.html
浦东,外高桥,仁恒家园,中环至外环,790,55292,3室2厅1厨2卫,142.88O,低楼层 (共7层),暂无数据,南,一梯两户,精装,70年,钢混结构,有,,https://sh.lianjia.com/ershoufang/107101095151.html
浦东,外高桥,潼港一村,中环至外环,235,33155,2室1厅1厨1卫,70.88O,高楼层 (共6层),平层,南,一梯四户,简装,未知,砖混结构,无,,https://sh.lianjia.com/ershoufang/107101295800.html
浦东,外高桥,高南新村,中环至外环,245,35663,2室2厅1厨1卫,68.7O,高楼层 (共6层),平层,南,一梯四户,精装,70年,砖混结构,无,,https://sh.lianjia.com/ershoufang/107101416644.html
浦东,外高桥,富特三村,中环至外环,258,42575,2室1厅1厨1卫,60.6O,高楼层 (共6层),平层,南,一梯两户,精装,70年,砖混结构,无,,https://sh.lianjia.com/ershoufang/107100774124.html
浦东,外高桥,富特三村,中环至外环,256,44795,2室1厅1厨1卫,57.15O,低楼层 (共6层),平层,南,一梯三户,简装,70年,砖混结构,无,,https://sh.lianjia.com/ershoufang/107101409795.html
浦东,外高桥,和龙新苑,中环至外环,353,38681,2室2厅1厨1卫,91.26O,低楼层 (共6层),平层,南,一梯两户,简装,未知,钢混结构,无,,https://sh.lianjia.com/ershoufang/107101187676.html
浦东,外高桥,高桥一村,中环至外环,175,35155,2室1厅1厨1卫,49.78O,中楼层 (共6层),平层,南,一梯四户,简装,70年,砖混结构,无,,https://sh.lianjia.com/ershoufang/107101085021.html
浦东,外高桥,高南新村,中环至外环,320,34840,3室1厅1厨1卫,91.85O,高楼层 (共6层),暂无数据,南,一梯两户,其他,70年,砖混结构,无,,https://sh.lianjia.com/ershoufang/107101044008.html
浦东,外高桥,潼港一村,中环至外环,273,36957,3室1厅1厨1卫,73.87O,中楼层 (共6层),平层,南,一梯三户,简装,未知,砖混结构,无,,https://sh.lianjia.com/ershoufang/107100098202.html
浦东,外高桥,阳明花园广场,中环至外环,815,53619,4室2厅1厨3卫,152O,低楼层 (共24层),平层,南,两梯四户,精装,70年,钢混结构,有,,https://sh.lianjia.com/ershoufang/107101344715.html
浦东,外高桥,潼港二村,中环至外环,255,37495,2室1厅1厨1卫,68.01O,中楼层 (共6层),平层,南,一梯四户,精装,未知,砖混结构,无,,https://sh.lianjia.com/ershoufang/107101159907.html
浦东,外高桥,潼港七村,中环至外环,335,38291,3室2厅1厨1卫,87.49O,中楼层 (共6层),平层,南,一梯两户,简装,70年,砖混结构,无,,https://sh.lianjia.com/ershoufang/107101122029.html
浦东,外高桥,怡心苑,中环至外环,700,41652,4室2厅0厨2卫,168.06O,低楼层 (共12层),暂无数据,南,一梯两户,简装,未知,钢混结构,有,,https://sh.lianjia.com/ershoufang/107101400899.html
浦东,外高桥,运银公寓,中环至外环,380,41051,2室2厅1厨1卫,92.57O,低楼层 (共4层),暂无数据,南,一梯两户,简装,70年,钢混结构,无,,https://sh.lianjia.com/ershoufang/107100674614.html
浦东,外高桥,潼港西八村,中环至外环,356,34961,3室2厅1厨1卫,101.83O,高楼层 (共6层),暂无数据,南,一梯两户,精装,未知,砖混结构,无,,https://sh.lianjia.com/ershoufang/107100381826.html
浦东,外高桥,富特五村,中环至外环,218,38186,2室1厅1厨1卫,57.09O,高楼层 (共6层),平层,南,一梯三户,精装,70年,砖混结构,无,,https://sh.lianjia.com/ershoufang/107101020062.html
浦东,外高桥,东兴苑,中环至外环,360,42324,2室1厅1厨1卫,85.06O,高楼层 (共6层),平层,南,一梯两户,简装,未知,钢混结构,无,,https://sh.lianjia.com/ershoufang/107101309776.html
浦东,外高桥,潼港兴高苑,中环至外环,360,35641,2室2厅1厨1卫,101.01O,低楼层 (共6层),平层,南 北,一梯两户,简装,70年,钢混结构,无,,https://sh.lianjia.com/ershoufang/107100310406.html
浦东,外高桥,上炼二村,中环至外环,185,33167,2室1厅1厨1卫,55.78O,高楼层 (共5层),平层,南,一梯五户,精装,70年,砖混结构,无,,https://sh.lianjia.com/ershoufang/107100172442.html
浦东,外高桥,锦悦苑,中环至外环,560,36506,3室2厅1厨2卫,153.4O,高楼层 (共6层),暂无数据,南,一梯两户,其他,70年,钢混结构,无,,https://sh.lianjia.com/ershoufang/107101418872.html
浦东,外高桥,学前一村,中环至外环,149,38442,1室1厅1厨1卫,38.76O,高楼层 (共6层),平层,南,一梯三户,简装,未知,砖混结构,无,,https://sh.lianjia.com/ershoufang/107101394819.html
浦东,外高桥,尼德兰花园(二期),中环至外环,470,53367,2室2厅1厨1卫,88.07O,中楼层 (共13层),暂无数据,南,两梯四户,精装,70年,钢混结构,有,,https://sh.lianjia.com/ershoufang/107100656397.html
浦东,外高桥,高盛家园,中环至外环,420,34489,3室2厅1厨2卫,121.78O,中楼层 (共15层),平层,南,一梯四户,毛坯,70年,钢混结构,暂无数据,,https://sh.lianjia.com/ershoufang/107101221076.html
浦东,外高桥,春晖苑,中环至外环,410,41091,2室1厅1厨1卫,99.78O,中楼层 (共6层),平层,南,一梯两户,简装,未知,钢混结构,无,,https://sh.lianjia.com/ershoufang/107100585485.html
浦东,外高桥,上炼三村,中环至外环,163,38681,1室1厅1厨1卫,42.14O,中楼层 (共6层),平层,南,一梯三户,简装,70年,砖混结构,无,,https://sh.lianjia.com/ershoufang/107101277848.html
浦东,外高桥,凌桥二村,中环至外环,225,30117,3室1厅1厨1卫,74.71O,低楼层 (共6层),平层,南,一梯三户,简装,未知,砖混结构,无,,https://sh.lianjia.com/ershoufang/107100458846.html
浦东,外高桥,凌桥一村,中环至外环,140,36843,1室1厅1厨1卫,38O,高楼层 (共6层),平层,南,一梯三户,其他,70年,砖混结构,无,,https://sh.lianjia.com/ershoufang/107100262721.html
浦东,外高桥,凌桥苑,中环至外环,220,36661,1室1厅1厨1卫,60.01O,高楼层 (共6层),暂无数据,南,一梯两户,其他,未知,钢混结构,无,,https://sh.lianjia.com/ershoufang/107100894854.html
浦东,外高桥,运银公寓,中环至外环,455,36244,3室2厅1厨2卫,125.54O,低楼层 (共5层),平层,南,一梯两户,简装,未知,钢混结构,无,,https://sh.lianjia.com/ershoufang/107100330583.html
浦东,外高桥,南新东园,中环至外环,408,39914,3室2厅1厨1卫,102.22O,低楼层 (共14层),暂无数据,南,一梯两户,简装,未知,钢混结构,有,,https://sh.lianjia.com/ershoufang/107101317265.html
浦东,外高桥,金翼小区,中环至外环,330,28351,3室2厅1厨2卫,116.4O,高楼层 (共6层),平层,南,一梯两户,精装,未知,钢混结构,无,,https://sh.lianjia.com/ershoufang/107101216628.html
浦东,外高桥,潼港一村,中环至外环,225,33734,2室1厅1厨1卫,66.7O,高楼层 (共6层),平层,南,一梯两户,简装,未知,砖混结构,无,,https://sh.lianjia.com/ershoufang/107100554642.html
浦东,外高桥,尼德兰官邸,中环至外环,1380,31652,4室2厅1厨3卫,436O,低楼层 (共5层),复式,南,一梯两户,毛坯,未知,钢混结构,无,,https://sh.lianjia.com/ershoufang/107002266771.html
浦东,外高桥,和龙新苑,中环至外环,390,42689,2室2厅1厨1卫,91.36O,中楼层 (共6层),平层,南,一梯两户,其他,未知,钢混结构,无,,https://sh.lianjia.com/ershoufang/107100696134.html
浦东,外高桥,高桥一村,中环至外环,170,34151,2室1厅1厨1卫,49.78O,高楼层 (共6层),暂无数据,南,一梯四户,其他,未知,砖混结构,无,,https://sh.lianjia.com/ershoufang/107101495783.html
浦东,外高桥,富特四村,中环至外环,235,39057,2室1厅1厨1卫,60.17O,高楼层 (共6层),平层,南,一梯三户,精装,70年,砖混结构,无,,https://sh.lianjia.com/ershoufang/107101099707.html
浦东,外高桥,新高桥春晖苑,中环至外环,430,47119,4室1厅1厨2卫,91.26O,高楼层 (共6层),复式,南,一梯两户,简装,70年,钢混结构,无,,https://sh.lianjia.com/ershoufang/107101200890.html
浦东,外高桥,富特四村,中环至外环,230,39445,2室1厅1厨1卫,58.31O,高楼层 (共6层),平层,南,一梯两户,简装,70年,砖混结构,无,,https://sh.lianjia.com/ershoufang/107101243450.html
浦东,外高桥,仁恒家园,中环至外环,802,54917,3室2厅1厨2卫,146.04O,中楼层 (共6层),平层,南,一梯两户,精装,70年,钢混结构,无,,https://sh.lianjia.com/ershoufang/107100417621.html
浦东,外高桥,潼港二村,中环至外环,163,35762,1室1厅1厨1卫,45.58O,高楼层 (共6层),平层,南,一梯两户,精装,未知,砖混结构,无,,https://sh.lianjia.com/ershoufang/107101451186.html
浦东,外高桥,阳明花园广场,中环至外环,480,38020,3室2厅1厨2卫,126.25O,中楼层 (共19层),平层,南,两梯八户,精装,70年,钢混结构,有,,https://sh.lianjia.com/ershoufang/107101238678.html
浦东,外高桥,南新西园,中环至外环,375,40998,2室2厅1厨1卫,91.47O,低楼层 (共11层),平层,南,一梯三户,毛坯,70年,钢混结构,有,,https://sh.lianjia.com/ershoufang/107100790072.html
浦东,外高桥,南新东园,中环至外环,224,41807,1室1厅1厨1卫,53.58O,中楼层 (共11层),暂无数据,南,一梯三户,简装,未知,钢混结构,有,,https://sh.lianjia.com/ershoufang/107100140718.html
浦东,外高桥,金色郦苑,中环至外环,280,31639,2室2厅1厨1卫,88.5O,高楼层 (共17层),平层,南,一梯四户,毛坯,70年,钢混结构,有,,https://sh.lianjia.com/ershoufang/107101290714.html
浦东,外高桥,尼德兰花园(二期),中环至外环,530,53000,2室2厅1厨2卫,100O,中楼层 (共13层),暂无数据,南,两梯四户,毛坯,70年,钢混结构,有,,https://sh.lianjia.com/ershoufang/107101218322.html
浦东,外高桥,怡心苑,中环至外环,380,43875,2室2厅1厨1卫,86.61O,高楼层 (共6层),平层,南,一梯两户,精装,未知,钢混结构,无,,https://sh.lianjia.com/ershoufang/107101256699.html
浦东,外高桥,潼港一村,中环至外环,192,32075,2室1厅1厨1卫,59.86O,高楼层 (共6层),平层,南,一梯四户,精装,未知,砖混结构,无,,https://sh.lianjia.com/ershoufang/107101446435.html
浦东,外高桥,富特三村,中环至外环,335,43462,2室1厅1厨1卫,77.08O,中楼层 (共6层),平层,南,一梯两户,简装,70年,砖混结构,无,,https://sh.lianjia.com/ershoufang/107101504056.html
浦东,外高桥,上炼三村,中环至外环,220,31528,3室1厅1厨1卫,69.78O,中楼层 (共6层),平层,南,一梯三户,简装,70年,砖混结构,无,,https://sh.lianjia.com/ershoufang/107101116441.html
浦东,外高桥,潼港八村,中环至外环,285,38892,2室1厅1厨1卫,73.28O,低楼层 (共6层),平层,南,一梯两户,简装,未知,砖混结构,无,,https://sh.lianjia.com/ershoufang/107101265237.html
浦东,外高桥,潼港八村,中环至外环,255,35876,2室1厅1厨1卫,71.08O,高楼层 (共6层),平层,南,一梯两户,简装,未知,砖混结构,无,,https://sh.lianjia.com/ershoufang/107100653539.html
浦东,外高桥,潼港六村,中环至外环,195,36442,2室1厅1厨1卫,53.51O,中楼层 (共6层),平层,南,一梯三户,简装,未知,砖混结构,无,,https://sh.lianjia.com/ershoufang/107101048956.html
浦东,外高桥,潼港八村,中环至外环,260,36693,2室1厅1厨1卫,70.86O,高楼层 (共6层),平层,南,一梯两户,简装,未知,砖混结构,无,,https://sh.lianjia.com/ershoufang/107101194849.html
浦东,外高桥,高南新村,中环至外环,222,33637,2室1厅1厨1卫,66O,高楼层 (共6层),平层,暂无数据,一梯两户,毛坯,70年,砖混结构,无,,https://sh.lianjia.com/ershoufang/107002315957.html
浦东,外高桥,名扬佳园,中环至外环,500,27243,3室2厅1厨2卫,183.54O,低楼层 (共13层),暂无数据,南,一梯两户,精装,未知,钢混结构,有,,https://sh.lianjia.com/ershoufang/107001776997.html
浦东,外高桥,乐非天地,中环至外环,260,33987,2室1厅1厨2卫,76.5O,中楼层 (共15层),暂无数据,南,两梯十六户,其他,50年,钢混结构,有,,https://sh.lianjia.com/ershoufang/107100945982.html
浦东,外高桥,金纬新苑,中环至外环,720,35697,4室2厅1厨3卫,201.7O,高楼层 (共5层),跃层,南,一梯两户,精装,未知,钢混结构,无,,https://sh.lianjia.com/ershoufang/107101041311.html
浦东,外高桥,潼港六村,中环至外环,178,35005,2室1厅1厨1卫,50.85O,高楼层 (共6层),平层,南,一梯四户,简装,未知,砖混结构,无,,https://sh.lianjia.com/ershoufang/107101255092.html
浦东,外高桥,学前一村,中环至外环,180,33514,2室1厅1厨1卫,53.71O,高楼层 (共6层),平层,南 北,一梯三户,简装,未知,砖混结构,无,,https://sh.lianjia.com/ershoufang/107101490038.html
浦东,外高桥,尼德兰北岸,中环至外环,1180,32557,5室3厅1厨4卫,362.45O,低楼层 (共3层),,南,,精装,70年,钢混结构,,联排,https://sh.lianjia.com/ershoufang/107100551815.html
浦东,外高桥,富特三村,中环至外环,255,43294,2室1厅1厨1卫,58.9O,高楼层 (共6层),暂无数据,南,一梯三户,毛坯,70年,砖混结构,无,,https://sh.lianjia.com/ershoufang/107100641810.html
浦东,外高桥,凌桥苑,中环至外环,375,31627,3室2厅1厨2卫,118.57O,低楼层 (共6层),平层,南,一梯两户,简装,未知,钢混结构,无,,https://sh.lianjia.com/ershoufang/107101077053.html
浦东,外高桥,富特五村,中环至外环,180,39841,1室1厅1厨1卫,45.18O,中楼层 (共6层),平层,南,一梯三户,简装,未知,砖混结构,无,,https://sh.lianjia.com/ershoufang/107101422866.html
浦东,外高桥,浦发春晖新苑,中环至外环,230,41569,1室1厅1厨1卫,55.33O,低楼层 (共15层),暂无数据,南,两梯四户,简装,未知,钢混结构,有,,https://sh.lianjia.com/ershoufang/107101409046.html
浦东,外高桥,海高二村,中环至外环,235,34810,2室1厅1厨1卫,67.51O,中楼层 (共6层),平层,南,一梯三户,简装,未知,砖混结构,无,,https://sh.lianjia.com/ershoufang/107101195556.html
浦东,外高桥,中凌滨江苑,中环至外环,345,31921,3室2厅1厨1卫,108.08O,低楼层 (共14层),平层,南,一梯两户,精装,未知,钢混结构,有,,https://sh.lianjia.com/ershoufang/107100265290.html
浦东,外高桥,富特四村,中环至外环,250,41877,2室1厅1厨1卫,59.7O,中楼层 (共6层),暂无数据,南,一梯四户,精装,70年,砖混结构,无,,https://sh.lianjia.com/ershoufang/107101256000.html
浦东,外高桥,东义路21弄,中环至外环,173,32691,2室1厅1厨1卫,52.92O,高楼层 (共5层),平层,南,一梯四户,精装,未知,砖混结构,无,,https://sh.lianjia.com/ershoufang/107101379364.html
浦东,外高桥,品臻国际公寓,中环至外环,210,38058,1室1厅1厨1卫,55.18O,低楼层 (共19层),平层,南,一梯十二户,精装,未知,钢混结构,有,,https://sh.lianjia.com/ershoufang/107101320493.html
浦东,外高桥,潼港八村,中环至外环,370,38948,3室2厅1厨1卫,95O,高楼层 (共6层),暂无数据,暂无数据,一梯两户,简装,70年,砖混结构,无,,https://sh.lianjia.com/ershoufang/107001990771.html
浦东,外高桥,南新西园,中环至外环,225,38052,1室1厅1厨1卫,59.13O,低楼层 (共11层),平层,南,一梯三户,毛坯,未知,钢混结构,有,,https://sh.lianjia.com/ershoufang/107100959408.html
浦东,外高桥,陆凌新村,中环至外环,265,30682,2室2厅1厨1卫,86.37O,高楼层 (共6层),平层,南,一梯两户,精装,未知,砖混结构,无,,https://sh.lianjia.com/ershoufang/107101476554.html
浦东,外高桥,学前一村,中环至外环,232,33658,2室1厅1厨1卫,68.93O,低楼层 (共6层),平层,南,一梯四户,简装,未知,砖混结构,无,,https://sh.lianjia.com/ershoufang/107100869968.html
浦东,外高桥,港城新苑,中环至外环,370,37587,2室2厅1厨1卫,98.44O,低楼层 (共11层),暂无数据,南,一梯三户,简装,未知,钢混结构,有,,https://sh.lianjia.com/ershoufang/107101453022.html
浦东,外高桥,海高二村,中环至外环,230,34070,2室1厅1厨1卫,67.51O,低楼层 (共6层),平层,南,一梯三户,简装,未知,砖混结构,无,,https://sh.lianjia.com/ershoufang/107100613660.html
浦东,外高桥,中凌滨江苑,中环至外环,285,33978,2室2厅1厨1卫,83.88O,低楼层 (共14层),平层,南,一梯两户,其他,未知,钢混结构,有,,https://sh.lianjia.com/ershoufang/107101298003.html
浦东,外高桥,潼港五村,中环至外环,290,37761,2室1厅1厨1卫,76.8O,低楼层 (共6层),平层,南,一梯两户,毛坯,未知,砖混结构,无,,https://sh.lianjia.com/ershoufang/107101413002.html
浦东,外高桥,仁恒家园,中环至外环,1150,52555,3室2厅1厨3卫,218.82O,高楼层 (共6层),暂无数据,南,一梯两户,精装,70年,钢混结构,无,,https://sh.lianjia.com/ershoufang/107000125915.html
浦东,外高桥,学前二村,中环至外环,220,33831,2室1厅1厨1卫,65.03O,高楼层 (共6层),暂无数据,南,一梯两户,精装,未知,砖混结构,无,,https://sh.lianjia.com/ershoufang/107101496929.html
浦东,外高桥,富特五村,中环至外环,300,38921,3室1厅1厨1卫,77.08O,高楼层 (共6层),暂无数据,南,一梯两户,简装,未知,砖混结构,无,,https://sh.lianjia.com/ershoufang/107101326803.html
浦东,外高桥,潼港一村,中环至外环,175,36588,1室1厅1厨1卫,47.83O,高楼层 (共6层),平层,南,一梯两户,精装,未知,砖混结构,无,,https://sh.lianjia.com/ershoufang/107101332912.html
浦东,外高桥,富特三村,中环至外环,215,50164,1室1厅1厨1卫,42.86O,中楼层 (共6层),平层,南,一梯三户,精装,70年,砖混结构,无,,https://sh.lianjia.com/ershoufang/107101216727.html
浦东,外高桥,高桥二村,中环至外环,225,36886,2室1厅1厨1卫,61O,中楼层 (共6层),平层,南,一梯四户,其他,70年,砖混结构,无,,https://sh.lianjia.com/ershoufang/107100938080.html
浦东,外高桥,紫竹雅苑,中环至外环,219,40935,1室1厅1厨1卫,53.5O,高楼层 (共11层),平层,南,两梯四户,毛坯,70年,钢混结构,有,,https://sh.lianjia.com/ershoufang/107100564599.html
浦东,外高桥,张杨北路5449弄,中环至外环,400,39679,2室2厅1厨1卫,100.81O,中楼层 (共6层),暂无数据,暂无数据,一梯五户,其他,70年,砖混结构,无,,https://sh.lianjia.com/ershoufang/107002141313.html
浦东,外高桥,乐非天地,中环至外环,135,34634,1室1厅1厨1卫,38.98O,低楼层 (共15层),暂无数据,南,两梯十六户,其他,50年,钢混结构,有,,https://sh.lianjia.com/ershoufang/107100961707.html
浦东,外高桥,潼港兴高苑,中环至外环,363,39526,2室2厅1厨1卫,91.84O,中楼层 (共5层),平层,南,一梯两户,简装,70年,钢混结构,无,,https://sh.lianjia.com/ershoufang/107101285395.html
浦东,外高桥,富特五村,中环至外环,235,41221,2室1厅1厨1卫,57.01O,高楼层 (共6层),平层,南,一梯三户,其他,未知,砖混结构,无,,https://sh.lianjia.com/ershoufang/107101430668.html
浦东,外高桥,中凌东港苑,中环至外环,428,33454,3室2厅1厨2卫,127.94O,中楼层 (共14层),平层,南,一梯两户,精装,未知,钢混结构,有,,https://sh.lianjia.com/ershoufang/107100850952.html
浦东,外高桥,东港丽景苑,中环至外环,430,34280,3室2厅1厨2卫,125.44O,高楼层 (共5层),暂无数据,南,一梯两户,精装,70年,钢混结构,无,,https://sh.lianjia.com/ershoufang/107002078831.html
浦东,外高桥,潼港三村,中环至外环,400,39766,3室2厅1厨2卫,100.59O,高楼层 (共6层),暂无数据,南,一梯两户,精装,未知,砖混结构,无,,https://sh.lianjia.com/ershoufang/107001237959.html
浦东,外高桥,凌桥镇8号,,146,29136,2室0厅1厨1卫,50.11O,中楼层 (共5层),平层,南,一梯四户,简装,70年,未知结构,暂无数据,,https://sh.lianjia.com/ershoufang/107100524829.html
浦东,外高桥,富特五村,中环至外环,240,41118,2室1厅1厨1卫,58.37O,中楼层 (共6层),平层,南,一梯两户,精装,未知,砖混结构,无,,https://sh.lianjia.com/ershoufang/107101314836.html
浦东,外高桥,中凌东港苑,中环至外环,355,39741,2室2厅1厨1卫,89.33O,低楼层 (共11层),暂无数据,南,一梯三户,毛坯,未知,钢混结构,有,,https://sh.lianjia.com/ershoufang/107100284473.html
浦东,外高桥,上炼三村,中环至外环,150,35596,1室1厅1厨1卫,42.14O,高楼层 (共6层),平层,南,一梯三户,简装,70年,砖混结构,无,,https://sh.lianjia.com/ershoufang/107101333349.html
浦东,外高桥,学前二村,中环至外环,162,37878,1室1厅1厨1卫,42.77O,高楼层 (共6层),平层,南,一梯三户,简装,未知,砖混结构,无,,https://sh.lianjia.com/ershoufang/107101284553.html
浦东,外高桥,潼港二村,中环至外环,165,37373,1室1厅1厨1卫,44.15O,中楼层 (共6层),平层,南,一梯三户,简装,70年,砖混结构,无,,https://sh.lianjia.com/ershoufang/107101294860.html
浦东,外高桥,富特五村,中环至外环,172,38172,1室1厅1厨1卫,45.06O,高楼层 (共6层),平层,南,一梯三户,精装,未知,砖混结构,无,,https://sh.lianjia.com/ershoufang/107101419634.html
浦东,外高桥,怡心苑,中环至外环,630,40328,4室2厅1厨2卫,156.22O,高楼层 (共6层),暂无数据,南,一梯两户,精装,未知,钢混结构,无,,https://sh.lianjia.com/ershoufang/107001933419.html
浦东,外高桥,新高桥春晖苑,中环至外环,510,40145,3室2厅1厨2卫,127.04O,中楼层 (共6层),平层,南,一梯两户,简装,70年,钢混结构,无,,https://sh.lianjia.com/ershoufang/107100949136.html
浦东,外高桥,潼港一村,中环至外环,225,35085,2室1厅1厨1卫,64.13O,中楼层 (共6层),暂无数据,南,一梯三户,简装,未知,砖混结构,无,,https://sh.lianjia.com/ershoufang/107101322283.html
浦东,外高桥,学前一村,中环至外环,249,36618,2室1厅1厨1卫,68O,低楼层 (共6层),暂无数据,南,一梯两户,精装,未知,砖混结构,无,,https://sh.lianjia.com/ershoufang/107002323013.html
浦东,外高桥,潼港八村,中环至外环,300,34888,3室1厅1厨1卫,85.99O,高楼层 (共6层),平层,南,一梯两户,简装,未知,砖混结构,无,,https://sh.lianjia.com/ershoufang/107001042369.html
浦东,外高桥,乐非天地,中环至外环,270,33641,2室2厅1厨2卫,80.26O,高楼层 (共15层),暂无数据,南,两梯十六户,其他,50年,钢混结构,有,,https://sh.lianjia.com/ershoufang/107101345157.html
浦东,外高桥,南新东园,中环至外环,330,43087,2室2厅1厨1卫,76.59O,低楼层 (共11层),平层,南,一梯三户,简装,未知,钢混结构,有,,https://sh.lianjia.com/ershoufang/107100696526.html
浦东,外高桥,瑞禾明苑,中环至外环,590,52213,3室2厅1厨1卫,113O,高楼层 (共16层),暂无数据,南,一梯三户,精装,70年,钢混结构,有,,https://sh.lianjia.com/ershoufang/107001713827.html
浦东,外高桥,学前二村,中环至外环,190,35186,2室1厅1厨1卫,54O,高楼层 (共6层),平层,南,一梯三户,简装,未知,砖混结构,无,,https://sh.lianjia.com/ershoufang/107101417143.html
浦东,外高桥,阳明花园广场,中环至外环,530,46771,2室2厅1厨2卫,113.32O,低楼层 (共15层),暂无数据,南,两梯四户,精装,70年,钢混结构,有,,https://sh.lianjia.com/ershoufang/107000974447.html
浦东,外高桥,高南新村,中环至外环,320,34840,3室1厅1厨1卫,91.85O,高楼层 (共6层),暂无数据,南 北,一梯两户,简装,70年,砖混结构,无,,https://sh.lianjia.com/ershoufang/107100151774.html
浦东,外高桥,怡心苑,中环至外环,335,39740,2室1厅1厨1卫,84.3O,中楼层 (共6层),暂无数据,南,一梯两户,其他,未知,钢混结构,无,,https://sh.lianjia.com/ershoufang/107101419908.html
浦东,外高桥,锦福苑,中环至外环,160,27351,1室1厅1厨1卫,58.5O,高楼层 (共6层),平层,南,一梯两户,毛坯,未知,钢混结构,无,,https://sh.lianjia.com/ershoufang/107100251047.html
浦东,外高桥,春晖苑,中环至外环,410,42937,2室2厅1厨1卫,95.49O,低楼层 (共6层),平层,南,一梯两户,精装,未知,钢混结构,无,,https://sh.lianjia.com/ershoufang/107100683995.html
浦东,外高桥,学前一村,中环至外环,230,35440,2室1厅1厨1卫,64.9O,高楼层 (共6层),平层,南,一梯两户,精装,未知,砖混结构,无,,https://sh.lianjia.com/ershoufang/107101204411.html
浦东,外高桥,品臻国际公寓,中环至外环,165,29903,1室1厅1厨1卫,55.18O,高楼层 (共19层),暂无数据,南,一梯九户,精装,未知,钢混结构,有,,https://sh.lianjia.com/ershoufang/107100975155.html
浦东,外高桥,锦福苑,中环至外环,170,29060,1室1厅1厨1卫,58.5O,低楼层 (共6层),平层,南,一梯两户,简装,未知,钢混结构,无,,https://sh.lianjia.com/ershoufang/107100930332.html
浦东,外高桥,瑞禾明苑,中环至外环,673,52993,3室2厅1厨2卫,127O,中楼层 (共17层),暂无数据,南,一梯两户,精装,70年,钢混结构,有,,https://sh.lianjia.com/ershoufang/107101208233.html
浦东,外高桥,上炼三村,中环至外环,155,38596,1室1厅1厨1卫,40.16O,低楼层 (共6层),平层,南,一梯三户,精装,70年,砖混结构,无,,https://sh.lianjia.com/ershoufang/107100731000.html
浦东,外高桥,富特四村,中环至外环,242,39934,2室1厅1厨1卫,60.6O,低楼层 (共6层),暂无数据,南 北,一梯两户,简装,70年,砖混结构,无,,https://sh.lianjia.com/ershoufang/107101499130.html
浦东,外高桥,尼德兰花园(一期),中环至外环,780,58371,3室2厅1厨2卫,133.63O,中楼层 (共5层),平层,南,一梯两户,精装,70年,钢混结构,无,,https://sh.lianjia.com/ershoufang/107100132827.html
浦东,外高桥,尼德兰花园(一期),中环至外环,475,48990,2室2厅1厨1卫,96.96O,低楼层 (共13层),平层,南,两梯三户,精装,70年,钢混结构,有,,https://sh.lianjia.com/ershoufang/107001624993.html
浦东,外高桥,尼德兰北岸,中环至外环,1400,40346,6室3厅1厨3卫,347O,低楼层 (共3层),,南,,精装,70年,钢混结构,,联排,https://sh.lianjia.com/ershoufang/107100953873.html
浦东,外高桥,富特四村,中环至外环,176,39436,1室1厅1厨1卫,44.63O,高楼层 (共6层),平层,南,一梯两户,毛坯,70年,砖混结构,无,,https://sh.lianjia.com/ershoufang/107100380702.html
