浦东,潍坊,王家宅小区,内环内,360,67682,2室1厅1厨1卫,53.19O,低楼层 (共6层),平层,南,一梯四户,精装,未知,砖混结构,无,,https://sh.lianjia.com/ershoufang/107101248275.html
浦东,潍坊,潍坊八村,内环内,360,69768,2室1厅1厨1卫,51.6O,高楼层 (共6层),平层,南,一梯四户,其他,未知,砖混结构,无,,https://sh.lianjia.com/ershoufang/107101462537.html
浦东,潍坊,爵士大厦,内环内,950,58610,3室2厅1厨2卫,162.09O,中楼层 (共33层),暂无数据,南,一梯三户,简装,70年,钢混结构,有,,https://sh.lianjia.com/ershoufang/107100979125.html
浦东,潍坊,王家宅小区,内环内,250,59852,1室1厅1厨1卫,41.77O,低楼层 (共6层),平层,南,一梯四户,精装,未知,砖混结构,无,,https://sh.lianjia.com/ershoufang/107101355320.html
浦东,潍坊,潍坊八村,内环内,260,85894,1室1厅1厨1卫,30.27O,低楼层 (共6层),平层,南,一梯四户,精装,未知,砖混结构,无,,https://sh.lianjia.com/ershoufang/107101413136.html
浦东,潍坊,潍坊二村,内环内,308,59300,2室1厅1厨1卫,51.94O,高楼层 (共6层),平层,南 北,一梯三户,精装,未知,砖混结构,无,,https://sh.lianjia.com/ershoufang/107101196449.html
浦东,潍坊,潍坊九村,内环内,480,96833,2室1厅1厨1卫,49.57O,低楼层 (共6层),平层,南 北,一梯四户,简装,未知,砖混结构,无,,https://sh.lianjia.com/ershoufang/107101100098.html
浦东,潍坊,潍坊六村,内环内,480,90567,2室0厅1厨1卫,53O,高楼层 (共6层),暂无数据,南,一梯四户,精装,70年,砖混结构,无,,https://sh.lianjia.com/ershoufang/107101509394.html
浦东,潍坊,潍坊九村,内环内,425,105277,1室1厅1厨1卫,40.37O,中楼层 (共6层),平层,南,一梯三户,简装,未知,砖混结构,无,,https://sh.lianjia.com/ershoufang/107100477366.html
浦东,潍坊,潍坊九村,内环内,399,107809,1室0厅1厨1卫,37.01O,中楼层 (共6层),平层,南,一梯四户,简装,未知,砖混结构,无,,https://sh.lianjia.com/ershoufang/107100835105.html
浦东,潍坊,爵士大厦,内环内,775,65127,2室2厅1厨2卫,119O,低楼层 (共33层),平层,南 北,两梯四户,精装,70年,钢混结构,有,,https://sh.lianjia.com/ershoufang/107100528837.html
浦东,潍坊,众城公寓,内环内,830,59816,2室2厅1厨1卫,138.76O,高楼层 (共26层),暂无数据,东南,两梯五户,简装,未知,钢混结构,有,,https://sh.lianjia.com/ershoufang/107000054313.html
浦东,潍坊,潍坊二村,内环内,315,67452,2室0厅1厨1卫,46.7O,高楼层 (共6层),平层,南,一梯四户,简装,未知,砖混结构,无,,https://sh.lianjia.com/ershoufang/107101362733.html
浦东,潍坊,繁荣昌盛,内环内,720,90910,2室1厅1厨1卫,79.2O,低楼层 (共26层),暂无数据,南,两梯八户,精装,70年,钢混结构,有,,https://sh.lianjia.com/ershoufang/107101411370.html
浦东,潍坊,潍坊四村,内环内,350,72419,2室0厅1厨1卫,48.33O,低楼层 (共6层),平层,南,一梯四户,其他,未知,砖混结构,无,,https://sh.lianjia.com/ershoufang/107101426691.html
浦东,潍坊,东欣小区,内环内,610,93832,2室1厅1厨1卫,65.01O,高楼层 (共25层),平层,南 西,两梯八户,精装,70年,钢混结构,有,,https://sh.lianjia.com/ershoufang/107101286076.html
浦东,潍坊,潍坊二村,内环内,320,63771,2室1厅1厨1卫,50.18O,高楼层 (共6层),平层,南 北,一梯四户,简装,未知,砖混结构,无,,https://sh.lianjia.com/ershoufang/107101470060.html
浦东,潍坊,潍坊十村,内环内,610,86183,3室1厅1厨1卫,70.78O,高楼层 (共6层),暂无数据,南 北,一梯三户,精装,70年,砖混结构,无,,https://sh.lianjia.com/ershoufang/107100733668.html
浦东,潍坊,潍坊八村,内环内,340,62466,2室1厅1厨1卫,54.43O,低楼层 (共6层),平层,南 北,一梯四户,简装,70年,砖混结构,无,,https://sh.lianjia.com/ershoufang/107100885589.html
浦东,潍坊,阜兴世纪公馆,内环内,770,76694,2室2厅1厨1卫,100.4O,中楼层 (共33层),平层,南 北,两梯四户,精装,70年,钢混结构,有,,https://sh.lianjia.com/ershoufang/107100765319.html
浦东,潍坊,泉东(二)小区,内环内,505,101877,2室1厅1厨1卫,49.57O,高楼层 (共6层),平层,南 北,一梯两户,简装,未知,砖混结构,无,,https://sh.lianjia.com/ershoufang/107100777095.html
浦东,潍坊,潍坊七村,内环内,590,87955,3室1厅1厨1卫,67.08O,低楼层 (共6层),平层,南,一梯三户,精装,未知,砖混结构,无,,https://sh.lianjia.com/ershoufang/107101380724.html
浦东,潍坊,潍坊一村,内环内,335,68789,2室0厅1厨1卫,48.7O,高楼层 (共6层),平层,南,一梯四户,精装,未知,砖混结构,无,,https://sh.lianjia.com/ershoufang/107100627433.html
浦东,潍坊,潍坊八村,内环内,399,72309,2室0厅1厨1卫,55.18O,中楼层 (共6层),平层,东南,一梯四户,其他,未知,砖混结构,无,,https://sh.lianjia.com/ershoufang/107101434901.html
浦东,潍坊,众城公寓,内环内,900,57096,3室1厅1厨2卫,157.63O,低楼层 (共26层),暂无数据,南 西,两梯五户,简装,未知,钢混结构,有,,https://sh.lianjia.com/ershoufang/107002139627.html
浦东,潍坊,潍坊十村,内环内,420,126965,1室1厅1厨1卫,33.08O,高楼层 (共6层),暂无数据,南,一梯四户,精装,70年,砖混结构,无,,https://sh.lianjia.com/ershoufang/107101518865.html
浦东,潍坊,潍坊二村,内环内,315,65859,2室1厅1厨1卫,47.83O,高楼层 (共6层),平层,南,一梯四户,简装,未知,砖混结构,无,,https://sh.lianjia.com/ershoufang/107101002574.html
浦东,潍坊,潍坊五村,内环内,268,73911,1室0厅1厨1卫,36.26O,高楼层 (共6层),平层,南,一梯四户,其他,未知,砖混结构,无,,https://sh.lianjia.com/ershoufang/107101012867.html
浦东,潍坊,潍坊三村,内环内,320,66862,1室1厅1厨1卫,47.86O,高楼层 (共5层),平层,南,一梯四户,简装,未知,砖混结构,无,,https://sh.lianjia.com/ershoufang/107101258645.html
浦东,潍坊,潍坊九村,内环内,385,129195,1室0厅1厨1卫,29.8O,高楼层 (共6层),平层,南,一梯四户,精装,未知,砖混结构,无,,https://sh.lianjia.com/ershoufang/107101224425.html
浦东,潍坊,竹南小区,内环内,480,84478,2室1厅1厨1卫,56.82O,中楼层 (共6层),平层,南 北,一梯四户,精装,70年,砖混结构,无,,https://sh.lianjia.com/ershoufang/107101493635.html
浦东,潍坊,潍坊十村,内环内,408,116839,1室1厅1厨1卫,34.92O,低楼层 (共6层),暂无数据,南,一梯四户,精装,未知,砖混结构,无,,https://sh.lianjia.com/ershoufang/107100799410.html
浦东,潍坊,潍坊八村,内环内,269,89073,1室1厅1厨1卫,30.2O,中楼层 (共6层),平层,南,一梯四户,精装,未知,砖混结构,无,,https://sh.lianjia.com/ershoufang/107101442049.html
浦东,潍坊,潍坊九村,内环内,455,97640,2室1厅1厨1卫,46.6O,低楼层 (共6层),暂无数据,南,一梯四户,精装,未知,砖混结构,无,,https://sh.lianjia.com/ershoufang/107100960982.html
浦东,潍坊,竹南小区,内环内,415,85041,2室1厅1厨1卫,48.8O,中楼层 (共6层),平层,南,一梯两户,精装,70年,砖混结构,无,,https://sh.lianjia.com/ershoufang/107101309700.html
浦东,潍坊,潍坊三村,内环内,300,65190,2室1厅1厨1卫,46.02O,中楼层 (共5层),暂无数据,南,一梯四户,简装,70年,砖混结构,无,,https://sh.lianjia.com/ershoufang/107100231983.html
浦东,潍坊,潍坊五村,内环内,265,64524,1室1厅0厨1卫,41.07O,高楼层 (共6层),暂无数据,南,一梯四户,其他,未知,砖混结构,无,,https://sh.lianjia.com/ershoufang/107101448822.html
浦东,潍坊,王家宅小区,内环内,252,70549,1室1厅1厨1卫,35.72O,低楼层 (共6层),平层,南,一梯五户,简装,未知,砖混结构,无,,https://sh.lianjia.com/ershoufang/107101107254.html
浦东,潍坊,众城公寓,内环内,780,56205,1室1厅1厨1卫,138.78O,中楼层 (共26层),暂无数据,东 东南,两梯五户,精装,未知,钢混结构,有,,https://sh.lianjia.com/ershoufang/107101093015.html
浦东,潍坊,潍坊一村,内环内,355,68494,2室0厅1厨1卫,51.83O,中楼层 (共6层),平层,南,一梯四户,精装,未知,砖混结构,无,,https://sh.lianjia.com/ershoufang/107101355332.html
浦东,潍坊,潍坊四村,内环内,275,67684,1室1厅1厨1卫,40.63O,高楼层 (共6层),暂无数据,南,一梯四户,精装,未知,砖混结构,无,,https://sh.lianjia.com/ershoufang/107100133317.html
浦东,潍坊,潍坊八村,内环内,370,67978,2室1厅1厨1卫,54.43O,高楼层 (共6层),平层,南,一梯四户,其他,未知,砖混结构,无,,https://sh.lianjia.com/ershoufang/107101436714.html
浦东,潍坊,潍坊八村,内环内,378,68541,2室1厅1厨1卫,55.15O,高楼层 (共6层),平层,南,一梯四户,简装,未知,砖混结构,无,,https://sh.lianjia.com/ershoufang/107101219617.html
浦东,潍坊,朱家滩小区,内环内,445,121685,1室1厅1厨1卫,36.57O,低楼层 (共6层),平层,南,一梯三户,简装,未知,砖混结构,无,,https://sh.lianjia.com/ershoufang/107100581991.html
浦东,潍坊,开发浦东,内环内,705,79626,3室1厅1厨1卫,88.54O,高楼层 (共25层),平层,南,两梯八户,简装,70年,钢混结构,有,,https://sh.lianjia.com/ershoufang/107100395367.html
浦东,潍坊,开发浦东,内环内,590,87304,2室1厅1厨1卫,67.58O,中楼层 (共25层),平层,东 南,两梯八户,精装,70年,钢混结构,有,,https://sh.lianjia.com/ershoufang/107100862215.html
浦东,潍坊,潍坊九村,内环内,388.5,129934,1室0厅1厨1卫,29.9O,高楼层 (共6层),平层,南,一梯四户,简装,未知,砖混结构,无,,https://sh.lianjia.com/ershoufang/107100605300.html
浦东,潍坊,潍坊二村,内环内,340,69758,2室1厅1厨1卫,48.74O,中楼层 (共6层),暂无数据,南,一梯五户,简装,70年,砖混结构,无,,https://sh.lianjia.com/ershoufang/107101308036.html
浦东,潍坊,潍坊四村,内环内,275,69427,1室1厅1厨1卫,39.61O,低楼层 (共6层),平层,南,一梯四户,其他,未知,砖混结构,无,,https://sh.lianjia.com/ershoufang/107101393286.html
浦东,潍坊,朱家滩小区,内环内,705,86546,3室1厅1厨1卫,81.46O,高楼层 (共6层),平层,南,一梯四户,精装,未知,砖混结构,无,,https://sh.lianjia.com/ershoufang/107101276354.html
浦东,潍坊,潍坊八村,内环内,265,81214,1室0厅1厨1卫,32.63O,低楼层 (共6层),平层,南,一梯四户,精装,未知,砖混结构,无,,https://sh.lianjia.com/ershoufang/107101202956.html
浦东,潍坊,潍坊四村,内环内,280,69548,1室1厅1厨1卫,40.26O,高楼层 (共6层),平层,南,一梯四户,其他,未知,砖混结构,无,,https://sh.lianjia.com/ershoufang/107101385332.html
浦东,潍坊,潍坊八村,内环内,355,71300,2室0厅1厨1卫,49.79O,高楼层 (共6层),平层,南,一梯三户,其他,未知,砖混结构,无,,https://sh.lianjia.com/ershoufang/107101451669.html
浦东,潍坊,东建新村,内环内,270,59841,2室1厅1厨1卫,45.12O,中楼层 (共6层),平层,南,一梯六户,其他,未知,砖混结构,无,,https://sh.lianjia.com/ershoufang/107101459139.html
浦东,潍坊,东建新村,内环内,265,58889,1室1厅1厨1卫,45O,高楼层 (共6层),暂无数据,南,一梯四户,其他,未知,砖混结构,无,,https://sh.lianjia.com/ershoufang/107101277732.html
浦东,潍坊,泉东(二)小区,内环内,540,87154,2室1厅1厨1卫,61.96O,高楼层 (共6层),平层,南 北,一梯两户,精装,未知,砖混结构,无,,https://sh.lianjia.com/ershoufang/107100588850.html
浦东,潍坊,潍坊八村,内环内,258,85233,1室0厅1厨1卫,30.27O,高楼层 (共6层),平层,南,一梯四户,精装,未知,砖混结构,无,,https://sh.lianjia.com/ershoufang/107100468408.html
浦东,潍坊,潍坊二村,内环内,335,61255,2室1厅1厨1卫,54.69O,低楼层 (共6层),平层,南,一梯四户,简装,未知,砖混结构,无,,https://sh.lianjia.com/ershoufang/107100016270.html
浦东,潍坊,潍坊四村,内环内,325,66845,2室0厅1厨1卫,48.62O,高楼层 (共6层),平层,南,一梯四户,简装,未知,砖混结构,无,,https://sh.lianjia.com/ershoufang/107100404384.html
浦东,潍坊,潍坊六村,内环内,370,113847,1室0厅1厨1卫,32.5O,低楼层 (共6层),平层,南,一梯四户,简装,70年,砖混结构,无,,https://sh.lianjia.com/ershoufang/107101126150.html
浦东,潍坊,潍坊二村,内环内,319,64445,2室1厅1厨1卫,49.5O,高楼层 (共6层),平层,南 北,一梯四户,精装,未知,砖混结构,无,,https://sh.lianjia.com/ershoufang/107101253749.html
浦东,潍坊,朱家滩小区,内环内,540,108784,2室1厅1厨1卫,49.64O,中楼层 (共6层),平层,南,一梯四户,其他,未知,砖混结构,无,,https://sh.lianjia.com/ershoufang/107101433467.html
浦东,潍坊,新明大楼,内环内,706,97582,2室1厅1厨1卫,72.35O,低楼层 (共18层),平层,西南,两梯八户,精装,未知,钢混结构,有,,https://sh.lianjia.com/ershoufang/107100242526.html
浦东,潍坊,潍坊八村,内环内,253,73059,1室1厅1厨1卫,34.63O,高楼层 (共6层),平层,南,一梯四户,简装,70年,砖混结构,无,,https://sh.lianjia.com/ershoufang/107100985799.html
浦东,潍坊,潍坊九村,内环内,420,113514,1室1厅1厨1卫,37O,中楼层 (共6层),平层,南,一梯四户,精装,未知,砖混结构,无,,https://sh.lianjia.com/ershoufang/107101446572.html
浦东,潍坊,朱家滩小区,内环内,470,109303,2室1厅1厨1卫,43O,中楼层 (共6层),平层,南,一梯四户,简装,未知,砖混结构,无,,https://sh.lianjia.com/ershoufang/107100805280.html
浦东,潍坊,繁荣昌盛,内环内,645,78069,2室1厅1厨1卫,82.62O,低楼层 (共26层),平层,南 西,两梯八户,简装,70年,钢混结构,有,,https://sh.lianjia.com/ershoufang/107101125213.html
浦东,潍坊,潍坊九村,内环内,385,119566,1室1厅1厨1卫,32.2O,低楼层 (共6层),暂无数据,南,一梯四户,简装,未知,砖混结构,无,,https://sh.lianjia.com/ershoufang/107101038620.html
浦东,潍坊,潍坊二村,内环内,245,75969,1室0厅1厨1卫,32.25O,高楼层 (共6层),平层,南,一梯五户,简装,未知,砖混结构,无,,https://sh.lianjia.com/ershoufang/107101442923.html
浦东,潍坊,潍坊八村,内环内,385,79959,2室0厅1厨1卫,48.15O,中楼层 (共6层),平层,南,一梯四户,其他,未知,砖混结构,无,,https://sh.lianjia.com/ershoufang/107101357394.html
浦东,潍坊,潍坊五村,内环内,355,66767,2室0厅1厨1卫,53.17O,高楼层 (共6层),平层,南,一梯四户,简装,未知,砖混结构,无,,https://sh.lianjia.com/ershoufang/107101188218.html
浦东,潍坊,繁荣昌盛,内环内,720,74059,3室1厅1厨1卫,97.22O,中楼层 (共26层),平层,南,两梯八户,简装,70年,钢混结构,有,,https://sh.lianjia.com/ershoufang/107002268031.html
浦东,潍坊,开发浦东,内环内,725,81884,3室1厅1厨1卫,88.54O,高楼层 (共25层),平层,南,两梯八户,简装,70年,钢混结构,有,,https://sh.lianjia.com/ershoufang/107101217811.html
浦东,潍坊,南泉大楼,内环内,555,69393,3室1厅1厨1卫,79.98O,中楼层 (共6层),暂无数据,南 北,一梯两户,精装,未知,砖混结构,无,,https://sh.lianjia.com/ershoufang/107100495948.html
浦东,潍坊,潍坊十村,内环内,395,113116,1室0厅1厨1卫,34.92O,高楼层 (共6层),平层,南,一梯四户,精装,未知,砖混结构,无,,https://sh.lianjia.com/ershoufang/107100738457.html
浦东,潍坊,爱法珑庭,内环内,530,89211,1室1厅1厨1卫,59.41O,低楼层 (共6层),暂无数据,南,一梯两户,精装,70年,钢混结构,有,,https://sh.lianjia.com/ershoufang/107101432946.html
浦东,潍坊,潍坊一村,内环内,225,66766,1室1厅1厨1卫,33.7O,中楼层 (共6层),暂无数据,南,一梯二十户,其他,70年,钢混结构,无,,https://sh.lianjia.com/ershoufang/107100729695.html
浦东,潍坊,潍坊四村,内环内,240,70985,1室1厅1厨1卫,33.81O,高楼层 (共6层),平层,南,一梯四户,其他,未知,砖混结构,无,,https://sh.lianjia.com/ershoufang/107101466872.html
浦东,潍坊,潍坊八村,内环内,370,76844,2室0厅1厨1卫,48.15O,中楼层 (共6层),平层,南,一梯四户,其他,未知,砖混结构,无,,https://sh.lianjia.com/ershoufang/107101425503.html
浦东,潍坊,竹南小区,内环内,570,80737,3室1厅1厨1卫,70.6O,高楼层 (共6层),平层,南,一梯两户,其他,70年,砖混结构,无,,https://sh.lianjia.com/ershoufang/107101489173.html
浦东,潍坊,潍坊二村,内环内,295,63089,2室0厅1厨1卫,46.76O,低楼层 (共6层),平层,南 北,一梯四户,简装,未知,砖混结构,无,,https://sh.lianjia.com/ershoufang/107101413358.html
浦东,潍坊,北高大楼,内环内,440,72203,2室1厅1厨1卫,60.94O,中楼层 (共17层),平层,南,两梯九户,简装,未知,钢混结构,有,,https://sh.lianjia.com/ershoufang/107100754066.html
浦东,潍坊,王家宅小区,内环内,250,68232,1室0厅1厨1卫,36.64O,高楼层 (共6层),暂无数据,暂无数据,一梯四户,简装,未知,砖混结构,无,,https://sh.lianjia.com/ershoufang/107000282887.html
浦东,潍坊,嘉德公寓,内环内,946,72910,3室2厅1厨2卫,129.75O,高楼层 (共28层),暂无数据,南,两梯五户,精装,未知,钢混结构,有,,https://sh.lianjia.com/ershoufang/107101247043.html
浦东,潍坊,潍坊二村,内环内,315,67366,2室1厅1厨1卫,46.76O,低楼层 (共6层),平层,南,一梯五户,简装,未知,砖混结构,无,,https://sh.lianjia.com/ershoufang/107002108431.html
浦东,潍坊,新光大楼,内环内,620,88788,2室1厅0厨1卫,69.83O,高楼层 (共18层),暂无数据,东南,两梯八户,其他,未知,钢混结构,有,,https://sh.lianjia.com/ershoufang/107101504572.html
浦东,潍坊,朱家滩小区,内环内,465,125676,1室1厅1厨1卫,37O,高楼层 (共6层),平层,南,一梯三户,简装,未知,砖混结构,无,,https://sh.lianjia.com/ershoufang/107101419242.html
浦东,潍坊,潍坊二村,内环内,550,72084,3室2厅1厨1卫,76.3O,高楼层 (共6层),平层,南,一梯两户,精装,未知,砖混结构,无,,https://sh.lianjia.com/ershoufang/107101191463.html
浦东,潍坊,潍坊三村,内环内,290,72628,1室1厅1厨1卫,39.93O,中楼层 (共5层),平层,南,一梯四户,简装,未知,砖混结构,无,,https://sh.lianjia.com/ershoufang/107101139518.html
浦东,潍坊,潍坊六村,内环内,465,98268,2室1厅1厨1卫,47.32O,低楼层 (共6层),平层,南 北,一梯四户,精装,未知,砖混结构,无,,https://sh.lianjia.com/ershoufang/107100972374.html
浦东,潍坊,潍坊一村,内环内,260,72223,1室1厅1厨1卫,36O,中楼层 (共6层),平层,南,一梯四户,其他,未知,砖混结构,无,,https://sh.lianjia.com/ershoufang/107101413274.html
浦东,潍坊,潍坊十村,内环内,455,95069,2室1厅1厨1卫,47.86O,高楼层 (共6层),暂无数据,南,一梯四户,简装,未知,砖混结构,无,,https://sh.lianjia.com/ershoufang/107101222300.html
浦东,潍坊,潍坊二村,内环内,235,70045,1室0厅1厨1卫,33.55O,中楼层 (共6层),平层,南,一梯四户,简装,未知,砖混结构,无,,https://sh.lianjia.com/ershoufang/107101489246.html
浦东,潍坊,潍坊二村,内环内,325,64651,2室1厅1厨1卫,50.27O,中楼层 (共6层),平层,南,一梯四户,精装,未知,砖混结构,无,,https://sh.lianjia.com/ershoufang/107100893068.html
浦东,潍坊,朱家滩小区,内环内,540,84494,2室2厅1厨1卫,63.91O,高楼层 (共6层),平层,南,一梯四户,简装,未知,砖混结构,无,,https://sh.lianjia.com/ershoufang/107100828742.html
浦东,潍坊,潍坊二村,内环内,250,77640,1室1厅1厨1卫,32.2O,高楼层 (共6层),平层,南,一梯五户,精装,未知,砖混结构,无,,https://sh.lianjia.com/ershoufang/107100907958.html
浦东,潍坊,潍坊五村,内环内,240,80107,1室1厅1厨1卫,29.96O,低楼层 (共6层),平层,南,一梯四户,其他,未知,砖混结构,无,,https://sh.lianjia.com/ershoufang/107101299484.html
浦东,潍坊,潍坊四村,内环内,370,71031,2室1厅1厨1卫,52.09O,中楼层 (共6层),平层,南 东,一梯四户,其他,未知,砖混结构,无,,https://sh.lianjia.com/ershoufang/107101384588.html
浦东,潍坊,潍坊九村,内环内,385,129717,1室0厅1厨1卫,29.68O,高楼层 (共6层),平层,南,一梯四户,其他,未知,砖混结构,无,,https://sh.lianjia.com/ershoufang/107101509989.html
浦东,潍坊,潍坊九村,内环内,498,103299,2室2厅1厨1卫,48.21O,低楼层 (共6层),平层,南,一梯四户,其他,70年,砖混结构,无,,https://sh.lianjia.com/ershoufang/107101471177.html
浦东,潍坊,北高大楼,内环内,305,74391,1室1厅1厨1卫,41O,高楼层 (共17层),平层,东南 西南,两梯九户,简装,未知,钢混结构,有,,https://sh.lianjia.com/ershoufang/107100455777.html
浦东,潍坊,新明大楼,内环内,630,93974,2室1厅1厨1卫,67.04O,高楼层 (共18层),平层,南,两梯八户,简装,未知,钢混结构,有,,https://sh.lianjia.com/ershoufang/107101311962.html
浦东,潍坊,东建新村,内环内,210,58301,1室1厅1厨1卫,36.02O,高楼层 (共6层),暂无数据,南,一梯六户,其他,未知,砖混结构,无,,https://sh.lianjia.com/ershoufang/107101429020.html
浦东,潍坊,东欣小区,内环内,608,93525,2室1厅1厨1卫,65.01O,高楼层 (共25层),平层,南 西,两梯八户,简装,70年,钢混结构,有,,https://sh.lianjia.com/ershoufang/107100624241.html
浦东,潍坊,潍坊七村,内环内,440,85570,2室1厅1厨1卫,51.42O,低楼层 (共6层),暂无数据,南 北,一梯四户,毛坯,未知,砖混结构,无,,https://sh.lianjia.com/ershoufang/107100957219.html
浦东,潍坊,潍坊二村,内环内,235,76748,1室0厅1厨1卫,30.62O,低楼层 (共6层),平层,南,一梯四户,精装,未知,砖混结构,无,,https://sh.lianjia.com/ershoufang/107101453835.html
浦东,潍坊,潍坊二村,内环内,360,65826,2室1厅1厨1卫,54.69O,高楼层 (共6层),平层,东南,一梯四户,简装,未知,砖混结构,无,,https://sh.lianjia.com/ershoufang/107100247671.html
浦东,潍坊,北高大楼,内环内,265,59418,1室1厅1厨1卫,44.6O,低楼层 (共17层),平层,南,两梯八户,简装,未知,钢混结构,有,,https://sh.lianjia.com/ershoufang/107101332291.html
浦东,潍坊,开发浦东,内环内,595,88714,2室1厅1厨1卫,67.07O,高楼层 (共25层),平层,东 南 北,两梯八户,精装,70年,钢混结构,有,,https://sh.lianjia.com/ershoufang/107101075271.html
浦东,潍坊,潍坊一村,内环内,260,78836,1室0厅1厨1卫,32.98O,低楼层 (共5层),平层,南,一梯四户,其他,未知,砖混结构,无,,https://sh.lianjia.com/ershoufang/107101507187.html
浦东,潍坊,竹南小区,内环内,436,83111,2室1厅1厨1卫,52.46O,低楼层 (共6层),平层,南,一梯四户,毛坯,未知,砖混结构,无,,https://sh.lianjia.com/ershoufang/107101429231.html
浦东,潍坊,潍坊二村,内环内,320,65939,2室0厅1厨1卫,48.53O,低楼层 (共6层),平层,南,一梯四户,精装,未知,砖混结构,无,,https://sh.lianjia.com/ershoufang/107100912688.html
浦东,潍坊,潍坊八村,内环内,250,82782,1室1厅1厨1卫,30.2O,中楼层 (共6层),暂无数据,南,一梯四户,简装,未知,砖混结构,无,,https://sh.lianjia.com/ershoufang/107101432907.html
浦东,潍坊,新光大楼,内环内,620,88788,2室1厅1厨1卫,69.83O,中楼层 (共18层),平层,北,两梯八户,简装,未知,钢混结构,有,,https://sh.lianjia.com/ershoufang/107100357491.html
浦东,潍坊,潍坊二村,内环内,310,65498,2室1厅0厨1卫,47.33O,低楼层 (共6层),平层,南,一梯五户,简装,未知,砖混结构,无,,https://sh.lianjia.com/ershoufang/107101383333.html
浦东,潍坊,潍坊三村,内环内,290,72628,1室1厅1厨1卫,39.93O,高楼层 (共5层),平层,南,一梯四户,毛坯,未知,砖混结构,无,,https://sh.lianjia.com/ershoufang/107100482346.html
浦东,潍坊,潍坊八村,内环内,275,91181,1室0厅1厨1卫,30.16O,高楼层 (共6层),平层,南,一梯四户,其他,未知,砖混结构,无,,https://sh.lianjia.com/ershoufang/107101425911.html
浦东,潍坊,浦坊大楼,内环内,480,78560,2室0厅1厨1卫,61.1O,中楼层 (共17层),平层,南,两梯八户,其他,未知,钢混结构,有,,https://sh.lianjia.com/ershoufang/107101245268.html
浦东,潍坊,潍坊一村,内环内,340,70834,2室0厅1厨1卫,48O,高楼层 (共6层),暂无数据,南,一梯四户,其他,未知,砖混结构,无,,https://sh.lianjia.com/ershoufang/107100730299.html
浦东,潍坊,北高大楼,内环内,500,70245,2室1厅1厨1卫,71.18O,中楼层 (共17层),平层,南,两梯八户,精装,未知,钢混结构,有,,https://sh.lianjia.com/ershoufang/107101312277.html
浦东,潍坊,潍坊二村,内环内,630,85366,3室2厅1厨1卫,73.8O,高楼层 (共6层),平层,南,一梯两户,精装,未知,砖混结构,无,,https://sh.lianjia.com/ershoufang/107100431132.html
浦东,潍坊,潍坊七村,内环内,480,93259,2室1厅1厨1卫,51.47O,低楼层 (共6层),平层,南,一梯四户,简装,未知,钢混结构,无,,https://sh.lianjia.com/ershoufang/107101331275.html
浦东,潍坊,潍坊六村,内环内,390,113571,1室1厅1厨1卫,34.34O,低楼层 (共6层),平层,南,一梯四户,简装,未知,砖混结构,无,,https://sh.lianjia.com/ershoufang/107101152455.html
浦东,潍坊,潍坊九村,内环内,430,83674,2室1厅1厨1卫,51.39O,高楼层 (共6层),平层,东南,一梯六户,毛坯,70年,砖混结构,无,,https://sh.lianjia.com/ershoufang/107100000343.html
浦东,潍坊,潍坊六村,内环内,410,109802,1室1厅1厨1卫,37.34O,低楼层 (共6层),平层,南,一梯五户,精装,未知,砖混结构,无,,https://sh.lianjia.com/ershoufang/107101140867.html
浦东,潍坊,众城公寓,内环内,850,61249,3室2厅1厨2卫,138.78O,低楼层 (共26层),平层,东,两梯五户,精装,未知,钢混结构,有,,https://sh.lianjia.com/ershoufang/107101249325.html
浦东,潍坊,泉东(二)小区,内环内,506,102078,2室1厅1厨1卫,49.57O,高楼层 (共6层),平层,南 北,一梯两户,简装,70年,砖混结构,无,,https://sh.lianjia.com/ershoufang/107100472553.html
浦东,潍坊,潍坊十村,内环内,470,98204,2室1厅1厨1卫,47.86O,高楼层 (共6层),平层,南,一梯四户,简装,未知,砖混结构,无,,https://sh.lianjia.com/ershoufang/107101218421.html
浦东,潍坊,潍坊四村,内环内,445,71337,2室1厅1厨1卫,62.38O,低楼层 (共6层),平层,南,一梯四户,精装,未知,砖混结构,无,,https://sh.lianjia.com/ershoufang/107100656052.html
浦东,潍坊,潍坊四村,内环内,266,66071,1室1厅1厨1卫,40.26O,高楼层 (共6层),平层,南,一梯四户,精装,70年,砖混结构,无,,https://sh.lianjia.com/ershoufang/107100905296.html
浦东,潍坊,潍坊十村,内环内,488,108711,3室1厅1厨1卫,44.89O,低楼层 (共6层),平层,南,一梯四户,精装,70年,砖混结构,有,,https://sh.lianjia.com/ershoufang/107101319641.html
浦东,潍坊,潍坊九村,内环内,485,96422,2室1厅1厨1卫,50.3O,中楼层 (共6层),暂无数据,南 北,一梯四户,精装,未知,砖混结构,无,,https://sh.lianjia.com/ershoufang/107101010693.html
浦东,潍坊,泉东(二)小区,内环内,465,125101,1室0厅1厨1卫,37.17O,高楼层 (共6层),平层,南,一梯两户,简装,未知,砖混结构,无,,https://sh.lianjia.com/ershoufang/107101046720.html
浦东,潍坊,潍坊一村,内环内,320,68567,2室0厅1厨1卫,46.67O,中楼层 (共6层),平层,南 北,一梯四户,简装,未知,砖混结构,无,,https://sh.lianjia.com/ershoufang/107101355319.html
浦东,潍坊,东建新村,内环内,220,65089,1室1厅1厨1卫,33.8O,低楼层 (共5层),平层,南,一梯六户,其他,未知,砖混结构,无,,https://sh.lianjia.com/ershoufang/107101124909.html
浦东,潍坊,潍坊八村,内环内,275,79711,1室1厅1厨1卫,34.5O,中楼层 (共6层),平层,南,一梯四户,简装,未知,砖混结构,无,,https://sh.lianjia.com/ershoufang/107101146886.html
浦东,潍坊,潍坊四村,内环内,272,65765,1室1厅1厨1卫,41.36O,低楼层 (共6层),平层,南,一梯四户,毛坯,未知,砖混结构,无,,https://sh.lianjia.com/ershoufang/107101013962.html
浦东,潍坊,南泉大楼,内环内,585,62168,2室2厅1厨1卫,94.1O,低楼层 (共24层),平层,东南 南,一梯八户,精装,未知,钢混结构,有,,https://sh.lianjia.com/ershoufang/107101233463.html
浦东,潍坊,泉东小区,内环内,459,136000,1室1厅1厨1卫,33.75O,低楼层 (共6层),平层,南,一梯四户,精装,70年,砖混结构,无,,https://sh.lianjia.com/ershoufang/107101123940.html
浦东,潍坊,潍坊十村,内环内,570,83603,3室1厅1厨1卫,68.18O,低楼层 (共6层),平层,南 北,一梯三户,简装,70年,砖混结构,无,,https://sh.lianjia.com/ershoufang/107100033442.html
浦东,潍坊,潍坊六村,内环内,390,99643,1室1厅1厨1卫,39.14O,高楼层 (共6层),暂无数据,南,一梯四户,精装,未知,砖混结构,无,,https://sh.lianjia.com/ershoufang/107101283264.html
浦东,潍坊,繁荣昌盛,内环内,675,85228,2室1厅0厨1卫,79.2O,低楼层 (共26层),平层,南,两梯八户,简装,未知,钢混结构,有,,https://sh.lianjia.com/ershoufang/107101496975.html
浦东,潍坊,潍坊八村,内环内,310,75981,1室1厅1厨1卫,40.8O,低楼层 (共6层),平层,南,一梯四户,精装,未知,砖混结构,无,,https://sh.lianjia.com/ershoufang/107100320092.html
浦东,潍坊,东欣小区,内环内,550,88099,2室1厅1厨1卫,62.43O,低楼层 (共25层),平层,东 南,两梯八户,精装,70年,钢混结构,有,,https://sh.lianjia.com/ershoufang/107100608560.html
浦东,潍坊,东建新村,内环内,270,74959,1室1厅1厨1卫,36.02O,中楼层 (共6层),平层,南,一梯六户,其他,未知,砖混结构,无,,https://sh.lianjia.com/ershoufang/107100679426.html
浦东,潍坊,潍坊一村,内环内,530,64761,2室2厅1厨1卫,81.84O,高楼层 (共6层),平层,南,一梯两户,其他,70年,砖混结构,无,,https://sh.lianjia.com/ershoufang/107100454582.html
浦东,潍坊,潍坊九村,内环内,404,109664,1室1厅1厨1卫,36.84O,中楼层 (共6层),平层,南,一梯四户,精装,未知,钢混结构,无,,https://sh.lianjia.com/ershoufang/107100958754.html
浦东,潍坊,锦城大厦,内环内,810,51544,3室2厅1厨2卫,157.15O,高楼层 (共25层),暂无数据,南,两梯五户,其他,未知,钢混结构,有,,https://sh.lianjia.com/ershoufang/107101147239.html
浦东,潍坊,朱家滩小区,内环内,465,129239,1室1厅1厨1卫,35.98O,中楼层 (共6层),平层,南,一梯四户,简装,70年,砖混结构,无,,https://sh.lianjia.com/ershoufang/107100890393.html
浦东,潍坊,开发浦东,内环内,620,92441,2室1厅1厨1卫,67.07O,高楼层 (共25层),平层,东 南 北,两梯八户,其他,70年,钢混结构,有,,https://sh.lianjia.com/ershoufang/107101440578.html
浦东,潍坊,潍坊九村,内环内,460,92986,2室1厅1厨1卫,49.47O,低楼层 (共6层),暂无数据,东南,一梯六户,精装,未知,钢混结构,无,,https://sh.lianjia.com/ershoufang/107002274131.html
浦东,潍坊,潍坊九村,内环内,468,94584,2室1厅1厨1卫,49.48O,高楼层 (共6层),平层,南,一梯四户,精装,未知,砖混结构,无,,https://sh.lianjia.com/ershoufang/107001604655.html
浦东,潍坊,潍坊五村,内环内,290,69830,1室1厅1厨1卫,41.53O,低楼层 (共6层),平层,南,一梯四户,其他,未知,砖混结构,无,,https://sh.lianjia.com/ershoufang/107101355090.html
浦东,潍坊,潍坊九村,内环内,475,98365,2室1厅1厨1卫,48.29O,低楼层 (共6层),平层,南 北,一梯四户,简装,未知,砖混结构,无,,https://sh.lianjia.com/ershoufang/107101253227.html
浦东,潍坊,潍坊四村,内环内,435,69356,2室1厅1厨1卫,62.72O,高楼层 (共6层),平层,南,一梯四户,简装,未知,砖混结构,无,,https://sh.lianjia.com/ershoufang/107101438732.html
浦东,潍坊,潍坊十村,内环内,382,127080,1室0厅1厨1卫,30.06O,高楼层 (共6层),平层,南,一梯四户,简装,未知,砖混结构,无,,https://sh.lianjia.com/ershoufang/107100688719.html
浦东,潍坊,潍坊八村,内环内,285,75198,1室1厅1厨1卫,37.9O,低楼层 (共6层),平层,南,一梯四户,简装,未知,砖混结构,无,,https://sh.lianjia.com/ershoufang/107100165075.html
浦东,潍坊,潍坊二村,内环内,330,68000,2室1厅1厨1卫,48.53O,低楼层 (共6层),平层,南,一梯四户,精装,未知,砖混结构,无,,https://sh.lianjia.com/ershoufang/107100276248.html
浦东,潍坊,潍坊八村,内环内,269,75224,1室1厅1厨1卫,35.76O,低楼层 (共6层),平层,南,一梯四户,其他,未知,砖混结构,无,,https://sh.lianjia.com/ershoufang/107101435294.html
浦东,潍坊,潍坊九村,内环内,467,98172,2室1厅1厨1卫,47.57O,低楼层 (共6层),平层,南,一梯四户,简装,未知,砖混结构,无,,https://sh.lianjia.com/ershoufang/107101390389.html
浦东,潍坊,潍坊十村,内环内,405,99583,1室0厅1厨1卫,40.67O,高楼层 (共6层),平层,东南 南,一梯六户,简装,70年,砖混结构,无,,https://sh.lianjia.com/ershoufang/107100702547.html
浦东,潍坊,嘉德公寓,内环内,735,67849,3室2厅1厨1卫,108.33O,低楼层 (共28层),暂无数据,南,两梯五户,简装,未知,钢混结构,有,,https://sh.lianjia.com/ershoufang/107100583254.html
浦东,潍坊,竹南小区,内环内,415,87553,2室1厅1厨1卫,47.4O,低楼层 (共6层),暂无数据,南 北,一梯两户,精装,70年,砖混结构,无,,https://sh.lianjia.com/ershoufang/107101409991.html
浦东,潍坊,繁荣昌盛,内环内,730,92172,2室1厅0厨1卫,79.2O,高楼层 (共26层),平层,南,两梯八户,精装,70年,钢混结构,有,,https://sh.lianjia.com/ershoufang/107101382379.html
浦东,潍坊,潍坊九村,内环内,472,91509,2室1厅1厨1卫,51.58O,高楼层 (共6层),平层,东 南 北,一梯四户,简装,未知,砖混结构,无,,https://sh.lianjia.com/ershoufang/107101244709.html
浦东,潍坊,潍坊十村,内环内,415,98202,1室1厅1厨1卫,42.26O,低楼层 (共6层),平层,东南,一梯六户,其他,未知,砖混结构,无,,https://sh.lianjia.com/ershoufang/107101471945.html
浦东,潍坊,潍坊一村,内环内,233,77667,1室0厅1厨1卫,30O,高楼层 (共6层),平层,南,一梯四户,精装,70年,砖混结构,无,,https://sh.lianjia.com/ershoufang/107101447262.html
浦东,潍坊,众城公寓,内环内,700,50440,3室2厅1厨1卫,138.78O,低楼层 (共26层),平层,西,两梯五户,简装,未知,钢混结构,有,,https://sh.lianjia.com/ershoufang/107100488985.html
浦东,潍坊,开发浦东,内环内,560,83074,2室1厅1厨1卫,67.41O,高楼层 (共25层),平层,南 西,两梯八户,简装,70年,钢混结构,有,,https://sh.lianjia.com/ershoufang/107101420306.html
浦东,潍坊,潍坊九村,内环内,405,109460,1室1厅1厨1卫,37O,高楼层 (共6层),平层,南,一梯四户,精装,未知,砖混结构,无,,https://sh.lianjia.com/ershoufang/107101268690.html
浦东,潍坊,开发浦东,内环内,565,83605,2室1厅1厨1卫,67.58O,低楼层 (共25层),平层,东 南,两梯八户,精装,70年,钢混结构,有,,https://sh.lianjia.com/ershoufang/107101386910.html
浦东,潍坊,潍坊一村,内环内,255,74431,1室1厅1厨1卫,34.26O,低楼层 (共6层),暂无数据,南,一梯四户,简装,70年,砖混结构,无,,https://sh.lianjia.com/ershoufang/107101222381.html
浦东,潍坊,华飞公寓,内环内,1280,97785,3室2厅1厨2卫,130.9O,高楼层 (共11层),平层,南,一梯两户,精装,未知,钢混结构,有,,https://sh.lianjia.com/ershoufang/107101460797.html
浦东,潍坊,潍坊三村,内环内,300,73819,1室1厅1厨1卫,40.64O,中楼层 (共5层),平层,南,一梯四户,简装,未知,砖混结构,无,,https://sh.lianjia.com/ershoufang/107101432703.html
浦东,潍坊,潍坊二村,内环内,335,66601,2室1厅1厨1卫,50.3O,高楼层 (共6层),平层,南,一梯四户,简装,未知,砖混结构,无,,https://sh.lianjia.com/ershoufang/107101018246.html
浦东,潍坊,繁荣昌盛,内环内,710,85936,2室1厅1厨1卫,82.62O,中楼层 (共26层),暂无数据,南 西,两梯八户,简装,未知,钢混结构,有,,https://sh.lianjia.com/ershoufang/107101408623.html
浦东,潍坊,东欣小区,内环内,615,94601,2室1厅1厨1卫,65.01O,高楼层 (共25层),平层,南,两梯八户,简装,70年,钢混结构,有,,https://sh.lianjia.com/ershoufang/107100352551.html
浦东,潍坊,潍坊九村,内环内,405,116783,1室1厅1厨1卫,34.68O,高楼层 (共6层),平层,南,一梯四户,简装,未知,砖混结构,无,,https://sh.lianjia.com/ershoufang/107100700441.html
浦东,潍坊,泉东(二)小区,内环内,470,126447,1室0厅0厨1卫,37.17O,中楼层 (共6层),平层,南,一梯两户,简装,70年,砖混结构,无,,https://sh.lianjia.com/ershoufang/107101416356.html
浦东,潍坊,潍坊四村,内环内,335,69560,2室0厅1厨1卫,48.16O,高楼层 (共6层),平层,南,一梯四户,其他,未知,砖混结构,无,,https://sh.lianjia.com/ershoufang/107101482420.html
浦东,潍坊,朱家滩小区,内环内,458,139253,1室1厅1厨1卫,32.89O,中楼层 (共6层),平层,南,一梯四户,其他,未知,砖混结构,无,,https://sh.lianjia.com/ershoufang/107101435236.html
浦东,潍坊,朱家滩小区,内环内,545,96341,2室0厅1厨1卫,56.57O,低楼层 (共6层),平层,南,一梯三户,精装,70年,砖混结构,无,,https://sh.lianjia.com/ershoufang/107100699345.html
浦东,潍坊,朱家滩小区,内环内,490,112052,1室1厅1厨1卫,43.73O,中楼层 (共6层),平层,南,一梯四户,简装,未知,砖混结构,无,,https://sh.lianjia.com/ershoufang/107100150535.html
浦东,潍坊,朱家滩小区,内环内,465,111833,1室1厅1厨1卫,41.58O,低楼层 (共6层),平层,南,一梯四户,精装,未知,砖混结构,无,,https://sh.lianjia.com/ershoufang/107101361139.html
浦东,潍坊,潍坊一村,内环内,359,73717,2室0厅1厨1卫,48.7O,中楼层 (共6层),平层,南,一梯四户,简装,未知,砖混结构,无,,https://sh.lianjia.com/ershoufang/107101438277.html
浦东,潍坊,潍坊二村,内环内,322,70245,2室0厅1厨1卫,45.84O,低楼层 (共6层),平层,南,一梯五户,精装,未知,砖混结构,无,,https://sh.lianjia.com/ershoufang/107101305254.html
浦东,潍坊,繁荣昌盛,内环内,850,75302,3室1厅1厨1卫,112.88O,低楼层 (共26层),平层,南,两梯八户,精装,70年,钢混结构,有,,https://sh.lianjia.com/ershoufang/107100927511.html
浦东,潍坊,潍坊八村,内环内,370,70746,2室1厅1厨1卫,52.3O,低楼层 (共6层),平层,南,一梯四户,毛坯,未知,砖混结构,无,,https://sh.lianjia.com/ershoufang/107100737128.html
浦东,潍坊,泉东小区,内环内,428,137621,1室1厅1厨1卫,31.1O,低楼层 (共6层),平层,南,一梯四户,简装,70年,砖混结构,无,,https://sh.lianjia.com/ershoufang/107101076502.html
浦东,潍坊,泉东小区,内环内,465,120373,1室1厅1厨1卫,38.63O,低楼层 (共6层),平层,南,一梯四户,精装,未知,砖混结构,无,,https://sh.lianjia.com/ershoufang/107100989108.html
浦东,潍坊,爵士大厦,内环内,830,68033,2室2厅1厨2卫,122O,高楼层 (共33层),平层,南,两梯四户,精装,70年,钢混结构,有,,https://sh.lianjia.com/ershoufang/107101447343.html
浦东,潍坊,潍坊四村,内环内,290,71376,1室1厅1厨1卫,40.63O,低楼层 (共6层),平层,南,一梯四户,精装,未知,砖混结构,无,,https://sh.lianjia.com/ershoufang/107100993101.html
浦东,潍坊,潍坊一村,内环内,330,67762,2室1厅1厨1卫,48.7O,高楼层 (共6层),平层,南,一梯四户,简装,70年,钢混结构,有,,https://sh.lianjia.com/ershoufang/107101357657.html
浦东,潍坊,潍坊四村,内环内,248,73352,1室0厅1厨1卫,33.81O,高楼层 (共6层),平层,南,一梯四户,简装,70年,砖混结构,无,,https://sh.lianjia.com/ershoufang/107100742487.html
浦东,潍坊,朱家滩小区,内环内,435,131819,1室1厅1厨1卫,33O,低楼层 (共6层),平层,南,一梯四户,精装,未知,砖混结构,无,,https://sh.lianjia.com/ershoufang/107101338716.html
浦东,潍坊,东欣小区,内环内,555,82836,2室1厅1厨1卫,67O,低楼层 (共25层),暂无数据,东南 南,两梯八户,其他,70年,钢混结构,有,,https://sh.lianjia.com/ershoufang/107101510655.html
浦东,潍坊,潍坊二村,内环内,246,69160,1室1厅1厨1卫,35.57O,中楼层 (共6层),平层,南,一梯四户,精装,未知,砖混结构,无,,https://sh.lianjia.com/ershoufang/107101120108.html
浦东,潍坊,潍坊九村,内环内,490,83547,2室1厅1厨1卫,58.65O,高楼层 (共6层),平层,南,一梯四户,精装,未知,砖混结构,无,,https://sh.lianjia.com/ershoufang/107101356807.html
浦东,潍坊,泉东(二)小区,内环内,480,113825,2室0厅1厨1卫,42.17O,中楼层 (共6层),暂无数据,南,一梯五户,精装,70年,砖混结构,无,,https://sh.lianjia.com/ershoufang/107101452397.html
浦东,潍坊,朱家滩小区,内环内,465,127154,1室1厅1厨1卫,36.57O,高楼层 (共6层),平层,南,一梯三户,简装,70年,砖混结构,无,,https://sh.lianjia.com/ershoufang/107101265505.html
浦东,潍坊,朱家滩小区,内环内,465,111378,1室1厅1厨1卫,41.75O,低楼层 (共6层),平层,南,一梯四户,其他,未知,砖混结构,无,,https://sh.lianjia.com/ershoufang/107101385438.html
浦东,潍坊,潍坊九村,内环内,490,103529,2室1厅1厨1卫,47.33O,低楼层 (共6层),平层,南,一梯四户,简装,未知,砖混结构,无,,https://sh.lianjia.com/ershoufang/107101383463.html
浦东,潍坊,兴业嘉园,内环内,972.5,70000,2室2厅1厨1卫,138.92O,低楼层 (共30层),暂无数据,南,两梯两户,精装,70年,钢混结构,有,,https://sh.lianjia.com/ershoufang/107101106810.html
浦东,潍坊,华飞公寓,内环内,890,64563,3室2厅1厨2卫,137.85O,低楼层 (共8层),暂无数据,南,一梯两户,精装,未知,钢混结构,有,,https://sh.lianjia.com/ershoufang/107001569349.html
浦东,潍坊,潍坊七村,内环内,395,108517,1室0厅1厨1卫,36.4O,高楼层 (共6层),平层,南,一梯三户,精装,未知,砖混结构,无,,https://sh.lianjia.com/ershoufang/107101401335.html
浦东,潍坊,潍坊六村,内环内,395,109237,1室1厅1厨1卫,36.16O,低楼层 (共6层),平层,南,一梯四户,简装,未知,砖混结构,无,,https://sh.lianjia.com/ershoufang/107101213872.html
浦东,潍坊,繁荣昌盛,内环内,685,82910,2室1厅1厨1卫,82.62O,高楼层 (共26层),平层,南 西,两梯七户,简装,70年,钢混结构,有,,https://sh.lianjia.com/ershoufang/107101152212.html
浦东,潍坊,泉东小区,内环内,488,105014,2室1厅1厨1卫,46.47O,低楼层 (共6层),平层,南 北,一梯四户,毛坯,70年,砖混结构,无,,https://sh.lianjia.com/ershoufang/107101267770.html
浦东,潍坊,泉东小区,内环内,498,105958,1室1厅1厨1卫,47O,高楼层 (共6层),平层,南 北,一梯四户,简装,70年,砖混结构,无,,https://sh.lianjia.com/ershoufang/107101317247.html
浦东,潍坊,潍坊七村,内环内,428,96115,2室1厅1厨1卫,44.53O,低楼层 (共6层),平层,东 南 北,一梯四户,精装,未知,砖混结构,无,,https://sh.lianjia.com/ershoufang/107101328235.html
浦东,潍坊,潍坊四村,内环内,345,70959,2室1厅1厨1卫,48.62O,高楼层 (共6层),平层,南,一梯四户,其他,未知,砖混结构,无,,https://sh.lianjia.com/ershoufang/107101387390.html
浦东,潍坊,潍坊十村,内环内,390,108545,1室1厅1厨1卫,35.93O,低楼层 (共6层),暂无数据,南,一梯三户,简装,70年,砖混结构,无,,https://sh.lianjia.com/ershoufang/107101244031.html
浦东,潍坊,潍坊十村,内环内,398,98711,1室1厅1厨1卫,40.32O,高楼层 (共6层),平层,南,一梯三户,简装,70年,砖混结构,无,,https://sh.lianjia.com/ershoufang/107101309750.html
浦东,潍坊,朱家滩小区,内环内,520,97342,2室1厅1厨1卫,53.42O,高楼层 (共6层),平层,东,一梯四户,精装,70年,砖混结构,无,,https://sh.lianjia.com/ershoufang/107100593781.html
浦东,潍坊,朱家滩小区,内环内,525,100749,2室1厅1厨1卫,52.11O,中楼层 (共6层),平层,南 北,一梯四户,精装,70年,砖混结构,无,,https://sh.lianjia.com/ershoufang/107101282202.html
浦东,潍坊,潍坊四村,内环内,275,66490,1室1厅1厨1卫,41.36O,高楼层 (共6层),平层,南,一梯四户,简装,未知,砖混结构,无,,https://sh.lianjia.com/ershoufang/107101100445.html
浦东,潍坊,潍坊四村,内环内,360,74044,2室1厅1厨1卫,48.62O,中楼层 (共6层),暂无数据,南,一梯四户,简装,未知,砖混结构,无,,https://sh.lianjia.com/ershoufang/107101033136.html
浦东,潍坊,潍坊十村,内环内,400,128618,1室0厅1厨1卫,31.1O,低楼层 (共6层),平层,南,一梯三户,精装,未知,砖混结构,无,,https://sh.lianjia.com/ershoufang/107101391235.html
浦东,潍坊,潍坊六村,内环内,390,106383,1室1厅1厨1卫,36.66O,低楼层 (共6层),平层,南,一梯四户,简装,未知,砖混结构,无,,https://sh.lianjia.com/ershoufang/107100523953.html
浦东,潍坊,潍坊九村,内环内,400,133780,1室1厅1厨1卫,29.9O,高楼层 (共6层),暂无数据,南,一梯四户,其他,未知,砖混结构,无,,https://sh.lianjia.com/ershoufang/107101462320.html
浦东,潍坊,泉东(二)小区,内环内,475,112640,2室0厅1厨1卫,42.17O,高楼层 (共6层),平层,南 北,一梯五户,简装,70年,砖混结构,无,,https://sh.lianjia.com/ershoufang/107100203612.html
浦东,潍坊,开发浦东,内环内,585,87223,2室1厅1厨1卫,67.07O,中楼层 (共25层),平层,东 南 北,两梯八户,毛坯,70年,钢混结构,有,,https://sh.lianjia.com/ershoufang/107001386501.html
浦东,潍坊,潍坊二村,内环内,350,72917,2室0厅1厨1卫,48O,中楼层 (共6层),暂无数据,南,一梯四户,精装,70年,砖混结构,无,,https://sh.lianjia.com/ershoufang/107101056843.html
浦东,潍坊,泉东(二)小区,内环内,540,87154,3室1厅1厨1卫,61.96O,高楼层 (共6层),平层,南,一梯两户,精装,未知,砖混结构,无,,https://sh.lianjia.com/ershoufang/107100037406.html
浦东,潍坊,潍坊三村,内环内,262,65615,1室1厅1厨1卫,39.93O,高楼层 (共5层),平层,南,一梯四户,简装,未知,砖混结构,无,,https://sh.lianjia.com/ershoufang/107101462181.html
浦东,潍坊,潍坊三村,内环内,323,68665,2室0厅1厨1卫,47.04O,中楼层 (共5层),平层,南 北,一梯四户,简装,未知,砖混结构,无,,https://sh.lianjia.com/ershoufang/107101202309.html
浦东,潍坊,嘉德公寓,内环内,850,71737,2室2厅1厨2卫,118.49O,低楼层 (共35层),暂无数据,南,两梯五户,其他,未知,钢混结构,有,,https://sh.lianjia.com/ershoufang/107101211987.html
浦东,潍坊,潍坊二村,内环内,249,61482,1室1厅1厨1卫,40.5O,高楼层 (共6层),平层,南,一梯四户,精装,未知,砖混结构,无,,https://sh.lianjia.com/ershoufang/107101129953.html
浦东,潍坊,潍坊十村,内环内,400,100427,1室1厅1厨1卫,39.83O,高楼层 (共6层),平层,南,一梯四户,精装,未知,砖混结构,无,,https://sh.lianjia.com/ershoufang/107100670346.html
浦东,潍坊,潍坊八村,内环内,355,72761,2室1厅1厨1卫,48.79O,高楼层 (共6层),平层,南,一梯四户,精装,未知,砖混结构,无,,https://sh.lianjia.com/ershoufang/107100066985.html
浦东,潍坊,竹南小区,内环内,600,84627,2室2厅1厨1卫,70.9O,高楼层 (共6层),平层,南,一梯两户,精装,70年,砖混结构,无,,https://sh.lianjia.com/ershoufang/107101487308.html
浦东,潍坊,潍坊五村,内环内,280,77520,1室1厅1厨1卫,36.12O,高楼层 (共6层),平层,南,一梯四户,其他,未知,砖混结构,无,,https://sh.lianjia.com/ershoufang/107101427580.html
浦东,潍坊,潍坊八村,内环内,265,87546,1室1厅1厨1卫,30.27O,高楼层 (共6层),平层,南,一梯四户,精装,未知,砖混结构,无,,https://sh.lianjia.com/ershoufang/107100878508.html
浦东,潍坊,潍坊二村,内环内,310,65958,2室1厅1厨1卫,47O,中楼层 (共6层),平层,南,一梯五户,简装,未知,砖混结构,无,,https://sh.lianjia.com/ershoufang/107101159933.html
浦东,潍坊,潍坊四村,内环内,435,69734,2室1厅1厨1卫,62.38O,中楼层 (共6层),平层,南,一梯四户,简装,未知,砖混结构,无,,https://sh.lianjia.com/ershoufang/107100974538.html
浦东,潍坊,爵士大厦,内环内,938,57870,3室2厅2厨2卫,162.09O,高楼层 (共33层),暂无数据,南,一梯三户,简装,70年,钢混结构,有,,https://sh.lianjia.com/ershoufang/107101342529.html
浦东,潍坊,繁荣昌盛,内环内,690,83515,2室1厅1厨1卫,82.62O,高楼层 (共26层),平层,东 南,两梯八户,简装,70年,钢混结构,有,,https://sh.lianjia.com/ershoufang/107101137913.html
浦东,潍坊,潍坊九村,内环内,420,113330,1室1厅1厨1卫,37.06O,低楼层 (共6层),平层,南,一梯四户,精装,70年,砖混结构,无,,https://sh.lianjia.com/ershoufang/107101358867.html
浦东,潍坊,朱家滩小区,内环内,485,131082,1室1厅1厨1卫,37O,中楼层 (共6层),平层,南,一梯四户,简装,未知,砖混结构,无,,https://sh.lianjia.com/ershoufang/107101372054.html
浦东,潍坊,王家宅小区,内环内,235,65790,1室1厅1厨1卫,35.72O,高楼层 (共6层),平层,南,一梯五户,精装,未知,砖混结构,无,,https://sh.lianjia.com/ershoufang/107100546547.html
浦东,潍坊,泉东小区,内环内,495,106521,1室1厅1厨1卫,46.47O,高楼层 (共6层),平层,南,一梯四户,精装,70年,砖混结构,无,,https://sh.lianjia.com/ershoufang/107101145429.html
浦东,潍坊,潍坊四村,内环内,319,68529,2室0厅1厨1卫,46.55O,高楼层 (共6层),平层,南 北,一梯四户,精装,未知,砖混结构,无,,https://sh.lianjia.com/ershoufang/107100538584.html
浦东,潍坊,潍坊二村,内环内,308,68248,2室0厅1厨1卫,45.13O,中楼层 (共5层),平层,南,一梯四户,简装,未知,砖混结构,无,,https://sh.lianjia.com/ershoufang/107002268001.html
浦东,潍坊,潍坊八村,内环内,296,72728,1室1厅1厨1卫,40.7O,中楼层 (共6层),暂无数据,南,一梯四户,简装,未知,砖混结构,无,,https://sh.lianjia.com/ershoufang/107100409097.html
浦东,潍坊,阜兴世纪公馆,内环内,1050,67222,3室2厅1厨2卫,156.2O,高楼层 (共33层),暂无数据,南,两梯四户,精装,70年,钢混结构,有,,https://sh.lianjia.com/ershoufang/107101334338.html
浦东,潍坊,潍坊九村,内环内,469,90892,2室1厅1厨1卫,51.6O,高楼层 (共6层),平层,东 南 北,一梯四户,精装,未知,砖混结构,无,,https://sh.lianjia.com/ershoufang/107100074077.html
浦东,潍坊,潍坊八村,内环内,345,69641,2室0厅1厨1卫,49.54O,高楼层 (共6层),平层,南,一梯四户,精装,未知,砖混结构,无,,https://sh.lianjia.com/ershoufang/107100231734.html
浦东,潍坊,泉东(二)小区,内环内,468,117000,1室1厅1厨1卫,40O,低楼层 (共6层),平层,南,一梯三户,精装,未知,砖混结构,无,,https://sh.lianjia.com/ershoufang/107101419656.html
浦东,潍坊,潍坊九村,内环内,387.4,130000,1室0厅1厨1卫,29.8O,高楼层 (共6层),平层,南,一梯四户,毛坯,未知,砖混结构,无,,https://sh.lianjia.com/ershoufang/107101481926.html
浦东,潍坊,潍坊五村,内环内,358,68087,2室1厅1厨1卫,52.58O,中楼层 (共6层),平层,南,一梯四户,简装,未知,砖混结构,无,,https://sh.lianjia.com/ershoufang/107100969310.html
浦东,潍坊,兴业嘉园,内环内,305,59201,1室1厅1厨1卫,51.52O,低楼层 (共17层),暂无数据,西,两梯十七户,其他,70年,钢混结构,有,,https://sh.lianjia.com/ershoufang/107100696906.html
浦东,潍坊,爱法珑庭,内环内,540,90894,1室1厅1厨1卫,59.41O,中楼层 (共7层),暂无数据,南,一梯两户,精装,70年,钢混结构,有,,https://sh.lianjia.com/ershoufang/107101425361.html
浦东,潍坊,潍坊九村,内环内,480,101416,2室1厅1厨1卫,47.33O,低楼层 (共6层),平层,南,一梯四户,简装,未知,砖混结构,无,,https://sh.lianjia.com/ershoufang/107101061932.html
浦东,潍坊,潍坊二村,内环内,255,63041,1室1厅1厨1卫,40.45O,中楼层 (共6层),平层,南,一梯四户,精装,未知,砖混结构,无,,https://sh.lianjia.com/ershoufang/107101334286.html
浦东,潍坊,王家宅小区,内环内,285,64291,1室1厅1厨1卫,44.33O,高楼层 (共6层),暂无数据,南,一梯四户,其他,未知,砖混结构,无,,https://sh.lianjia.com/ershoufang/107101321583.html
浦东,潍坊,潍坊二村,内环内,228,81926,1室0厅1厨1卫,27.83O,中楼层 (共6层),平层,南,一梯五户,简装,未知,砖混结构,无,,https://sh.lianjia.com/ershoufang/107101195441.html
浦东,潍坊,朱家滩小区,内环内,560,93992,2室1厅1厨1卫,59.58O,低楼层 (共6层),平层,南,一梯四户,简装,未知,砖混结构,无,,https://sh.lianjia.com/ershoufang/107101060010.html
浦东,潍坊,朱家滩小区,内环内,465,127154,1室1厅1厨1卫,36.57O,高楼层 (共6层),暂无数据,南,一梯三户,精装,70年,砖混结构,无,,https://sh.lianjia.com/ershoufang/107101277742.html
浦东,潍坊,潍坊五村,内环内,338,65214,2室1厅1厨1卫,51.83O,高楼层 (共6层),暂无数据,南 北,一梯四户,毛坯,未知,砖混结构,无,,https://sh.lianjia.com/ershoufang/107101284942.html
浦东,潍坊,浦坊大楼,内环内,352,57762,2室1厅1厨1卫,60.94O,低楼层 (共17层),平层,西北,两梯九户,精装,未知,钢混结构,有,,https://sh.lianjia.com/ershoufang/107101263374.html
浦东,潍坊,浦潍大楼,内环内,280,75452,1室1厅1厨1卫,37.11O,低楼层 (共17层),平层,南,一梯九户,简装,70年,钢混结构,有,,https://sh.lianjia.com/ershoufang/107101045582.html
浦东,潍坊,潍坊五村,内环内,330,65000,2室0厅1厨1卫,50.77O,高楼层 (共6层),平层,南,一梯四户,简装,未知,砖混结构,无,,https://sh.lianjia.com/ershoufang/107101216171.html
浦东,潍坊,潍坊二村,内环内,290,65910,2室0厅1厨1卫,44O,低楼层 (共6层),平层,南,一梯七户,简装,未知,砖混结构,无,,https://sh.lianjia.com/ershoufang/107101164038.html
浦东,潍坊,潍坊三村,内环内,245,80885,1室1厅1厨1卫,30.29O,中楼层 (共5层),平层,南,一梯四户,精装,70年,砖混结构,无,,https://sh.lianjia.com/ershoufang/107101484855.html
浦东,潍坊,浦潍大楼,内环内,265,71410,1室1厅1厨1卫,37.11O,中楼层 (共17层),平层,南,一梯九户,简装,70年,钢混结构,有,,https://sh.lianjia.com/ershoufang/107101042464.html
浦东,潍坊,王家宅小区,内环内,350,64815,2室1厅1厨1卫,54O,低楼层 (共6层),暂无数据,南,一梯四户,精装,未知,砖混结构,无,,https://sh.lianjia.com/ershoufang/107000534313.html
浦东,潍坊,潍坊六村,内环内,400,104140,1室1厅0厨1卫,38.41O,中楼层 (共6层),暂无数据,南,一梯四户,简装,未知,砖混结构,无,,https://sh.lianjia.com/ershoufang/107101460219.html
浦东,潍坊,潍坊九村,内环内,400,110012,1室1厅1厨1卫,36.36O,中楼层 (共6层),平层,南,一梯四户,精装,未知,砖混结构,无,,https://sh.lianjia.com/ershoufang/107101129128.html
浦东,潍坊,潍坊三村,内环内,300,67010,1室1厅1厨1卫,44.77O,高楼层 (共5层),平层,南,一梯四户,精装,未知,砖混结构,无,,https://sh.lianjia.com/ershoufang/107100043302.html
浦东,潍坊,潍坊七村,内环内,460,88106,2室1厅1厨1卫,52.21O,高楼层 (共6层),平层,东 南,一梯四户,精装,未知,砖混结构,无,,https://sh.lianjia.com/ershoufang/107101380924.html
浦东,潍坊,泉东(二)小区,内环内,440,138802,1室0厅1厨1卫,31.7O,高楼层 (共6层),平层,南,一梯五户,简装,70年,砖混结构,无,,https://sh.lianjia.com/ershoufang/107101146678.html
浦东,潍坊,潍坊四村,内环内,260,65640,1室0厅1厨1卫,39.61O,低楼层 (共6层),暂无数据,南 北,一梯四户,精装,未知,砖混结构,无,,https://sh.lianjia.com/ershoufang/107101484126.html
浦东,潍坊,繁荣昌盛,内环内,820,72644,3室1厅1厨1卫,112.88O,低楼层 (共26层),平层,南 北,两梯八户,精装,70年,钢混结构,有,,https://sh.lianjia.com/ershoufang/107100807214.html
浦东,潍坊,竹南小区,内环内,570,78394,3室1厅1厨1卫,72.71O,高楼层 (共6层),平层,南,一梯三户,简装,未知,砖混结构,无,,https://sh.lianjia.com/ershoufang/107100957243.html
浦东,潍坊,兴业嘉园,内环内,320,62112,1室1厅1厨1卫,51.52O,低楼层 (共17层),平层,西,两梯十七户,简装,70年,钢混结构,有,,https://sh.lianjia.com/ershoufang/107101350662.html
浦东,潍坊,潍坊二村,内环内,300,66460,2室0厅1厨1卫,45.14O,高楼层 (共6层),平层,南,一梯五户,简装,未知,砖混结构,无,,https://sh.lianjia.com/ershoufang/107101405002.html
浦东,潍坊,潍坊四村,内环内,270,66454,1室1厅1厨1卫,40.63O,高楼层 (共6层),平层,南,一梯四户,简装,未知,砖混结构,无,,https://sh.lianjia.com/ershoufang/107100991367.html
浦东,潍坊,泉东小区,内环内,470,121668,1室1厅1厨1卫,38.63O,中楼层 (共6层),平层,南,一梯四户,其他,70年,砖混结构,无,,https://sh.lianjia.com/ershoufang/107101432657.html
浦东,潍坊,潍坊六村,内环内,380,119235,1室1厅1厨1卫,31.87O,高楼层 (共6层),平层,南,一梯四户,精装,未知,砖混结构,无,,https://sh.lianjia.com/ershoufang/107101461527.html
浦东,潍坊,潍坊五村,内环内,320,64922,2室0厅1厨1卫,49.29O,高楼层 (共6层),平层,南,一梯四户,简装,未知,砖混结构,无,,https://sh.lianjia.com/ershoufang/107101117817.html
浦东,潍坊,潍坊八村,内环内,400,77520,2室1厅1厨1卫,51.6O,中楼层 (共6层),平层,南 北,一梯四户,其他,未知,砖混结构,无,,https://sh.lianjia.com/ershoufang/107101435138.html
浦东,潍坊,潍坊四村,内环内,341,65464,2室1厅1厨1卫,52.09O,中楼层 (共6层),平层,南,一梯四户,简装,未知,砖混结构,无,,https://sh.lianjia.com/ershoufang/107101017274.html
浦东,潍坊,潍坊七村,内环内,385,95133,1室1厅1厨1卫,40.47O,高楼层 (共6层),平层,南,一梯四户,毛坯,未知,砖混结构,无,,https://sh.lianjia.com/ershoufang/107100829634.html
浦东,潍坊,东建新村,内环内,220,76549,1室1厅1厨1卫,28.74O,中楼层 (共5层),暂无数据,南,一梯三户,其他,未知,砖混结构,无,,https://sh.lianjia.com/ershoufang/107100783898.html
浦东,潍坊,南泉大楼,内环内,560,66430,2室2厅1厨1卫,84.3O,低楼层 (共24层),暂无数据,东南,一梯八户,精装,未知,钢混结构,有,,https://sh.lianjia.com/ershoufang/107100977887.html
浦东,潍坊,潍坊八村,内环内,260,75363,1室1厅1厨1卫,34.5O,高楼层 (共6层),平层,南,一梯四户,精装,未知,砖混结构,无,,https://sh.lianjia.com/ershoufang/107100442607.html
浦东,潍坊,东欣小区,内环内,610,93832,2室1厅1厨1卫,65.01O,低楼层 (共25层),平层,南,两梯八户,简装,70年,钢混结构,有,,https://sh.lianjia.com/ershoufang/107100195217.html
浦东,潍坊,潍坊一村,内环内,335,70261,2室1厅1厨1卫,47.68O,高楼层 (共6层),平层,南,一梯四户,其他,70年,砖混结构,无,,https://sh.lianjia.com/ershoufang/107101357030.html
浦东,潍坊,潍坊二村,内环内,400,61360,2室1厅1厨1卫,65.19O,高楼层 (共6层),平层,南,一梯三户,精装,未知,砖混结构,无,,https://sh.lianjia.com/ershoufang/107100767647.html
浦东,潍坊,潍坊三村,内环内,245,75108,1室1厅1厨1卫,32.62O,中楼层 (共5层),平层,南,一梯四户,简装,未知,砖混结构,无,,https://sh.lianjia.com/ershoufang/107101281020.html
浦东,潍坊,东欣小区,内环内,490,112878,1室1厅1厨1卫,43.41O,中楼层 (共25层),平层,南,两梯八户,精装,70年,钢混结构,有,,https://sh.lianjia.com/ershoufang/107100820091.html
浦东,潍坊,新光大楼,内环内,690,95370,2室1厅0厨1卫,72.35O,高楼层 (共18层),平层,西南,两梯八户,其他,未知,钢混结构,有,,https://sh.lianjia.com/ershoufang/107101393058.html
浦东,潍坊,朱家滩小区,内环内,440,133011,1室1厅1厨1卫,33.08O,低楼层 (共6层),平层,南,一梯四户,精装,未知,砖混结构,无,,https://sh.lianjia.com/ershoufang/107100407617.html
浦东,潍坊,潍坊四村,内环内,225,66549,1室0厅1厨1卫,33.81O,中楼层 (共6层),平层,南,一梯四户,简装,未知,砖混结构,无,,https://sh.lianjia.com/ershoufang/107101320979.html
浦东,潍坊,潍坊三村,内环内,240,72442,1室1厅1厨1卫,33.13O,中楼层 (共5层),平层,南,一梯四户,精装,未知,砖混结构,无,,https://sh.lianjia.com/ershoufang/107100795988.html
浦东,潍坊,潍坊六村,内环内,450,91038,2室1厅1厨1卫,49.43O,低楼层 (共6层),平层,南,一梯四户,毛坯,未知,砖混结构,无,,https://sh.lianjia.com/ershoufang/107101292414.html
浦东,潍坊,潍坊六村,内环内,516,97304,2室1厅1厨1卫,53.03O,中楼层 (共6层),平层,南 北,一梯四户,简装,未知,砖混结构,无,,https://sh.lianjia.com/ershoufang/107101341897.html
浦东,潍坊,潍坊四村,内环内,235,70192,1室1厅1厨1卫,33.48O,高楼层 (共6层),平层,南,一梯四户,简装,未知,砖混结构,无,,https://sh.lianjia.com/ershoufang/107101093107.html
浦东,潍坊,竹南小区,内环内,460,80958,2室1厅1厨1卫,56.82O,低楼层 (共6层),平层,南,一梯四户,精装,70年,砖混结构,无,,https://sh.lianjia.com/ershoufang/107101430547.html
浦东,潍坊,潍坊十村,内环内,615,83379,3室1厅1厨1卫,73.76O,低楼层 (共6层),平层,南 北,一梯三户,简装,未知,砖混结构,无,,https://sh.lianjia.com/ershoufang/107100999042.html
浦东,潍坊,潍坊十村,内环内,460,101255,2室1厅1厨1卫,45.43O,低楼层 (共6层),平层,南,一梯四户,简装,未知,砖混结构,无,,https://sh.lianjia.com/ershoufang/107101218466.html
浦东,潍坊,潍坊八村,内环内,365,75868,2室1厅1厨1卫,48.11O,高楼层 (共6层),平层,南,一梯四户,简装,未知,砖混结构,无,,https://sh.lianjia.com/ershoufang/107100721514.html
浦东,潍坊,潍坊四村,内环内,315,67670,2室0厅1厨1卫,46.55O,高楼层 (共6层),平层,南 北,一梯四户,简装,未知,砖混结构,无,,https://sh.lianjia.com/ershoufang/107100240262.html
浦东,潍坊,潍坊一村,内环内,500,63468,3室1厅1厨1卫,78.78O,低楼层 (共6层),暂无数据,南,一梯两户,简装,70年,砖混结构,无,,https://sh.lianjia.com/ershoufang/107000940099.html
浦东,潍坊,潍坊六村,内环内,475,89572,2室0厅1厨1卫,53.03O,低楼层 (共6层),暂无数据,南 北,一梯四户,简装,未知,砖混结构,无,,https://sh.lianjia.com/ershoufang/107101387456.html
浦东,潍坊,南泉大楼,内环内,580,71694,2室1厅1厨1卫,80.9O,中楼层 (共24层),平层,南,一梯八户,其他,未知,钢混结构,有,,https://sh.lianjia.com/ershoufang/107101460824.html
浦东,潍坊,潍坊二村,内环内,238,70939,1室0厅1厨1卫,33.55O,低楼层 (共6层),平层,南,一梯四户,其他,未知,砖混结构,无,,https://sh.lianjia.com/ershoufang/107101448817.html
浦东,潍坊,潍坊八村,内环内,372,71829,2室0厅1厨1卫,51.79O,高楼层 (共6层),暂无数据,南 北,一梯四户,其他,未知,砖混结构,无,,https://sh.lianjia.com/ershoufang/107101410824.html
浦东,潍坊,潍坊二村,内环内,305,64770,2室1厅1厨1卫,47.09O,低楼层 (共6层),平层,南,一梯五户,简装,未知,砖混结构,无,,https://sh.lianjia.com/ershoufang/107101126915.html
浦东,潍坊,众城公寓,内环内,750,54043,2室2厅1厨1卫,138.78O,中楼层 (共26层),暂无数据,西,两梯五户,精装,未知,钢混结构,有,,https://sh.lianjia.com/ershoufang/107000822191.html
浦东,潍坊,浦坊大楼,内环内,280,68160,1室1厅1厨1卫,41.08O,低楼层 (共17层),平层,南,两梯九户,简装,未知,钢混结构,有,,https://sh.lianjia.com/ershoufang/107101482468.html
浦东,潍坊,朱家滩小区,内环内,468,126967,1室1厅1厨1卫,36.86O,中楼层 (共6层),暂无数据,南,一梯三户,简装,未知,砖混结构,无,,https://sh.lianjia.com/ershoufang/107100697630.html
浦东,潍坊,朱家滩小区,内环内,455,137546,1室1厅0厨1卫,33.08O,中楼层 (共6层),平层,南,一梯四户,其他,70年,砖混结构,无,,https://sh.lianjia.com/ershoufang/107101461867.html
浦东,潍坊,东欣小区,内环内,610,93832,2室1厅1厨1卫,65.01O,高楼层 (共25层),平层,南 西,两梯八户,精装,70年,钢混结构,有,,https://sh.lianjia.com/ershoufang/107100974664.html
浦东,潍坊,爵士大厦,内环内,850,69673,2室2厅1厨2卫,122O,中楼层 (共33层),平层,南,两梯四户,简装,70年,钢混结构,有,,https://sh.lianjia.com/ershoufang/107101342376.html
浦东,潍坊,泉东(二)小区,内环内,445,128502,1室1厅1厨1卫,34.63O,中楼层 (共6层),平层,南,一梯四户,精装,70年,砖混结构,无,,https://sh.lianjia.com/ershoufang/107101252657.html
浦东,潍坊,潍坊四村,内环内,265,69646,1室1厅1厨1卫,38.05O,低楼层 (共6层),平层,南,一梯五户,简装,未知,砖混结构,无,,https://sh.lianjia.com/ershoufang/107101201322.html
浦东,潍坊,潍坊六村,内环内,580,85182,3室0厅1厨1卫,68.09O,中楼层 (共6层),平层,南,一梯三户,精装,未知,砖混结构,无,,https://sh.lianjia.com/ershoufang/107100875858.html
浦东,潍坊,潍坊二村,内环内,235,83186,1室1厅1厨1卫,28.25O,低楼层 (共6层),平层,南,一梯五户,精装,未知,砖混结构,无,,https://sh.lianjia.com/ershoufang/107101462187.html
浦东,潍坊,朱家滩小区,内环内,495,88425,2室0厅1厨1卫,55.98O,高楼层 (共6层),平层,南,一梯三户,简装,70年,砖混结构,无,,https://sh.lianjia.com/ershoufang/107100096540.html
浦东,潍坊,潍坊二村,内环内,248,87944,1室0厅1厨1卫,28.2O,高楼层 (共6层),平层,南,一梯四户,其他,未知,砖混结构,无,,https://sh.lianjia.com/ershoufang/107101364066.html
浦东,潍坊,泉东小区,内环内,469,112498,1室1厅0厨1卫,41.69O,高楼层 (共6层),平层,南,一梯四户,简装,70年,砖混结构,无,,https://sh.lianjia.com/ershoufang/107100645059.html
浦东,潍坊,潍坊八村,内环内,385,74598,2室0厅1厨1卫,51.61O,高楼层 (共6层),平层,南 北,一梯四户,精装,未知,砖混结构,无,,https://sh.lianjia.com/ershoufang/107100834807.html
浦东,潍坊,竹南小区,内环内,320,80564,1室1厅1厨1卫,39.72O,低楼层 (共6层),平层,南,一梯四户,其他,70年,砖混结构,无,,https://sh.lianjia.com/ershoufang/107101470702.html
浦东,潍坊,潍坊十村,内环内,565,79825,3室0厅1厨1卫,70.78O,高楼层 (共6层),平层,南 北,一梯三户,简装,70年,砖混结构,无,,https://sh.lianjia.com/ershoufang/107100072705.html
浦东,潍坊,潍坊六村,内环内,453,99212,2室1厅1厨1卫,45.66O,低楼层 (共6层),暂无数据,南,一梯四户,精装,未知,砖混结构,无,,https://sh.lianjia.com/ershoufang/107100473686.html
浦东,潍坊,潍坊九村,内环内,470,95568,2室1厅1厨1卫,49.18O,低楼层 (共6层),平层,南 北,一梯四户,简装,未知,砖混结构,无,,https://sh.lianjia.com/ershoufang/107100859468.html
浦东,潍坊,潍坊十村,内环内,390,116732,1室1厅1厨1卫,33.41O,高楼层 (共6层),平层,南,一梯四户,其他,未知,砖混结构,无,,https://sh.lianjia.com/ershoufang/107101517661.html
浦东,潍坊,潍坊二村,内环内,390,61641,2室1厅1厨1卫,63.27O,高楼层 (共6层),平层,南,一梯三户,简装,70年,砖混结构,无,,https://sh.lianjia.com/ershoufang/107101153371.html
浦东,潍坊,潍坊九村,内环内,410,105021,1室1厅1厨1卫,39.04O,高楼层 (共6层),平层,南,一梯四户,简装,70年,砖混结构,无,,https://sh.lianjia.com/ershoufang/107101419095.html
浦东,潍坊,潍坊七村,内环内,465,89064,2室0厅1厨1卫,52.21O,低楼层 (共6层),平层,南 西,一梯四户,精装,未知,砖混结构,无,,https://sh.lianjia.com/ershoufang/107101167394.html
浦东,潍坊,潍坊九村,内环内,550,78910,2室1厅1厨1卫,69.7O,中楼层 (共6层),平层,南,一梯四户,简装,未知,砖混结构,无,,https://sh.lianjia.com/ershoufang/107101301741.html
浦东,潍坊,锦城大厦,内环内,735,53077,4室1厅1厨1卫,138.48O,中楼层 (共25层),暂无数据,南,两梯五户,其他,未知,钢混结构,有,,https://sh.lianjia.com/ershoufang/107101438620.html
浦东,潍坊,潍坊五村,内环内,375,70876,2室1厅1厨1卫,52.91O,高楼层 (共6层),平层,南,一梯四户,精装,未知,砖混结构,无,,https://sh.lianjia.com/ershoufang/107101488211.html
浦东,潍坊,王家宅小区,内环内,550,55433,3室1厅1厨1卫,99.22O,低楼层 (共6层),暂无数据,南,一梯三户,简装,未知,砖混结构,无,,https://sh.lianjia.com/ershoufang/107001365449.html
浦东,潍坊,潍坊八村,内环内,450,71327,2室1厅1厨1卫,63.09O,中楼层 (共6层),平层,南,一梯三户,精装,未知,砖混结构,无,,https://sh.lianjia.com/ershoufang/107101358045.html
浦东,潍坊,潍坊九村,内环内,385,94805,1室1厅1厨1卫,40.61O,高楼层 (共6层),暂无数据,南,一梯六户,其他,未知,钢混结构,无,,https://sh.lianjia.com/ershoufang/107101384227.html
浦东,潍坊,潍坊七村,内环内,392,111238,1室1厅1厨1卫,35.24O,高楼层 (共6层),平层,南,一梯四户,精装,未知,砖混结构,无,,https://sh.lianjia.com/ershoufang/107101445780.html
浦东,潍坊,潍坊三村,内环内,265,69101,1室1厅1厨1卫,38.35O,低楼层 (共6层),暂无数据,南,一梯四户,简装,未知,砖混结构,无,,https://sh.lianjia.com/ershoufang/107100412102.html
浦东,潍坊,潍坊一村,内环内,255,74431,1室1厅1厨1卫,34.26O,中楼层 (共6层),平层,南,一梯四户,简装,未知,砖混结构,无,,https://sh.lianjia.com/ershoufang/107100427769.html
浦东,潍坊,潍坊八村,内环内,290,75462,1室1厅1厨1卫,38.43O,低楼层 (共6层),平层,南,一梯五户,简装,未知,砖混结构,无,,https://sh.lianjia.com/ershoufang/107101284398.html
浦东,潍坊,东建新村,内环内,250,52389,2室1厅1厨1卫,47.72O,高楼层 (共6层),平层,南,一梯六户,简装,未知,砖混结构,无,,https://sh.lianjia.com/ershoufang/107100976477.html
浦东,潍坊,潍坊四村,内环内,230,68028,1室0厅1厨1卫,33.81O,中楼层 (共6层),暂无数据,南,一梯四户,毛坯,未知,砖混结构,无,,https://sh.lianjia.com/ershoufang/107101416858.html
浦东,潍坊,东建新村,内环内,265,64556,1室1厅0厨1卫,41.05O,高楼层 (共5层),平层,南,一梯四户,其他,未知,砖混结构,无,,https://sh.lianjia.com/ershoufang/107101374405.html
浦东,潍坊,潍坊四村,内环内,253,61934,1室1厅1厨1卫,40.85O,高楼层 (共6层),平层,南 北,一梯四户,精装,未知,砖混结构,无,,https://sh.lianjia.com/ershoufang/107101072059.html
浦东,潍坊,东欣小区,内环内,620,95370,2室1厅1厨1卫,65.01O,中楼层 (共25层),平层,南 西,两梯八户,精装,70年,钢混结构,有,,https://sh.lianjia.com/ershoufang/107100433602.html
浦东,潍坊,东建新村,内环内,215,64180,1室0厅1厨1卫,33.5O,中楼层 (共5层),平层,南,一梯四户,其他,未知,砖混结构,无,,https://sh.lianjia.com/ershoufang/107101427122.html
浦东,潍坊,潍坊八村,内环内,395,72571,2室1厅1厨1卫,54.43O,高楼层 (共6层),平层,南,一梯四户,精装,70年,砖混结构,无,,https://sh.lianjia.com/ershoufang/107101217724.html
浦东,潍坊,潍坊五村,内环内,370,74839,2室1厅0厨1卫,49.44O,高楼层 (共6层),平层,南,一梯四户,其他,未知,砖混结构,无,,https://sh.lianjia.com/ershoufang/107101452991.html
浦东,潍坊,潍坊九村,内环内,490,98632,2室0厅1厨1卫,49.68O,低楼层 (共6层),平层,东 南 北,一梯四户,简装,70年,砖混结构,无,,https://sh.lianjia.com/ershoufang/107101423181.html
浦东,潍坊,兴业嘉园,内环内,320,62112,1室1厅1厨1卫,51.52O,中楼层 (共17层),平层,西,两梯十七户,简装,70年,钢混结构,有,,https://sh.lianjia.com/ershoufang/107101104584.html
浦东,潍坊,潍坊九村,内环内,469,90927,2室1厅1厨1卫,51.58O,高楼层 (共6层),平层,南 西 北,一梯四户,精装,未知,砖混结构,无,,https://sh.lianjia.com/ershoufang/107101256750.html
浦东,潍坊,潍坊十村,内环内,382,136040,1室1厅1厨1卫,28.08O,低楼层 (共6层),平层,南,一梯四户,精装,未知,砖混结构,无,,https://sh.lianjia.com/ershoufang/107101345421.html
浦东,潍坊,潍坊二村,内环内,260,68784,1室1厅1厨1卫,37.8O,中楼层 (共6层),平层,南,一梯四户,简装,未知,砖混结构,无,,https://sh.lianjia.com/ershoufang/107002078105.html
浦东,潍坊,潍坊六村,内环内,465,92299,2室1厅1厨1卫,50.38O,低楼层 (共6层),平层,东南,一梯四户,简装,70年,砖混结构,无,,https://sh.lianjia.com/ershoufang/107100266552.html
浦东,潍坊,潍坊二村,内环内,309,65857,2室1厅1厨1卫,46.92O,高楼层 (共6层),平层,南,一梯四户,简装,未知,砖混结构,无,,https://sh.lianjia.com/ershoufang/107101440026.html
浦东,潍坊,潍坊七村,内环内,600,89486,3室1厅1厨1卫,67.05O,高楼层 (共6层),平层,南,一梯三户,精装,未知,砖混结构,无,,https://sh.lianjia.com/ershoufang/107101411494.html
浦东,潍坊,繁荣昌盛,内环内,750,94697,2室1厅1厨1卫,79.2O,高楼层 (共26层),平层,南,两梯八户,精装,70年,钢混结构,有,,https://sh.lianjia.com/ershoufang/107101347349.html
浦东,潍坊,潍坊三村,内环内,310,77153,1室2厅1厨1卫,40.18O,高楼层 (共5层),暂无数据,南,一梯四户,精装,未知,砖混结构,无,,https://sh.lianjia.com/ershoufang/107101387888.html
浦东,潍坊,潍坊十村,内环内,389,108357,1室1厅1厨1卫,35.9O,低楼层 (共6层),平层,南,一梯四户,简装,未知,砖混结构,无,,https://sh.lianjia.com/ershoufang/107100647821.html
浦东,潍坊,竹南小区,内环内,498,87646,2室1厅1厨1卫,56.82O,低楼层 (共6层),平层,南 北,一梯四户,精装,70年,砖混结构,无,,https://sh.lianjia.com/ershoufang/107101072301.html
浦东,潍坊,爵士大厦,内环内,1000,66038,3室2厅1厨2卫,151.43O,高楼层 (共33层),暂无数据,南,一梯三户,其他,70年,钢混结构,有,,https://sh.lianjia.com/ershoufang/107101486851.html
浦东,潍坊,锦城大厦,内环内,800,57554,2室2厅1厨1卫,139O,低楼层 (共25层),暂无数据,南,两梯五户,精装,未知,钢混结构,有,,https://sh.lianjia.com/ershoufang/107101133924.html
浦东,潍坊,潍坊三村,内环内,250,75735,1室1厅1厨1卫,33.01O,中楼层 (共5层),暂无数据,南,一梯四户,简装,未知,砖混结构,无,,https://sh.lianjia.com/ershoufang/107101116667.html
浦东,潍坊,新光大楼,内环内,680,97380,2室1厅1厨1卫,69.83O,低楼层 (共18层),平层,北,两梯八户,精装,未知,钢混结构,有,,https://sh.lianjia.com/ershoufang/107101355740.html
浦东,潍坊,泉东小区,内环内,500,107597,1室1厅1厨1卫,46.47O,高楼层 (共6层),平层,南,一梯五户,精装,70年,砖混结构,无,,https://sh.lianjia.com/ershoufang/107100253092.html
浦东,潍坊,南泉大楼,内环内,576,71226,2室1厅1厨1卫,80.87O,低楼层 (共24层),平层,南,一梯八户,精装,未知,钢混结构,有,,https://sh.lianjia.com/ershoufang/107101178317.html
浦东,潍坊,潍坊七村,内环内,395,108636,1室0厅1厨1卫,36.36O,高楼层 (共6层),平层,南,一梯四户,简装,未知,砖混结构,无,,https://sh.lianjia.com/ershoufang/107101334396.html
浦东,潍坊,潍坊五村,内环内,275,76199,1室0厅1厨1卫,36.09O,中楼层 (共6层),平层,南,一梯五户,其他,70年,砖混结构,无,,https://sh.lianjia.com/ershoufang/107101511257.html
浦东,潍坊,竹南小区,内环内,400,82305,2室1厅1厨1卫,48.6O,高楼层 (共6层),平层,南,一梯两户,其他,70年,砖混结构,无,,https://sh.lianjia.com/ershoufang/107101354726.html
浦东,潍坊,潍坊五村,内环内,310,66596,2室0厅1厨1卫,46.55O,高楼层 (共6层),暂无数据,南,一梯四户,简装,未知,砖混结构,无,,https://sh.lianjia.com/ershoufang/107002115387.html
浦东,潍坊,东建新村,内环内,230,57472,1室1厅1厨1卫,40.02O,高楼层 (共6层),平层,南,一梯四户,精装,未知,砖混结构,无,,https://sh.lianjia.com/ershoufang/107101184786.html
浦东,潍坊,泉东(二)小区,内环内,465,110268,2室1厅1厨1卫,42.17O,低楼层 (共6层),暂无数据,南,一梯五户,简装,未知,砖混结构,无,,https://sh.lianjia.com/ershoufang/107101256245.html
浦东,潍坊,潍坊七村,内环内,389,110386,1室1厅1厨1卫,35.24O,高楼层 (共6层),平层,南,一梯四户,精装,未知,砖混结构,无,,https://sh.lianjia.com/ershoufang/107002179489.html
浦东,潍坊,潍坊八村,内环内,350,68993,2室1厅1厨1卫,50.73O,高楼层 (共6层),平层,南,一梯四户,简装,未知,砖混结构,无,,https://sh.lianjia.com/ershoufang/107101289532.html
浦东,潍坊,竹南小区,内环内,445,88154,2室1厅1厨1卫,50.48O,低楼层 (共6层),暂无数据,南,一梯四户,简装,未知,砖混结构,无,,https://sh.lianjia.com/ershoufang/107101481319.html
浦东,潍坊,潍坊十村,内环内,425,106704,1室1厅1厨1卫,39.83O,高楼层 (共6层),暂无数据,南,一梯三户,简装,未知,砖混结构,无,,https://sh.lianjia.com/ershoufang/107101371465.html
浦东,潍坊,新光大楼,内环内,650,89842,2室1厅1厨1卫,72.35O,低楼层 (共18层),暂无数据,西,两梯八户,精装,未知,钢混结构,有,,https://sh.lianjia.com/ershoufang/107002303991.html
浦东,潍坊,泉东(二)小区,内环内,518,97589,2室1厅1厨1卫,53.08O,低楼层 (共6层),平层,南 北,一梯四户,简装,未知,砖混结构,无,,https://sh.lianjia.com/ershoufang/107101357706.html
浦东,潍坊,新明大楼,内环内,630,87077,2室1厅1厨1卫,72.35O,中楼层 (共18层),平层,西南,两梯八户,简装,未知,钢混结构,有,,https://sh.lianjia.com/ershoufang/107101404331.html
浦东,潍坊,潍坊三村,内环内,600,74111,3室1厅1厨1卫,80.96O,高楼层 (共6层),暂无数据,南,一梯两户,其他,未知,砖混结构,无,,https://sh.lianjia.com/ershoufang/107101443462.html
浦东,潍坊,泉东小区,内环内,470,112846,1室1厅1厨1卫,41.65O,高楼层 (共6层),平层,南,一梯三户,简装,70年,砖混结构,无,,https://sh.lianjia.com/ershoufang/107100580967.html
浦东,潍坊,潍坊九村,内环内,475,92431,2室1厅1厨1卫,51.39O,低楼层 (共6层),平层,东 北,一梯六户,简装,70年,砖混结构,无,,https://sh.lianjia.com/ershoufang/107002223921.html
浦东,潍坊,阜兴世纪公馆,内环内,770,76694,2室1厅1厨1卫,100.4O,中楼层 (共33层),暂无数据,南,两梯四户,其他,70年,钢混结构,有,,https://sh.lianjia.com/ershoufang/107101458655.html
浦东,潍坊,潍坊五村,内环内,375,70809,3室1厅1厨1卫,52.96O,高楼层 (共6层),平层,南,一梯四户,其他,未知,砖混结构,无,,https://sh.lianjia.com/ershoufang/107101465376.html
浦东,潍坊,泉东小区,内环内,585,95464,2室0厅1厨1卫,61.28O,低楼层 (共6层),平层,南,一梯三户,简装,70年,砖混结构,无,,https://sh.lianjia.com/ershoufang/107100306228.html
浦东,潍坊,潍坊一村,内环内,237,70390,1室0厅1厨1卫,33.67O,低楼层 (共6层),平层,南,一梯四户,精装,70年,钢混结构,无,,https://sh.lianjia.com/ershoufang/107101487992.html
浦东,潍坊,潍坊七村,内环内,385,109251,1室1厅1厨1卫,35.24O,中楼层 (共6层),平层,南,一梯四户,简装,未知,砖混结构,无,,https://sh.lianjia.com/ershoufang/107101212666.html
浦东,潍坊,锦城大厦,内环内,735,53077,4室1厅1厨1卫,138.48O,中楼层 (共25层),暂无数据,南,两梯五户,简装,未知,钢混结构,有,,https://sh.lianjia.com/ershoufang/107101116492.html
浦东,潍坊,爵士大厦,内环内,980,62741,3室2厅0厨2卫,156.2O,高楼层 (共33层),平层,南,两梯四户,简装,70年,钢混结构,有,,https://sh.lianjia.com/ershoufang/107101423182.html
浦东,潍坊,潍坊一村,内环内,253,70494,1室1厅1厨1卫,35.89O,高楼层 (共6层),平层,南,一梯四户,精装,未知,砖混结构,无,,https://sh.lianjia.com/ershoufang/107101218063.html
浦东,潍坊,东建新村,内环内,245,59684,1室1厅1厨1卫,41.05O,中楼层 (共5层),平层,南,一梯四户,简装,未知,砖混结构,无,,https://sh.lianjia.com/ershoufang/107101290543.html
浦东,潍坊,东欣小区,内环内,560,89701,2室1厅1厨1卫,62.43O,中楼层 (共25层),平层,东 南,两梯八户,精装,70年,钢混结构,有,,https://sh.lianjia.com/ershoufang/107101339378.html
浦东,潍坊,潍坊四村,内环内,245,72464,1室1厅1厨1卫,33.81O,中楼层 (共6层),暂无数据,南,一梯四户,简装,未知,砖混结构,无,,https://sh.lianjia.com/ershoufang/107101200095.html
浦东,潍坊,潍坊四村,内环内,238,70394,1室0厅1厨1卫,33.81O,高楼层 (共6层),平层,南,一梯四户,简装,未知,砖混结构,无,,https://sh.lianjia.com/ershoufang/107100569670.html
浦东,潍坊,王家宅小区,内环内,300,67675,1室1厅1厨1卫,44.33O,中楼层 (共6层),平层,南,一梯四户,其他,未知,砖混结构,无,,https://sh.lianjia.com/ershoufang/107101426478.html
浦东,潍坊,潍坊三村,内环内,242,73046,1室1厅1厨1卫,33.13O,高楼层 (共5层),平层,南,一梯四户,精装,未知,砖混结构,无,,https://sh.lianjia.com/ershoufang/107100773935.html
浦东,潍坊,潍坊四村,内环内,275,66490,1室1厅1厨1卫,41.36O,低楼层 (共6层),平层,南,一梯四户,毛坯,未知,砖混结构,无,,https://sh.lianjia.com/ershoufang/107101268506.html
浦东,潍坊,朱家滩小区,内环内,455,104310,1室1厅1厨1卫,43.62O,高楼层 (共6层),暂无数据,南,一梯三户,简装,未知,砖混结构,无,,https://sh.lianjia.com/ershoufang/107101108612.html
浦东,潍坊,开发浦东,内环内,548,81294,2室1厅1厨1卫,67.41O,低楼层 (共25层),平层,南 西,两梯八户,精装,70年,钢混结构,有,,https://sh.lianjia.com/ershoufang/107101351501.html
浦东,潍坊,泉东小区,内环内,475,113664,1室1厅1厨1卫,41.79O,中楼层 (共6层),平层,南,一梯四户,精装,70年,砖混结构,无,,https://sh.lianjia.com/ershoufang/107100566233.html
浦东,潍坊,潍坊四村,内环内,330,69314,2室0厅1厨1卫,47.61O,高楼层 (共6层),平层,南,一梯四户,精装,未知,砖混结构,无,,https://sh.lianjia.com/ershoufang/107101033657.html
浦东,潍坊,潍坊三村,内环内,315,66442,2室0厅1厨1卫,47.41O,高楼层 (共5层),平层,南,一梯四户,毛坯,未知,砖混结构,无,,https://sh.lianjia.com/ershoufang/107100482340.html
