浦东,宣桥,艺泰安邦,外环外,275,24820,2室2厅1厨1卫,110.8O,低楼层 (共11层),平层,南,一梯三户,精装,未知,钢混结构,有,,https://sh.lianjia.com/ershoufang/107101243454.html
浦东,宣桥,欣松苑,外环外,290,23812,3室2厅1厨1卫,121.79O,低楼层 (共6层),暂无数据,南,一梯两户,毛坯,未知,钢混结构,无,,https://sh.lianjia.com/ershoufang/107001327995.html
浦东,宣桥,艺泰安邦,外环外,285,25825,3室2厅1厨1卫,110.36O,中楼层 (共11层),平层,南,一梯三户,简装,未知,钢混结构,有,,https://sh.lianjia.com/ershoufang/107101383873.html
浦东,宣桥,欣梅苑,外环外,215,23335,2室2厅1厨1卫,92.14O,高楼层 (共6层),平层,南,一梯两户,精装,未知,钢混结构,无,,https://sh.lianjia.com/ershoufang/107100402365.html
浦东,宣桥,艺泰安邦,外环外,195,25194,2室2厅1厨1卫,77.4O,高楼层 (共18层),平层,南,两梯三户,精装,70年,钢混结构,有,,https://sh.lianjia.com/ershoufang/107101451841.html
浦东,宣桥,艺泰安邦,外环外,620,28977,4室2厅1厨3卫,213.97O,低楼层 (共3层),暂无数据,南 北,一梯两户,毛坯,未知,钢混结构,无,,https://sh.lianjia.com/ershoufang/107101408562.html
浦东,宣桥,艺泰安邦,外环外,190,25466,1室2厅1厨1卫,74.61O,中楼层 (共10层),平层,南,两梯三户,毛坯,70年,钢混结构,有,,https://sh.lianjia.com/ershoufang/107101046410.html
浦东,宣桥,艺泰安邦,外环外,212,24354,2室2厅1厨1卫,87.05O,低楼层 (共11层),暂无数据,南,一梯三户,毛坯,未知,钢混结构,有,,https://sh.lianjia.com/ershoufang/107101314863.html
浦东,宣桥,欣兰苑,外环外,300,22079,3室2厅1厨2卫,135.88O,低楼层 (共6层),暂无数据,南,一梯两户,毛坯,未知,钢混结构,无,,https://sh.lianjia.com/ershoufang/107100328754.html
浦东,宣桥,欣菊苑,外环外,310,21717,3室2厅1厨2卫,142.75O,高楼层 (共6层),平层,南,一梯两户,精装,未知,钢混结构,无,,https://sh.lianjia.com/ershoufang/107100294083.html
浦东,宣桥,欣秋苑,外环外,146,22817,1室2厅1厨1卫,63.99O,中楼层 (共6层),平层,南,一梯三户,毛坯,未知,钢混结构,无,,https://sh.lianjia.com/ershoufang/107100609885.html
浦东,宣桥,艺泰安邦,外环外,350,26812,3室2厅1厨2卫,130.54O,低楼层 (共17层),平层,南,两梯三户,其他,70年,钢混结构,有,,https://sh.lianjia.com/ershoufang/107101511041.html
浦东,宣桥,欣菊苑,外环外,210,20263,2室2厅1厨2卫,103.64O,低楼层 (共6层),暂无数据,南,一梯三户,简装,未知,钢混结构,无,,https://sh.lianjia.com/ershoufang/107101420370.html
浦东,宣桥,艺泰安邦,外环外,225,28359,2室1厅1厨1卫,79.34O,中楼层 (共18层),平层,南,一梯四户,精装,未知,钢混结构,有,,https://sh.lianjia.com/ershoufang/107101393607.html
浦东,宣桥,艺泰安邦,外环外,278,27706,2室2厅1厨1卫,100.34O,高楼层 (共11层),平层,南 北,一梯两户,精装,70年,钢混结构,有,,https://sh.lianjia.com/ershoufang/107101421346.html
浦东,宣桥,南瑞别墅,外环外,1200,42962,4室2厅1厨2卫,279.32O,低楼层 (共2层),,南,,毛坯,未知,钢混结构,,暂无数据,https://sh.lianjia.com/ershoufang/107101268895.html
浦东,宣桥,艺泰安邦,外环外,242,27268,2室1厅1厨1卫,88.75O,高楼层 (共11层),平层,南,两梯三户,简装,未知,钢混结构,有,,https://sh.lianjia.com/ershoufang/107101180090.html
浦东,宣桥,莱茵美墅,外环外,830,30597,4室2厅1厨3卫,271.27O,低楼层 (共1层),,南 北,,精装,未知,钢混结构,,联排,https://sh.lianjia.com/ershoufang/107101371222.html
浦东,宣桥,艺泰安邦,外环外,248,26525,2室2厅1厨1卫,93.5O,中楼层 (共10层),平层,南,一梯三户,精装,未知,钢混结构,有,,https://sh.lianjia.com/ershoufang/107101110257.html
浦东,宣桥,欣菊苑,外环外,185,17851,2室2厅1厨2卫,103.64O,低楼层 (共6层),平层,南,一梯三户,简装,未知,钢混结构,无,,https://sh.lianjia.com/ershoufang/107101201785.html
浦东,宣桥,莱茵美墅,外环外,980,35252,4室2厅1厨2卫,278O,低楼层 (共1层),,暂无数据,,精装,未知,钢混结构,,联排,https://sh.lianjia.com/ershoufang/107000806667.html
浦东,宣桥,南六公路99弄1支弄,外环外,1050,24882,6室3厅1厨3卫,422O,低楼层 (共1层),暂无数据,南,一梯一户,精装,70年,砖混结构,无,,https://sh.lianjia.com/ershoufang/107002308601.html
浦东,宣桥,欣兰苑,外环外,230,19121,3室2厅1厨2卫,120.29O,中楼层 (共6层),平层,南,一梯两户,简装,未知,钢混结构,无,,https://sh.lianjia.com/ershoufang/107101394229.html
浦东,宣桥,欣荷苑,外环外,188,18140,2室2厅1厨2卫,103.64O,低楼层 (共6层),暂无数据,南,一梯三户,其他,未知,钢混结构,无,,https://sh.lianjia.com/ershoufang/107101517652.html
浦东,宣桥,九九别墅,外环外,960,22703,5室2厅1厨4卫,422.86O,低楼层 (共2层),,东 南 西 北,,精装,未知,钢混结构,,暂无数据,https://sh.lianjia.com/ershoufang/107100219121.html
浦东,宣桥,艺泰安邦,外环外,260,27660,2室1厅1厨1卫,94O,高楼层 (共18层),平层,南,一梯三户,其他,未知,钢混结构,有,,https://sh.lianjia.com/ershoufang/107101347803.html
浦东,宣桥,莱茵美墅,外环外,635,32003,4室1厅1厨3卫,198.42O,中楼层 (共4层),,南,,简装,70年,钢混结构,,叠拼,https://sh.lianjia.com/ershoufang/107101054100.html
浦东,宣桥,欣松苑,外环外,188,20007,2室2厅1厨2卫,93.97O,中楼层 (共6层),平层,南,一梯两户,精装,未知,钢混结构,无,,https://sh.lianjia.com/ershoufang/107100688374.html
浦东,宣桥,艺泰安邦,外环外,310,27006,2室2厅1厨2卫,114.79O,高楼层 (共17层),平层,南,两梯两户,简装,未知,钢混结构,有,,https://sh.lianjia.com/ershoufang/107101159337.html
浦东,宣桥,艺泰安邦,外环外,325,22570,3室2厅1厨2卫,144O,低楼层 (共11层),平层,南,一梯两户,其他,70年,钢混结构,有,,https://sh.lianjia.com/ershoufang/107100074661.html
浦东,宣桥,欣秋苑,外环外,150,21740,1室1厅1厨1卫,69O,低楼层 (共11层),平层,南,一梯三户,简装,未知,钢混结构,暂无数据,,https://sh.lianjia.com/ershoufang/107101484141.html
浦东,宣桥,欣菊苑,外环外,355,24869,3室2厅1厨2卫,142.75O,高楼层 (共6层),暂无数据,南,一梯两户,精装,未知,钢混结构,无,,https://sh.lianjia.com/ershoufang/107100437619.html
浦东,宣桥,艺泰安邦,外环外,438,23801,4室2厅1厨2卫,184.03O,高楼层 (共11层),跃层,南 北,一梯三户,简装,70年,钢混结构,有,,https://sh.lianjia.com/ershoufang/107100504649.html
浦东,宣桥,莱茵美墅,外环外,600,30133,4室2厅1厨3卫,199.12O,低楼层 (共3层),,南,,毛坯,70年,钢混结构,,叠拼,https://sh.lianjia.com/ershoufang/107101393825.html
浦东,宣桥,艺泰安邦,外环外,230,25253,2室2厅1厨1卫,91.08O,低楼层 (共10层),平层,南,两梯四户,精装,70年,钢混结构,有,,https://sh.lianjia.com/ershoufang/107101411121.html
浦东,宣桥,艺泰安邦,外环外,163,27368,2室1厅1厨1卫,59.56O,低楼层 (共18层),平层,南,两梯四户,精装,70年,钢混结构,有,,https://sh.lianjia.com/ershoufang/107100219079.html
浦东,宣桥,艺泰安邦,外环外,210,22730,2室2厅1厨1卫,92.39O,低楼层 (共18层),平层,南 北,两梯三户,精装,70年,钢混结构,有,,https://sh.lianjia.com/ershoufang/107100873733.html
浦东,宣桥,艺泰安邦,外环外,300,25690,2室2厅1厨1卫,116.78O,中楼层 (共17层),平层,南,一梯两户,其他,未知,钢混结构,有,,https://sh.lianjia.com/ershoufang/107101500047.html
浦东,宣桥,欣梅苑,外环外,200,21284,2室2厅1厨1卫,93.97O,中楼层 (共6层),暂无数据,南 北,一梯两户,毛坯,70年,钢混结构,无,,https://sh.lianjia.com/ershoufang/107100792474.html
浦东,宣桥,艺泰安邦,外环外,235,24995,2室2厅1厨1卫,94.02O,低楼层 (共18层),平层,南,两梯三户,毛坯,70年,钢混结构,有,,https://sh.lianjia.com/ershoufang/107101015521.html
浦东,宣桥,艺泰安邦,外环外,243,25846,2室1厅1厨1卫,94.02O,中楼层 (共18层),平层,南 北,两梯三户,毛坯,70年,钢混结构,有,,https://sh.lianjia.com/ershoufang/107100865814.html
浦东,宣桥,艺泰安邦,外环外,225,26319,2室1厅1厨1卫,85.49O,低楼层 (共6层),平层,南 北,一梯两户,简装,70年,钢混结构,无,,https://sh.lianjia.com/ershoufang/107101450208.html
浦东,宣桥,艺泰安邦,外环外,400,25000,4室2厅1厨2卫,160O,低楼层 (共18层),平层,南 东,两梯三户,精装,70年,钢混结构,有,,https://sh.lianjia.com/ershoufang/107101462120.html
浦东,宣桥,艺泰安邦,外环外,350,25168,3室2厅1厨2卫,139.07O,中楼层 (共17层),平层,南 北,一梯两户,简装,70年,钢混结构,有,,https://sh.lianjia.com/ershoufang/107101278065.html
浦东,宣桥,欣春苑,外环外,275,21318,3室2厅1厨2卫,129O,高楼层 (共11层),平层,南 北,一梯两户,毛坯,未知,钢混结构,有,,https://sh.lianjia.com/ershoufang/107101160432.html
浦东,宣桥,欣兰苑,外环外,235,19537,3室2厅1厨2卫,120.29O,低楼层 (共6层),平层,南 北,一梯两户,精装,未知,钢混结构,无,,https://sh.lianjia.com/ershoufang/107101341704.html
浦东,宣桥,艺泰安邦,外环外,173,29047,1室1厅1厨1卫,59.56O,高楼层 (共18层),平层,南,一梯五户,毛坯,70年,钢混结构,有,,https://sh.lianjia.com/ershoufang/107100742295.html
浦东,宣桥,艺泰安邦,外环外,230,26437,2室2厅1厨1卫,87O,中楼层 (共11层),平层,南,一梯三户,精装,未知,钢混结构,有,,https://sh.lianjia.com/ershoufang/107101252005.html
浦东,宣桥,欣松苑,外环外,197,25499,2室1厅1厨1卫,77.26O,高楼层 (共6层),平层,南,一梯两户,精装,未知,钢混结构,无,,https://sh.lianjia.com/ershoufang/107101302468.html
浦东,宣桥,欣菊苑,外环外,239,19594,3室2厅1厨2卫,121.98O,高楼层 (共6层),平层,南,一梯两户,精装,未知,钢混结构,无,,https://sh.lianjia.com/ershoufang/107100816920.html
浦东,宣桥,欣梅苑,外环外,136,24945,1室1厅1厨1卫,54.52O,中楼层 (共6层),平层,南,一梯三户,毛坯,未知,钢混结构,无,,https://sh.lianjia.com/ershoufang/107101169407.html
浦东,宣桥,莱茵美墅,外环外,980,34807,4室2厅1厨3卫,281.56O,低楼层 (共1层),,南,,毛坯,未知,钢混结构,,联排,https://sh.lianjia.com/ershoufang/107100686200.html
浦东,宣桥,艺泰安邦,外环外,235,25802,2室2厅0厨2卫,91.08O,低楼层 (共10层),平层,南,两梯四户,其他,70年,钢混结构,有,,https://sh.lianjia.com/ershoufang/107101404184.html
浦东,宣桥,艺泰安邦,外环外,265,23086,2室2厅1厨2卫,114.79O,低楼层 (共17层),平层,南,两梯两户,毛坯,70年,钢混结构,有,,https://sh.lianjia.com/ershoufang/107100166546.html
浦东,宣桥,欣春苑,外环外,210,19980,2室2厅1厨1卫,105.11O,低楼层 (共11层),平层,南,一梯三户,精装,未知,钢混结构,暂无数据,,https://sh.lianjia.com/ershoufang/107101005879.html
浦东,宣桥,艺泰安邦,外环外,306,21236,3室2厅1厨2卫,144.1O,低楼层 (共18层),平层,南,两梯三户,精装,70年,钢混结构,有,,https://sh.lianjia.com/ershoufang/107100167948.html
浦东,宣桥,欣春苑,外环外,280,21694,3室2厅1厨2卫,129.07O,低楼层 (共11层),平层,南 北,一梯两户,精装,未知,钢混结构,暂无数据,,https://sh.lianjia.com/ershoufang/107100737486.html
浦东,宣桥,欣荷苑,外环外,240,19894,3室2厅1厨1卫,120.64O,高楼层 (共6层),平层,南 北,一梯两户,毛坯,未知,钢混结构,无,,https://sh.lianjia.com/ershoufang/107100976272.html
浦东,宣桥,艺泰安邦,外环外,245,26733,3室2厅1厨2卫,91.65O,中楼层 (共8层),平层,南 北,一梯四户,精装,未知,钢混结构,有,,https://sh.lianjia.com/ershoufang/107101424368.html
浦东,宣桥,艺泰安邦,外环外,330,25782,3室2厅1厨2卫,128O,低楼层 (共11层),平层,南 北,一梯两户,其他,70年,钢混结构,有,,https://sh.lianjia.com/ershoufang/107101079365.html
浦东,宣桥,艺泰安邦,外环外,248,22740,2室2厅1厨2卫,109.06O,低楼层 (共17层),平层,南,两梯三户,毛坯,70年,钢混结构,有,,https://sh.lianjia.com/ershoufang/107100674965.html
浦东,宣桥,艺泰安邦,外环外,248,25818,2室2厅1厨1卫,96.06O,低楼层 (共11层),平层,南,两梯三户,精装,70年,钢混结构,有,,https://sh.lianjia.com/ershoufang/107100859069.html
浦东,宣桥,艺泰安邦,外环外,215,23378,2室2厅1厨1卫,91.97O,低楼层 (共12层),平层,南 北,一梯三户,精装,未知,钢混结构,有,,https://sh.lianjia.com/ershoufang/107101248244.html
浦东,宣桥,欣春苑,外环外,210,22038,2室2厅1厨1卫,95.29O,低楼层 (共11层),平层,南 北,一梯两户,精装,未知,钢混结构,暂无数据,,https://sh.lianjia.com/ershoufang/107101423878.html
浦东,宣桥,艺泰安邦,外环外,165,27704,1室1厅1厨1卫,59.56O,高楼层 (共18层),平层,南,一梯三户,精装,未知,钢混结构,有,,https://sh.lianjia.com/ershoufang/107101425895.html
浦东,宣桥,南六公路99弄1支弄,外环外,1200,53011,4室2厅1厨2卫,226.37O,低楼层 (共1层),暂无数据,南,一梯一户,毛坯,70年,砖混结构,无,,https://sh.lianjia.com/ershoufang/107002224657.html
浦东,宣桥,欣松苑,外环外,190,20220,2室2厅1厨2卫,93.97O,低楼层 (共6层),平层,南,一梯两户,简装,未知,钢混结构,无,,https://sh.lianjia.com/ershoufang/107101146786.html
浦东,宣桥,花源湾,外环外,860,38108,4室3厅1厨3卫,225.68O,低楼层 (共3层),,南,,简装,未知,钢混结构,,暂无数据,https://sh.lianjia.com/ershoufang/107100716612.html
浦东,宣桥,艺泰安邦,外环外,240,24013,2室2厅1厨1卫,99.95O,低楼层 (共15层),平层,南,一梯两户,简装,未知,钢混结构,有,,https://sh.lianjia.com/ershoufang/107101483150.html
浦东,宣桥,艺泰安邦,外环外,285,23828,3室2厅1厨2卫,119.61O,中楼层 (共6层),平层,南,一梯两户,毛坯,70年,钢混结构,无,,https://sh.lianjia.com/ershoufang/107101373095.html
浦东,宣桥,欣松苑,外环外,200,21284,2室1厅1厨1卫,93.97O,低楼层 (共6层),平层,南,一梯两户,精装,未知,钢混结构,无,,https://sh.lianjia.com/ershoufang/107101093977.html
浦东,宣桥,艺泰安邦,外环外,242,27192,2室1厅1厨1卫,89O,高楼层 (共11层),平层,南 北,两梯三户,精装,70年,钢混结构,有,,https://sh.lianjia.com/ershoufang/107100744315.html
浦东,宣桥,艺泰安邦,外环外,279,22203,3室2厅1厨2卫,125.66O,低楼层 (共11层),平层,南,一梯两户,简装,未知,钢混结构,有,,https://sh.lianjia.com/ershoufang/107101155432.html
浦东,宣桥,欣春苑,外环外,215,20335,2室2厅1厨1卫,105.73O,高楼层 (共11层),平层,南,一梯三户,其他,未知,钢混结构,暂无数据,,https://sh.lianjia.com/ershoufang/107101508835.html
浦东,宣桥,艺泰安邦,外环外,188,31565,1室1厅1厨1卫,59.56O,高楼层 (共18层),平层,南,两梯四户,精装,未知,钢混结构,有,,https://sh.lianjia.com/ershoufang/107101492541.html
浦东,宣桥,欣秋苑,外环外,145,25218,1室1厅1厨1卫,57.5O,中楼层 (共6层),平层,南,一梯三户,精装,未知,钢混结构,无,,https://sh.lianjia.com/ershoufang/107101358123.html
浦东,宣桥,莱茵美墅,外环外,770,39905,4室3厅1厨3卫,192.96O,低楼层 (共1层),,南,,精装,未知,钢混结构,,联排,https://sh.lianjia.com/ershoufang/107000672833.html
浦东,宣桥,艺泰安邦,外环外,255,27940,2室2厅1厨1卫,91.27O,高楼层 (共18层),平层,南 北,两梯三户,毛坯,70年,钢混结构,有,,https://sh.lianjia.com/ershoufang/107100671771.html
浦东,宣桥,艺泰安邦,外环外,187,23975,2室1厅1厨1卫,78O,低楼层 (共18层),平层,南,两梯三户,简装,70年,钢混结构,有,,https://sh.lianjia.com/ershoufang/107101106146.html
浦东,宣桥,欣松苑,外环外,240,20531,3室2厅1厨2卫,116.9O,中楼层 (共6层),平层,南,一梯两户,精装,未知,钢混结构,无,,https://sh.lianjia.com/ershoufang/107101509570.html
浦东,宣桥,艺泰安邦,外环外,225,25949,2室2厅1厨2卫,86.71O,中楼层 (共11层),平层,南 北,一梯三户,精装,70年,钢混结构,有,,https://sh.lianjia.com/ershoufang/107101448467.html
浦东,宣桥,欣梅苑,外环外,173,22445,2室2厅1厨1卫,77.08O,高楼层 (共6层),平层,南 北,一梯两户,精装,70年,钢混结构,无,,https://sh.lianjia.com/ershoufang/107101437023.html
浦东,宣桥,艺泰安邦,外环外,235,27206,2室1厅1厨1卫,86.38O,高楼层 (共18层),平层,南,两梯四户,其他,未知,钢混结构,有,,https://sh.lianjia.com/ershoufang/107101518721.html
浦东,宣桥,艺泰安邦,外环外,420,30729,5室2厅1厨2卫,136.68O,高楼层 (共11层),暂无数据,南 北,一梯两户,精装,未知,钢混结构,有,,https://sh.lianjia.com/ershoufang/107101390888.html
浦东,宣桥,欣松苑,外环外,220,23412,2室2厅1厨2卫,93.97O,高楼层 (共6层),暂无数据,南,一梯两户,精装,未知,钢混结构,无,,https://sh.lianjia.com/ershoufang/107101311047.html
浦东,宣桥,艺泰安邦,外环外,245,26026,2室2厅1厨1卫,94.14O,低楼层 (共18层),平层,南,两梯三户,精装,70年,钢混结构,有,,https://sh.lianjia.com/ershoufang/107100695966.html
浦东,宣桥,艺泰安邦,外环外,500,28324,4室2厅1厨2卫,176.53O,高楼层 (共11层),暂无数据,南 北,一梯两户,精装,70年,钢混结构,有,,https://sh.lianjia.com/ershoufang/107100561078.html
浦东,宣桥,艺泰安邦,外环外,195,27676,2室1厅1厨1卫,70.46O,低楼层 (共11层),平层,南,一梯三户,其他,70年,钢混结构,有,,https://sh.lianjia.com/ershoufang/107101080373.html
浦东,宣桥,艺泰安邦,外环外,195,25185,1室2厅1厨1卫,77.43O,低楼层 (共18层),平层,南,一梯三户,精装,未知,钢混结构,有,,https://sh.lianjia.com/ershoufang/107101233490.html
浦东,宣桥,莱茵美墅,外环外,800,29471,4室3厅1厨4卫,271.46O,低楼层 (共1层),,南,,精装,未知,钢混结构,,联排,https://sh.lianjia.com/ershoufang/107100344368.html
浦东,宣桥,莱茵美墅,外环外,950,34685,4室2厅1厨3卫,273.9O,低楼层 (共1层),,南 北,,精装,未知,钢混结构,,联排,https://sh.lianjia.com/ershoufang/107101041025.html
浦东,宣桥,欣梅苑,外环外,240,20513,3室2厅1厨2卫,117O,低楼层 (共6层),暂无数据,南 北,一梯两户,精装,未知,钢混结构,无,,https://sh.lianjia.com/ershoufang/107002267159.html
浦东,宣桥,欣梅苑,外环外,188,19933,2室2厅1厨1卫,94.32O,高楼层 (共6层),平层,南,一梯两户,其他,未知,钢混结构,无,,https://sh.lianjia.com/ershoufang/107101369582.html
浦东,宣桥,艺泰安邦,外环外,268,22950,3室2厅1厨2卫,116.78O,低楼层 (共17层),暂无数据,南,一梯两户,精装,70年,钢混结构,有,,https://sh.lianjia.com/ershoufang/107101114684.html
浦东,宣桥,欣秋苑,外环外,157,22873,2室1厅1厨1卫,68.64O,中楼层 (共11层),平层,南,一梯三户,简装,未知,钢混结构,暂无数据,,https://sh.lianjia.com/ershoufang/107101254869.html
浦东,宣桥,欣秋苑,外环外,170,25396,1室2厅1厨1卫,66.94O,低楼层 (共11层),平层,暂无数据,一梯三户,精装,未知,钢混结构,暂无数据,,https://sh.lianjia.com/ershoufang/107000308215.html
浦东,宣桥,艺泰安邦,外环外,320,25478,3室2厅1厨2卫,125.6O,中楼层 (共11层),平层,南 北,一梯两户,简装,70年,钢混结构,有,,https://sh.lianjia.com/ershoufang/107101062440.html
浦东,宣桥,欣梅苑,外环外,187,19831,2室2厅1厨1卫,94.3O,中楼层 (共6层),平层,南 北,一梯两户,毛坯,未知,钢混结构,无,,https://sh.lianjia.com/ershoufang/107101108193.html
浦东,宣桥,艺泰安邦,外环外,660,29705,6室3厅1厨3卫,222.19O,低楼层 (共3层),暂无数据,南 北,一梯两户,精装,未知,钢混结构,无,,https://sh.lianjia.com/ershoufang/107101189801.html
浦东,宣桥,九九别墅,外环外,900,33963,4室2厅1厨3卫,265O,低楼层 (共2层),,南,,毛坯,未知,钢混结构,,暂无数据,https://sh.lianjia.com/ershoufang/107101385418.html
浦东,宣桥,艺泰安邦,外环外,220,24546,2室1厅1厨1卫,89.63O,高楼层 (共18层),平层,南,两梯三户,简装,70年,钢混结构,有,,https://sh.lianjia.com/ershoufang/107101418672.html
浦东,宣桥,艺泰安邦,外环外,320,22713,3室2厅1厨2卫,140.89O,低楼层 (共11层),平层,南,一梯两户,精装,70年,钢混结构,有,,https://sh.lianjia.com/ershoufang/107101446319.html
浦东,宣桥,海志花苑,外环外,300,21285,3室2厅1厨2卫,140.95O,高楼层 (共5层),平层,南 北,一梯两户,其他,未知,钢混结构,无,,https://sh.lianjia.com/ershoufang/107100394520.html
浦东,宣桥,艺泰安邦,外环外,210,22303,2室2厅1厨1卫,94.16O,低楼层 (共18层),平层,南 北,两梯三户,简装,70年,钢混结构,有,,https://sh.lianjia.com/ershoufang/107100759384.html
浦东,宣桥,花源湾,外环外,880,45085,4室2厅1厨3卫,195.19O,低楼层 (共3层),,南,,其他,未知,钢混结构,,暂无数据,https://sh.lianjia.com/ershoufang/107100077767.html
浦东,宣桥,艺泰安邦,外环外,248,23178,3室1厅1厨1卫,107O,低楼层 (共18层),平层,南 北,两梯三户,精装,70年,钢混结构,有,,https://sh.lianjia.com/ershoufang/107101115546.html
浦东,宣桥,景瑞法兰云廷,外环外,1700,31194,10室1厅1厨7卫,544.99O,低楼层 (共1层),,南,,毛坯,70年,钢混结构,,暂无数据,https://sh.lianjia.com/ershoufang/107101377856.html
浦东,宣桥,欣秋苑,外环外,153,22857,2室1厅1厨1卫,66.94O,中楼层 (共11层),平层,南,一梯三户,简装,未知,钢混结构,暂无数据,,https://sh.lianjia.com/ershoufang/107100120866.html
浦东,宣桥,艺泰安邦,外环外,165,27704,1室1厅1厨1卫,59.56O,低楼层 (共18层),平层,南,两梯四户,精装,未知,钢混结构,有,,https://sh.lianjia.com/ershoufang/107101490862.html
浦东,宣桥,花源湾,外环外,900,38298,5室3厅1厨3卫,235O,低楼层 (共3层),,南 北,,其他,70年,钢混结构,,暂无数据,https://sh.lianjia.com/ershoufang/107100767326.html
浦东,宣桥,艺泰安邦,外环外,220,25582,2室1厅1厨1卫,86O,低楼层 (共11层),平层,南,一梯三户,简装,未知,钢混结构,有,,https://sh.lianjia.com/ershoufang/107101478491.html
浦东,宣桥,艺泰安邦,外环外,285,21833,3室2厅1厨2卫,130.54O,低楼层 (共17层),平层,南 北,两梯三户,精装,70年,钢混结构,有,,https://sh.lianjia.com/ershoufang/107100860139.html
浦东,宣桥,艺泰安邦,外环外,340,24133,3室2厅1厨2卫,140.89O,低楼层 (共11层),暂无数据,南 北,一梯两户,毛坯,70年,钢混结构,有,,https://sh.lianjia.com/ershoufang/107100791023.html
浦东,宣桥,艺泰安邦,外环外,193,24926,2室1厅1厨1卫,77.43O,高楼层 (共18层),平层,南,两梯三户,简装,70年,钢混结构,有,,https://sh.lianjia.com/ershoufang/107101448573.html
浦东,宣桥,欣秋苑,外环外,135,21098,1室1厅1厨1卫,63.99O,低楼层 (共6层),平层,南 北,一梯三户,精装,未知,钢混结构,无,,https://sh.lianjia.com/ershoufang/107101377881.html
浦东,宣桥,艺泰安邦,外环外,330,22661,3室2厅1厨2卫,145.63O,高楼层 (共17层),平层,南,两梯三户,精装,70年,钢混结构,有,,https://sh.lianjia.com/ershoufang/107101046980.html
浦东,宣桥,欣荷苑,外环外,185,23921,2室1厅1厨1卫,77.34O,高楼层 (共6层),平层,南,一梯两户,精装,未知,钢混结构,无,,https://sh.lianjia.com/ershoufang/107100322909.html
浦东,宣桥,艺泰安邦,外环外,225,24840,2室2厅1厨1卫,90.58O,中楼层 (共16层),平层,南,一梯四户,毛坯,未知,钢混结构,有,,https://sh.lianjia.com/ershoufang/107101257353.html
浦东,宣桥,欣菊苑,外环外,172,22286,2室1厅1厨1卫,77.18O,高楼层 (共6层),平层,南 北,一梯两户,精装,未知,钢混结构,无,,https://sh.lianjia.com/ershoufang/107100235728.html
浦东,宣桥,欣春苑,外环外,250,23646,2室2厅1厨1卫,105.73O,低楼层 (共11层),平层,南 北,一梯三户,精装,未知,钢混结构,暂无数据,,https://sh.lianjia.com/ershoufang/107101253590.html
浦东,宣桥,艺泰安邦,外环外,240,26777,2室2厅1厨1卫,89.63O,高楼层 (共18层),平层,南,两梯三户,精装,未知,钢混结构,有,,https://sh.lianjia.com/ershoufang/107101362074.html
浦东,宣桥,艺泰安邦,外环外,240,26204,2室2厅1厨1卫,91.59O,低楼层 (共8层),平层,南,一梯四户,精装,70年,钢混结构,有,,https://sh.lianjia.com/ershoufang/107002070769.html
浦东,宣桥,九九别墅,外环外,1150,45936,5室4厅1厨4卫,250.35O,低楼层 (共2层),,南,,精装,未知,钢混结构,,暂无数据,https://sh.lianjia.com/ershoufang/107101216245.html
浦东,宣桥,艺泰安邦,外环外,270,24808,2室2厅1厨1卫,108.84O,高楼层 (共17层),平层,南,两梯三户,精装,70年,钢混结构,有,,https://sh.lianjia.com/ershoufang/107101444448.html
浦东,宣桥,欣春苑,外环外,152,22609,1室1厅1厨1卫,67.23O,低楼层 (共11层),平层,南,一梯三户,毛坯,未知,钢混结构,暂无数据,,https://sh.lianjia.com/ershoufang/107101024849.html
浦东,宣桥,艺泰安邦,外环外,315,24925,3室2厅1厨2卫,126.38O,中楼层 (共11层),平层,南 北,一梯两户,简装,70年,钢混结构,有,,https://sh.lianjia.com/ershoufang/107101369914.html
浦东,宣桥,欣菊苑,外环外,300,22066,3室2厅1厨2卫,135.96O,高楼层 (共6层),暂无数据,南 北,一梯两户,毛坯,未知,钢混结构,无,,https://sh.lianjia.com/ershoufang/107100676750.html
浦东,宣桥,艺泰安邦,外环外,295,26731,2室2厅1厨1卫,110.36O,中楼层 (共11层),暂无数据,南,一梯三户,其他,70年,钢混结构,有,,https://sh.lianjia.com/ershoufang/107101074393.html
浦东,宣桥,艺泰安邦,外环外,240,25171,2室1厅1厨2卫,95.35O,低楼层 (共12层),平层,南,一梯三户,简装,70年,钢混结构,有,,https://sh.lianjia.com/ershoufang/107101309383.html
浦东,宣桥,艺泰安邦,外环外,250,28236,2室1厅1厨1卫,88.54O,高楼层 (共6层),平层,南 北,一梯两户,精装,70年,钢混结构,无,,https://sh.lianjia.com/ershoufang/107101331260.html
浦东,宣桥,艺泰安邦,外环外,380,25851,3室2厅1厨2卫,147O,高楼层 (共17层),平层,南,一梯两户,精装,未知,钢混结构,有,,https://sh.lianjia.com/ershoufang/107101318683.html
浦东,宣桥,欣秋苑,外环外,132,22957,1室1厅1厨1卫,57.5O,高楼层 (共6层),平层,南,一梯三户,毛坯,未知,钢混结构,无,,https://sh.lianjia.com/ershoufang/107002287273.html
浦东,宣桥,艺泰安邦,外环外,195,21547,2室1厅1厨1卫,90.5O,低楼层 (共18层),平层,南,一梯三户,毛坯,未知,钢混结构,有,,https://sh.lianjia.com/ershoufang/107101488414.html
浦东,宣桥,艺泰安邦,外环外,241,26443,2室2厅1厨1卫,91.14O,低楼层 (共10层),平层,南 北,两梯四户,精装,70年,钢混结构,有,,https://sh.lianjia.com/ershoufang/107100649232.html
浦东,宣桥,欣荷苑,外环外,210,22530,2室2厅1厨1卫,93.21O,中楼层 (共6层),暂无数据,南 北,一梯两户,精装,未知,钢混结构,无,,https://sh.lianjia.com/ershoufang/107101410592.html
浦东,宣桥,欣梅苑,外环外,205,21735,2室1厅1厨1卫,94.32O,中楼层 (共6层),平层,南 北,一梯两户,其他,未知,钢混结构,无,,https://sh.lianjia.com/ershoufang/107101503373.html
浦东,宣桥,艺泰安邦,外环外,390,27123,3室2厅1厨2卫,143.79O,高楼层 (共11层),暂无数据,南 北,一梯两户,其他,70年,钢混结构,有,,https://sh.lianjia.com/ershoufang/107100508098.html
浦东,宣桥,艺泰安邦,外环外,270,21487,3室2厅1厨2卫,125.66O,低楼层 (共11层),平层,南,一梯两户,简装,70年,钢混结构,有,,https://sh.lianjia.com/ershoufang/107100339778.html
浦东,宣桥,艺泰安邦,外环外,245,26844,2室2厅1厨1卫,91.27O,低楼层 (共18层),平层,南 北,两梯三户,精装,70年,钢混结构,有,,https://sh.lianjia.com/ershoufang/107100944657.html
浦东,宣桥,艺泰安邦,外环外,249,26484,2室2厅1厨1卫,94.02O,高楼层 (共18层),平层,南 北,两梯三户,精装,70年,钢混结构,有,,https://sh.lianjia.com/ershoufang/107100942415.html
浦东,宣桥,艺泰安邦,外环外,235,26219,2室2厅1厨1卫,89.63O,低楼层 (共18层),平层,南 北,两梯三户,精装,70年,钢混结构,有,,https://sh.lianjia.com/ershoufang/107101424277.html
浦东,宣桥,欣松苑,外环外,270,19840,3室2厅1厨2卫,136.09O,高楼层 (共6层),暂无数据,南,一梯两户,其他,未知,钢混结构,无,,https://sh.lianjia.com/ershoufang/107100592980.html
浦东,宣桥,莱茵美墅,外环外,650,34215,5室2厅1厨3卫,189.98O,中楼层 (共4层),,南,,精装,未知,钢混结构,,叠拼,https://sh.lianjia.com/ershoufang/107101256396.html
浦东,宣桥,花源湾,外环外,950,42096,4室3厅1厨3卫,225.68O,低楼层 (共3层),,南,,精装,未知,钢混结构,,暂无数据,https://sh.lianjia.com/ershoufang/107100915493.html
浦东,宣桥,艺泰安邦,外环外,358,28474,3室2厅1厨2卫,125.73O,中楼层 (共11层),平层,南 北,一梯两户,其他,未知,钢混结构,有,,https://sh.lianjia.com/ershoufang/107101412302.html
浦东,宣桥,艺泰安邦,外环外,280,25674,2室2厅1厨1卫,109.06O,低楼层 (共17层),平层,南 北,两梯三户,精装,70年,钢混结构,有,,https://sh.lianjia.com/ershoufang/107101452417.html
浦东,宣桥,艺泰安邦,外环外,210,29805,1室1厅0厨1卫,70.46O,中楼层 (共11层),平层,南,一梯三户,精装,70年,钢混结构,有,,https://sh.lianjia.com/ershoufang/107101493042.html
浦东,宣桥,幸福宜居,外环外,90,11767,2室1厅1厨1卫,76.49O,中楼层 (共4层),平层,南,一梯三户,毛坯,未知,钢混结构,无,,https://sh.lianjia.com/ershoufang/107100024589.html
浦东,宣桥,欣秋苑,外环外,280,21748,3室2厅1厨2卫,128.75O,高楼层 (共11层),平层,南,一梯两户,精装,未知,钢混结构,暂无数据,,https://sh.lianjia.com/ershoufang/107100783945.html
浦东,宣桥,艺泰安邦,外环外,242,27000,2室1厅1厨1卫,89.63O,高楼层 (共18层),平层,南,一梯三户,精装,未知,钢混结构,有,,https://sh.lianjia.com/ershoufang/107101261112.html
浦东,宣桥,欣秋苑,外环外,245,19453,3室2厅1厨2卫,125.95O,高楼层 (共11层),平层,南,一梯三户,毛坯,未知,钢混结构,暂无数据,,https://sh.lianjia.com/ershoufang/107101293125.html
浦东,宣桥,海志花苑,外环外,180,19532,2室2厅0厨2卫,92.16O,中楼层 (共6层),暂无数据,南,一梯两户,其他,未知,钢混结构,无,,https://sh.lianjia.com/ershoufang/107101485202.html
浦东,宣桥,艺泰安邦,外环外,283,24234,3室2厅1厨2卫,116.78O,高楼层 (共17层),平层,南 西南 西 西北 北,两梯两户,简装,70年,钢混结构,有,,https://sh.lianjia.com/ershoufang/107100883735.html
浦东,宣桥,欣秋苑,外环外,150,22409,1室2厅1厨1卫,66.94O,低楼层 (共11层),平层,南 北,一梯三户,精装,未知,钢混结构,暂无数据,,https://sh.lianjia.com/ershoufang/107101387490.html
浦东,宣桥,艺泰安邦,外环外,200,25208,2室2厅1厨1卫,79.34O,中楼层 (共18层),平层,南 北,一梯四户,其他,未知,钢混结构,有,,https://sh.lianjia.com/ershoufang/107101502377.html
浦东,宣桥,艺泰安邦,外环外,495,24750,5室2厅1厨2卫,200O,高楼层 (共17层),暂无数据,南 北,两梯三户,精装,70年,钢混结构,有,,https://sh.lianjia.com/ershoufang/107002272235.html
浦东,宣桥,景瑞法兰云廷,外环外,690,37209,4室3厅1厨3卫,185.44O,中楼层 (共5层),暂无数据,南,一梯两户,精装,70年,钢混结构,无,,https://sh.lianjia.com/ershoufang/107100393687.html
浦东,宣桥,艺泰安邦,外环外,242,27333,2室2厅1厨1卫,88.54O,低楼层 (共6层),平层,南,一梯两户,毛坯,70年,钢混结构,无,,https://sh.lianjia.com/ershoufang/107100122176.html
浦东,宣桥,欣梅苑,外环外,220,20893,3室2厅1厨3卫,105.3O,高楼层 (共6层),平层,南 北,一梯三户,精装,未知,钢混结构,无,,https://sh.lianjia.com/ershoufang/107101431268.html
浦东,宣桥,欣梅苑,外环外,225,21429,2室2厅1厨2卫,105O,中楼层 (共6层),平层,南 北,一梯三户,精装,未知,钢混结构,无,,https://sh.lianjia.com/ershoufang/107101042359.html
浦东,宣桥,欣菊苑,外环外,195,20878,2室2厅1厨1卫,93.4O,高楼层 (共6层),平层,南,一梯两户,毛坯,未知,钢混结构,无,,https://sh.lianjia.com/ershoufang/107101320671.html
浦东,宣桥,艺泰安邦,外环外,225,26378,2室1厅1厨1卫,85.3O,中楼层 (共11层),平层,南,一梯三户,其他,未知,钢混结构,有,,https://sh.lianjia.com/ershoufang/107101490761.html
浦东,宣桥,艺泰安邦,外环外,185,23893,2室1厅1厨1卫,77.43O,低楼层 (共18层),平层,南,一梯三户,精装,未知,钢混结构,有,,https://sh.lianjia.com/ershoufang/107101339030.html
浦东,宣桥,艺泰安邦,外环外,280,31621,2室2厅1厨1卫,88.55O,高楼层 (共11层),暂无数据,南 北,两梯三户,精装,70年,钢混结构,有,,https://sh.lianjia.com/ershoufang/107100953319.html
浦东,宣桥,艺泰安邦,外环外,268,28211,2室2厅1厨1卫,95O,低楼层 (共10层),平层,南,一梯三户,简装,未知,钢混结构,有,,https://sh.lianjia.com/ershoufang/107101489274.html
浦东,宣桥,艺泰安邦,外环外,245,25790,2室2厅1厨1卫,95O,高楼层 (共9层),平层,南 北,一梯三户,精装,70年,钢混结构,有,,https://sh.lianjia.com/ershoufang/107101456167.html
浦东,宣桥,艺泰安邦,外环外,195,25185,2室1厅1厨1卫,77.43O,中楼层 (共18层),平层,南,两梯三户,精装,70年,钢混结构,有,,https://sh.lianjia.com/ershoufang/107100480963.html
浦东,宣桥,艺泰安邦,外环外,238,26881,2室2厅1厨1卫,88.54O,高楼层 (共6层),平层,南 北,一梯两户,其他,70年,钢混结构,无,,https://sh.lianjia.com/ershoufang/107101453365.html
浦东,宣桥,欣梅苑,外环外,230,24427,2室2厅1厨1卫,94.16O,高楼层 (共6层),平层,南 北,一梯两户,精装,未知,钢混结构,无,,https://sh.lianjia.com/ershoufang/107101464496.html
浦东,宣桥,艺泰安邦,外环外,235,27102,2室1厅1厨1卫,86.71O,低楼层 (共11层),平层,南,一梯三户,精装,未知,钢混结构,有,,https://sh.lianjia.com/ershoufang/107101404144.html
浦东,宣桥,艺泰安邦,外环外,330,24844,3室2厅1厨2卫,132.83O,中楼层 (共11层),平层,西北,一梯三户,简装,70年,钢混结构,有,,https://sh.lianjia.com/ershoufang/107100635291.html
浦东,宣桥,艺泰安邦,外环外,310,23339,3室2厅1厨2卫,132.83O,低楼层 (共11层),平层,西南 南,一梯三户,毛坯,70年,钢混结构,有,,https://sh.lianjia.com/ershoufang/107101449756.html
