浦东,杨东,上海绿城,内环内,2800,75881,5室3厅1厨4卫,369O,低楼层 (共20层),暂无数据,南,两梯一户,精装,70年,钢混结构,有,,https://sh.lianjia.com/ershoufang/107101255540.html
浦东,杨东,爱家亚洲花园,内环内,1120,73060,4室2厅1厨2卫,153.3O,高楼层 (共26层),平层,东,两梯三户,精装,70年,钢混结构,有,,https://sh.lianjia.com/ershoufang/107100724288.html
浦东,杨东,仁恒公园世纪,内环内,1920,123077,3室2厅1厨2卫,156O,低楼层 (共31层),平层,南,两梯三户,精装,70年,钢混结构,有,,https://sh.lianjia.com/ershoufang/107100669004.html
浦东,杨东,涵合园(公寓),内环内,588,82934,1室2厅1厨1卫,70.9O,高楼层 (共22层),暂无数据,南,两梯三户,精装,未知,钢混结构,有,,https://sh.lianjia.com/ershoufang/107002097231.html
浦东,杨东,锦绣天第花园,内环内,1198,84695,3室2厅1厨2卫,141.45O,中楼层 (共8层),暂无数据,南,一梯两户,精装,未知,钢混结构,有,,https://sh.lianjia.com/ershoufang/107101235904.html
浦东,杨东,锦绣花木公寓,内环内,810,77683,2室2厅1厨1卫,104.27O,高楼层 (共14层),平层,南,一梯两户,简装,未知,钢混结构,有,,https://sh.lianjia.com/ershoufang/107101323359.html
浦东,杨东,东城新村,内环内,440,73224,1室2厅1厨1卫,60.09O,中楼层 (共18层),平层,南,两梯三户,精装,70年,钢混结构,有,,https://sh.lianjia.com/ershoufang/107101359710.html
浦东,杨东,上海绿城,内环内,1140,90283,3室2厅1厨2卫,126.27O,低楼层 (共12层),平层,南,一梯两户,精装,70年,钢混结构,有,,https://sh.lianjia.com/ershoufang/107101415400.html
浦东,杨东,志豪公寓,内环内,813,64535,3室2厅1厨2卫,125.98O,中楼层 (共11层),暂无数据,南,一梯三户,精装,70年,钢混结构,有,,https://sh.lianjia.com/ershoufang/107002113013.html
浦东,杨东,涵合园(公寓),内环内,1200,75539,3室2厅1厨2卫,158.86O,低楼层 (共3层),暂无数据,南,一梯两户,精装,70年,钢混结构,无,,https://sh.lianjia.com/ershoufang/107101335616.html
浦东,杨东,上海绿城,内环内,1250,91683,3室2厅1厨2卫,136.34O,低楼层 (共13层),暂无数据,暂无数据,一梯两户,精装,未知,钢混结构,有,,https://sh.lianjia.com/ershoufang/107002318207.html
浦东,杨东,香梅花园(二期),内环内,1430,89938,3室2厅1厨2卫,159O,中楼层 (共15层),平层,南,一梯两户,精装,70年,钢混结构,有,,https://sh.lianjia.com/ershoufang/107101309367.html
浦东,杨东,涵合园(公寓),内环内,860,74395,2室2厅1厨1卫,115.6O,中楼层 (共14层),平层,南,两梯四户,精装,70年,钢混结构,有,,https://sh.lianjia.com/ershoufang/107101424654.html
浦东,杨东,涵合园(公寓),内环内,670,83636,2室2厅1厨1卫,80.11O,高楼层 (共16层),平层,南,两梯四户,精装,70年,钢混结构,有,,https://sh.lianjia.com/ershoufang/107100308570.html
浦东,杨东,上海绿城,内环内,2400,92880,4室2厅1厨3卫,258.4O,高楼层 (共25层),复式,暂无数据,两梯三户,精装,未知,钢混结构,有,,https://sh.lianjia.com/ershoufang/107000480661.html
浦东,杨东,香梅花园(三-五期),内环内,1580,85434,3室2厅1厨2卫,184.94O,低楼层 (共16层),平层,暂无数据,两梯两户,精装,70年,钢混结构,有,,https://sh.lianjia.com/ershoufang/107000253715.html
浦东,杨东,中福公寓,内环内,750,56532,3室2厅1厨2卫,132.67O,低楼层 (共28层),平层,南,三梯六户,精装,70年,钢混结构,有,,https://sh.lianjia.com/ershoufang/107100653996.html
浦东,杨东,锦绣一方名苑,内环内,890,67115,3室2厅1厨2卫,132.61O,低楼层 (共11层),暂无数据,南,一梯两户,精装,未知,钢混结构,有,,https://sh.lianjia.com/ershoufang/107100691583.html
浦东,杨东,陆家嘴中央公寓,内环内,1650,63870,3室2厅2厨2卫,258.34O,低楼层 (共18层),暂无数据,南,两梯两户,简装,70年,钢混结构,有,,https://sh.lianjia.com/ershoufang/107100832791.html
浦东,杨东,上海绿城,内环内,1100,85292,3室2厅1厨1卫,128.97O,低楼层 (共10层),平层,南,一梯两户,精装,70年,钢混结构,有,,https://sh.lianjia.com/ershoufang/107101032620.html
浦东,杨东,爱家亚洲花园,内环内,900,72763,3室2厅1厨2卫,123.69O,高楼层 (共18层),平层,南,一梯两户,精装,70年,钢混结构,有,,https://sh.lianjia.com/ershoufang/107100062110.html
浦东,杨东,东城新村,内环内,620,63597,3室1厅1厨1卫,97.49O,中楼层 (共18层),平层,东南 东北,两梯八户,精装,70年,钢混结构,有,,https://sh.lianjia.com/ershoufang/107101180823.html
浦东,杨东,上海绿城,内环内,1700,97143,4室2厅1厨2卫,175O,中楼层 (共25层),暂无数据,东南,两梯三户,精装,未知,钢混结构,有,,https://sh.lianjia.com/ershoufang/107100621996.html
浦东,杨东,仁恒公园世纪,内环内,2700,117392,4室2厅1厨3卫,230O,中楼层 (共23层),暂无数据,南,两梯两户,精装,70年,钢混结构,有,,https://sh.lianjia.com/ershoufang/107101263089.html
浦东,杨东,锦绣一方名苑,内环内,870,63085,3室2厅1厨2卫,137.91O,低楼层 (共11层),平层,南,一梯两户,简装,未知,钢混结构,有,,https://sh.lianjia.com/ershoufang/107002144805.html
浦东,杨东,东城新村,内环内,570,71979,3室2厅1厨1卫,79.19O,中楼层 (共7层),平层,南,一梯两户,简装,70年,钢混结构,无,,https://sh.lianjia.com/ershoufang/107101064736.html
浦东,杨东,爱家亚洲花园,内环内,1060,73489,4室2厅1厨2卫,144.24O,高楼层 (共18层),暂无数据,南,一梯两户,精装,70年,钢混结构,有,,https://sh.lianjia.com/ershoufang/107100286151.html
浦东,杨东,龙昌苑,内环内,1500,79127,5室2厅1厨2卫,189.57O,高楼层 (共12层),复式,南,一梯三户,简装,70年,钢混结构,有,,https://sh.lianjia.com/ershoufang/107101400379.html
浦东,杨东,香梅花园,内环内,1400,73349,3室2厅1厨2卫,190.87O,中楼层 (共33层),暂无数据,南,两梯三户,精装,未知,钢混结构,有,,https://sh.lianjia.com/ershoufang/107000040687.html
浦东,杨东,爱家亚洲花园,内环内,930,66643,3室2厅1厨2卫,139.55O,中楼层 (共26层),平层,南,两梯三户,精装,70年,钢混结构,有,,https://sh.lianjia.com/ershoufang/107101326874.html
浦东,杨东,上海绿城,内环内,1280,88112,3室1厅1厨2卫,145.27O,中楼层 (共25层),平层,南,两梯三户,精装,未知,钢混结构,有,,https://sh.lianjia.com/ershoufang/107101322960.html
浦东,杨东,香梅花园,内环内,1850,72232,5室2厅1厨3卫,256.12O,高楼层 (共37层),暂无数据,南,两梯两户,精装,未知,钢混结构,有,,https://sh.lianjia.com/ershoufang/107100657663.html
浦东,杨东,仁恒公园世纪,内环内,1150,122341,2室2厅1厨1卫,94O,低楼层 (共32层),平层,南,两梯三户,精装,70年,钢混结构,有,,https://sh.lianjia.com/ershoufang/107101294172.html
浦东,杨东,锦绣苑,内环内,920,67707,3室2厅1厨2卫,135.88O,中楼层 (共7层),平层,南,一梯两户,精装,未知,钢混结构,无,,https://sh.lianjia.com/ershoufang/107101480586.html
浦东,杨东,东城新村,内环内,630,77807,3室1厅1厨1卫,80.97O,高楼层 (共6层),复式,南,一梯两户,精装,70年,砖混结构,无,,https://sh.lianjia.com/ershoufang/107101395605.html
浦东,杨东,香梅花园(二期),内环内,1100,87517,2室2厅1厨2卫,125.69O,中楼层 (共17层),平层,南,一梯两户,精装,未知,钢混结构,有,,https://sh.lianjia.com/ershoufang/107101054370.html
浦东,杨东,涵合园(公寓),内环内,800,71207,2室2厅1厨1卫,112.35O,低楼层 (共14层),平层,南,两梯四户,精装,未知,钢混结构,有,,https://sh.lianjia.com/ershoufang/107101285426.html
浦东,杨东,锦绣满堂花园,内环内,720,69903,2室2厅1厨1卫,103O,低楼层 (共8层),平层,南,两梯两户,精装,70年,钢混结构,有,,https://sh.lianjia.com/ershoufang/107101344072.html
浦东,杨东,锦绣华庭,内环内,1250,89006,3室2厅1厨2卫,140.44O,中楼层 (共17层),平层,南,两梯两户,精装,未知,钢混结构,有,,https://sh.lianjia.com/ershoufang/107101341610.html
浦东,杨东,陆家嘴中央公寓,内环内,1200,88640,2室2厅1厨2卫,135.38O,低楼层 (共33层),平层,南,两梯两户,精装,未知,钢混结构,有,,https://sh.lianjia.com/ershoufang/107101035295.html
浦东,杨东,上海绿城,内环内,1296,94939,3室2厅1厨2卫,136.51O,中楼层 (共15层),平层,南,两梯两户,精装,70年,钢混结构,有,,https://sh.lianjia.com/ershoufang/107101122036.html
浦东,杨东,香梅花园(二期),内环内,1060,79832,2室2厅1厨2卫,132.78O,低楼层 (共18层),平层,南,一梯两户,精装,未知,钢混结构,有,,https://sh.lianjia.com/ershoufang/107101146005.html
浦东,杨东,陆家嘴中央公寓,内环内,1300,105692,2室2厅1厨2卫,123O,高楼层 (共18层),暂无数据,南 北,两梯两户,精装,未知,钢混结构,有,,https://sh.lianjia.com/ershoufang/107100724442.html
浦东,杨东,东城新村,内环内,520,72353,2室1厅1厨1卫,71.87O,高楼层 (共18层),暂无数据,南,两梯八户,简装,70年,钢混结构,有,,https://sh.lianjia.com/ershoufang/107101034224.html
浦东,杨东,万源杰座,内环内,898,77622,2室2厅1厨1卫,115.69O,高楼层 (共18层),平层,南,两梯三户,精装,70年,钢混结构,有,,https://sh.lianjia.com/ershoufang/107101125295.html
浦东,杨东,上海绿城,内环内,990,92576,2室2厅1厨1卫,106.94O,高楼层 (共28层),平层,东,两梯三户,精装,70年,钢混结构,有,,https://sh.lianjia.com/ershoufang/107101352286.html
浦东,杨东,东城新村,内环内,680,75122,3室2厅1厨2卫,90.52O,高楼层 (共6层),复式,南,一梯两户,精装,70年,砖混结构,无,,https://sh.lianjia.com/ershoufang/107100409913.html
浦东,杨东,上海绿城,内环内,1120,94023,2室2厅1厨2卫,119.12O,中楼层 (共17层),平层,东南 南,两梯三户,精装,70年,钢混结构,有,,https://sh.lianjia.com/ershoufang/107101395903.html
浦东,杨东,陆家嘴中央公寓,内环内,880,97184,2室2厅1厨1卫,90.55O,低楼层 (共18层),平层,南,两梯三户,精装,未知,钢混结构,有,,https://sh.lianjia.com/ershoufang/107100556056.html
浦东,杨东,上海绿城,内环内,950,92692,2室2厅1厨1卫,102.49O,中楼层 (共16层),平层,南,两梯三户,精装,70年,钢混结构,有,,https://sh.lianjia.com/ershoufang/107101195328.html
浦东,杨东,香梅花园(三-五期),内环内,637,99985,1室1厅1厨1卫,63.71O,低楼层 (共23层),平层,南,两梯五户,精装,70年,钢混结构,有,,https://sh.lianjia.com/ershoufang/107100845951.html
浦东,杨东,锦绣满堂花园,内环内,738,83836,2室2厅1厨1卫,88.03O,高楼层 (共21层),平层,南,两梯六户,精装,70年,钢混结构,有,,https://sh.lianjia.com/ershoufang/107100943313.html
浦东,杨东,涵合园(公寓),内环内,1188,72018,3室2厅1厨2卫,164.96O,低楼层 (共3层),暂无数据,南,一梯两户,精装,未知,钢混结构,无,,https://sh.lianjia.com/ershoufang/107000212095.html
浦东,杨东,陆家嘴中央公寓,内环内,1400,93765,3室2厅1厨2卫,149.31O,低楼层 (共18层),平层,南,两梯两户,简装,未知,钢混结构,有,,https://sh.lianjia.com/ershoufang/107100298903.html
浦东,杨东,上海绿城,内环内,980,90624,2室1厅1厨2卫,108.14O,低楼层 (共13层),平层,南,一梯两户,精装,未知,钢混结构,有,,https://sh.lianjia.com/ershoufang/107101124946.html
浦东,杨东,东城新村,内环内,510,78571,2室1厅1厨1卫,64.91O,高楼层 (共6层),平层,南,一梯四户,精装,70年,砖混结构,无,,https://sh.lianjia.com/ershoufang/107100671395.html
浦东,杨东,爱家亚洲花园,内环内,850,75422,3室2厅0厨1卫,112.7O,中楼层 (共12层),平层,南 北,一梯两户,精装,70年,钢混结构,有,,https://sh.lianjia.com/ershoufang/107101394223.html
浦东,杨东,上海绿城,内环内,930,92208,2室2厅1厨1卫,100.86O,中楼层 (共20层),平层,南,两梯四户,精装,70年,钢混结构,有,,https://sh.lianjia.com/ershoufang/107100326309.html
浦东,杨东,东方龙苑,内环内,695,71969,2室2厅1厨2卫,96.57O,低楼层 (共11层),暂无数据,南 北,一梯两户,精装,未知,钢混结构,有,,https://sh.lianjia.com/ershoufang/107002129079.html
浦东,杨东,东城新村,内环内,695,68433,3室1厅1厨1卫,101.56O,高楼层 (共18层),平层,南,两梯四户,精装,70年,钢混结构,有,,https://sh.lianjia.com/ershoufang/107101239746.html
浦东,杨东,上海绿城,内环内,1380,98516,3室2厅1厨2卫,140.08O,中楼层 (共13层),平层,南,一梯两户,精装,未知,钢混结构,有,,https://sh.lianjia.com/ershoufang/107101118858.html
浦东,杨东,东城新村,内环内,710,78532,3室2厅1厨1卫,90.41O,高楼层 (共6层),复式,南 北,一梯两户,简装,70年,砖混结构,无,,https://sh.lianjia.com/ershoufang/107101278094.html
浦东,杨东,陆家嘴中央公寓,内环内,1170,95084,2室2厅1厨2卫,123.05O,低楼层 (共17层),平层,南 北,两梯两户,精装,70年,钢混结构,有,,https://sh.lianjia.com/ershoufang/107100766708.html
浦东,杨东,仁恒公园世纪,内环内,1880,120513,3室2厅1厨2卫,156O,低楼层 (共32层),暂无数据,南,两梯三户,精装,70年,钢混结构,有,,https://sh.lianjia.com/ershoufang/107100735911.html
浦东,杨东,锦绣一方名苑,内环内,860,62301,3室2厅1厨2卫,138.04O,低楼层 (共11层),平层,南,一梯两户,简装,未知,钢混结构,有,,https://sh.lianjia.com/ershoufang/107001157843.html
浦东,杨东,仁恒公园世纪,内环内,1880,120513,3室2厅1厨2卫,156O,高楼层 (共32层),平层,南,两梯三户,精装,70年,钢混结构,有,,https://sh.lianjia.com/ershoufang/107100659984.html
浦东,杨东,爱家亚洲花园,内环内,720,73470,3室2厅1厨1卫,98O,低楼层 (共14层),平层,南 北,三梯两户,精装,70年,钢混结构,有,,https://sh.lianjia.com/ershoufang/107100165058.html
浦东,杨东,爱家亚洲花园,内环内,930,66643,3室2厅1厨1卫,139.55O,高楼层 (共26层),暂无数据,南,两梯三户,简装,70年,钢混结构,有,,https://sh.lianjia.com/ershoufang/107101428154.html
浦东,杨东,凤凰家园,内环内,1550,53981,6室3厅1厨3卫,287.14O,高楼层 (共6层),暂无数据,南,一梯一户,精装,未知,钢混结构,无,,https://sh.lianjia.com/ershoufang/107000487663.html
浦东,杨东,凤凰家园,内环内,910,64421,3室2厅1厨2卫,141.26O,高楼层 (共11层),平层,南 北,一梯两户,精装,70年,钢混结构,有,,https://sh.lianjia.com/ershoufang/107101038408.html
浦东,杨东,东城新村,内环内,699,75057,3室2厅1厨1卫,93.13O,中楼层 (共6层),平层,南,一梯两户,精装,70年,砖混结构,无,,https://sh.lianjia.com/ershoufang/107101254738.html
浦东,杨东,上海绿城,内环内,1300,89489,3室2厅1厨2卫,145.27O,高楼层 (共25层),平层,南,两梯三户,精装,未知,钢混结构,有,,https://sh.lianjia.com/ershoufang/107000485271.html
浦东,杨东,上海绿城,内环内,1200,94126,3室2厅1厨2卫,127.49O,低楼层 (共25层),平层,南,两梯三户,精装,70年,钢混结构,有,,https://sh.lianjia.com/ershoufang/107101416198.html
浦东,杨东,龙昌苑,内环内,870,64454,3室2厅1厨2卫,134.98O,高楼层 (共7层),平层,南,一梯四户,精装,70年,钢混结构,有,,https://sh.lianjia.com/ershoufang/107000073163.html
浦东,杨东,锦绣满堂花园,内环内,565,89584,1室2厅1厨1卫,63.07O,中楼层 (共21层),平层,南 北,两梯六户,精装,70年,钢混结构,有,,https://sh.lianjia.com/ershoufang/107100445000.html
浦东,杨东,锦绣满堂花园,内环内,1350,83288,3室2厅1厨2卫,162.09O,中楼层 (共27层),暂无数据,南,两梯两户,精装,70年,钢混结构,有,,https://sh.lianjia.com/ershoufang/107100913315.html
浦东,杨东,锦绣天第花园,内环内,1050,82244,3室2厅1厨2卫,127.67O,中楼层 (共10层),暂无数据,南,一梯两户,精装,未知,钢混结构,有,,https://sh.lianjia.com/ershoufang/107100714803.html
浦东,杨东,锦绣天第花园,内环内,855,87549,2室2厅1厨1卫,97.66O,低楼层 (共5层),平层,南,一梯两户,精装,未知,钢混结构,无,,https://sh.lianjia.com/ershoufang/107101125496.html
浦东,杨东,锦绣天第花园,内环内,780,85265,2室1厅1厨1卫,91.48O,低楼层 (共5层),平层,南,一梯两户,精装,未知,钢混结构,无,,https://sh.lianjia.com/ershoufang/107100470250.html
浦东,杨东,上海绿城,内环内,2800,96679,5室2厅1厨3卫,289.62O,低楼层 (共22层),平层,南,两梯两户,精装,70年,钢混结构,有,,https://sh.lianjia.com/ershoufang/107002117883.html
浦东,杨东,中福公寓,内环内,655,56520,2室2厅1厨2卫,115.89O,低楼层 (共28层),平层,南,三梯六户,精装,70年,钢混结构,有,,https://sh.lianjia.com/ershoufang/107101215438.html
浦东,杨东,东方龙苑,内环内,830,79609,2室2厅1厨2卫,104.26O,中楼层 (共11层),平层,南,一梯两户,精装,未知,钢混结构,有,,https://sh.lianjia.com/ershoufang/107100153857.html
浦东,杨东,锦绣花木公寓,内环内,1030,77004,3室2厅1厨2卫,133.76O,中楼层 (共13层),平层,南,一梯两户,精装,未知,钢混结构,有,,https://sh.lianjia.com/ershoufang/107101410544.html
浦东,杨东,锦绣天第花园,内环内,1000,78759,3室2厅2厨2卫,126.97O,高楼层 (共11层),暂无数据,南,一梯两户,精装,未知,钢混结构,有,,https://sh.lianjia.com/ershoufang/107101132648.html
浦东,杨东,锦绣满堂花园,内环内,1350,83334,3室2厅1厨2卫,162O,高楼层 (共26层),平层,南,两梯两户,精装,70年,钢混结构,有,,https://sh.lianjia.com/ershoufang/107101058965.html
浦东,杨东,上海绿城,内环内,980,80885,2室2厅2厨2卫,121.16O,低楼层 (共18层),平层,东南,两梯三户,精装,70年,钢混结构,有,,https://sh.lianjia.com/ershoufang/107100012574.html
浦东,杨东,凤凰家园,内环内,910,62920,3室2厅1厨2卫,144.63O,高楼层 (共12层),暂无数据,南,一梯两户,精装,未知,钢混结构,有,,https://sh.lianjia.com/ershoufang/107101116144.html
浦东,杨东,东城新村,内环内,520,71380,2室2厅1厨1卫,72.85O,高楼层 (共6层),平层,南,一梯两户,简装,70年,砖混结构,无,,https://sh.lianjia.com/ershoufang/107101414946.html
浦东,杨东,东城新村,内环内,450,74541,1室1厅1厨1卫,60.37O,高楼层 (共18层),平层,南,一梯三户,简装,70年,钢混结构,有,,https://sh.lianjia.com/ershoufang/107100414937.html
浦东,杨东,香梅花园(三-五期),内环内,1600,87523,3室2厅1厨2卫,182.81O,低楼层 (共25层),平层,南,三梯四户,精装,70年,钢混结构,有,,https://sh.lianjia.com/ershoufang/107101348353.html
浦东,杨东,涵合园(别墅),内环内,1260,83092,4室2厅1厨3卫,151.64O,低楼层 (共4层),,南,,精装,未知,钢混结构,,联排,https://sh.lianjia.com/ershoufang/107101151544.html
浦东,杨东,锦绣华庭,内环内,898,77568,2室2厅1厨2卫,115.77O,低楼层 (共14层),平层,南,两梯两户,精装,未知,钢混结构,有,,https://sh.lianjia.com/ershoufang/107101271512.html
浦东,杨东,锦绣一方名苑,内环内,600,73983,1室1厅1厨1卫,81.1O,低楼层 (共9层),暂无数据,南,一梯两户,简装,未知,钢混结构,有,,https://sh.lianjia.com/ershoufang/107001668225.html
浦东,杨东,上海绿城,内环内,1160,91984,3室2厅1厨2卫,126.11O,中楼层 (共14层),平层,南 北,一梯两户,精装,未知,钢混结构,有,,https://sh.lianjia.com/ershoufang/107101360004.html
浦东,杨东,涵合园(公寓),内环内,830,73877,2室2厅1厨1卫,112.35O,中楼层 (共11层),平层,南,两梯四户,精装,未知,钢混结构,有,,https://sh.lianjia.com/ershoufang/107100227773.html
浦东,杨东,上海绿城,内环内,4500,88248,9室3厅1厨4卫,509.93O,高楼层 (共22层),暂无数据,南,两梯一户,精装,70年,钢混结构,有,,https://sh.lianjia.com/ershoufang/107100583888.html
浦东,杨东,香梅花园,内环内,1200,93846,2室2厅1厨2卫,127.87O,中楼层 (共20层),平层,南,两梯两户,精装,未知,钢混结构,有,,https://sh.lianjia.com/ershoufang/107101287318.html
浦东,杨东,东方龙苑,内环内,750,77296,2室2厅1厨1卫,97.03O,中楼层 (共10层),平层,南,一梯两户,精装,70年,钢混结构,有,,https://sh.lianjia.com/ershoufang/107100785456.html
浦东,杨东,上海绿城,内环内,2800,94011,4室2厅1厨2卫,297.84O,中楼层 (共22层),暂无数据,南,两梯一户,精装,70年,钢混结构,有,,https://sh.lianjia.com/ershoufang/107000193823.html
浦东,杨东,涵合园(别墅),内环内,1300,85730,4室2厅1厨2卫,151.64O,低楼层 (共4层),,南,,精装,70年,钢混结构,,联排,https://sh.lianjia.com/ershoufang/107001560947.html
浦东,杨东,涵合园(公寓),内环内,1300,81720,4室2厅1厨2卫,159.08O,低楼层 (共3层),暂无数据,南,一梯两户,精装,70年,钢混结构,无,,https://sh.lianjia.com/ershoufang/107001268463.html
浦东,杨东,仁恒公园世纪,内环内,1950,125000,3室2厅1厨2卫,156O,高楼层 (共32层),平层,南,两梯三户,精装,70年,钢混结构,有,,https://sh.lianjia.com/ershoufang/107101495356.html
浦东,杨东,上海绿城,内环内,800,99231,2室1厅1厨1卫,80.62O,低楼层 (共22层),平层,南,两梯两户,精装,70年,钢混结构,有,,https://sh.lianjia.com/ershoufang/107101211438.html
浦东,杨东,东城新村,内环内,430,74408,1室1厅1厨1卫,57.79O,中楼层 (共18层),平层,南,两梯四户,简装,70年,钢混结构,有,,https://sh.lianjia.com/ershoufang/107101379898.html
浦东,杨东,爱家亚洲花园,内环内,1040,71616,4室2厅1厨2卫,145.22O,高楼层 (共18层),平层,南,一梯两户,精装,70年,钢混结构,有,,https://sh.lianjia.com/ershoufang/107101099328.html
浦东,杨东,上海绿城,内环内,650,100340,1室1厅1厨1卫,64.78O,高楼层 (共22层),平层,南,两梯四户,精装,70年,钢混结构,有,,https://sh.lianjia.com/ershoufang/107101019120.html
浦东,杨东,锦绣满堂花园,内环内,1250,95735,3室2厅1厨2卫,130.57O,低楼层 (共20层),平层,南,两梯两户,精装,70年,钢混结构,有,,https://sh.lianjia.com/ershoufang/107101275574.html
浦东,杨东,涵合园(公寓),内环内,1230,77102,3室2厅1厨2卫,159.53O,低楼层 (共3层),暂无数据,南 北,一梯两户,简装,未知,钢混结构,无,,https://sh.lianjia.com/ershoufang/107101263402.html
浦东,杨东,锦绣华庭,内环内,1220,88754,3室2厅1厨2卫,137.46O,低楼层 (共17层),复式,南,两梯两户,精装,未知,钢混结构,有,,https://sh.lianjia.com/ershoufang/107100824506.html
浦东,杨东,上海绿城,内环内,1600,106852,3室2厅1厨2卫,149.74O,中楼层 (共17层),平层,南,一梯三户,精装,70年,钢混结构,有,,https://sh.lianjia.com/ershoufang/107100672318.html
浦东,杨东,上海绿城,内环内,1500,102041,4室2厅1厨2卫,147O,高楼层 (共18层),暂无数据,南,两梯三户,精装,70年,钢混结构,有,,https://sh.lianjia.com/ershoufang/107002004703.html
浦东,杨东,仁恒公园世纪,内环内,2800,121740,4室2厅1厨3卫,230O,低楼层 (共23层),暂无数据,南,两梯两户,精装,70年,钢混结构,有,,https://sh.lianjia.com/ershoufang/107101261278.html
浦东,杨东,香梅花园,内环内,1165,91402,3室2厅1厨2卫,127.46O,低楼层 (共21层),平层,南,两梯两户,精装,未知,钢混结构,有,,https://sh.lianjia.com/ershoufang/107101116874.html
浦东,杨东,中福公寓,内环内,660,56951,2室2厅1厨2卫,115.89O,中楼层 (共28层),平层,东南,三梯六户,精装,70年,钢混结构,有,,https://sh.lianjia.com/ershoufang/107101046599.html
浦东,杨东,上海绿城,内环内,1120,76031,4室2厅1厨2卫,147.31O,低楼层 (共11层),平层,南,一梯两户,精装,未知,钢混结构,有,,https://sh.lianjia.com/ershoufang/107100516025.html
浦东,杨东,上海绿城,内环内,1200,96510,3室2厅1厨2卫,124.34O,高楼层 (共12层),平层,南,一梯两户,精装,未知,钢混结构,有,,https://sh.lianjia.com/ershoufang/107101408683.html
浦东,杨东,锦绣苑,内环内,950,66733,5室2厅1厨3卫,142.36O,高楼层 (共6层),复式,南,一梯两户,精装,未知,钢混结构,无,,https://sh.lianjia.com/ershoufang/107000023605.html
浦东,杨东,锦绣花木公寓,内环内,770,74678,2室2厅1厨1卫,103.11O,中楼层 (共13层),平层,南 北,一梯两户,精装,未知,钢混结构,有,,https://sh.lianjia.com/ershoufang/107001536681.html
浦东,杨东,锦绣苑,内环内,730,74240,2室2厅1厨1卫,98.33O,中楼层 (共6层),平层,南,一梯两户,精装,70年,钢混结构,无,,https://sh.lianjia.com/ershoufang/107101207992.html
浦东,杨东,锦绣满堂花园,内环内,960,82171,3室1厅1厨2卫,116.83O,高楼层 (共8层),平层,南,两梯两户,精装,70年,钢混结构,有,,https://sh.lianjia.com/ershoufang/107101037885.html
浦东,杨东,杨东小区,内环内,998,60548,5室2厅1厨2卫,164.83O,高楼层 (共8层),暂无数据,南 北,一梯三户,精装,70年,钢混结构,有,,https://sh.lianjia.com/ershoufang/107101323725.html
浦东,杨东,香梅花园,内环内,1200,94832,2室2厅1厨2卫,126.54O,中楼层 (共20层),平层,南,两梯两户,精装,未知,钢混结构,有,,https://sh.lianjia.com/ershoufang/107101286883.html
浦东,杨东,香梅花园(三-五期),内环内,1650,86994,4室2厅1厨2卫,189.67O,中楼层 (共16层),平层,南,两梯两户,精装,70年,钢混结构,有,,https://sh.lianjia.com/ershoufang/107101363358.html
浦东,杨东,爱家亚洲花园,内环内,780,67685,2室2厅1厨1卫,115.24O,低楼层 (共18层),平层,南,一梯两户,精装,70年,钢混结构,有,,https://sh.lianjia.com/ershoufang/107100250798.html
浦东,杨东,上海绿城,内环内,1164,91302,3室2厅1厨2卫,127.49O,低楼层 (共25层),平层,东南,两梯三户,精装,70年,钢混结构,有,,https://sh.lianjia.com/ershoufang/107100884366.html
浦东,杨东,上海绿城,内环内,950,84138,2室2厅1厨2卫,112.91O,高楼层 (共14层),平层,南,一梯两户,精装,未知,钢混结构,有,,https://sh.lianjia.com/ershoufang/107100891691.html
浦东,杨东,东城新村,内环内,650,64357,3室1厅1厨1卫,101O,低楼层 (共18层),平层,南,两梯四户,精装,70年,钢混结构,有,,https://sh.lianjia.com/ershoufang/107002255977.html
浦东,杨东,爱家亚洲花园,内环内,1050,71889,4室2厅1厨2卫,146.06O,中楼层 (共26层),平层,南,两梯三户,精装,70年,钢混结构,有,,https://sh.lianjia.com/ershoufang/107100906580.html
浦东,杨东,上海绿城,内环内,1030,91175,2室2厅1厨1卫,112.97O,高楼层 (共14层),平层,南,一梯两户,精装,未知,钢混结构,有,,https://sh.lianjia.com/ershoufang/107101142926.html
浦东,杨东,锦绣华庭,内环内,896,81455,2室2厅1厨1卫,110O,高楼层 (共14层),平层,南,两梯两户,精装,未知,钢混结构,有,,https://sh.lianjia.com/ershoufang/107101360215.html
浦东,杨东,东城新村,内环内,525,68971,2室1厅1厨1卫,76.12O,低楼层 (共18层),平层,南,两梯八户,简装,70年,钢混结构,有,,https://sh.lianjia.com/ershoufang/107100418150.html
浦东,杨东,东城新村,内环内,560,69256,3室1厅1厨1卫,80.86O,高楼层 (共6层),平层,南,一梯两户,简装,70年,砖混结构,无,,https://sh.lianjia.com/ershoufang/107101188971.html
浦东,杨东,上海绿城,内环内,1845,99963,4室2厅1厨2卫,184.57O,中楼层 (共15层),平层,南,两梯三户,精装,70年,钢混结构,有,,https://sh.lianjia.com/ershoufang/107101351285.html
浦东,杨东,上海绿城,内环内,1150,92237,3室2厅1厨1卫,124.68O,高楼层 (共13层),平层,南,一梯两户,精装,未知,钢混结构,有,,https://sh.lianjia.com/ershoufang/107101508875.html
浦东,杨东,东城新村,内环内,550,72255,2室1厅1厨1卫,76.12O,高楼层 (共18层),平层,南,两梯八户,简装,70年,钢混结构,有,,https://sh.lianjia.com/ershoufang/107100756497.html
浦东,杨东,锦绣华庭,内环内,1200,84950,4室2厅1厨2卫,141.26O,中楼层 (共16层),暂无数据,南,两梯两户,精装,未知,钢混结构,有,,https://sh.lianjia.com/ershoufang/107001959273.html
浦东,杨东,涵合园(公寓),内环内,1450,70049,4室2厅1厨3卫,207O,低楼层 (共3层),暂无数据,南,一梯两户,精装,70年,钢混结构,无,,https://sh.lianjia.com/ershoufang/107100683500.html
浦东,杨东,锦绣苑,内环内,1000,57317,5室3厅1厨3卫,174.47O,高楼层 (共6层),复式,南,一梯两户,精装,未知,钢混结构,无,,https://sh.lianjia.com/ershoufang/107100463870.html
浦东,杨东,东城家园,内环内,988,72239,3室2厅1厨2卫,136.77O,低楼层 (共12层),平层,南,一梯三户,精装,未知,钢混结构,有,,https://sh.lianjia.com/ershoufang/107100922874.html
浦东,杨东,涵合园(公寓),内环内,660,83746,2室2厅1厨1卫,78.81O,低楼层 (共8层),平层,南,一梯四户,精装,未知,钢混结构,有,,https://sh.lianjia.com/ershoufang/107001502543.html
浦东,杨东,香梅花园(三-五期),内环内,770,93891,1室2厅0厨1卫,82.01O,中楼层 (共23层),平层,南,两梯五户,精装,70年,钢混结构,有,,https://sh.lianjia.com/ershoufang/107101402594.html
浦东,杨东,万源杰座,内环内,1500,98815,3室2厅1厨2卫,151.8O,低楼层 (共18层),平层,南 北,两梯两户,精装,70年,钢混结构,有,,https://sh.lianjia.com/ershoufang/107100955633.html
浦东,杨东,中福公寓,内环内,780,51824,3室2厅1厨2卫,150.51O,低楼层 (共28层),平层,北,三梯六户,精装,70年,钢混结构,有,,https://sh.lianjia.com/ershoufang/107100041767.html
浦东,杨东,上海绿城,内环内,680,104971,1室1厅1厨1卫,64.78O,中楼层 (共22层),平层,南,两梯四户,精装,70年,钢混结构,有,,https://sh.lianjia.com/ershoufang/107101279699.html
浦东,杨东,涵合园(公寓),内环内,1600,66250,5室2厅1厨4卫,241.51O,高楼层 (共5层),暂无数据,南,一梯两户,精装,未知,钢混结构,无,,https://sh.lianjia.com/ershoufang/107001493015.html
浦东,杨东,杨东小区,内环内,598,57154,2室2厅1厨2卫,104.63O,低楼层 (共8层),平层,南 北,一梯三户,简装,未知,钢混结构,有,,https://sh.lianjia.com/ershoufang/107101252409.html
浦东,杨东,中福公寓,内环内,740,49127,3室2厅1厨2卫,150.63O,低楼层 (共28层),平层,南,三梯六户,精装,未知,钢混结构,有,,https://sh.lianjia.com/ershoufang/107101327208.html
浦东,杨东,龙昌苑,内环内,830,61987,3室2厅1厨2卫,133.9O,低楼层 (共7层),平层,西,一梯四户,精装,70年,钢混结构,有,,https://sh.lianjia.com/ershoufang/107101254601.html
浦东,杨东,锦绣满堂花园,内环内,1888,80874,3室2厅1厨2卫,233.45O,高楼层 (共12层),复式,南 北,两梯两户,精装,70年,钢混结构,有,,https://sh.lianjia.com/ershoufang/107001365489.html
浦东,杨东,东城新村,内环内,400,69157,1室1厅1厨1卫,57.84O,低楼层 (共18层),平层,南,两梯三户,简装,70年,钢混结构,有,,https://sh.lianjia.com/ershoufang/107100967339.html
浦东,杨东,上海绿城,内环内,1020,79545,3室2厅1厨2卫,128.23O,低楼层 (共14层),平层,南,一梯两户,精装,70年,钢混结构,有,,https://sh.lianjia.com/ershoufang/107101185206.html
浦东,杨东,锦绣天第花园,内环内,810,80167,2室1厅1厨1卫,101.04O,中楼层 (共8层),平层,南,一梯两户,精装,未知,钢混结构,有,,https://sh.lianjia.com/ershoufang/107101264843.html
浦东,杨东,涵合园(别墅),内环内,1258,82960,4室3厅1厨3卫,151.64O,低楼层 (共4层),,南,,精装,70年,钢混结构,,联排,https://sh.lianjia.com/ershoufang/107101189971.html
浦东,杨东,爱家亚洲花园,内环内,930,75000,3室2厅1厨2卫,124O,高楼层 (共18层),平层,南,一梯两户,精装,70年,钢混结构,有,,https://sh.lianjia.com/ershoufang/107101125481.html
浦东,杨东,东城新村,内环内,580,74103,2室2厅1厨1卫,78.27O,高楼层 (共6层),复式,南,一梯两户,简装,70年,砖混结构,无,,https://sh.lianjia.com/ershoufang/107100309611.html
浦东,杨东,上海绿城,内环内,1180,89172,3室2厅1厨1卫,132.33O,低楼层 (共13层),平层,南,一梯两户,精装,未知,钢混结构,有,,https://sh.lianjia.com/ershoufang/107101129996.html
浦东,杨东,香梅花园,内环内,1000,88496,2室1厅1厨1卫,113O,高楼层 (共33层),平层,南,两梯三户,精装,70年,钢混结构,有,,https://sh.lianjia.com/ershoufang/107101469130.html
浦东,杨东,东城新村,内环内,530,78964,2室2厅1厨1卫,67.12O,高楼层 (共6层),平层,南,一梯两户,精装,70年,砖混结构,无,,https://sh.lianjia.com/ershoufang/107101143542.html
浦东,杨东,锦绣满堂花园,内环内,1200,74033,4室2厅1厨2卫,162.09O,低楼层 (共26层),暂无数据,东,两梯两户,精装,70年,钢混结构,有,,https://sh.lianjia.com/ershoufang/107101166045.html
浦东,杨东,香梅花园(三-五期),内环内,1600,87523,3室2厅1厨2卫,182.81O,中楼层 (共25层),平层,南,三梯四户,精装,70年,钢混结构,有,,https://sh.lianjia.com/ershoufang/107101152941.html
浦东,杨东,东城新村,内环内,395,78874,1室1厅1厨1卫,50.08O,中楼层 (共7层),暂无数据,南,一梯两户,精装,70年,钢混结构,无,,https://sh.lianjia.com/ershoufang/107100283255.html
浦东,杨东,锦绣天第花园,内环内,1120,82529,3室2厅1厨2卫,135.71O,中楼层 (共10层),平层,南,一梯两户,精装,未知,钢混结构,有,,https://sh.lianjia.com/ershoufang/107100157011.html
浦东,杨东,涵合园(公寓),内环内,900,80107,2室2厅1厨1卫,112.35O,中楼层 (共14层),平层,南,两梯四户,精装,未知,钢混结构,有,,https://sh.lianjia.com/ershoufang/107101513822.html
浦东,杨东,锦绣苑,内环内,1100,62886,5室3厅1厨3卫,174.92O,高楼层 (共6层),跃层,南,一梯两户,简装,未知,钢混结构,无,,https://sh.lianjia.com/ershoufang/107000491549.html
浦东,杨东,万源杰座,内环内,800,72543,2室2厅1厨1卫,110.28O,低楼层 (共18层),平层,南,两梯三户,精装,70年,钢混结构,有,,https://sh.lianjia.com/ershoufang/107000261713.html
浦东,杨东,东方龙苑,内环内,1450,77128,5室2厅1厨4卫,188O,高楼层 (共11层),暂无数据,南,一梯两户,精装,未知,钢混结构,有,,https://sh.lianjia.com/ershoufang/107101148852.html
浦东,杨东,陆家嘴中央公寓,内环内,2900,97937,6室3厅1厨3卫,296.11O,低楼层 (共18层),暂无数据,南,两梯一户,精装,70年,钢混结构,有,,https://sh.lianjia.com/ershoufang/107100622624.html
浦东,杨东,锦绣天第花园,内环内,830,84989,2室2厅1厨1卫,97.66O,低楼层 (共5层),平层,南,一梯两户,精装,未知,钢混结构,无,,https://sh.lianjia.com/ershoufang/107101406287.html
浦东,杨东,香梅花园,内环内,1538,80961,3室2厅1厨2卫,189.97O,中楼层 (共19层),暂无数据,南,两梯两户,精装,未知,钢混结构,有,,https://sh.lianjia.com/ershoufang/107101126165.html
浦东,杨东,东城新村,内环内,498,78948,2室2厅1厨1卫,63.08O,高楼层 (共6层),平层,南,一梯四户,精装,70年,砖混结构,无,,https://sh.lianjia.com/ershoufang/107101496150.html
浦东,杨东,东城新村,内环内,485,71534,2室2厅1厨1卫,67.8O,高楼层 (共6层),平层,南,一梯两户,精装,70年,砖混结构,无,,https://sh.lianjia.com/ershoufang/107101098554.html
浦东,杨东,锦绣天第花园,内环内,890,77798,3室2厅1厨1卫,114.4O,低楼层 (共11层),平层,南,一梯两户,简装,未知,钢混结构,有,,https://sh.lianjia.com/ershoufang/107100568083.html
浦东,杨东,仁恒公园世纪,内环内,4500,163340,5室2厅1厨4卫,275.5O,高楼层 (共35层),平层,南 北,两梯两户,精装,70年,钢混结构,有,,https://sh.lianjia.com/ershoufang/107101319362.html
浦东,杨东,爱家亚洲花园,内环内,898,65788,3室2厅1厨2卫,136.5O,低楼层 (共22层),平层,南,两梯三户,精装,70年,钢混结构,有,,https://sh.lianjia.com/ershoufang/107101167134.html
浦东,杨东,锦绣一方名苑,内环内,740,67667,3室2厅1厨1卫,109.36O,高楼层 (共6层),平层,南,一梯两户,精装,70年,钢混结构,无,,https://sh.lianjia.com/ershoufang/107002221125.html
浦东,杨东,东城新村,内环内,555,73027,2室2厅1厨1卫,76O,低楼层 (共6层),平层,南 北,一梯两户,精装,70年,砖混结构,无,,https://sh.lianjia.com/ershoufang/107101338311.html
浦东,杨东,上海绿城,内环内,2050,91929,4室3厅1厨3卫,223O,高楼层 (共11层),复式,南,一梯两户,精装,未知,钢混结构,有,,https://sh.lianjia.com/ershoufang/107100711795.html
浦东,杨东,锦绣一方名苑,内环内,695,72014,2室2厅1厨1卫,96.51O,中楼层 (共9层),平层,南 北,一梯两户,精装,未知,钢混结构,有,,https://sh.lianjia.com/ershoufang/107101505834.html
浦东,杨东,爱家亚洲花园,内环内,940,73147,3室2厅1厨2卫,128.51O,中楼层 (共14层),平层,南,一梯两户,精装,70年,钢混结构,有,,https://sh.lianjia.com/ershoufang/107101277648.html
浦东,杨东,上海绿城,内环内,1150,92519,3室2厅1厨2卫,124.3O,高楼层 (共12层),平层,南,一梯两户,简装,未知,钢混结构,有,,https://sh.lianjia.com/ershoufang/107101401981.html
浦东,杨东,陆家嘴中央公寓,内环内,900,107271,2室2厅1厨1卫,83.9O,中楼层 (共33层),平层,南,两梯三户,精装,未知,钢混结构,有,,https://sh.lianjia.com/ershoufang/107101234692.html
浦东,杨东,爱家亚洲花园,内环内,1480,58703,5室2厅1厨3卫,252.12O,高楼层 (共11层),复式,南,一梯两户,精装,70年,钢混结构,有,,https://sh.lianjia.com/ershoufang/107101245656.html
浦东,杨东,香梅花园,内环内,1260,79591,3室2厅1厨2卫,158.31O,低楼层 (共21层),平层,南,两梯两户,精装,未知,钢混结构,有,,https://sh.lianjia.com/ershoufang/107101455574.html
浦东,杨东,上海绿城,内环内,1170,91772,3室2厅1厨2卫,127.49O,高楼层 (共25层),暂无数据,南,两梯三户,精装,未知,钢混结构,有,,https://sh.lianjia.com/ershoufang/107100644986.html
浦东,杨东,上海绿城,内环内,1060,92804,2室2厅1厨1卫,114.22O,低楼层 (共28层),平层,南,两梯三户,精装,70年,钢混结构,有,,https://sh.lianjia.com/ershoufang/107101418471.html
浦东,杨东,凤凰家园,内环内,890,63005,3室2厅1厨2卫,141.26O,低楼层 (共11层),平层,南 北,一梯两户,精装,70年,钢混结构,有,,https://sh.lianjia.com/ershoufang/107101374153.html
浦东,杨东,东城新村,内环内,390,77783,1室1厅1厨1卫,50.14O,低楼层 (共6层),平层,南,一梯两户,简装,70年,砖混结构,无,,https://sh.lianjia.com/ershoufang/107101098498.html
浦东,杨东,上海绿城,内环内,1500,98795,3室2厅1厨2卫,151.83O,中楼层 (共17层),平层,南,一梯三户,精装,70年,钢混结构,有,,https://sh.lianjia.com/ershoufang/107101226527.html
浦东,杨东,东方龙苑,内环内,1450,72613,5室3厅1厨2卫,199.69O,高楼层 (共10层),暂无数据,南,一梯两户,简装,未知,钢混结构,有,,https://sh.lianjia.com/ershoufang/107100908773.html
浦东,杨东,香梅花园(三-五期),内环内,1050,76436,2室2厅1厨2卫,137.37O,低楼层 (共18层),平层,南 北,两梯两户,精装,70年,钢混结构,有,,https://sh.lianjia.com/ershoufang/107101188010.html
浦东,杨东,陆家嘴中央公寓,内环内,1330,97081,2室2厅1厨2卫,137O,中楼层 (共25层),平层,南,两梯三户,精装,未知,钢混结构,有,,https://sh.lianjia.com/ershoufang/107100637599.html
浦东,杨东,锦绣苑,内环内,1120,50390,5室3厅1厨3卫,222.27O,高楼层 (共6层),复式,南,一梯两户,精装,未知,钢混结构,无,,https://sh.lianjia.com/ershoufang/107001036245.html
浦东,杨东,陆家嘴中央公寓,内环内,1500,96650,3室2厅1厨2卫,155.2O,高楼层 (共18层),暂无数据,南,两梯两户,精装,70年,钢混结构,有,,https://sh.lianjia.com/ershoufang/107100728691.html
浦东,杨东,仁恒公园世纪,内环内,1198,124326,2室2厅1厨1卫,96.36O,低楼层 (共32层),暂无数据,东 南,两梯三户,精装,70年,钢混结构,有,,https://sh.lianjia.com/ershoufang/107100542932.html
浦东,杨东,香梅花园(三-五期),内环内,1650,87557,3室2厅1厨3卫,188.45O,高楼层 (共16层),平层,东南 南,两梯两户,精装,70年,钢混结构,有,,https://sh.lianjia.com/ershoufang/107100459709.html
浦东,杨东,爱家亚洲花园,内环内,605,70752,2室1厅1厨1卫,85.51O,低楼层 (共14层),平层,南,三梯两户,精装,70年,钢混结构,有,,https://sh.lianjia.com/ershoufang/107100202241.html
浦东,杨东,锦绣一方名苑,内环内,930,74801,4室3厅1厨2卫,124.33O,高楼层 (共6层),复式,南,一梯两户,精装,未知,钢混结构,无,,https://sh.lianjia.com/ershoufang/107001421867.html
浦东,杨东,锦绣天第花园,内环内,1489,87005,4室3厅1厨2卫,171.14O,低楼层 (共18层),平层,南,一梯两户,精装,未知,钢混结构,有,,https://sh.lianjia.com/ershoufang/107100863112.html
浦东,杨东,中福公寓,内环内,830,55146,3室2厅1厨2卫,150.51O,高楼层 (共28层),暂无数据,东南 东北,三梯六户,精装,未知,钢混结构,有,,https://sh.lianjia.com/ershoufang/107100694731.html
浦东,杨东,陆家嘴中央公寓,内环内,840,95466,2室2厅1厨1卫,87.99O,低楼层 (共33层),暂无数据,南,两梯两户,简装,未知,钢混结构,有,,https://sh.lianjia.com/ershoufang/107100609135.html
浦东,杨东,涵合园(公寓),内环内,1260,79965,3室2厅1厨3卫,157.57O,低楼层 (共3层),复式,南,一梯两户,精装,70年,钢混结构,无,,https://sh.lianjia.com/ershoufang/107101001543.html
浦东,杨东,爱家亚洲花园,内环内,1080,75094,4室2厅1厨2卫,143.82O,低楼层 (共18层),平层,南,一梯两户,精装,70年,钢混结构,有,,https://sh.lianjia.com/ershoufang/107100495140.html
浦东,杨东,东城新村,内环内,418,84071,2室1厅1厨1卫,49.72O,高楼层 (共6层),复式,南,一梯两户,精装,70年,砖混结构,无,,https://sh.lianjia.com/ershoufang/107100270124.html
浦东,杨东,东城新村,内环内,520,68314,2室1厅1厨1卫,76.12O,高楼层 (共18层),暂无数据,东南,两梯八户,简装,70年,钢混结构,有,,https://sh.lianjia.com/ershoufang/107101184599.html
浦东,杨东,香梅花园(三-五期),内环内,785,95604,1室2厅1厨1卫,82.11O,高楼层 (共27层),暂无数据,南,两梯五户,精装,70年,钢混结构,有,,https://sh.lianjia.com/ershoufang/107101269927.html
浦东,杨东,锦绣满堂花园,内环内,945,85212,2室2厅1厨1卫,110.9O,高楼层 (共21层),平层,南,两梯三户,精装,70年,钢混结构,有,,https://sh.lianjia.com/ershoufang/107100490738.html
浦东,杨东,爱家亚洲花园,内环内,940,73917,3室2厅1厨2卫,127.17O,高楼层 (共14层),平层,南,一梯两户,精装,70年,钢混结构,有,,https://sh.lianjia.com/ershoufang/107101436353.html
浦东,杨东,上海绿城,内环内,1250,91228,3室2厅1厨2卫,137.02O,低楼层 (共18层),平层,南,两梯三户,精装,未知,钢混结构,有,,https://sh.lianjia.com/ershoufang/107101044563.html
浦东,杨东,锦绣天第花园,内环内,1000,75558,3室2厅2厨2卫,132.35O,低楼层 (共5层),平层,南 北,一梯两户,精装,未知,钢混结构,无,,https://sh.lianjia.com/ershoufang/107100841019.html
浦东,杨东,锦绣一方名苑,内环内,1200,75029,4室2厅1厨3卫,159.94O,高楼层 (共9层),暂无数据,南,一梯两户,精装,未知,钢混结构,有,,https://sh.lianjia.com/ershoufang/107001450127.html
浦东,杨东,陆家嘴中央公寓,内环内,1450,95723,3室2厅1厨2卫,151.48O,中楼层 (共22层),平层,南,两梯两户,精装,未知,钢混结构,有,,https://sh.lianjia.com/ershoufang/107100739107.html
浦东,杨东,锦绣华庭,内环内,1150,82243,3室2厅1厨2卫,139.83O,高楼层 (共17层),平层,南,两梯两户,精装,未知,钢混结构,有,,https://sh.lianjia.com/ershoufang/107101259854.html
浦东,杨东,陆家嘴中央公寓,内环内,1490,87839,4室2厅1厨2卫,169.63O,低楼层 (共18层),暂无数据,南,两梯两户,精装,未知,钢混结构,有,,https://sh.lianjia.com/ershoufang/107101455148.html
浦东,杨东,东方龙苑,内环内,778,72406,2室2厅1厨2卫,107.45O,中楼层 (共11层),平层,南,一梯两户,精装,70年,钢混结构,有,,https://sh.lianjia.com/ershoufang/107101286482.html
浦东,杨东,中福公寓,内环内,800,53111,3室2厅1厨2卫,150.63O,高楼层 (共28层),平层,南,三梯六户,精装,未知,钢混结构,有,,https://sh.lianjia.com/ershoufang/107001980211.html
浦东,杨东,陆家嘴中央公寓,内环内,950,112975,2室2厅1厨1卫,84.09O,低楼层 (共33层),平层,南,两梯三户,精装,未知,钢混结构,有,,https://sh.lianjia.com/ershoufang/107101215171.html
浦东,杨东,上海绿城,内环内,1100,87699,3室2厅1厨2卫,125.43O,低楼层 (共12层),平层,南,一梯两户,精装,70年,钢混结构,有,,https://sh.lianjia.com/ershoufang/107100698276.html
浦东,杨东,香梅花园,内环内,1350,83623,3室2厅0厨2卫,161.44O,低楼层 (共20层),平层,南,两梯两户,精装,未知,钢混结构,有,,https://sh.lianjia.com/ershoufang/107101421916.html
浦东,杨东,东城新村,内环内,395,78874,1室1厅1厨1卫,50.08O,高楼层 (共7层),平层,南,一梯两户,精装,70年,钢混结构,无,,https://sh.lianjia.com/ershoufang/107100468459.html
浦东,杨东,陆家嘴中央公寓,内环内,1230,95527,2室2厅1厨2卫,128.76O,中楼层 (共18层),平层,南 北,两梯两户,精装,未知,钢混结构,有,,https://sh.lianjia.com/ershoufang/107100755939.html
浦东,杨东,锦绣一方名苑,内环内,980,67675,3室2厅1厨2卫,144.81O,低楼层 (共10层),暂无数据,南,一梯两户,精装,未知,钢混结构,有,,https://sh.lianjia.com/ershoufang/107101484024.html
浦东,杨东,凤凰家园,内环内,870,60154,3室2厅1厨2卫,144.63O,中楼层 (共8层),平层,东南,一梯两户,简装,未知,钢混结构,有,,https://sh.lianjia.com/ershoufang/107100525120.html
浦东,杨东,香梅花园,内环内,1460,91250,3室2厅1厨2卫,160O,中楼层 (共21层),平层,南,两梯两户,精装,未知,钢混结构,有,,https://sh.lianjia.com/ershoufang/107100617648.html
浦东,杨东,上海绿城,内环内,1180,85694,3室2厅1厨2卫,137.7O,低楼层 (共14层),平层,南,一梯两户,精装,70年,钢混结构,有,,https://sh.lianjia.com/ershoufang/107101000205.html
浦东,杨东,锦绣天第花园,内环内,970,79087,3室2厅1厨2卫,122.65O,中楼层 (共5层),平层,南,一梯两户,精装,未知,钢混结构,无,,https://sh.lianjia.com/ershoufang/107100694680.html
浦东,杨东,上海绿城,内环内,1850,87298,4室2厅1厨2卫,211.92O,高楼层 (共18层),暂无数据,南,两梯两户,精装,70年,钢混结构,有,,https://sh.lianjia.com/ershoufang/107101332041.html
浦东,杨东,涵合园(公寓),内环内,1350,66644,4室2厅1厨2卫,202.57O,低楼层 (共3层),暂无数据,南,一梯两户,精装,未知,钢混结构,无,,https://sh.lianjia.com/ershoufang/107100954368.html
浦东,杨东,东方龙苑,内环内,1250,66068,4室2厅1厨2卫,189.2O,高楼层 (共11层),平层,南,一梯两户,简装,未知,钢混结构,有,,https://sh.lianjia.com/ershoufang/107100100689.html
浦东,杨东,锦绣满堂花园,内环内,780,88607,2室2厅1厨1卫,88.03O,高楼层 (共21层),平层,南,两梯六户,精装,70年,钢混结构,有,,https://sh.lianjia.com/ershoufang/107100122285.html
浦东,杨东,上海绿城,内环内,1000,88629,3室2厅1厨1卫,112.83O,中楼层 (共12层),平层,南,一梯两户,精装,未知,钢混结构,有,,https://sh.lianjia.com/ershoufang/107101446720.html
浦东,杨东,爱家亚洲花园,内环内,960,68793,3室2厅1厨2卫,139.55O,高楼层 (共26层),平层,南,两梯三户,精装,70年,钢混结构,有,,https://sh.lianjia.com/ershoufang/107100660827.html
浦东,杨东,香梅花园,内环内,1260,79241,3室2厅1厨2卫,159.01O,中楼层 (共21层),平层,南,两梯两户,精装,未知,钢混结构,有,,https://sh.lianjia.com/ershoufang/107000130735.html
浦东,杨东,锦绣天第花园,内环内,770,86044,2室2厅1厨1卫,89.49O,高楼层 (共18层),平层,南,两梯三户,精装,未知,钢混结构,有,,https://sh.lianjia.com/ershoufang/107101129701.html
浦东,杨东,仁恒公园世纪,内环内,3000,122449,4室2厅1厨4卫,245O,中楼层 (共31层),平层,南,两梯两户,精装,70年,钢混结构,有,,https://sh.lianjia.com/ershoufang/107101244326.html
浦东,杨东,爱家亚洲花园,内环内,920,67400,3室2厅1厨2卫,136.5O,低楼层 (共22层),平层,南,两梯三户,精装,70年,钢混结构,有,,https://sh.lianjia.com/ershoufang/107100305679.html
浦东,杨东,涵合园(公寓),内环内,810,76078,2室2厅1厨1卫,106.47O,高楼层 (共20层),暂无数据,南,两梯三户,精装,70年,钢混结构,有,,https://sh.lianjia.com/ershoufang/107101494570.html
浦东,杨东,爱家亚洲花园,内环内,1080,70451,3室2厅1厨2卫,153.3O,高楼层 (共26层),平层,南,两梯三户,精装,70年,钢混结构,有,,https://sh.lianjia.com/ershoufang/107100382990.html
浦东,杨东,锦绣华庭,内环内,1100,76597,3室2厅1厨2卫,143.61O,低楼层 (共16层),暂无数据,南,两梯两户,精装,未知,钢混结构,有,,https://sh.lianjia.com/ershoufang/107100848149.html
浦东,杨东,东城新村,内环内,580,71729,3室2厅1厨1卫,80.86O,高楼层 (共6层),平层,南,一梯两户,简装,70年,砖混结构,无,,https://sh.lianjia.com/ershoufang/107100407643.html
浦东,杨东,上海绿城,内环内,1200,82605,3室2厅1厨2卫,145.27O,低楼层 (共25层),平层,南,两梯三户,简装,未知,钢混结构,有,,https://sh.lianjia.com/ershoufang/107101242679.html
浦东,杨东,上海绿城,内环内,1500,100000,3室2厅1厨2卫,150O,高楼层 (共13层),平层,南,一梯两户,精装,未知,钢混结构,有,,https://sh.lianjia.com/ershoufang/107101348502.html
浦东,杨东,锦绣苑,内环内,880,64764,3室2厅1厨1卫,135.88O,低楼层 (共6层),平层,南,一梯两户,精装,未知,钢混结构,无,,https://sh.lianjia.com/ershoufang/107100968413.html
浦东,杨东,上海绿城,内环内,2400,82868,5室3厅1厨2卫,289.62O,低楼层 (共22层),暂无数据,南,两梯两户,精装,70年,钢混结构,有,,https://sh.lianjia.com/ershoufang/107101476795.html
浦东,杨东,香梅花园(三-五期),内环内,1050,98131,2室2厅1厨1卫,107O,低楼层 (共27层),暂无数据,南,两梯五户,精装,70年,钢混结构,有,,https://sh.lianjia.com/ershoufang/107100912432.html
浦东,杨东,陆家嘴中央公寓,内环内,1360,98716,2室2厅1厨2卫,137.77O,中楼层 (共33层),平层,南,两梯三户,精装,未知,钢混结构,有,,https://sh.lianjia.com/ershoufang/107101197643.html
浦东,杨东,东城新村,内环内,430,74563,1室1厅1厨1卫,57.67O,中楼层 (共18层),暂无数据,南,两梯四户,精装,70年,钢混结构,有,,https://sh.lianjia.com/ershoufang/107101445941.html
浦东,杨东,香梅花园,内环内,900,79647,2室2厅1厨1卫,113O,低楼层 (共33层),平层,南,两梯三户,精装,未知,钢混结构,有,,https://sh.lianjia.com/ershoufang/107101227863.html
浦东,杨东,上海绿城,内环内,1320,96697,3室2厅1厨2卫,136.51O,高楼层 (共15层),暂无数据,南,两梯两户,精装,70年,钢混结构,有,,https://sh.lianjia.com/ershoufang/107101062219.html
浦东,杨东,香梅花园(三-五期),内环内,980,89621,2室1厅1厨2卫,109.35O,低楼层 (共17层),平层,南,两梯两户,精装,70年,钢混结构,有,,https://sh.lianjia.com/ershoufang/107101281534.html
浦东,杨东,香梅花园,内环内,1400,73349,3室2厅1厨2卫,190.87O,中楼层 (共33层),平层,南,两梯三户,精装,未知,钢混结构,有,,https://sh.lianjia.com/ershoufang/107101211677.html
浦东,杨东,上海绿城,内环内,860,87872,2室2厅1厨1卫,97.87O,低楼层 (共14层),平层,南,一梯两户,精装,未知,钢混结构,有,,https://sh.lianjia.com/ershoufang/107100541761.html
浦东,杨东,东城新村,内环内,460,71629,2室1厅1厨1卫,64.22O,高楼层 (共6层),平层,南,一梯四户,毛坯,70年,砖混结构,无,,https://sh.lianjia.com/ershoufang/107100649627.html
浦东,杨东,涵合园(公寓),内环内,850,75657,2室2厅1厨1卫,112.35O,高楼层 (共14层),暂无数据,南,两梯四户,精装,未知,钢混结构,有,,https://sh.lianjia.com/ershoufang/107001524103.html
浦东,杨东,锦绣苑,内环内,700,68756,2室2厅1厨2卫,101.81O,低楼层 (共6层),平层,南 北,一梯两户,简装,70年,砖混结构,无,,https://sh.lianjia.com/ershoufang/107101475821.html
浦东,杨东,锦绣一方名苑,内环内,610,68532,2室2厅1厨1卫,89.01O,低楼层 (共6层),平层,南,一梯两户,简装,70年,钢混结构,无,,https://sh.lianjia.com/ershoufang/107100996674.html
浦东,杨东,锦绣一方名苑,内环内,730,66753,3室2厅1厨1卫,109.36O,中楼层 (共6层),平层,南 北,一梯两户,精装,70年,钢混结构,无,,https://sh.lianjia.com/ershoufang/107101165077.html
浦东,杨东,上海绿城,内环内,1180,82971,3室2厅1厨2卫,142.22O,低楼层 (共18层),暂无数据,南,两梯三户,简装,70年,钢混结构,有,,https://sh.lianjia.com/ershoufang/107101339424.html
浦东,杨东,锦绣一方名苑,内环内,656,68114,2室2厅1厨1卫,96.31O,低楼层 (共6层),暂无数据,南,一梯两户,简装,70年,钢混结构,无,,https://sh.lianjia.com/ershoufang/107101283480.html
浦东,杨东,志豪公寓,内环内,870,69048,3室2厅1厨2卫,126O,中楼层 (共11层),平层,南,一梯三户,精装,未知,钢混结构,有,,https://sh.lianjia.com/ershoufang/107101340512.html
浦东,杨东,陆家嘴中央公寓,内环内,1600,111088,3室2厅1厨2卫,144.03O,高楼层 (共17层),平层,南,两梯两户,精装,未知,钢混结构,有,,https://sh.lianjia.com/ershoufang/107101221747.html
浦东,杨东,上海绿城,内环内,680,104971,1室1厅1厨1卫,64.78O,高楼层 (共22层),平层,南,两梯四户,精装,70年,钢混结构,有,,https://sh.lianjia.com/ershoufang/107101407552.html
浦东,杨东,香梅花园(三-五期),内环内,630,98886,1室1厅1厨1卫,63.71O,中楼层 (共23层),暂无数据,南,两梯五户,精装,70年,钢混结构,有,,https://sh.lianjia.com/ershoufang/107101481831.html
浦东,杨东,上海绿城,内环内,1228,88492,3室2厅1厨2卫,138.77O,低楼层 (共13层),平层,南,一梯两户,简装,未知,钢混结构,有,,https://sh.lianjia.com/ershoufang/107100338229.html
浦东,杨东,香梅花园(二期),内环内,1350,84508,3室2厅1厨2卫,159.75O,低楼层 (共18层),平层,南 北,一梯两户,精装,未知,钢混结构,有,,https://sh.lianjia.com/ershoufang/107100740058.html
浦东,杨东,东城新村,内环内,590,77064,2室2厅1厨1卫,76.56O,高楼层 (共6层),平层,南,一梯两户,精装,70年,砖混结构,无,,https://sh.lianjia.com/ershoufang/107101242291.html
浦东,杨东,陆家嘴中央公寓,内环内,1300,100705,2室1厅1厨2卫,129.09O,高楼层 (共16层),平层,东,两梯三户,精装,未知,钢混结构,有,,https://sh.lianjia.com/ershoufang/107101213270.html
浦东,杨东,上海绿城,内环内,980,86519,2室2厅1厨1卫,113.27O,低楼层 (共20层),平层,南,两梯两户,精装,70年,钢混结构,有,,https://sh.lianjia.com/ershoufang/107101041862.html
浦东,杨东,中福公寓,内环内,800,53334,3室2厅1厨2卫,150O,高楼层 (共28层),平层,东南,三梯六户,精装,70年,钢混结构,有,,https://sh.lianjia.com/ershoufang/107002210829.html
浦东,杨东,爱家亚洲花园,内环内,930,75365,3室2厅1厨2卫,123.4O,中楼层 (共16层),平层,南 北,两梯三户,精装,70年,钢混结构,有,,https://sh.lianjia.com/ershoufang/107100704779.html
浦东,杨东,东方龙苑,内环内,850,67205,3室2厅1厨2卫,126.48O,中楼层 (共10层),暂无数据,南,一梯两户,简装,未知,钢混结构,有,,https://sh.lianjia.com/ershoufang/107100960150.html
浦东,杨东,东城家园,内环内,1000,73116,3室2厅1厨2卫,136.77O,低楼层 (共12层),平层,东南 南,一梯三户,简装,未知,钢混结构,有,,https://sh.lianjia.com/ershoufang/107101337855.html
浦东,杨东,涵合园(别墅),内环内,1260,85113,4室2厅1厨4卫,148.04O,低楼层 (共4层),,南,,精装,70年,钢混结构,,联排,https://sh.lianjia.com/ershoufang/107100462704.html
浦东,杨东,涵合园(公寓),内环内,670,83552,2室2厅1厨1卫,80.19O,高楼层 (共13层),平层,南,两梯四户,精装,70年,钢混结构,有,,https://sh.lianjia.com/ershoufang/107100893864.html
浦东,杨东,涵合园(公寓),内环内,820,70824,3室2厅1厨1卫,115.78O,低楼层 (共14层),平层,南,两梯四户,精装,70年,钢混结构,有,,https://sh.lianjia.com/ershoufang/107100712748.html
浦东,杨东,锦绣满堂花园,内环内,1170,89334,3室2厅1厨2卫,130.97O,高楼层 (共17层),平层,南 北,两梯两户,精装,70年,钢混结构,有,,https://sh.lianjia.com/ershoufang/107100794291.html
浦东,杨东,志豪公寓,内环内,890,72927,3室2厅1厨2卫,122.04O,中楼层 (共11层),暂无数据,南,一梯三户,精装,未知,钢混结构,有,,https://sh.lianjia.com/ershoufang/107001992799.html
浦东,杨东,锦绣满堂花园,内环内,940,85861,2室2厅1厨1卫,109.48O,高楼层 (共21层),平层,南,两梯三户,精装,70年,钢混结构,有,,https://sh.lianjia.com/ershoufang/107100958422.html
浦东,杨东,上海绿城,内环内,1800,86781,4室3厅1厨2卫,207.42O,高楼层 (共13层),复式,南,一梯两户,精装,未知,钢混结构,有,,https://sh.lianjia.com/ershoufang/107100662657.html
浦东,杨东,锦绣满堂花园,内环内,1080,82462,3室2厅1厨2卫,130.97O,低楼层 (共17层),平层,南 北,两梯两户,精装,70年,钢混结构,有,,https://sh.lianjia.com/ershoufang/107101285876.html
浦东,杨东,香梅花园,内环内,2600,79917,6室3厅1厨4卫,325.34O,高楼层 (共18层),复式,南,两梯两户,精装,未知,钢混结构,有,,https://sh.lianjia.com/ershoufang/107101458297.html
浦东,杨东,锦绣天第花园,内环内,799,80342,2室2厅1厨1卫,99.45O,低楼层 (共5层),平层,南 北,一梯两户,精装,未知,钢混结构,无,,https://sh.lianjia.com/ershoufang/107100903339.html
浦东,杨东,香梅花园(三-五期),内环内,1590,86976,3室2厅1厨2卫,182.81O,高楼层 (共25层),平层,南,三梯四户,精装,70年,钢混结构,有,,https://sh.lianjia.com/ershoufang/107100762891.html
浦东,杨东,涵合园(公寓),内环内,1250,71323,3室2厅1厨2卫,175.26O,中楼层 (共5层),复式,南,一梯两户,精装,70年,钢混结构,无,,https://sh.lianjia.com/ershoufang/107101049717.html
浦东,杨东,爱家亚洲花园,内环内,800,67216,2室2厅1厨1卫,119.02O,低楼层 (共26层),平层,南,两梯三户,精装,70年,钢混结构,有,,https://sh.lianjia.com/ershoufang/107100517303.html
浦东,杨东,上海绿城,内环内,1250,98940,3室2厅1厨1卫,126.34O,中楼层 (共13层),平层,南,一梯两户,精装,未知,钢混结构,有,,https://sh.lianjia.com/ershoufang/107100680169.html
浦东,杨东,东城新村,内环内,450,74541,1室1厅1厨1卫,60.37O,中楼层 (共18层),平层,南,一梯三户,简装,70年,钢混结构,有,,https://sh.lianjia.com/ershoufang/107101065982.html
浦东,杨东,上海绿城,内环内,1380,99424,3室2厅1厨2卫,138.8O,低楼层 (共11层),平层,南,一梯两户,精装,未知,钢混结构,有,,https://sh.lianjia.com/ershoufang/107000484933.html
浦东,杨东,爱家亚洲花园,内环内,1049,72236,4室2厅1厨2卫,145.22O,中楼层 (共18层),平层,南,一梯两户,精装,70年,钢混结构,有,,https://sh.lianjia.com/ershoufang/107000484497.html
浦东,杨东,东方龙苑,内环内,780,74577,2室2厅1厨1卫,104.59O,高楼层 (共11层),平层,南,一梯两户,简装,未知,钢混结构,有,,https://sh.lianjia.com/ershoufang/107101315441.html
浦东,杨东,涵合园(公寓),内环内,1330,76087,3室2厅1厨2卫,174.8O,中楼层 (共7层),复式,南,一梯两户,毛坯,未知,钢混结构,有,,https://sh.lianjia.com/ershoufang/107000235895.html
浦东,杨东,爱家亚洲花园,内环内,820,68896,2室2厅1厨1卫,119.02O,高楼层 (共26层),平层,南,两梯三户,精装,70年,钢混结构,有,,https://sh.lianjia.com/ershoufang/107101286116.html
浦东,杨东,锦绣满堂花园,内环内,1330,82054,4室2厅1厨2卫,162.09O,中楼层 (共26层),平层,南 北,两梯两户,精装,70年,钢混结构,有,,https://sh.lianjia.com/ershoufang/107101436964.html
浦东,杨东,香梅花园,内环内,990,87379,2室2厅1厨1卫,113.3O,中楼层 (共33层),平层,南,两梯三户,精装,未知,钢混结构,有,,https://sh.lianjia.com/ershoufang/107100193412.html
浦东,杨东,锦绣满堂花园,内环内,1699,66079,5室2厅1厨2卫,257.12O,高楼层 (共21层),复式,南 北,两梯两户,精装,70年,钢混结构,有,,https://sh.lianjia.com/ershoufang/107101334653.html
浦东,杨东,上海绿城,内环内,1160,89376,3室2厅1厨2卫,129.79O,低楼层 (共12层),平层,南,一梯两户,精装,70年,钢混结构,有,,https://sh.lianjia.com/ershoufang/107101248150.html
浦东,杨东,锦绣天第花园,内环内,1050,88735,4室2厅1厨2卫,118.33O,高楼层 (共5层),复式,南 北,一梯两户,精装,未知,钢混结构,无,,https://sh.lianjia.com/ershoufang/107100687366.html
