浦东,洋泾,永安新村,内环内,360,52250,2室1厅1厨1卫,68.9O,高楼层 (共6层),平层,南,一梯三户,简装,未知,砖混结构,无,,https://sh.lianjia.com/ershoufang/107101049171.html
浦东,洋泾,博山小区,内环内,390,60938,2室1厅1厨1卫,64O,中楼层 (共6层),平层,南,一梯四户,精装,未知,砖混结构,无,,https://sh.lianjia.com/ershoufang/107101295246.html
浦东,洋泾,罗山怡景苑,内环内,835,81163,2室2厅1厨1卫,102.88O,中楼层 (共11层),平层,南 北,一梯两户,精装,未知,钢混结构,有,,https://sh.lianjia.com/ershoufang/107100519707.html
浦东,洋泾,和达家园,内环内,685,71236,2室2厅1厨1卫,96.16O,低楼层 (共11层),平层,南 北,一梯两户,简装,未知,钢混结构,有,,https://sh.lianjia.com/ershoufang/107101036976.html
浦东,洋泾,BPC陆家嘴创业街区,内环内,480,78689,2室1厅1厨1卫,61O,高楼层 (共17层),暂无数据,南,一梯十七户,其他,50年,钢混结构,暂无数据,,https://sh.lianjia.com/ershoufang/107101341236.html
浦东,洋泾,泾东小区,内环内,370,82204,1室1厅1厨1卫,45.01O,高楼层 (共6层),平层,南,一梯四户,精装,70年,砖混结构,无,,https://sh.lianjia.com/ershoufang/107101119390.html
浦东,洋泾,凌高小区,内环内,410,55730,2室1厅1厨1卫,73.57O,低楼层 (共24层),平层,西南,三梯十二户,精装,70年,钢混结构,有,,https://sh.lianjia.com/ershoufang/107101015926.html
浦东,洋泾,崮山小区四街坊,近6号线德平路站,550,84995,2室1厅0厨1卫,64.71O,低楼层 (共6层),暂无数据,南,一梯两户,简装,70年,砖混结构,无,,https://sh.lianjia.com/ershoufang/107101519057.html
浦东,洋泾,泾东小区,内环内,345,85608,1室1厅1厨1卫,40.3O,低楼层 (共6层),平层,南,一梯四户,简装,70年,砖混结构,无,,https://sh.lianjia.com/ershoufang/107101117292.html
浦东,洋泾,泾东小区,内环内,420,78169,1室1厅1厨1卫,53.73O,低楼层 (共25层),暂无数据,南,两梯八户,简装,70年,钢混结构,有,,https://sh.lianjia.com/ershoufang/107101329543.html
浦东,洋泾,栖山小区,内环内,250,64185,1室1厅1厨1卫,38.95O,低楼层 (共6层),暂无数据,南,一梯三户,精装,未知,砖混结构,无,,https://sh.lianjia.com/ershoufang/107101380758.html
浦东,洋泾,西镇小区(浦东),内环内,415,78096,2室1厅1厨1卫,53.14O,高楼层 (共7层),暂无数据,南 北,一梯四户,简装,未知,钢混结构,无,,https://sh.lianjia.com/ershoufang/107101376730.html
浦东,洋泾,巨东小区,内环内,510,91826,2室1厅1厨1卫,55.54O,中楼层 (共6层),暂无数据,南,一梯五户,简装,70年,砖混结构,无,,https://sh.lianjia.com/ershoufang/107101276986.html
浦东,洋泾,阳二小区,内环内,267,56401,2室1厅1厨1卫,47.34O,高楼层 (共6层),跃层,南,一梯四户,精装,未知,砖混结构,无,,https://sh.lianjia.com/ershoufang/107100447988.html
浦东,洋泾,巨东小区,内环内,620,80625,3室1厅1厨1卫,76.9O,高楼层 (共6层),平层,南,一梯两户,精装,70年,砖混结构,无,,https://sh.lianjia.com/ershoufang/107101267891.html
浦东,洋泾,海苑大厦,内环内,950,70570,3室2厅1厨1卫,134.62O,高楼层 (共25层),平层,南,两梯六户,精装,未知,钢混结构,有,,https://sh.lianjia.com/ershoufang/107001464035.html
浦东,洋泾,永安新村,内环内,190,58140,1室0厅1厨1卫,32.68O,高楼层 (共6层),平层,南,一梯四户,精装,70年,砖混结构,无,,https://sh.lianjia.com/ershoufang/107100967505.html
浦东,洋泾,海三小区,内环内,260,57778,1室1厅1厨1卫,45O,高楼层 (共6层),平层,南,一梯两户,精装,未知,砖混结构,无,,https://sh.lianjia.com/ershoufang/107100725329.html
浦东,洋泾,巨野公寓,内环内,560,65860,2室1厅1厨1卫,85.03O,高楼层 (共6层),平层,南 北,一梯两户,简装,未知,砖混结构,无,,https://sh.lianjia.com/ershoufang/107101475247.html
浦东,洋泾,泾东小区,内环内,500,57452,2室1厅1厨1卫,87.03O,低楼层 (共25层),暂无数据,西北,两梯八户,简装,70年,钢混结构,有,,https://sh.lianjia.com/ershoufang/107001667519.html
浦东,洋泾,博山小区,内环内,365,55811,2室1厅1厨1卫,65.4O,低楼层 (共25层),平层,南,两梯八户,毛坯,70年,钢混结构,有,,https://sh.lianjia.com/ershoufang/107101072463.html
浦东,洋泾,永安新村,内环内,340,50030,2室1厅1厨1卫,67.96O,高楼层 (共6层),平层,南,一梯四户,简装,未知,砖混结构,无,,https://sh.lianjia.com/ershoufang/107100503694.html
浦东,洋泾,巨东小区,内环内,490,94796,2室0厅1厨1卫,51.69O,高楼层 (共6层),平层,南 北,一梯三户,精装,未知,砖混结构,无,,https://sh.lianjia.com/ershoufang/107100907138.html
浦东,洋泾,亚龙国际大厦,内环内,140,28450,1室1厅1厨1卫,49.21O,中楼层 (共16层),暂无数据,南,一梯三十三户,精装,40年,钢混结构,暂无数据,,https://sh.lianjia.com/ershoufang/107000749413.html
浦东,洋泾,旭辉新构想,内环内,995,76551,3室2厅1厨1卫,129.98O,高楼层 (共26层),平层,南,两梯四户,简装,未知,钢混结构,有,,https://sh.lianjia.com/ershoufang/107100140378.html
浦东,洋泾,名门河滨花园,内环内,515,79673,1室2厅1厨1卫,64.64O,中楼层 (共21层),平层,南,两梯八户,精装,未知,钢混结构,有,,https://sh.lianjia.com/ershoufang/107002143387.html
浦东,洋泾,阳光三村,内环内,265,51208,2室0厅1厨1卫,51.75O,高楼层 (共6层),平层,南,一梯四户,简装,未知,砖混结构,无,,https://sh.lianjia.com/ershoufang/107100624854.html
浦东,洋泾,阳二小区,内环内,232,58572,1室1厅1厨1卫,39.61O,中楼层 (共5层),平层,南,一梯四户,其他,未知,砖混结构,无,,https://sh.lianjia.com/ershoufang/107101392702.html
浦东,洋泾,巨西小区,内环内,420,77635,2室1厅1厨1卫,54.1O,高楼层 (共6层),平层,南,一梯四户,精装,未知,砖混结构,无,,https://sh.lianjia.com/ershoufang/107101371789.html
浦东,洋泾,申立苑,内环内,810,77143,2室2厅1厨1卫,105O,低楼层 (共11层),平层,南,一梯两户,精装,70年,钢混结构,有,,https://sh.lianjia.com/ershoufang/107100920065.html
浦东,洋泾,罗山怡景苑,内环内,780,78463,2室2厅1厨1卫,99.41O,中楼层 (共11层),平层,南 北,一梯两户,精装,未知,钢混结构,有,,https://sh.lianjia.com/ershoufang/107101410673.html
浦东,洋泾,阳光三村,内环内,295,56961,2室1厅1厨1卫,51.79O,高楼层 (共6层),跃层,南,一梯四户,简装,未知,砖混结构,无,,https://sh.lianjia.com/ershoufang/107100337040.html
浦东,洋泾,博山小区,内环内,230,57674,1室0厅1厨1卫,39.88O,低楼层 (共6层),平层,南,一梯三户,简装,未知,砖混结构,无,,https://sh.lianjia.com/ershoufang/107101383400.html
浦东,洋泾,泾东小区,内环内,450,70127,2室1厅1厨1卫,64.17O,中楼层 (共25层),暂无数据,东南,两梯八户,简装,70年,钢混结构,有,,https://sh.lianjia.com/ershoufang/107101375470.html
浦东,洋泾,中新家园,内环内,687,91919,2室1厅1厨1卫,74.74O,高楼层 (共6层),平层,南,一梯两户,精装,70年,钢混结构,无,,https://sh.lianjia.com/ershoufang/107101210257.html
浦东,洋泾,龙威名邸,内环内,830,85691,2室2厅1厨1卫,96.86O,中楼层 (共16层),平层,南,两梯四户,精装,未知,钢混结构,有,,https://sh.lianjia.com/ershoufang/107100480344.html
浦东,洋泾,中星恬园,内环内,920,88889,3室2厅2厨1卫,103.5O,低楼层 (共8层),暂无数据,南,一梯三户,简装,未知,钢混结构,有,,https://sh.lianjia.com/ershoufang/107101109589.html
浦东,洋泾,金羽名庭,内环内,872,86784,2室2厅1厨1卫,100.48O,低楼层 (共11层),平层,南,一梯两户,精装,未知,钢混结构,有,,https://sh.lianjia.com/ershoufang/107101336457.html
浦东,洋泾,雅华公寓,内环内,330,47592,2室1厅1厨1卫,69.34O,低楼层 (共24层),平层,东南,两梯八户,其他,70年,钢混结构,有,,https://sh.lianjia.com/ershoufang/107101187441.html
浦东,洋泾,泾东小区,内环内,410,79243,2室1厅1厨1卫,51.74O,中楼层 (共6层),平层,西南,一梯四户,简装,70年,砖混结构,无,,https://sh.lianjia.com/ershoufang/107101030633.html
浦东,洋泾,弘扬沁园,内环内,965,80720,3室2厅1厨2卫,119.55O,中楼层 (共14层),平层,南,一梯两户,精装,70年,钢混结构,有,,https://sh.lianjia.com/ershoufang/107101456794.html
浦东,洋泾,博山小区,内环内,258,58491,1室1厅1厨1卫,44.11O,高楼层 (共6层),平层,南,一梯四户,精装,未知,砖混结构,无,,https://sh.lianjia.com/ershoufang/107100645400.html
浦东,洋泾,泾东小区,内环内,470,71866,2室1厅1厨1卫,65.4O,中楼层 (共25层),平层,南,两梯八户,精装,未知,钢混结构,有,,https://sh.lianjia.com/ershoufang/107101112863.html
浦东,洋泾,泾西一村,内环内,178,60918,1室1厅1厨1卫,29.22O,低楼层 (共5层),平层,南,一梯四户,简装,70年,砖混结构,无,,https://sh.lianjia.com/ershoufang/107100441346.html
浦东,洋泾,博山小区,内环内,245,55543,1室1厅1厨1卫,44.11O,高楼层 (共6层),平层,南,一梯四户,精装,未知,砖混结构,无,,https://sh.lianjia.com/ershoufang/107101241405.html
浦东,洋泾,崮山小区一街坊,内环内,535,87177,2室1厅0厨1卫,61.37O,高楼层 (共6层),平层,南,一梯两户,简装,70年,砖混结构,无,,https://sh.lianjia.com/ershoufang/107101499965.html
浦东,洋泾,凌四小区,内环内,350,64696,2室1厅1厨1卫,54.1O,高楼层 (共6层),平层,南,一梯四户,精装,未知,砖混结构,无,,https://sh.lianjia.com/ershoufang/107101453273.html
浦东,洋泾,泾东小区,内环内,348,83594,1室1厅1厨1卫,41.63O,中楼层 (共6层),平层,南,一梯四户,简装,70年,砖混结构,无,,https://sh.lianjia.com/ershoufang/107100448142.html
浦东,洋泾,弘扬沁园,内环内,580,83646,1室1厅0厨1卫,69.34O,高楼层 (共12层),平层,西南,一梯三户,精装,70年,钢混结构,有,,https://sh.lianjia.com/ershoufang/107101456145.html
浦东,洋泾,名门世家(浦东),内环内,685,73341,2室1厅1厨1卫,93.4O,中楼层 (共5层),平层,南,一梯两户,精装,70年,砖混结构,无,,https://sh.lianjia.com/ershoufang/107101309814.html
浦东,洋泾,中新家园,内环内,998,75027,4室2厅1厨2卫,133.02O,高楼层 (共6层),复式,南 北,一梯两户,简装,70年,钢混结构,无,,https://sh.lianjia.com/ershoufang/107101260257.html
浦东,洋泾,金羽名庭,内环内,1200,99470,3室2厅1厨1卫,120.64O,中楼层 (共14层),平层,南 北,一梯两户,精装,未知,钢混结构,有,,https://sh.lianjia.com/ershoufang/107101509938.html
浦东,洋泾,永安新村,内环内,275,55310,2室0厅1厨1卫,49.72O,高楼层 (共6层),平层,南,一梯四户,精装,70年,砖混结构,无,,https://sh.lianjia.com/ershoufang/107101021728.html
浦东,洋泾,阳二小区,内环内,200,52549,1室1厅1厨1卫,38.06O,中楼层 (共6层),平层,南,一梯五户,简装,70年,砖混结构,无,,https://sh.lianjia.com/ershoufang/107101059890.html
浦东,洋泾,广洋华景苑,内环内,1350,102584,3室2厅1厨2卫,131.6O,高楼层 (共18层),暂无数据,南,一梯三户,精装,未知,钢混结构,有,,https://sh.lianjia.com/ershoufang/107000113209.html
浦东,洋泾,泾华新村,内环内,265,53808,1室1厅1厨1卫,49.25O,高楼层 (共6层),平层,南,一梯两户,简装,未知,砖混结构,无,,https://sh.lianjia.com/ershoufang/107101474890.html
浦东,洋泾,广洋华景苑,内环内,740,113899,1室2厅1厨1卫,64.97O,高楼层 (共16层),平层,南,一梯三户,精装,未知,钢混结构,有,,https://sh.lianjia.com/ershoufang/107101194531.html
浦东,洋泾,泾华新村,内环内,300,55016,1室1厅1厨1卫,54.53O,高楼层 (共6层),平层,南,一梯两户,精装,70年,砖混结构,无,,https://sh.lianjia.com/ershoufang/107101386976.html
浦东,洋泾,崮山小区四街坊,近6号线德平路站,499,104154,2室0厅1厨1卫,47.91O,低楼层 (共6层),平层,南,一梯两户,毛坯,70年,砖混结构,无,,https://sh.lianjia.com/ershoufang/107100436609.html
浦东,洋泾,博山小区,内环内,305,55586,1室1厅1厨1卫,54.87O,中楼层 (共25层),平层,暂无数据,一梯八户,其他,未知,钢混结构,有,,https://sh.lianjia.com/ershoufang/107002330089.html
浦东,洋泾,南洋苑,内环内,1249,79737,3室3厅1厨2卫,156.64O,高楼层 (共5层),暂无数据,南,一梯两户,精装,未知,砖混结构,无,,https://sh.lianjia.com/ershoufang/107101487634.html
浦东,洋泾,栖山小区,内环内,230,62045,1室1厅1厨1卫,37.07O,高楼层 (共6层),暂无数据,南,一梯四户,其他,未知,砖混结构,无,,https://sh.lianjia.com/ershoufang/107101517483.html
浦东,洋泾,凌高小区,内环内,405,64614,2室1厅1厨1卫,62.68O,中楼层 (共24层),平层,南 北,两梯八户,简装,70年,钢混结构,有,,https://sh.lianjia.com/ershoufang/107101281445.html
浦东,洋泾,东方城市公寓,内环内,690,79880,1室2厅1厨1卫,86.38O,中楼层 (共22层),暂无数据,南,两梯三户,精装,未知,钢混结构,有,,https://sh.lianjia.com/ershoufang/107101370136.html
浦东,洋泾,海防新村,内环内,360,48993,3室1厅1厨1卫,73.48O,高楼层 (共6层),暂无数据,南,一梯三户,简装,未知,砖混结构,无,,https://sh.lianjia.com/ershoufang/107101480456.html
浦东,洋泾,阳光三村,内环内,300,57538,2室1厅1厨1卫,52.14O,高楼层 (共6层),平层,南,一梯四户,精装,未知,砖混结构,无,,https://sh.lianjia.com/ershoufang/107101283092.html
浦东,洋泾,陆家嘴滨江公馆,内环内,460,60210,2室2厅1厨1卫,76.4O,低楼层 (共29层),暂无数据,东南,三梯九户,精装,未知,钢混结构,有,,https://sh.lianjia.com/ershoufang/107100725723.html
浦东,洋泾,崮山小区四街坊,近6号线德平路站,550,79919,2室1厅1厨1卫,68.82O,高楼层 (共6层),平层,南 北,一梯两户,简装,70年,砖混结构,无,,https://sh.lianjia.com/ershoufang/107100727763.html
浦东,洋泾,凌三小区,内环内,248,65212,1室1厅1厨1卫,38.03O,中楼层 (共7层),平层,南,一梯四户,精装,未知,钢混结构,无,,https://sh.lianjia.com/ershoufang/107100010993.html
浦东,洋泾,泾东小区,内环内,479,73242,2室1厅1厨1卫,65.4O,低楼层 (共25层),暂无数据,南,两梯八户,简装,70年,钢混结构,有,,https://sh.lianjia.com/ershoufang/107100733993.html
浦东,洋泾,亚龙国际大厦,内环内,220,32160,2室1厅1厨2卫,68.41O,低楼层 (共16层),平层,南,一梯三十三户,精装,40年,钢混结构,暂无数据,,https://sh.lianjia.com/ershoufang/107100380857.html
浦东,洋泾,崮山小区三街坊,近6号线德平路站,585,84993,2室1厅1厨1卫,68.83O,低楼层 (共6层),平层,南,一梯两户,简装,70年,砖混结构,无,,https://sh.lianjia.com/ershoufang/107100242829.html
浦东,洋泾,洋泾花园城,内环内,610,68157,2室2厅1厨1卫,89.5O,高楼层 (共6层),平层,南,一梯两户,精装,未知,砖混结构,无,,https://sh.lianjia.com/ershoufang/107101410512.html
浦东,洋泾,明珠苑(浦东),内环内,615,87099,2室2厅1厨1卫,70.61O,中楼层 (共6层),暂无数据,南,一梯四户,精装,未知,砖混结构,无,,https://sh.lianjia.com/ershoufang/107001343535.html
浦东,洋泾,名门世家(浦东),内环内,690,67095,2室2厅1厨1卫,102.84O,中楼层 (共13层),平层,西南,一梯两户,其他,70年,钢混结构,有,,https://sh.lianjia.com/ershoufang/107101361126.html
浦东,洋泾,羽北小区,内环内,600,85862,2室1厅1厨1卫,69.88O,低楼层 (共6层),暂无数据,南,一梯两户,精装,未知,砖混结构,无,,https://sh.lianjia.com/ershoufang/107100755075.html
浦东,洋泾,名门世家(浦东),内环内,550,57292,3室1厅1厨1卫,96O,低楼层 (共7层),暂无数据,南,一梯两户,其他,70年,钢混结构,暂无数据,,https://sh.lianjia.com/ershoufang/107100710466.html
浦东,洋泾,栖山路450弄,内环内,280,56853,1室1厅1厨1卫,49.25O,中楼层 (共6层),平层,南,一梯四户,简装,未知,砖混结构,无,,https://sh.lianjia.com/ershoufang/107101068184.html
浦东,洋泾,广洋华景苑,内环内,950,95680,2室2厅1厨1卫,99.29O,高楼层 (共15层),平层,南,一梯三户,精装,未知,钢混结构,有,,https://sh.lianjia.com/ershoufang/107101110700.html
浦东,洋泾,巨杨小区,内环内,400,78309,2室1厅1厨1卫,51.08O,低楼层 (共6层),暂无数据,南 北,一梯四户,简装,未知,砖混结构,无,,https://sh.lianjia.com/ershoufang/107101427974.html
浦东,洋泾,崮山小区一街坊,内环内,549,89458,2室1厅1厨1卫,61.37O,低楼层 (共6层),平层,南,一梯两户,简装,70年,砖混结构,无,,https://sh.lianjia.com/ershoufang/107101128566.html
浦东,洋泾,泾西一村,内环内,420,59155,3室1厅1厨1卫,71O,中楼层 (共5层),暂无数据,南,一梯四户,精装,70年,砖混结构,无,,https://sh.lianjia.com/ershoufang/107101501105.html
浦东,洋泾,凌高小区,内环内,495,54164,2室2厅1厨1卫,91.39O,高楼层 (共24层),平层,南,三梯十户,精装,70年,钢混结构,有,,https://sh.lianjia.com/ershoufang/107101421434.html
浦东,洋泾,心中家园,内环内,860,75638,2室2厅1厨1卫,113.7O,中楼层 (共9层),平层,南,一梯两户,简装,未知,钢混结构,有,,https://sh.lianjia.com/ershoufang/107101038574.html
浦东,洋泾,名门世家(浦东),内环内,960,58260,3室2厅2厨2卫,164.78O,高楼层 (共12层),跃层,南,一梯两户,简装,70年,钢混结构,有,,https://sh.lianjia.com/ershoufang/107100401606.html
浦东,洋泾,雅华公寓,内环内,580,53899,3室1厅1厨1卫,107.61O,高楼层 (共24层),平层,西南,两梯八户,简装,70年,钢混结构,有,,https://sh.lianjia.com/ershoufang/107100701663.html
浦东,洋泾,中星恬园,内环内,591,109872,1室2厅1厨1卫,53.79O,中楼层 (共8层),暂无数据,南,一梯三户,简装,70年,钢混结构,有,,https://sh.lianjia.com/ershoufang/107101386923.html
浦东,洋泾,凌三小区,内环内,360,61215,2室1厅1厨1卫,58.81O,中楼层 (共6层),平层,南,一梯四户,精装,未知,砖混结构,无,,https://sh.lianjia.com/ershoufang/107101242550.html
浦东,洋泾,陆家嘴滨江公馆,内环内,520,68063,2室1厅1厨1卫,76.4O,低楼层 (共29层),暂无数据,西南,三梯九户,精装,未知,钢混结构,有,,https://sh.lianjia.com/ershoufang/107001980121.html
浦东,洋泾,中星怡景花园,内环内,950,82876,3室1厅1厨1卫,114.63O,低楼层 (共14层),平层,南 北,两梯两户,精装,未知,钢混结构,有,,https://sh.lianjia.com/ershoufang/107100622291.html
浦东,洋泾,森林湾公寓,内环内,880,89824,2室2厅1厨1卫,97.97O,中楼层 (共6层),暂无数据,南,一梯两户,精装,未知,钢混结构,无,,https://sh.lianjia.com/ershoufang/107100046973.html
浦东,洋泾,西镇小区(浦东),内环内,400,73951,2室1厅1厨1卫,54.09O,高楼层 (共6层),平层,南,一梯三户,简装,未知,砖混结构,无,,https://sh.lianjia.com/ershoufang/107101457974.html
浦东,洋泾,张杨南苑,内环内,500,100726,1室1厅1厨1卫,49.64O,低楼层 (共6层),暂无数据,南,一梯两户,简装,未知,砖混结构,无,,https://sh.lianjia.com/ershoufang/107101517532.html
浦东,洋泾,旭辉新构想,内环内,810,80871,2室2厅1厨1卫,100.16O,中楼层 (共26层),平层,南,两梯四户,精装,未知,钢混结构,有,,https://sh.lianjia.com/ershoufang/107101470838.html
浦东,洋泾,永安新村,内环内,270,50374,2室1厅1厨1卫,53.6O,高楼层 (共6层),平层,南,一梯四户,简装,未知,砖混结构,无,,https://sh.lianjia.com/ershoufang/107101044685.html
浦东,洋泾,张杨花苑,内环内,890,60764,3室2厅1厨2卫,146.47O,低楼层 (共14层),平层,南,一梯两户,精装,未知,钢混结构,有,,https://sh.lianjia.com/ershoufang/107100386362.html
浦东,洋泾,新城海上名园,内环内,1260,93051,3室2厅1厨2卫,135.41O,低楼层 (共14层),平层,南 北,一梯两户,精装,未知,钢混结构,有,,https://sh.lianjia.com/ershoufang/107100345082.html
浦东,洋泾,名门世家(浦东),内环内,970,65005,3室2厅1厨2卫,149.22O,低楼层 (共11层),平层,南,一梯三户,简装,70年,钢混结构,有,,https://sh.lianjia.com/ershoufang/107101083795.html
浦东,洋泾,崮山小区四街坊,近6号线德平路站,560,92030,2室1厅1厨1卫,60.85O,低楼层 (共6层),平层,南,一梯四户,精装,70年,砖混结构,无,,https://sh.lianjia.com/ershoufang/107100287602.html
浦东,洋泾,巨野路109弄,内环内,255,55339,1室1厅1厨1卫,46.08O,中楼层 (共6层),平层,南,一梯四户,精装,未知,砖混结构,无,,https://sh.lianjia.com/ershoufang/107101338426.html
浦东,洋泾,巨西小区,内环内,420,77850,2室1厅1厨2卫,53.95O,高楼层 (共6层),平层,南,一梯四户,简装,70年,砖混结构,无,,https://sh.lianjia.com/ershoufang/107101311297.html
浦东,洋泾,海防新村,内环内,235,46269,2室1厅1厨1卫,50.79O,高楼层 (共6层),暂无数据,南,一梯四户,简装,未知,砖混结构,无,,https://sh.lianjia.com/ershoufang/107101428008.html
浦东,洋泾,中星海上景庭,内环内,1000,68000,4室2厅1厨2卫,147.06O,低楼层 (共14层),暂无数据,暂无数据,一梯两户,精装,未知,钢混结构,有,,https://sh.lianjia.com/ershoufang/107002300721.html
浦东,洋泾,巨东小区,内环内,470,99577,1室1厅1厨1卫,47.2O,高楼层 (共6层),平层,西南,一梯三户,精装,70年,砖混结构,无,,https://sh.lianjia.com/ershoufang/107101217003.html
浦东,洋泾,羽北小区,内环内,780,65448,3室2厅1厨1卫,119.18O,中楼层 (共6层),平层,南,一梯三户,简装,未知,砖混结构,无,,https://sh.lianjia.com/ershoufang/107101246829.html
浦东,洋泾,维多利华庭,内环内,1104,79764,3室2厅1厨2卫,138.41O,低楼层 (共14层),暂无数据,南,一梯两户,精装,未知,钢混结构,有,,https://sh.lianjia.com/ershoufang/107100494963.html
浦东,洋泾,泾华新村,内环内,285,57986,1室1厅1厨1卫,49.15O,中楼层 (共6层),平层,南,一梯两户,简装,未知,砖混结构,无,,https://sh.lianjia.com/ershoufang/107101005164.html
浦东,洋泾,阳二小区,内环内,230,62450,1室1厅1厨1卫,36.83O,中楼层 (共6层),暂无数据,南,一梯三户,其他,未知,砖混结构,无,,https://sh.lianjia.com/ershoufang/107101462147.html
浦东,洋泾,中新家园,内环内,540,97986,1室1厅1厨1卫,55.11O,高楼层 (共6层),暂无数据,东 南 北,一梯两户,精装,未知,钢混结构,无,,https://sh.lianjia.com/ershoufang/107002103599.html
浦东,洋泾,中星恬园,内环内,815,79645,2室2厅1厨1卫,102.33O,低楼层 (共9层),平层,南,一梯三户,精装,未知,钢混结构,有,,https://sh.lianjia.com/ershoufang/107000106697.html
浦东,洋泾,中星怡景花园,内环内,1438,98258,3室2厅1厨2卫,146.35O,低楼层 (共18层),平层,南,两梯两户,精装,70年,钢混结构,有,,https://sh.lianjia.com/ershoufang/107101298136.html
浦东,洋泾,名门世家(浦东),内环内,580,72755,2室2厅1厨1卫,79.72O,高楼层 (共12层),平层,西南,一梯六户,精装,未知,钢混结构,有,,https://sh.lianjia.com/ershoufang/107101046362.html
浦东,洋泾,巨杨小区,内环内,415,80302,2室1厅1厨1卫,51.68O,高楼层 (共6层),平层,南 北,一梯四户,简装,未知,砖混结构,无,,https://sh.lianjia.com/ershoufang/107101506546.html
浦东,洋泾,陆家嘴滨江公馆,内环内,490,64137,2室1厅1厨1卫,76.4O,中楼层 (共29层),暂无数据,南,三梯九户,精装,未知,钢混结构,有,,https://sh.lianjia.com/ershoufang/107101229775.html
浦东,洋泾,凌四小区,内环内,270,66932,1室1厅1厨1卫,40.34O,低楼层 (共6层),平层,南,一梯四户,其他,未知,砖混结构,无,,https://sh.lianjia.com/ershoufang/107100509033.html
浦东,洋泾,巨东小区,内环内,585,83715,2室1厅1厨1卫,69.88O,高楼层 (共6层),平层,南 北,一梯两户,精装,70年,砖混结构,无,,https://sh.lianjia.com/ershoufang/107101190740.html
浦东,洋泾,巨西小区,内环内,425,80265,2室1厅1厨2卫,52.95O,低楼层 (共6层),暂无数据,南 北,一梯四户,精装,未知,砖混结构,无,,https://sh.lianjia.com/ershoufang/107101342617.html
浦东,洋泾,博山小区,内环内,385,57904,2室1厅1厨1卫,66.49O,低楼层 (共25层),平层,南,两梯八户,简装,70年,钢混结构,有,,https://sh.lianjia.com/ershoufang/107100728799.html
浦东,洋泾,西镇小区(浦东),内环内,330,66040,1室1厅1厨1卫,49.97O,高楼层 (共6层),暂无数据,南,一梯五户,其他,未知,砖混结构,无,,https://sh.lianjia.com/ershoufang/107101511313.html
浦东,洋泾,张杨南苑,内环内,580,82633,2室1厅0厨1卫,70.19O,高楼层 (共6层),暂无数据,东南,一梯四户,其他,未知,砖混结构,无,,https://sh.lianjia.com/ershoufang/107101509525.html
浦东,洋泾,森林湾公寓,内环内,1030,89550,3室2厅1厨2卫,115.02O,中楼层 (共7层),平层,南,一梯两户,精装,未知,钢混结构,无,,https://sh.lianjia.com/ershoufang/107101339566.html
浦东,洋泾,海苑大厦,内环内,945,70198,3室2厅1厨2卫,134.62O,低楼层 (共25层),平层,南,两梯六户,精装,未知,钢混结构,有,,https://sh.lianjia.com/ershoufang/107101099266.html
浦东,洋泾,博山小区,内环内,233,50488,1室1厅1厨1卫,46.15O,高楼层 (共6层),平层,东 南 北,一梯四户,简装,未知,砖混结构,无,,https://sh.lianjia.com/ershoufang/107101430330.html
浦东,洋泾,崮山小区四街坊,近6号线德平路站,550,86560,2室1厅1厨1卫,63.54O,高楼层 (共6层),平层,南,一梯四户,精装,70年,砖混结构,无,,https://sh.lianjia.com/ershoufang/107101334765.html
浦东,洋泾,雅华公寓,内环内,310,53979,2室0厅1厨1卫,57.43O,低楼层 (共24层),平层,南,两梯八户,简装,70年,钢混结构,有,,https://sh.lianjia.com/ershoufang/107101241801.html
浦东,洋泾,凌一小区,内环内,420,64025,3室1厅1厨1卫,65.6O,高楼层 (共6层),平层,南,一梯三户,简装,未知,砖混结构,无,,https://sh.lianjia.com/ershoufang/107101231622.html
浦东,洋泾,羽北小区,内环内,585,75271,2室1厅1厨1卫,77.72O,高楼层 (共6层),暂无数据,南 北,一梯四户,精装,未知,砖混结构,无,,https://sh.lianjia.com/ershoufang/107101011940.html
浦东,洋泾,崮山小区二街坊,近6号线德平路站,620,78472,3室1厅1厨1卫,79.01O,高楼层 (共6层),暂无数据,南,一梯两户,简装,未知,砖混结构,无,,https://sh.lianjia.com/ershoufang/107101459901.html
浦东,洋泾,海光大楼,内环内,395,78203,2室0厅1厨1卫,50.51O,高楼层 (共18层),暂无数据,东南,两梯八户,简装,未知,钢混结构,有,,https://sh.lianjia.com/ershoufang/107101279944.html
浦东,洋泾,凌四小区,内环内,350,64696,2室1厅0厨1卫,54.1O,中楼层 (共6层),暂无数据,南,一梯四户,其他,未知,砖混结构,无,,https://sh.lianjia.com/ershoufang/107101519139.html
浦东,洋泾,海防新村,内环内,410,55579,3室1厅1厨1卫,73.77O,高楼层 (共6层),暂无数据,南,一梯三户,简装,未知,砖混结构,无,,https://sh.lianjia.com/ershoufang/107100826910.html
浦东,洋泾,名门世家(浦东),内环内,630,64982,3室2厅1厨1卫,96.95O,高楼层 (共7层),平层,南 北,一梯两户,简装,70年,钢混结构,无,,https://sh.lianjia.com/ershoufang/107101177606.html
浦东,洋泾,西镇小区(浦东),内环内,360,60131,2室1厅1厨1卫,59.87O,高楼层 (共6层),暂无数据,南,一梯五户,简装,未知,砖混结构,无,,https://sh.lianjia.com/ershoufang/107100694242.html
浦东,洋泾,罗山怡景苑,内环内,820,78394,3室1厅1厨1卫,104.6O,低楼层 (共10层),平层,南 北,一梯两户,简装,未知,钢混结构,有,,https://sh.lianjia.com/ershoufang/107101422114.html
浦东,洋泾,西镇小区(浦东),内环内,260,65327,1室1厅1厨1卫,39.8O,中楼层 (共6层),平层,南,一梯五户,精装,未知,砖混结构,无,,https://sh.lianjia.com/ershoufang/107101292719.html
浦东,洋泾,羽山路1000弄,内环内,560,83396,2室1厅1厨1卫,67.15O,低楼层 (共6层),暂无数据,南,一梯两户,精装,未知,砖混结构,无,,https://sh.lianjia.com/ershoufang/107101143222.html
浦东,洋泾,阳二小区,内环内,260,54326,1室1厅1厨1卫,47.86O,中楼层 (共10层),平层,南,两梯九户,精装,70年,钢混结构,有,,https://sh.lianjia.com/ershoufang/107101283453.html
浦东,洋泾,西镇小区(浦东),内环内,322,64439,1室1厅1厨1卫,49.97O,中楼层 (共6层),平层,南,一梯五户,精装,未知,砖混结构,无,,https://sh.lianjia.com/ershoufang/107101271428.html
浦东,洋泾,巨东小区,内环内,520,88950,2室1厅1厨1卫,58.46O,中楼层 (共6层),平层,南,一梯五户,简装,未知,砖混结构,无,,https://sh.lianjia.com/ershoufang/107100145121.html
浦东,洋泾,泾东小区,内环内,450,85813,2室1厅1厨1卫,52.44O,高楼层 (共6层),平层,南,一梯三户,精装,70年,砖混结构,无,,https://sh.lianjia.com/ershoufang/107101444192.html
浦东,洋泾,崮山小区二街坊,近9号线芳甸路站,498,103320,1室1厅0厨1卫,48.2O,低楼层 (共6层),暂无数据,南,一梯两户,毛坯,未知,砖混结构,无,,https://sh.lianjia.com/ershoufang/107101390503.html
浦东,洋泾,卫东新村,内环内,235,58883,1室1厅1厨1卫,39.91O,中楼层 (共5层),平层,南,一梯四户,简装,70年,砖混结构,无,,https://sh.lianjia.com/ershoufang/107101026148.html
浦东,洋泾,凌三小区,内环内,228,59953,1室1厅1厨1卫,38.03O,中楼层 (共7层),平层,南,一梯四户,简装,未知,钢混结构,无,,https://sh.lianjia.com/ershoufang/107101128365.html
浦东,洋泾,西镇小区(浦东),内环内,480,67797,2室1厅1厨1卫,70.8O,中楼层 (共6层),平层,南,一梯五户,精装,未知,砖混结构,无,,https://sh.lianjia.com/ershoufang/107101390551.html
浦东,洋泾,亚龙国际大厦,内环内,140,28450,1室1厅1厨1卫,49.21O,中楼层 (共16层),暂无数据,南,一梯三十三户,精装,40年,钢混结构,暂无数据,,https://sh.lianjia.com/ershoufang/107000745299.html
浦东,洋泾,凌四小区,内环内,295,59887,1室1厅1厨1卫,49.26O,高楼层 (共6层),平层,南,一梯四户,简装,未知,砖混结构,无,,https://sh.lianjia.com/ershoufang/107100938837.html
浦东,洋泾,西镇小区(浦东),内环内,200,82816,1室0厅1厨1卫,24.15O,高楼层 (共6层),暂无数据,北,一梯五户,简装,未知,砖混结构,无,,https://sh.lianjia.com/ershoufang/107101098658.html
浦东,洋泾,泾东小区,内环内,408,75936,1室1厅1厨1卫,53.73O,高楼层 (共25层),暂无数据,南,两梯八户,简装,70年,钢混结构,有,,https://sh.lianjia.com/ershoufang/107101517949.html
浦东,洋泾,崮山小区二街坊,近9号线芳甸路站,645,81636,3室1厅1厨1卫,79.01O,高楼层 (共6层),暂无数据,南,一梯两户,精装,未知,砖混结构,无,,https://sh.lianjia.com/ershoufang/107101205462.html
浦东,洋泾,卫东新村,内环内,238,58751,1室1厅1厨1卫,40.51O,中楼层 (共6层),平层,南,一梯六户,简装,70年,砖混结构,无,,https://sh.lianjia.com/ershoufang/107101339276.html
浦东,洋泾,张杨南苑,内环内,615,87845,2室1厅1厨1卫,70.01O,中楼层 (共6层),暂无数据,南,一梯两户,精装,70年,砖混结构,无,,https://sh.lianjia.com/ershoufang/107001674999.html
浦东,洋泾,洋泾花园城,内环内,430,69760,1室1厅1厨1卫,61.64O,低楼层 (共6层),平层,南,一梯两户,精装,未知,砖混结构,无,,https://sh.lianjia.com/ershoufang/107101125844.html
浦东,洋泾,中新家园,内环内,692,96568,2室2厅1厨1卫,71.66O,低楼层 (共6层),平层,南,一梯两户,精装,未知,钢混结构,无,,https://sh.lianjia.com/ershoufang/107101081725.html
浦东,洋泾,阳二小区,内环内,203,57573,1室0厅1厨1卫,35.26O,中楼层 (共5层),平层,南,一梯四户,简装,70年,砖混结构,无,,https://sh.lianjia.com/ershoufang/107101486458.html
浦东,洋泾,海防新村,内环内,175,59022,1室1厅1厨1卫,29.65O,高楼层 (共6层),平层,南,一梯四户,简装,未知,砖混结构,无,,https://sh.lianjia.com/ershoufang/107101167566.html
浦东,洋泾,巨东小区,内环内,480,92862,2室1厅1厨1卫,51.69O,高楼层 (共6层),平层,南,一梯三户,精装,未知,砖混结构,无,,https://sh.lianjia.com/ershoufang/107100413928.html
浦东,洋泾,凌三小区,内环内,220,66067,1室0厅1厨1卫,33.3O,低楼层 (共7层),平层,南,一梯四户,简装,未知,钢混结构,无,,https://sh.lianjia.com/ershoufang/107101359292.html
浦东,洋泾,崮山小区二街坊,近6号线德平路站,688,83842,3室1厅1厨1卫,82.06O,低楼层 (共6层),平层,南,一梯两户,简装,未知,砖混结构,无,,https://sh.lianjia.com/ershoufang/107101328362.html
浦东,洋泾,凌四小区,内环内,275,69975,1室1厅1厨1卫,39.3O,中楼层 (共6层),暂无数据,南,一梯四户,简装,未知,砖混结构,无,,https://sh.lianjia.com/ershoufang/107101437130.html
浦东,洋泾,海三小区,内环内,340,68205,2室1厅1厨1卫,49.85O,高楼层 (共6层),平层,南 北,一梯两户,精装,未知,砖混结构,无,,https://sh.lianjia.com/ershoufang/107101128096.html
浦东,洋泾,铂悦滨江,内环内,1970,116500,4室2厅1厨2卫,169.1O,高楼层 (共17层),平层,南,一梯两户,精装,70年,钢混结构,暂无数据,,https://sh.lianjia.com/ershoufang/107101009609.html
浦东,洋泾,巨野公寓,内环内,420,66121,2室1厅1厨1卫,63.52O,高楼层 (共6层),平层,南,一梯三户,精装,未知,砖混结构,无,,https://sh.lianjia.com/ershoufang/107101398880.html
浦东,洋泾,龙威名邸,内环内,830,85691,2室2厅1厨1卫,96.86O,低楼层 (共19层),平层,南,两梯四户,精装,未知,钢混结构,有,,https://sh.lianjia.com/ershoufang/107100466610.html
浦东,洋泾,第五大道,内环内,1385,96094,3室2厅1厨2卫,144.13O,中楼层 (共13层),平层,南,两梯两户,精装,未知,钢混结构,有,,https://sh.lianjia.com/ershoufang/107101460064.html
浦东,洋泾,栖山小区,内环内,240,61618,1室1厅1厨1卫,38.95O,中楼层 (共6层),平层,南,一梯三户,简装,未知,砖混结构,无,,https://sh.lianjia.com/ershoufang/107100304746.html
浦东,洋泾,和达家园,内环内,810,63881,3室2厅1厨1卫,126.8O,高楼层 (共6层),平层,南,一梯两户,简装,未知,钢混结构,无,,https://sh.lianjia.com/ershoufang/107101069170.html
浦东,洋泾,博山小区,内环内,325,55987,2室1厅1厨1卫,58.05O,高楼层 (共6层),平层,南,一梯三户,简装,未知,砖混结构,无,,https://sh.lianjia.com/ershoufang/107101067282.html
浦东,洋泾,申立苑,内环内,960,71001,3室2厅1厨2卫,135.21O,中楼层 (共6层),平层,南,一梯两户,精装,未知,钢混结构,无,,https://sh.lianjia.com/ershoufang/107100762069.html
浦东,洋泾,羽山路1000弄,内环内,950,70122,3室3厅1厨2卫,135.48O,高楼层 (共6层),复式,南 北,一梯两户,简装,未知,砖混结构,无,,https://sh.lianjia.com/ershoufang/107101355234.html
浦东,洋泾,凌四小区,内环内,318,58349,2室0厅1厨1卫,54.5O,中楼层 (共6层),平层,南 北,一梯四户,精装,未知,砖混结构,无,,https://sh.lianjia.com/ershoufang/107100577676.html
浦东,洋泾,铂悦滨江,内环内,1020,115047,2室2厅1厨1卫,88.66O,低楼层 (共17层),平层,南 北,两梯四户,精装,70年,钢混结构,有,,https://sh.lianjia.com/ershoufang/107100565952.html
浦东,洋泾,崮山小区一街坊,内环内,538,83697,2室1厅1厨1卫,64.28O,高楼层 (共6层),平层,南,一梯四户,简装,70年,砖混结构,无,,https://sh.lianjia.com/ershoufang/107101421487.html
浦东,洋泾,崮山小区三街坊,近6号线德平路站,580,82610,2室2厅1厨1卫,70.21O,高楼层 (共6层),暂无数据,南,一梯两户,简装,70年,砖混结构,无,,https://sh.lianjia.com/ershoufang/107101499072.html
浦东,洋泾,第五大道,内环内,1400,97507,3室2厅1厨2卫,143.58O,低楼层 (共7层),暂无数据,南,一梯两户,精装,未知,钢混结构,有,,https://sh.lianjia.com/ershoufang/107100854839.html
浦东,洋泾,中星巨野公寓,内环内,820,75948,3室2厅1厨1卫,107.97O,低楼层 (共6层),平层,南,一梯两户,精装,未知,钢混结构,无,,https://sh.lianjia.com/ershoufang/107101467710.html
浦东,洋泾,阳二小区,内环内,205,55571,1室0厅1厨1卫,36.89O,中楼层 (共5层),平层,南,一梯四户,简装,70年,砖混结构,无,,https://sh.lianjia.com/ershoufang/107100751407.html
浦东,洋泾,泾西一村,内环内,248,56275,2室1厅1厨1卫,44.07O,高楼层 (共6层),平层,南 北,一梯三户,精装,70年,砖混结构,无,,https://sh.lianjia.com/ershoufang/107101436449.html
浦东,洋泾,博山小区,内环内,260,58944,1室1厅1厨1卫,44.11O,中楼层 (共6层),平层,南,一梯四户,精装,未知,砖混结构,无,,https://sh.lianjia.com/ershoufang/107100645113.html
浦东,洋泾,西镇小区(浦东),内环内,410,75368,2室1厅1厨1卫,54.4O,中楼层 (共7层),平层,南 北,一梯三户,精装,未知,钢混结构,无,,https://sh.lianjia.com/ershoufang/107100108841.html
浦东,洋泾,凌高小区,内环内,550,52885,3室1厅1厨1卫,104O,中楼层 (共24层),平层,南,两梯八户,简装,未知,钢混结构,有,,https://sh.lianjia.com/ershoufang/107101477164.html
浦东,洋泾,博山小区,内环内,275,49666,2室1厅1厨1卫,55.37O,高楼层 (共6层),平层,南,一梯四户,简装,未知,砖混结构,无,,https://sh.lianjia.com/ershoufang/107100604868.html
浦东,洋泾,泾东小区,内环内,415,81501,2室1厅1厨1卫,50.92O,低楼层 (共6层),平层,南,一梯三户,简装,未知,砖混结构,无,,https://sh.lianjia.com/ershoufang/107100856356.html
浦东,洋泾,陆家嘴滨江公馆,内环内,395,59221,2室1厅1厨1卫,66.7O,低楼层 (共29层),平层,南,三梯八户,其他,未知,钢混结构,有,,https://sh.lianjia.com/ershoufang/107101487597.html
浦东,洋泾,中星恬园,内环内,1480,86687,4室2厅1厨3卫,170.73O,高楼层 (共18层),平层,南,一梯三户,精装,未知,钢混结构,有,,https://sh.lianjia.com/ershoufang/107100802755.html
浦东,洋泾,万科翡翠滨江（二期）,内环内,1200,108304,2室2厅1厨2卫,110.8O,低楼层 (共26层),平层,南,两梯四户,精装,70年,钢混结构,有,,https://sh.lianjia.com/ershoufang/107101352093.html
浦东,洋泾,张杨花苑,内环内,850,73043,2室2厅1厨1卫,116.37O,中楼层 (共14层),暂无数据,南,一梯两户,简装,未知,钢混结构,有,,https://sh.lianjia.com/ershoufang/107002125329.html
浦东,洋泾,中星海上景庭,内环内,1200,81125,3室2厅1厨2卫,147.92O,中楼层 (共17层),暂无数据,南,一梯两户,精装,未知,钢混结构,有,,https://sh.lianjia.com/ershoufang/107000200013.html
浦东,洋泾,亚龙国际大厦,内环内,165,36667,1室1厅1厨1卫,45O,中楼层 (共16层),暂无数据,南,一梯三十三户,其他,40年,钢混结构,暂无数据,,https://sh.lianjia.com/ershoufang/107100667182.html
浦东,洋泾,崮山小区二街坊,,508,101398,2室1厅0厨1卫,50.1O,中楼层 (共6层),暂无数据,南,一梯两户,简装,未知,砖混结构,无,,https://sh.lianjia.com/ershoufang/107101485517.html
浦东,洋泾,崮山小区二街坊,近9号线芳甸路站,510,101797,2室1厅1厨1卫,50.1O,低楼层 (共6层),平层,南,一梯两户,简装,未知,砖混结构,无,,https://sh.lianjia.com/ershoufang/107101504567.html
浦东,洋泾,和达家园,内环内,736,72951,2室2厅1厨1卫,100.89O,中楼层 (共11层),平层,南 北,一梯两户,简装,未知,钢混结构,有,,https://sh.lianjia.com/ershoufang/107101130162.html
浦东,洋泾,名门世家(浦东),内环内,668,64956,2室1厅1厨1卫,102.84O,中楼层 (共13层),平层,西,一梯六户,精装,70年,钢混结构,有,,https://sh.lianjia.com/ershoufang/107101119761.html
浦东,洋泾,华阳苑,内环内,910,84260,2室2厅1厨1卫,108O,高楼层 (共18层),平层,南,一梯三户,其他,未知,钢混结构,有,,https://sh.lianjia.com/ershoufang/107101351719.html
浦东,洋泾,凌高小区,内环内,580,55770,3室1厅1厨1卫,104O,中楼层 (共24层),平层,南 北,两梯八户,简装,未知,钢混结构,有,,https://sh.lianjia.com/ershoufang/107101125657.html
浦东,洋泾,东方城市公寓,内环内,1280,79321,4室2厅1厨2卫,161.37O,低楼层 (共21层),平层,南,两梯四户,精装,未知,钢混结构,有,,https://sh.lianjia.com/ershoufang/107101210004.html
浦东,洋泾,凌四小区,内环内,240,65112,1室1厅1厨1卫,36.86O,低楼层 (共6层),平层,南,一梯四户,精装,未知,砖混结构,无,,https://sh.lianjia.com/ershoufang/107101146659.html
浦东,洋泾,罗山怡景苑,内环内,1000,77876,3室2厅1厨2卫,128.41O,高楼层 (共10层),暂无数据,南,一梯两户,简装,未知,钢混结构,有,,https://sh.lianjia.com/ershoufang/107101377318.html
浦东,洋泾,巨东小区,内环内,540,88875,2室1厅1厨1卫,60.76O,高楼层 (共6层),平层,东 北,一梯五户,其他,未知,砖混结构,无,,https://sh.lianjia.com/ershoufang/107101358696.html
浦东,洋泾,凌四小区,内环内,260,66158,1室1厅1厨1卫,39.3O,低楼层 (共6层),暂无数据,南,一梯四户,其他,未知,砖混结构,无,,https://sh.lianjia.com/ershoufang/107100651136.html
浦东,洋泾,巨野小区,内环内,260,61452,1室1厅1厨1卫,42.31O,高楼层 (共6层),暂无数据,南,一梯四户,简装,未知,砖混结构,无,,https://sh.lianjia.com/ershoufang/107100099915.html
浦东,洋泾,名门世家(浦东),内环内,865,67589,3室2厅1厨2卫,127.98O,低楼层 (共12层),平层,南,一梯两户,简装,未知,钢混结构,有,,https://sh.lianjia.com/ershoufang/107100481698.html
浦东,洋泾,凌四小区,内环内,250,59144,1室0厅1厨1卫,42.27O,低楼层 (共6层),平层,南,一梯四户,精装,未知,砖混结构,无,,https://sh.lianjia.com/ershoufang/107101059853.html
浦东,洋泾,海防新村,内环内,340,55420,3室0厅1厨1卫,61.35O,高楼层 (共5层),平层,南,一梯三户,简装,未知,砖混结构,无,,https://sh.lianjia.com/ershoufang/107101401619.html
浦东,洋泾,中星恬园,内环内,1250,103435,3室2厅1厨1卫,120.85O,中楼层 (共7层),平层,南,一梯两户,精装,70年,钢混结构,有,,https://sh.lianjia.com/ershoufang/107100752060.html
浦东,洋泾,泾南教师公寓,内环内,890,72270,3室2厅1厨2卫,123.15O,高楼层 (共6层),平层,南,一梯两户,精装,未知,钢混结构,无,,https://sh.lianjia.com/ershoufang/107101242390.html
浦东,洋泾,南洋苑,内环内,450,100067,1室1厅1厨1卫,44.97O,高楼层 (共6层),平层,南,一梯三户,简装,未知,砖混结构,无,,https://sh.lianjia.com/ershoufang/107100990525.html
浦东,洋泾,羽北小区,内环内,568,83888,2室1厅1厨1卫,67.71O,低楼层 (共6层),平层,南,一梯两户,简装,未知,砖混结构,无,,https://sh.lianjia.com/ershoufang/107101097269.html
浦东,洋泾,洋泾花园城,内环内,820,67330,3室2厅1厨2卫,121.79O,中楼层 (共6层),暂无数据,南,一梯两户,精装,未知,砖混结构,无,,https://sh.lianjia.com/ershoufang/107100642713.html
浦东,洋泾,名门世家(浦东),内环内,560,70246,2室1厅1厨1卫,79.72O,高楼层 (共12层),平层,南,一梯四户,精装,70年,钢混结构,有,,https://sh.lianjia.com/ershoufang/107101324595.html
浦东,洋泾,崮山小区一街坊,内环内,525,81674,2室1厅1厨1卫,64.28O,高楼层 (共6层),平层,南,一梯四户,毛坯,70年,砖混结构,无,,https://sh.lianjia.com/ershoufang/107101449365.html
浦东,洋泾,泾东小区,内环内,453,74839,2室1厅1厨1卫,60.53O,高楼层 (共6层),平层,南,一梯三户,简装,未知,砖混结构,无,,https://sh.lianjia.com/ershoufang/107101389107.html
浦东,洋泾,崮山小区四街坊,近6号线德平路站,680,84399,3室1厅1厨1卫,80.57O,中楼层 (共6层),平层,南,一梯两户,精装,70年,砖混结构,无,,https://sh.lianjia.com/ershoufang/107000318371.html
浦东,洋泾,泾南教师公寓,内环内,890,80939,3室1厅1厨1卫,109.96O,高楼层 (共6层),平层,南,一梯两户,简装,未知,钢混结构,无,,https://sh.lianjia.com/ershoufang/107101470823.html
浦东,洋泾,栖山路470弄,内环内,449,60059,2室1厅1厨1卫,74.76O,高楼层 (共6层),平层,南,一梯四户,精装,未知,砖混结构,无,,https://sh.lianjia.com/ershoufang/107101271149.html
浦东,洋泾,泾栖小区,内环内,380,64615,2室1厅1厨1卫,58.81O,高楼层 (共7层),暂无数据,南 北,一梯两户,简装,未知,钢混结构,无,,https://sh.lianjia.com/ershoufang/107100456840.html
浦东,洋泾,西镇小区(浦东),内环内,217,64912,1室0厅1厨1卫,33.43O,高楼层 (共6层),平层,南,一梯五户,简装,未知,砖混结构,无,,https://sh.lianjia.com/ershoufang/107101357702.html
浦东,洋泾,明珠苑(浦东),内环内,835,70715,3室2厅1厨2卫,118.08O,高楼层 (共6层),复式,南,一梯两户,精装,未知,砖混结构,无,,https://sh.lianjia.com/ershoufang/107100804591.html
浦东,洋泾,中星海上景庭,内环内,940,78992,2室1厅1厨2卫,119O,高楼层 (共20层),平层,南,一梯三户,精装,未知,钢混结构,有,,https://sh.lianjia.com/ershoufang/107101415318.html
浦东,洋泾,中新家园,内环内,800,88164,2室1厅1厨1卫,90.74O,中楼层 (共6层),平层,南,一梯两户,简装,70年,钢混结构,无,,https://sh.lianjia.com/ershoufang/107100888927.html
浦东,洋泾,博山小区,内环内,298,55463,1室2厅1厨1卫,53.73O,中楼层 (共25层),暂无数据,南,两梯八户,毛坯,70年,钢混结构,有,,https://sh.lianjia.com/ershoufang/107100774735.html
浦东,洋泾,申立苑,内环内,760,81458,2室2厅1厨1卫,93.3O,低楼层 (共6层),平层,南,一梯两户,简装,70年,钢混结构,无,,https://sh.lianjia.com/ershoufang/107100982342.html
浦东,洋泾,罗山怡景苑,内环内,815,79902,2室2厅1厨2卫,102O,中楼层 (共8层),平层,南,一梯两户,精装,未知,钢混结构,有,,https://sh.lianjia.com/ershoufang/107101481007.html
浦东,洋泾,永安新村,内环内,335,62899,1室1厅1厨1卫,53.26O,高楼层 (共6层),平层,南 北,一梯四户,精装,70年,砖混结构,无,,https://sh.lianjia.com/ershoufang/107101346028.html
浦东,洋泾,洋泾花园城,内环内,390,70845,1室1厅1厨1卫,55.05O,中楼层 (共6层),暂无数据,南,一梯两户,简装,未知,砖混结构,无,,https://sh.lianjia.com/ershoufang/107101226362.html
浦东,洋泾,泾东小区,内环内,355,82386,1室1厅1厨1卫,43.09O,低楼层 (共6层),平层,南,一梯四户,简装,70年,砖混结构,无,,https://sh.lianjia.com/ershoufang/107101082473.html
浦东,洋泾,崮山小区四街坊,近6号线德平路站,700,80322,3室1厅1厨1卫,87.15O,高楼层 (共6层),暂无数据,南,一梯两户,简装,70年,砖混结构,无,,https://sh.lianjia.com/ershoufang/107101422489.html
浦东,洋泾,永安新村,内环内,222,62695,1室1厅1厨1卫,35.41O,低楼层 (共6层),平层,南,一梯四户,精装,未知,砖混结构,无,,https://sh.lianjia.com/ershoufang/107100789130.html
浦东,洋泾,巨野公寓,内环内,520,63890,2室2厅1厨1卫,81.39O,高楼层 (共6层),平层,南 北,一梯三户,精装,未知,砖混结构,无,,https://sh.lianjia.com/ershoufang/107100970260.html
浦东,洋泾,名门世家(浦东),内环内,815,70362,3室2厅1厨2卫,115.83O,低楼层 (共13层),平层,西南,一梯三户,精装,70年,钢混结构,有,,https://sh.lianjia.com/ershoufang/107101400988.html
浦东,洋泾,崮山小区一街坊,内环内,560,91250,2室1厅1厨1卫,61.37O,高楼层 (共6层),平层,南,一梯两户,精装,70年,砖混结构,无,,https://sh.lianjia.com/ershoufang/107100324967.html
浦东,洋泾,海防新村,内环内,253,51538,2室1厅1厨1卫,49.09O,中楼层 (共6层),平层,东南 南,一梯三户,简装,未知,砖混结构,无,,https://sh.lianjia.com/ershoufang/107100792931.html
浦东,洋泾,崮山小区二街坊,近9号线芳甸路站,660,79385,2室2厅1厨2卫,83.14O,低楼层 (共6层),暂无数据,南 北,一梯两户,简装,未知,砖混结构,无,,https://sh.lianjia.com/ershoufang/107101493579.html
浦东,洋泾,泾华新村,内环内,335,65277,1室1厅1厨1卫,51.32O,低楼层 (共6层),暂无数据,南,一梯两户,精装,未知,砖混结构,无,,https://sh.lianjia.com/ershoufang/107101515556.html
浦东,洋泾,海防新村,内环内,210,50036,1室1厅1厨1卫,41.97O,低楼层 (共6层),平层,西南,一梯五户,简装,未知,砖混结构,无,,https://sh.lianjia.com/ershoufang/107101088870.html
浦东,洋泾,海防新村,内环内,350,57861,2室1厅1厨1卫,60.49O,低楼层 (共5层),平层,南,一梯四户,简装,未知,砖混结构,无,,https://sh.lianjia.com/ershoufang/107101470116.html
浦东,洋泾,永安新村,内环内,300,57927,2室1厅1厨1卫,51.79O,低楼层 (共6层),暂无数据,南 北,一梯四户,精装,未知,砖混结构,无,,https://sh.lianjia.com/ershoufang/107100663998.html
浦东,洋泾,绿地泾南公寓,内环内,830,83042,4室2厅1厨2卫,99.95O,高楼层 (共6层),平层,南,一梯两户,精装,未知,砖混结构,无,,https://sh.lianjia.com/ershoufang/107101124753.html
浦东,洋泾,民生四村,内环内,210,67590,1室1厅1厨1卫,31.07O,高楼层 (共6层),平层,南,一梯四户,简装,未知,砖混结构,无,,https://sh.lianjia.com/ershoufang/107101120849.html
浦东,洋泾,陆家嘴滨江公馆,内环内,340,68826,1室1厅1厨1卫,49.4O,中楼层 (共29层),平层,南,三梯九户,精装,未知,钢混结构,有,,https://sh.lianjia.com/ershoufang/107101228686.html
浦东,洋泾,崮山小区三街坊,近6号线德平路站,585,83322,2室1厅1厨1卫,70.21O,高楼层 (共6层),平层,南,一梯两户,精装,70年,砖混结构,无,,https://sh.lianjia.com/ershoufang/107100573870.html
浦东,洋泾,崮山小区二街坊,近9号线芳甸路站,679,81670,3室1厅1厨1卫,83.14O,低楼层 (共6层),平层,南,一梯两户,简装,未知,砖混结构,无,,https://sh.lianjia.com/ershoufang/107101025715.html
浦东,洋泾,申立苑,内环内,960,71648,3室2厅1厨2卫,133.99O,低楼层 (共6层),平层,南 北,一梯两户,简装,70年,钢混结构,无,,https://sh.lianjia.com/ershoufang/107100553016.html
浦东,洋泾,崮山小区四街坊,近6号线德平路站,540,80622,2室2厅1厨1卫,66.98O,低楼层 (共6层),平层,南,一梯两户,精装,70年,砖混结构,无,,https://sh.lianjia.com/ershoufang/107100435939.html
浦东,洋泾,巨野路109弄,内环内,395,55439,2室1厅1厨1卫,71.25O,高楼层 (共6层),暂无数据,西南,一梯四户,简装,未知,砖混结构,无,,https://sh.lianjia.com/ershoufang/107101514870.html
浦东,洋泾,亚龙国际大厦,内环内,163,34542,1室1厅1厨1卫,47.19O,中楼层 (共16层),暂无数据,暂无数据,一梯三十三户,其他,40年,钢混结构,暂无数据,,https://sh.lianjia.com/ershoufang/107000668679.html
浦东,洋泾,中星恬园,内环内,1400,98301,3室2厅1厨2卫,142.42O,低楼层 (共14层),平层,南,一梯两户,精装,70年,钢混结构,有,,https://sh.lianjia.com/ershoufang/107101314790.html
浦东,洋泾,泾东小区,内环内,460,75996,2室1厅1厨1卫,60.53O,中楼层 (共6层),平层,南,一梯三户,精装,未知,钢混结构,有,,https://sh.lianjia.com/ershoufang/107101278804.html
浦东,洋泾,张杨花苑,内环内,815,70036,2室2厅1厨1卫,116.37O,低楼层 (共14层),平层,南 北,一梯两户,简装,未知,钢混结构,有,,https://sh.lianjia.com/ershoufang/107101299107.html
浦东,洋泾,博山小区,内环内,340,53309,2室1厅1厨1卫,63.78O,高楼层 (共6层),平层,南,一梯三户,简装,未知,砖混结构,无,,https://sh.lianjia.com/ershoufang/107101135352.html
浦东,洋泾,崮山小区四街坊,近6号线德平路站,630,78193,3室1厅1厨1卫,80.57O,高楼层 (共6层),平层,南,一梯两户,精装,70年,砖混结构,无,,https://sh.lianjia.com/ershoufang/107100700603.html
浦东,洋泾,明珠苑(浦东),内环内,630,82786,2室2厅1厨1卫,76.1O,中楼层 (共6层),平层,南 西,一梯四户,精装,未知,砖混结构,无,,https://sh.lianjia.com/ershoufang/107101418513.html
浦东,洋泾,巨野小区,内环内,225,51488,1室1厅1厨1卫,43.7O,高楼层 (共6层),平层,南,一梯四户,简装,70年,砖混结构,无,,https://sh.lianjia.com/ershoufang/107100200590.html
浦东,洋泾,崮山小区一街坊,内环内,650,88968,2室2厅1厨1卫,73.06O,中楼层 (共6层),平层,南,一梯两户,简装,70年,砖混结构,无,,https://sh.lianjia.com/ershoufang/107100459715.html
浦东,洋泾,金羽名庭,内环内,850,82605,2室2厅1厨1卫,102.9O,高楼层 (共24层),暂无数据,南,一梯三户,精装,未知,钢混结构,有,,https://sh.lianjia.com/ershoufang/107100956479.html
浦东,洋泾,阳二小区,内环内,345,56809,2室1厅1厨1卫,60.73O,中楼层 (共6层),平层,南,一梯四户,简装,70年,砖混结构,无,,https://sh.lianjia.com/ershoufang/107101388937.html
浦东,洋泾,维多利华庭,内环内,815,85871,2室2厅1厨1卫,94.91O,低楼层 (共14层),平层,南,一梯两户,精装,未知,钢混结构,有,,https://sh.lianjia.com/ershoufang/107101412207.html
浦东,洋泾,洋泾花园城,内环内,553,61254,2室1厅1厨2卫,90.28O,高楼层 (共6层),平层,南,一梯两户,精装,未知,砖混结构,无,,https://sh.lianjia.com/ershoufang/107100473282.html
浦东,洋泾,森林湾(二期),内环内,1550,81276,4室2厅1厨3卫,190.71O,低楼层 (共13层),跃层,南,一梯两户,精装,70年,钢混结构,有,,https://sh.lianjia.com/ershoufang/107100287092.html
浦东,洋泾,绿地泾南公寓,内环内,840,87510,3室2厅1厨1卫,95.99O,高楼层 (共6层),平层,南,一梯两户,简装,未知,砖混结构,无,,https://sh.lianjia.com/ershoufang/107101466949.html
浦东,洋泾,泾东小区,内环内,430,73706,2室1厅1厨1卫,58.34O,高楼层 (共6层),平层,南,一梯四户,简装,70年,砖混结构,无,,https://sh.lianjia.com/ershoufang/107101409983.html
浦东,洋泾,洋泾花园城,内环内,420,68138,1室1厅1厨1卫,61.64O,高楼层 (共6层),平层,南,一梯两户,精装,未知,砖混结构,无,,https://sh.lianjia.com/ershoufang/107100893779.html
浦东,洋泾,泾西一村,内环内,249,60732,1室1厅1厨1卫,41O,高楼层 (共6层),平层,南 东,一梯三户,精装,70年,砖混结构,无,,https://sh.lianjia.com/ershoufang/107101394211.html
浦东,洋泾,阳二小区,内环内,275,56066,1室1厅1厨1卫,49.05O,中楼层 (共6层),平层,南,一梯四户,精装,未知,砖混结构,无,,https://sh.lianjia.com/ershoufang/107101312687.html
浦东,洋泾,东方城市公寓,内环内,1250,77607,4室2厅1厨2卫,161.07O,低楼层 (共21层),平层,南,两梯四户,毛坯,未知,钢混结构,有,,https://sh.lianjia.com/ershoufang/107101331000.html
浦东,洋泾,凌三小区,内环内,220,65574,1室1厅1厨1卫,33.55O,中楼层 (共7层),暂无数据,南,一梯四户,简装,未知,钢混结构,无,,https://sh.lianjia.com/ershoufang/107001158215.html
浦东,洋泾,金羽名庭,内环内,1080,86345,3室2厅1厨2卫,125.08O,中楼层 (共14层),暂无数据,南 北,一梯两户,精装,未知,钢混结构,有,,https://sh.lianjia.com/ershoufang/107101337674.html
浦东,洋泾,雅华公寓,内环内,600,55757,3室1厅1厨1卫,107.61O,高楼层 (共24层),平层,东南 东北,两梯八户,其他,70年,钢混结构,有,,https://sh.lianjia.com/ershoufang/107101447884.html
浦东,洋泾,栖山小区,内环内,330,61112,2室1厅1厨1卫,54O,高楼层 (共6层),平层,南 北,一梯五户,简装,70年,砖混结构,无,,https://sh.lianjia.com/ershoufang/107101411720.html
浦东,洋泾,张杨花苑,内环内,1050,71119,3室2厅1厨2卫,147.64O,中楼层 (共14层),平层,南,一梯两户,精装,未知,钢混结构,有,,https://sh.lianjia.com/ershoufang/107100194584.html
浦东,洋泾,巨野小区,内环内,420,65852,3室1厅1厨1卫,63.78O,高楼层 (共6层),平层,南,一梯四户,简装,未知,砖混结构,无,,https://sh.lianjia.com/ershoufang/107101390419.html
浦东,洋泾,泾东小区,内环内,520,59750,2室1厅1厨1卫,87.03O,中楼层 (共25层),平层,西,两梯八户,精装,70年,钢混结构,有,,https://sh.lianjia.com/ershoufang/107101174320.html
浦东,洋泾,博山小区,内环内,380,59627,2室1厅1厨1卫,63.73O,中楼层 (共25层),平层,东南,两梯八户,精装,70年,钢混结构,有,,https://sh.lianjia.com/ershoufang/107101422741.html
浦东,洋泾,中星海上景庭,内环内,950,79759,2室2厅1厨2卫,119.11O,高楼层 (共20层),平层,南,一梯三户,精装,未知,钢混结构,有,,https://sh.lianjia.com/ershoufang/107101464692.html
浦东,洋泾,栖山小区,内环内,335,56096,2室1厅1厨1卫,59.72O,高楼层 (共6层),平层,南,一梯四户,简装,未知,砖混结构,无,,https://sh.lianjia.com/ershoufang/107101100498.html
浦东,洋泾,中星海上景庭,内环内,1300,83307,3室2厅1厨2卫,156.05O,低楼层 (共17层),平层,南,一梯两户,精装,未知,钢混结构,有,,https://sh.lianjia.com/ershoufang/107101153413.html
浦东,洋泾,弘扬沁园,内环内,950,81890,3室2厅1厨2卫,116.01O,低楼层 (共18层),平层,南,一梯两户,精装,70年,钢混结构,有,,https://sh.lianjia.com/ershoufang/107002056417.html
浦东,洋泾,羽北小区,内环内,549,69249,2室1厅1厨1卫,79.28O,中楼层 (共7层),平层,南,一梯两户,简装,70年,钢混结构,无,,https://sh.lianjia.com/ershoufang/107101317562.html
浦东,洋泾,博山小区,内环内,240,54808,1室1厅1厨1卫,43.79O,中楼层 (共6层),平层,南,一梯三户,简装,未知,砖混结构,无,,https://sh.lianjia.com/ershoufang/107101377606.html
浦东,洋泾,永安新村,内环内,160,50633,1室1厅1厨1卫,31.6O,高楼层 (共6层),平层,南,一梯六户,简装,未知,砖混结构,无,,https://sh.lianjia.com/ershoufang/107101141370.html
浦东,洋泾,阳二小区,内环内,220,52294,1室1厅1厨1卫,42.07O,中楼层 (共6层),平层,南,一梯四户,简装,未知,砖混结构,无,,https://sh.lianjia.com/ershoufang/107101073736.html
浦东,洋泾,凌高小区,内环内,510,55592,2室1厅1厨1卫,91.74O,低楼层 (共24层),平层,西南,两梯八户,简装,70年,钢混结构,有,,https://sh.lianjia.com/ershoufang/107101249775.html
浦东,洋泾,明珠苑(浦东),内环内,538,99281,2室1厅1厨1卫,54.19O,低楼层 (共6层),平层,南,一梯三户,简装,未知,砖混结构,无,,https://sh.lianjia.com/ershoufang/107101475075.html
浦东,洋泾,凌高小区,内环内,238,49327,1室1厅1厨1卫,48.25O,低楼层 (共24层),平层,东,三梯十二户,简装,70年,钢混结构,有,,https://sh.lianjia.com/ershoufang/107101332634.html
浦东,洋泾,中星景园,内环内,1345,92638,3室2厅1厨2卫,145.19O,低楼层 (共6层),平层,南,一梯两户,精装,未知,钢混结构,无,,https://sh.lianjia.com/ershoufang/107100715590.html
浦东,洋泾,海炼大楼,内环内,500,72286,2室1厅1厨1卫,69.17O,高楼层 (共18层),平层,南,两梯九户,简装,未知,钢混结构,有,,https://sh.lianjia.com/ershoufang/107101340277.html
浦东,洋泾,巨东小区,内环内,630,81061,3室2厅1厨1卫,77.72O,高楼层 (共6层),平层,南,一梯四户,精装,70年,砖混结构,无,,https://sh.lianjia.com/ershoufang/107101332054.html
浦东,洋泾,巨东小区,内环内,545,90970,2室1厅1厨1卫,59.91O,高楼层 (共6层),平层,南,一梯两户,简装,未知,砖混结构,无,,https://sh.lianjia.com/ershoufang/107100614916.html
浦东,洋泾,亚龙国际大厦,内环内,162,36619,1室1厅1厨1卫,44.24O,高楼层 (共16层),暂无数据,东,一梯三十六户,精装,40年,钢混结构,暂无数据,,https://sh.lianjia.com/ershoufang/107000854183.html
浦东,洋泾,羽北小区,内环内,606,89500,2室1厅1厨1卫,67.71O,中楼层 (共6层),平层,南,一梯两户,精装,未知,砖混结构,无,,https://sh.lianjia.com/ershoufang/107101245875.html
浦东,洋泾,博山小区,内环内,370,62050,2室1厅1厨1卫,59.63O,低楼层 (共6层),平层,南,一梯三户,简装,未知,砖混结构,无,,https://sh.lianjia.com/ershoufang/107101434256.html
浦东,洋泾,博山小区,内环内,300,54675,1室2厅1厨1卫,54.87O,低楼层 (共25层),平层,南,一梯八户,精装,未知,钢混结构,有,,https://sh.lianjia.com/ershoufang/107101338468.html
浦东,洋泾,崮山小区三街坊,近6号线德平路站,505,93536,1室1厅1厨1卫,53.99O,高楼层 (共6层),平层,南,一梯两户,简装,70年,砖混结构,无,,https://sh.lianjia.com/ershoufang/107101482354.html
浦东,洋泾,阳二小区,内环内,260,51752,2室1厅1厨1卫,50.24O,高楼层 (共5层),平层,南,一梯四户,简装,70年,砖混结构,无,,https://sh.lianjia.com/ershoufang/107100633502.html
浦东,洋泾,崮山小区二街坊,近6号线德平路站,500,93232,1室1厅1厨1卫,53.63O,高楼层 (共6层),平层,南,一梯两户,简装,未知,砖混结构,无,,https://sh.lianjia.com/ershoufang/107100858595.html
浦东,洋泾,张杨南苑,内环内,630,90000,2室1厅1厨1卫,70O,低楼层 (共6层),平层,南 北,一梯两户,精装,未知,砖混结构,无,,https://sh.lianjia.com/ershoufang/107100531682.html
浦东,洋泾,中新家园,内环内,650,88436,2室1厅1厨1卫,73.5O,中楼层 (共6层),平层,东,一梯四户,精装,70年,钢混结构,无,,https://sh.lianjia.com/ershoufang/107100816149.html
浦东,洋泾,崮山小区四街坊,近6号线德平路站,510,94585,1室1厅1厨1卫,53.92O,中楼层 (共6层),暂无数据,南,一梯两户,简装,70年,砖混结构,无,,https://sh.lianjia.com/ershoufang/107101296071.html
浦东,洋泾,阳二小区,内环内,455,59837,2室1厅1厨1卫,76.04O,高楼层 (共6层),平层,南,一梯三户,简装,未知,砖混结构,无,,https://sh.lianjia.com/ershoufang/107101288118.html
浦东,洋泾,崮山小区二街坊,近6号线德平路站,560,87065,2室1厅1厨1卫,64.32O,中楼层 (共6层),平层,南,一梯四户,简装,未知,砖混结构,无,,https://sh.lianjia.com/ershoufang/107100285592.html
浦东,洋泾,维多利华庭,内环内,745,78496,2室1厅1厨1卫,94.91O,低楼层 (共14层),平层,南,一梯两户,精装,未知,钢混结构,有,,https://sh.lianjia.com/ershoufang/107101223027.html
浦东,洋泾,羽山路1000弄,内环内,598,79017,2室2厅1厨1卫,75.68O,高楼层 (共6层),平层,南,一梯三户,精装,未知,砖混结构,无,,https://sh.lianjia.com/ershoufang/107101030541.html
浦东,洋泾,永安新村,内环内,230,61317,1室0厅1厨1卫,37.51O,中楼层 (共6层),平层,南,一梯四户,精装,70年,砖混结构,无,,https://sh.lianjia.com/ershoufang/107101319007.html
浦东,洋泾,凌三小区,内环内,259,61129,1室1厅1厨1卫,42.37O,高楼层 (共6层),平层,南,一梯四户,精装,未知,砖混结构,无,,https://sh.lianjia.com/ershoufang/107100931052.html
浦东,洋泾,阳二小区,内环内,210,55177,1室1厅1厨1卫,38.06O,高楼层 (共6层),平层,南,一梯五户,精装,70年,砖混结构,无,,https://sh.lianjia.com/ershoufang/107100878227.html
浦东,洋泾,维多利华庭,内环内,1179,87986,3室2厅1厨2卫,134O,高楼层 (共14层),平层,南,一梯两户,精装,未知,钢混结构,有,,https://sh.lianjia.com/ershoufang/107101275952.html
浦东,洋泾,崮山小区四街坊,近6号线德平路站,650,80676,3室1厅1厨1卫,80.57O,高楼层 (共6层),平层,南,一梯两户,简装,70年,砖混结构,无,,https://sh.lianjia.com/ershoufang/107101040114.html
浦东,洋泾,海苑大厦,内环内,950,70570,3室2厅1厨2卫,134.62O,中楼层 (共25层),平层,南,两梯六户,精装,未知,钢混结构,有,,https://sh.lianjia.com/ershoufang/107101067064.html
浦东,洋泾,广洋华景苑,内环内,895,87961,2室2厅1厨1卫,101.75O,低楼层 (共18层),平层,南,一梯三户,精装,未知,钢混结构,有,,https://sh.lianjia.com/ershoufang/107101001824.html
浦东,洋泾,罗山怡景苑,内环内,835,81400,3室2厅1厨1卫,102.58O,中楼层 (共8层),平层,南,一梯两户,精装,70年,钢混结构,有,,https://sh.lianjia.com/ershoufang/107100385576.html
浦东,洋泾,金羽名庭,内环内,1250,97917,3室2厅1厨2卫,127.66O,低楼层 (共24层),平层,南,一梯三户,精装,未知,钢混结构,有,,https://sh.lianjia.com/ershoufang/107101387958.html
浦东,洋泾,洋泾花园城,内环内,650,66239,2室2厅1厨1卫,98.13O,中楼层 (共6层),平层,南,一梯两户,其他,未知,砖混结构,无,,https://sh.lianjia.com/ershoufang/107101322926.html
浦东,洋泾,新城海上名园,内环内,1260,95470,3室2厅0厨2卫,131.98O,高楼层 (共14层),暂无数据,南,一梯两户,精装,70年,钢混结构,有,,https://sh.lianjia.com/ershoufang/107101474943.html
浦东,洋泾,洋泾花园城,内环内,575,64376,2室2厅1厨1卫,89.32O,高楼层 (共6层),暂无数据,南,一梯两户,简装,未知,砖混结构,无,,https://sh.lianjia.com/ershoufang/107101513895.html
浦东,洋泾,栖山小区,内环内,320,57794,2室1厅1厨1卫,55.37O,高楼层 (共6层),平层,南,一梯四户,精装,未知,砖混结构,无,,https://sh.lianjia.com/ershoufang/107101419994.html
浦东,洋泾,羽北小区,内环内,592,71559,3室2厅1厨2卫,82.73O,高楼层 (共7层),暂无数据,南,一梯两户,简装,70年,钢混结构,无,,https://sh.lianjia.com/ershoufang/107101179610.html
浦东,洋泾,崮山小区二街坊,,660,83534,3室1厅1厨1卫,79.01O,高楼层 (共6层),暂无数据,南,一梯两户,简装,未知,砖混结构,无,,https://sh.lianjia.com/ershoufang/107100552702.html
浦东,洋泾,海三小区,内环内,388,64239,2室1厅1厨1卫,60.4O,高楼层 (共6层),平层,南,一梯两户,精装,70年,砖混结构,无,,https://sh.lianjia.com/ershoufang/107101256011.html
浦东,洋泾,罗山怡景苑,内环内,760,76352,2室2厅1厨1卫,99.54O,中楼层 (共11层),平层,南,一梯两户,精装,70年,钢混结构,有,,https://sh.lianjia.com/ershoufang/107001983043.html
浦东,洋泾,巨东小区,内环内,520,86797,2室1厅1厨1卫,59.91O,低楼层 (共6层),平层,南,一梯两户,毛坯,70年,砖混结构,无,,https://sh.lianjia.com/ershoufang/107101482152.html
浦东,洋泾,西镇小区(浦东),内环内,222,66408,1室1厅1厨1卫,33.43O,低楼层 (共6层),平层,南,一梯五户,简装,未知,砖混结构,无,,https://sh.lianjia.com/ershoufang/107101444354.html
浦东,洋泾,崮山小区四街坊,近6号线德平路站,570,82825,2室1厅1厨1卫,68.82O,高楼层 (共6层),平层,南,一梯两户,精装,70年,砖混结构,无,,https://sh.lianjia.com/ershoufang/107100983984.html
浦东,洋泾,阳二小区,内环内,338,54614,2室1厅1厨1卫,61.89O,高楼层 (共5层),平层,南,一梯四户,简装,70年,砖混结构,无,,https://sh.lianjia.com/ershoufang/107101152718.html
浦东,洋泾,张杨南苑,内环内,580,82846,2室1厅1厨1卫,70.01O,高楼层 (共6层),平层,南 北,一梯两户,精装,70年,砖混结构,无,,https://sh.lianjia.com/ershoufang/107101267964.html
浦东,洋泾,明珠苑(浦东),内环内,810,68674,3室2厅1厨2卫,117.95O,高楼层 (共6层),复式,南,一梯两户,精装,未知,砖混结构,无,,https://sh.lianjia.com/ershoufang/107100734578.html
浦东,洋泾,泾东小区,内环内,368,84774,1室1厅1厨1卫,43.41O,低楼层 (共6层),平层,南,一梯三户,简装,未知,砖混结构,无,,https://sh.lianjia.com/ershoufang/107101458983.html
浦东,洋泾,栖山路450弄,内环内,360,58140,2室1厅1厨1卫,61.92O,中楼层 (共6层),平层,南,一梯四户,简装,未知,砖混结构,无,,https://sh.lianjia.com/ershoufang/107101068116.html
浦东,洋泾,凌高小区,内环内,510,59152,2室1厅1厨1卫,86.22O,中楼层 (共24层),平层,南 北,两梯八户,精装,未知,钢混结构,有,,https://sh.lianjia.com/ershoufang/107101494062.html
浦东,洋泾,泾东小区,内环内,475,74815,2室1厅1厨1卫,63.49O,低楼层 (共6层),暂无数据,南,一梯四户,精装,未知,砖混结构,无,,https://sh.lianjia.com/ershoufang/107101496234.html
浦东,洋泾,申立苑,内环内,845,77509,2室1厅1厨1卫,109.02O,高楼层 (共11层),暂无数据,南,一梯两户,精装,70年,钢混结构,有,,https://sh.lianjia.com/ershoufang/107100298984.html
浦东,洋泾,海防新村,内环内,350,59963,2室1厅1厨1卫,58.37O,中楼层 (共6层),平层,西南,一梯五户,毛坯,未知,砖混结构,无,,https://sh.lianjia.com/ershoufang/107101000815.html
浦东,洋泾,巨东小区,内环内,545,90970,2室1厅1厨1卫,59.91O,高楼层 (共6层),平层,南 北,一梯两户,精装,未知,砖混结构,无,,https://sh.lianjia.com/ershoufang/107101493371.html
浦东,洋泾,永安新村,内环内,210,60018,1室0厅1厨1卫,34.99O,中楼层 (共6层),平层,南,一梯六户,精装,70年,砖混结构,无,,https://sh.lianjia.com/ershoufang/107101470379.html
浦东,洋泾,泾东小区,内环内,424,67249,2室1厅1厨1卫,63.05O,高楼层 (共6层),平层,南,一梯四户,精装,70年,砖混结构,无,,https://sh.lianjia.com/ershoufang/107101028002.html
浦东,洋泾,巨东小区,内环内,530,95427,2室1厅1厨1卫,55.54O,中楼层 (共6层),平层,南,一梯五户,精装,70年,砖混结构,无,,https://sh.lianjia.com/ershoufang/107101181223.html
浦东,洋泾,铂悦滨江,内环内,1050,134616,2室2厅1厨1卫,78O,高楼层 (共17层),平层,南,两梯四户,简装,70年,钢混结构,有,,https://sh.lianjia.com/ershoufang/107101083629.html
浦东,洋泾,中新家园,内环内,523,94902,1室1厅1厨1卫,55.11O,高楼层 (共6层),暂无数据,南,一梯两户,简装,未知,钢混结构,无,,https://sh.lianjia.com/ershoufang/107100667434.html
浦东,洋泾,罗山怡景苑,内环内,745,73061,2室2厅1厨1卫,101.97O,中楼层 (共8层),平层,南,一梯两户,毛坯,未知,钢混结构,有,,https://sh.lianjia.com/ershoufang/107100240734.html
浦东,洋泾,永安新村,内环内,195,59325,1室1厅1厨1卫,32.87O,高楼层 (共6层),平层,南,一梯四户,简装,70年,砖混结构,无,,https://sh.lianjia.com/ershoufang/107101459245.html
浦东,洋泾,新城海上名园,内环内,1050,102490,2室2厅1厨1卫,102.45O,低楼层 (共11层),暂无数据,南 北,一梯两户,简装,70年,钢混结构,有,,https://sh.lianjia.com/ershoufang/107100470644.html
浦东,洋泾,永安新村,内环内,220,59460,1室1厅1厨1卫,37O,高楼层 (共6层),平层,南,一梯四户,精装,70年,砖混结构,无,,https://sh.lianjia.com/ershoufang/107101174568.html
浦东,洋泾,巨杨小区,内环内,420,79576,2室1厅1厨1卫,52.78O,高楼层 (共6层),平层,南,一梯四户,简装,未知,砖混结构,无,,https://sh.lianjia.com/ershoufang/107101501193.html
浦东,洋泾,申舟明林苑,内环内,850,77442,2室2厅1厨1卫,109.76O,中楼层 (共14层),平层,南,一梯两户,简装,未知,钢混结构,有,,https://sh.lianjia.com/ershoufang/107101332241.html
浦东,洋泾,崮山小区三街坊,近6号线德平路站,505,99371,2室1厅1厨1卫,50.82O,中楼层 (共6层),平层,南,一梯两户,简装,70年,砖混结构,无,,https://sh.lianjia.com/ershoufang/107101163221.html
浦东,洋泾,泾栖小区,内环内,530,66275,2室2厅1厨1卫,79.97O,低楼层 (共18层),暂无数据,南,一梯六户,简装,70年,钢混结构,有,,https://sh.lianjia.com/ershoufang/107101136895.html
浦东,洋泾,海防新村,内环内,378,51492,4室0厅1厨1卫,73.41O,高楼层 (共6层),暂无数据,南,一梯三户,毛坯,未知,砖混结构,无,,https://sh.lianjia.com/ershoufang/107100967012.html
浦东,洋泾,海防新村,内环内,250,50252,2室0厅1厨1卫,49.75O,中楼层 (共6层),暂无数据,西南,一梯三户,精装,未知,砖混结构,无,,https://sh.lianjia.com/ershoufang/107100772849.html
浦东,洋泾,阳二小区,内环内,198,53141,1室1厅1厨1卫,37.26O,高楼层 (共6层),平层,南,一梯四户,简装,70年,砖混结构,无,,https://sh.lianjia.com/ershoufang/107101044958.html
浦东,洋泾,益达公寓,内环内,710,61430,2室2厅1厨1卫,115.58O,中楼层 (共8层),暂无数据,南,一梯七户,简装,未知,钢混结构,有,,https://sh.lianjia.com/ershoufang/107100150838.html
浦东,洋泾,申立苑,内环内,830,85568,2室2厅1厨1卫,97O,低楼层 (共11层),平层,南,一梯三户,精装,70年,钢混结构,有,,https://sh.lianjia.com/ershoufang/107101128254.html
浦东,洋泾,博山小区,内环内,475,55726,2室2厅1厨1卫,85.24O,高楼层 (共25层),平层,南,两梯八户,简装,70年,钢混结构,有,,https://sh.lianjia.com/ershoufang/107101008887.html
浦东,洋泾,崮山小区二街坊,,565,81790,2室1厅1厨1卫,69.08O,高楼层 (共6层),平层,南,一梯两户,简装,未知,砖混结构,无,,https://sh.lianjia.com/ershoufang/107100289571.html
浦东,洋泾,博山小区,内环内,400,62765,2室1厅1厨1卫,63.73O,高楼层 (共25层),平层,东 南,两梯八户,简装,70年,钢混结构,有,,https://sh.lianjia.com/ershoufang/107101478179.html
浦东,洋泾,明珠苑(浦东),内环内,645,88115,2室1厅1厨1卫,73.2O,中楼层 (共6层),暂无数据,南,一梯两户,精装,未知,砖混结构,无,,https://sh.lianjia.com/ershoufang/107100097597.html
浦东,洋泾,崮山小区一街坊,内环内,540,84008,2室1厅1厨1卫,64.28O,高楼层 (共6层),暂无数据,南,一梯四户,精装,70年,砖混结构,无,,https://sh.lianjia.com/ershoufang/107101187686.html
浦东,洋泾,崮山小区四街坊,近6号线德平路站,630,91570,2室1厅1厨1卫,68.8O,低楼层 (共6层),平层,南,一梯两户,精装,70年,砖混结构,无,,https://sh.lianjia.com/ershoufang/107100534896.html
浦东,洋泾,海三小区,内环内,330,57743,2室1厅1厨1卫,57.15O,低楼层 (共6层),平层,南 北,一梯两户,精装,70年,砖混结构,无,,https://sh.lianjia.com/ershoufang/107100567696.html
浦东,洋泾,崮山小区四街坊,近6号线德平路站,480,106620,1室1厅1厨1卫,45.02O,中楼层 (共6层),平层,南,一梯四户,精装,70年,砖混结构,无,,https://sh.lianjia.com/ershoufang/107101039210.html
浦东,洋泾,阳光三村,内环内,260,49066,2室1厅1厨1卫,52.99O,高楼层 (共6层),平层,南 北,一梯四户,简装,未知,砖混结构,无,,https://sh.lianjia.com/ershoufang/107100391657.html
浦东,洋泾,凌高小区,内环内,300,58469,1室1厅1厨1卫,51.31O,低楼层 (共24层),平层,南,三梯十户,精装,70年,钢混结构,有,,https://sh.lianjia.com/ershoufang/107101195840.html
浦东,洋泾,阳光三村,内环内,275,53732,2室1厅1厨1卫,51.18O,高楼层 (共6层),暂无数据,南,一梯四户,简装,未知,砖混结构,无,,https://sh.lianjia.com/ershoufang/107100080333.html
浦东,洋泾,西镇小区(浦东),内环内,298,67087,1室1厅1厨1卫,44.42O,高楼层 (共6层),平层,南,一梯四户,简装,未知,砖混结构,无,,https://sh.lianjia.com/ershoufang/107101157471.html
浦东,洋泾,博山小区,内环内,235,55438,1室1厅1厨1卫,42.39O,高楼层 (共6层),平层,南,一梯四户,简装,未知,砖混结构,无,,https://sh.lianjia.com/ershoufang/107101078213.html
浦东,洋泾,博山小区,内环内,243,57325,1室1厅1厨1卫,42.39O,中楼层 (共6层),平层,南,一梯四户,精装,未知,砖混结构,无,,https://sh.lianjia.com/ershoufang/107101219333.html
浦东,洋泾,阳二小区,内环内,320,52693,2室1厅1厨1卫,60.73O,高楼层 (共6层),平层,南,一梯四户,其他,70年,砖混结构,无,,https://sh.lianjia.com/ershoufang/107101397363.html
浦东,洋泾,巨东小区,内环内,520,86797,2室1厅1厨1卫,59.91O,高楼层 (共6层),平层,南,一梯两户,简装,未知,砖混结构,无,,https://sh.lianjia.com/ershoufang/107100076717.html
浦东,洋泾,金羽名庭,内环内,820,87720,2室2厅1厨1卫,93.48O,高楼层 (共6层),平层,南,一梯两户,简装,未知,钢混结构,无,,https://sh.lianjia.com/ershoufang/107100718306.html
浦东,洋泾,洋泾花园城,内环内,605,67598,2室2厅1厨1卫,89.5O,高楼层 (共6层),平层,南 北,一梯两户,简装,未知,砖混结构,无,,https://sh.lianjia.com/ershoufang/107100606237.html
浦东,洋泾,翡翠湾公寓,内环内,1080,84780,3室2厅1厨2卫,127.39O,低楼层 (共16层),平层,南,一梯两户,简装,未知,钢混结构,有,,https://sh.lianjia.com/ershoufang/107100917995.html
浦东,洋泾,明珠苑(浦东),内环内,750,87525,3室2厅0厨1卫,85.69O,高楼层 (共6层),平层,南,一梯两户,简装,未知,砖混结构,无,,https://sh.lianjia.com/ershoufang/107101375044.html
浦东,洋泾,羽北小区,内环内,549,69249,2室1厅1厨1卫,79.28O,中楼层 (共7层),平层,南,一梯两户,简装,70年,钢混结构,无,,https://sh.lianjia.com/ershoufang/107101317557.html
浦东,洋泾,泾南教师公寓,内环内,968,78604,3室2厅1厨2卫,123.15O,低楼层 (共6层),平层,南 北,一梯两户,简装,未知,钢混结构,无,,https://sh.lianjia.com/ershoufang/107100552919.html
浦东,洋泾,凌三小区,内环内,230,60575,1室1厅1厨1卫,37.97O,低楼层 (共7层),平层,南,一梯四户,简装,未知,钢混结构,无,,https://sh.lianjia.com/ershoufang/107101482058.html
浦东,洋泾,泾东小区,内环内,360,79983,1室1厅1厨1卫,45.01O,高楼层 (共6层),暂无数据,南,一梯四户,简装,70年,砖混结构,无,,https://sh.lianjia.com/ershoufang/107101475275.html
浦东,洋泾,崮山小区一街坊,内环内,560,95320,2室1厅1厨1卫,58.75O,低楼层 (共6层),平层,南,一梯两户,精装,70年,砖混结构,无,,https://sh.lianjia.com/ershoufang/107100417067.html
浦东,洋泾,民生四村,内环内,222,64292,1室1厅1厨1卫,34.53O,中楼层 (共6层),平层,南,一梯四户,毛坯,70年,砖混结构,无,,https://sh.lianjia.com/ershoufang/107101336056.html
浦东,洋泾,名门世家(浦东),内环内,600,62442,2室2厅1厨1卫,96.09O,高楼层 (共7层),平层,南,一梯两户,精装,70年,钢混结构,暂无数据,,https://sh.lianjia.com/ershoufang/107101407009.html
浦东,洋泾,崮山小区一街坊,内环内,630,86730,2室2厅1厨1卫,72.64O,高楼层 (共6层),平层,南 北,一梯两户,精装,70年,砖混结构,无,,https://sh.lianjia.com/ershoufang/107100966219.html
浦东,洋泾,羽北小区,内环内,610,87293,2室1厅1厨1卫,69.88O,中楼层 (共6层),平层,南,一梯两户,精装,70年,砖混结构,无,,https://sh.lianjia.com/ershoufang/107101437870.html
浦东,洋泾,崮山小区一街坊,内环内,710,85296,3室2厅1厨2卫,83.24O,低楼层 (共6层),平层,南,一梯两户,精装,70年,砖混结构,无,,https://sh.lianjia.com/ershoufang/107101178819.html
浦东,洋泾,东方城市公寓,内环内,870,80185,2室2厅1厨2卫,108.5O,高楼层 (共24层),平层,南,两梯四户,简装,未知,钢混结构,有,,https://sh.lianjia.com/ershoufang/107101150251.html
浦东,洋泾,栖山小区,内环内,225,61158,1室1厅1厨1卫,36.79O,低楼层 (共6层),平层,南,一梯三户,简装,未知,砖混结构,无,,https://sh.lianjia.com/ershoufang/107101045000.html
浦东,洋泾,博山小区,内环内,240,58423,1室0厅1厨1卫,41.08O,中楼层 (共6层),平层,南,一梯四户,简装,未知,砖混结构,无,,https://sh.lianjia.com/ershoufang/107101313197.html
浦东,洋泾,申立苑,内环内,825,81838,2室2厅1厨1卫,100.81O,高楼层 (共6层),平层,南,一梯两户,精装,未知,钢混结构,无,,https://sh.lianjia.com/ershoufang/107101351358.html
浦东,洋泾,BPC陆家嘴创业街区,内环内,410,88267,2室2厅1厨1卫,46.45O,高楼层 (共17层),暂无数据,北,三梯二十一户,精装,50年,钢混结构,有,,https://sh.lianjia.com/ershoufang/107100644556.html
浦东,洋泾,罗山怡景苑,内环内,740,74000,2室2厅1厨1卫,100O,高楼层 (共8层),平层,南 北,一梯两户,精装,未知,钢混结构,有,,https://sh.lianjia.com/ershoufang/107101265364.html
浦东,洋泾,金羽名庭,内环内,830,89614,2室2厅1厨1卫,92.62O,低楼层 (共6层),平层,南,一梯两户,精装,未知,钢混结构,无,,https://sh.lianjia.com/ershoufang/107101383992.html
浦东,洋泾,维多利华庭,内环内,928,87979,3室2厅1厨1卫,105.48O,中楼层 (共18层),平层,南 北,两梯三户,精装,未知,钢混结构,有,,https://sh.lianjia.com/ershoufang/107101353284.html
浦东,洋泾,羽北小区,内环内,650,83634,3室1厅1厨1卫,77.72O,中楼层 (共6层),暂无数据,东 南,一梯四户,精装,70年,砖混结构,无,,https://sh.lianjia.com/ershoufang/107101218579.html
浦东,洋泾,巨野小区,内环内,265,62633,1室1厅1厨1卫,42.31O,高楼层 (共6层),平层,南 北,一梯四户,精装,未知,砖混结构,无,,https://sh.lianjia.com/ershoufang/107100649160.html
浦东,洋泾,弘扬沁园,内环内,860,84771,2室2厅1厨1卫,101.45O,中楼层 (共16层),平层,南,一梯两户,简装,70年,钢混结构,有,,https://sh.lianjia.com/ershoufang/107101152961.html
浦东,洋泾,崮山小区一街坊,内环内,620,87981,2室1厅1厨1卫,70.47O,低楼层 (共6层),平层,南,一梯两户,其他,70年,砖混结构,无,,https://sh.lianjia.com/ershoufang/107101506627.html
浦东,洋泾,名门世家(浦东),内环内,610,70464,2室2厅1厨2卫,86.57O,高楼层 (共7层),复式,南,一梯两户,精装,70年,钢混结构,无,,https://sh.lianjia.com/ershoufang/107100785833.html
浦东,洋泾,心中家园,内环内,795,78218,2室2厅1厨1卫,101.64O,高楼层 (共9层),平层,南,一梯两户,精装,未知,钢混结构,有,,https://sh.lianjia.com/ershoufang/107101128317.html
浦东,洋泾,永安新村,内环内,242,56595,2室1厅1厨1卫,42.76O,低楼层 (共6层),暂无数据,南,一梯六户,简装,70年,砖混结构,无,,https://sh.lianjia.com/ershoufang/107100964171.html
浦东,洋泾,崮山小区二街坊,近6号线德平路站,560,87065,2室1厅1厨1卫,64.32O,高楼层 (共6层),平层,南,一梯四户,精装,70年,砖混结构,无,,https://sh.lianjia.com/ershoufang/107101408035.html
浦东,洋泾,阳二小区,内环内,260,54326,1室1厅1厨1卫,47.86O,中楼层 (共10层),平层,南,两梯九户,简装,未知,钢混结构,有,,https://sh.lianjia.com/ershoufang/107101233023.html
