浦东,源深,海联大厦,,350,61991,1室1厅1厨1卫,56.46O,中楼层 (共18层),平层,南,两梯十一户,精装,70年,钢混结构,有,,https://sh.lianjia.com/ershoufang/107101295515.html
浦东,源深,陆家嘴花园(二期),内环内,2000,111870,4室2厅1厨2卫,178.78O,高楼层 (共24层),平层,南,两梯两户,精装,70年,钢混结构,有,,https://sh.lianjia.com/ershoufang/107101501786.html
浦东,源深,梅园五街坊,内环内,580,104148,2室1厅1厨1卫,55.69O,中楼层 (共6层),平层,南,一梯四户,简装,70年,砖混结构,无,,https://sh.lianjia.com/ershoufang/107101411067.html
浦东,源深,新天家园,内环内,870,83254,2室2厅1厨1卫,104.5O,高楼层 (共18层),平层,南,两梯三户,精装,70年,钢混结构,有,,https://sh.lianjia.com/ershoufang/107100261998.html
浦东,源深,香榭丽花园,内环内,950,82832,2室2厅2厨2卫,114.69O,中楼层 (共33层),平层,南,两梯三户,精装,未知,钢混结构,有,,https://sh.lianjia.com/ershoufang/107100199367.html
浦东,源深,上海滩花园洋房,内环内,2050,82949,4室2厅1厨3卫,247.14O,低楼层 (共6层),平层,南,一梯两户,精装,70年,钢混结构,无,,https://sh.lianjia.com/ershoufang/107100047472.html
浦东,源深,竹园高层,内环内,555,70352,3室1厅1厨1卫,78.89O,中楼层 (共26层),平层,南,两梯八户,精装,70年,钢混结构,有,,https://sh.lianjia.com/ershoufang/107100947820.html
浦东,源深,竹园高层,内环内,470,71822,2室1厅1厨1卫,65.44O,中楼层 (共26层),暂无数据,南,两梯八户,简装,70年,钢混结构,有,,https://sh.lianjia.com/ershoufang/107100713613.html
浦东,源深,梅园二街坊,内环内,550,101852,2室1厅1厨1卫,54O,低楼层 (共6层),平层,南,一梯四户,毛坯,未知,砖混结构,无,,https://sh.lianjia.com/ershoufang/107100850743.html
浦东,源深,竹园新村(浦东),内环内,297,88000,1室1厅1厨1卫,33.75O,中楼层 (共6层),暂无数据,南,一梯四户,简装,未知,砖混结构,无,,https://sh.lianjia.com/ershoufang/107101321639.html
浦东,源深,尚海郦景,内环内,1480,89459,3室2厅1厨2卫,165.44O,中楼层 (共20层),平层,南,一梯两户,毛坯,70年,钢混结构,暂无数据,,https://sh.lianjia.com/ershoufang/107101438151.html
浦东,源深,环球广场,内环内,846,50343,3室2厅1厨2卫,168.05O,高楼层 (共33层),暂无数据,北,三梯九户,简装,未知,钢混结构,有,,https://sh.lianjia.com/ershoufang/107002323091.html
浦东,源深,梅园三街坊,内环内,570,124973,2室1厅1厨1卫,45.61O,中楼层 (共6层),平层,南,一梯四户,精装,未知,砖混结构,无,,https://sh.lianjia.com/ershoufang/107101103000.html
浦东,源深,桃林小区,内环内,1220,90572,3室2厅1厨2卫,134.7O,中楼层 (共11层),暂无数据,南,一梯两户,精装,70年,钢混结构,有,,https://sh.lianjia.com/ershoufang/107100917200.html
浦东,源深,同科公寓,内环内,830,73193,3室1厅1厨1卫,113.4O,高楼层 (共24层),平层,南,两梯六户,精装,未知,钢混结构,有,,https://sh.lianjia.com/ershoufang/107101361645.html
浦东,源深,东晶国际公寓,内环内,540,76078,1室2厅1厨1卫,70.98O,低楼层 (共25层),平层,南,两梯六户,精装,70年,钢混结构,有,,https://sh.lianjia.com/ershoufang/107101375207.html
浦东,源深,海院小区,内环内,228,67476,1室0厅1厨1卫,33.79O,中楼层 (共6层),平层,南,一梯五户,简装,70年,砖混结构,无,,https://sh.lianjia.com/ershoufang/107100627314.html
浦东,源深,梅园四街坊,内环内,650,104201,2室1厅1厨1卫,62.38O,高楼层 (共6层),平层,南,一梯四户,其他,未知,砖混结构,无,,https://sh.lianjia.com/ershoufang/107101432893.html
浦东,源深,市政大楼,内环内,539,89834,2室1厅1厨1卫,60O,低楼层 (共18层),暂无数据,南,两梯八户,简装,70年,钢混结构,有,,https://sh.lianjia.com/ershoufang/107100302881.html
浦东,源深,竹园新村(浦东),内环内,400,75245,2室1厅1厨1卫,53.16O,高楼层 (共6层),平层,南 北,一梯四户,简装,未知,砖混结构,无,,https://sh.lianjia.com/ershoufang/107101377025.html
浦东,源深,陆家嘴国际华城,内环内,1100,89592,2室2厅1厨2卫,122.78O,低楼层 (共29层),暂无数据,南,两梯三户,精装,未知,钢混结构,有,,https://sh.lianjia.com/ershoufang/107101305448.html
浦东,源深,松林小区,内环内,830,99485,2室1厅1厨1卫,83.43O,中楼层 (共5层),平层,南,一梯三户,简装,70年,砖混结构,无,,https://sh.lianjia.com/ershoufang/107101159951.html
浦东,源深,陆家嘴国际华城,内环内,1980,93533,4室2厅1厨2卫,211.69O,低楼层 (共37层),平层,南 北,两梯两户,精装,70年,钢混结构,有,,https://sh.lianjia.com/ershoufang/107000129467.html
浦东,源深,阳升公寓,内环内,420,116602,1室1厅1厨1卫,36.02O,低楼层 (共7层),平层,南,一梯五户,其他,未知,钢混结构,无,,https://sh.lianjia.com/ershoufang/107101478849.html
浦东,源深,惠扬大厦,内环内,830,55338,3室2厅1厨2卫,149.99O,低楼层 (共25层),平层,西北,两梯七户,简装,70年,钢混结构,有,,https://sh.lianjia.com/ershoufang/107101213311.html
浦东,源深,源竹小区(南片),内环内,465,78988,2室1厅1厨1卫,58.87O,高楼层 (共6层),平层,暂无数据,一梯一户,简装,未知,砖混结构,无,,https://sh.lianjia.com/ershoufang/107002321585.html
浦东,源深,陆家嘴花园(一期),内环内,1130,103708,2室2厅1厨1卫,108.96O,中楼层 (共25层),平层,南,两梯三户,精装,70年,钢混结构,有,,https://sh.lianjia.com/ershoufang/107101377801.html
浦东,源深,梅园一街坊,内环内,425,103811,2室1厅1厨1卫,40.94O,低楼层 (共6层),平层,南,一梯四户,简装,未知,砖混结构,无,,https://sh.lianjia.com/ershoufang/107100988608.html
浦东,源深,梅园三街坊,内环内,630,98223,3室0厅1厨1卫,64.14O,高楼层 (共6层),平层,南 北,一梯三户,简装,未知,砖混结构,无,,https://sh.lianjia.com/ershoufang/107101425352.html
浦东,源深,香榭丽花园,内环内,1280,63373,4室2厅1厨2卫,201.98O,低楼层 (共20层),复式,南,两梯两户,精装,未知,钢混结构,有,,https://sh.lianjia.com/ershoufang/107101305096.html
浦东,源深,海院小区,内环内,318,68891,1室1厅1厨1卫,46.16O,高楼层 (共6层),平层,南,一梯两户,简装,70年,砖混结构,无,,https://sh.lianjia.com/ershoufang/107101123461.html
浦东,源深,梅园七街坊,内环内,578,89502,2室1厅1厨1卫,64.58O,中楼层 (共6层),平层,南,一梯三户,简装,未知,砖混结构,无,,https://sh.lianjia.com/ershoufang/107101179588.html
浦东,源深,梅园五街坊,内环内,610,106198,2室1厅1厨1卫,57.44O,高楼层 (共6层),平层,南 北,一梯两户,简装,未知,砖混结构,无,,https://sh.lianjia.com/ershoufang/107101241956.html
浦东,源深,梅园三街坊,内环内,640,99782,3室1厅1厨1卫,64.14O,中楼层 (共6层),平层,南,一梯三户,简装,未知,砖混结构,无,,https://sh.lianjia.com/ershoufang/107100390672.html
浦东,源深,梅园六街坊,内环内,620,114667,2室1厅1厨1卫,54.07O,高楼层 (共6层),暂无数据,南,一梯四户,简装,未知,砖混结构,无,,https://sh.lianjia.com/ershoufang/107101236051.html
浦东,源深,证大宽域,内环内,835,88859,2室2厅1厨1卫,93.97O,高楼层 (共20层),平层,西,两梯五户,精装,70年,钢混结构,有,,https://sh.lianjia.com/ershoufang/107100781140.html
浦东,源深,陆家嘴公馆,内环内,2350,79149,4室2厅1厨3卫,296.91O,低楼层 (共19层),平层,南 北,两梯两户,精装,70年,钢混结构,有,,https://sh.lianjia.com/ershoufang/107100362756.html
浦东,源深,竹园高层,内环内,460,71707,2室1厅1厨1卫,64.15O,低楼层 (共22层),平层,南,两梯八户,精装,70年,钢混结构,有,,https://sh.lianjia.com/ershoufang/107101351127.html
浦东,源深,梅园二街坊,内环内,478,145201,1室1厅1厨1卫,32.92O,高楼层 (共6层),平层,南,一梯四户,精装,未知,砖混结构,无,,https://sh.lianjia.com/ershoufang/107100998188.html
浦东,源深,海怡别墅(公寓),内环内,1450,70770,4室2厅1厨2卫,204.89O,中楼层 (共8层),平层,南,一梯两户,精装,70年,钢混结构,有,,https://sh.lianjia.com/ershoufang/107100592196.html
浦东,源深,桃林一小区,内环内,710,99916,2室2厅1厨1卫,71.06O,低楼层 (共6层),平层,南,一梯三户,精装,70年,砖混结构,无,,https://sh.lianjia.com/ershoufang/107002324563.html
浦东,源深,竹园新村(浦东),内环内,328,76315,1室1厅1厨1卫,42.98O,高楼层 (共6层),平层,南,一梯四户,精装,未知,砖混结构,无,,https://sh.lianjia.com/ershoufang/107101093774.html
浦东,源深,万科翡翠滨江(一期),内环内,2300,107982,4室2厅1厨3卫,213O,低楼层 (共30层),平层,南,两梯两户,精装,未知,钢混结构,有,,https://sh.lianjia.com/ershoufang/107101204355.html
浦东,源深,梅园五街坊,内环内,640,111538,2室1厅1厨1卫,57.38O,高楼层 (共4层),平层,南 北,一梯两户,简装,70年,砖混结构,无,,https://sh.lianjia.com/ershoufang/107100902958.html
浦东,源深,新天家园,内环内,1150,88968,3室2厅1厨2卫,129.26O,低楼层 (共12层),平层,南,两梯三户,精装,70年,钢混结构,有,,https://sh.lianjia.com/ershoufang/107101441131.html
浦东,源深,桃林小区,内环内,790,76285,2室1厅1厨1卫,103.56O,高楼层 (共24层),平层,南,两梯六户,精装,70年,钢混结构,有,,https://sh.lianjia.com/ershoufang/107100358223.html
浦东,源深,陆家嘴花园(一期),内环内,1550,92010,3室2厅1厨2卫,168.46O,中楼层 (共11层),平层,南,两梯三户,精装,70年,钢混结构,有,,https://sh.lianjia.com/ershoufang/107100591680.html
浦东,源深,梅园三村,内环内,530,85210,2室1厅1厨1卫,62.2O,中楼层 (共11层),暂无数据,东南 北,一梯三户,简装,未知,钢混结构,有,,https://sh.lianjia.com/ershoufang/107101410246.html
浦东,源深,梅园新村(浦东),内环内,530,88511,2室1厅1厨1卫,59.88O,中楼层 (共6层),暂无数据,南,一梯五户,简装,未知,砖混结构,无,,https://sh.lianjia.com/ershoufang/107100912265.html
浦东,源深,上海滩花园洋房,内环内,3200,91288,5室3厅1厨4卫,350.54O,低楼层 (共6层),平层,南,一梯两户,毛坯,70年,钢混结构,无,,https://sh.lianjia.com/ershoufang/107100733682.html
浦东,源深,竹园新村(浦东),内环内,385,71152,2室1厅1厨1卫,54.11O,高楼层 (共6层),暂无数据,南,一梯四户,简装,未知,砖混结构,无,,https://sh.lianjia.com/ershoufang/107002138531.html
浦东,源深,梅园六街坊,内环内,515,139718,1室1厅1厨1卫,36.86O,中楼层 (共6层),平层,南,一梯四户,简装,70年,砖混结构,无,,https://sh.lianjia.com/ershoufang/107101048546.html
浦东,源深,梅园三街坊,内环内,560,115014,2室1厅1厨0卫,48.69O,中楼层 (共6层),平层,南,一梯四户,精装,未知,砖混结构,无,,https://sh.lianjia.com/ershoufang/107100560356.html
浦东,源深,涵乐园,内环内,1250,92593,3室2厅1厨2卫,135O,高楼层 (共6层),暂无数据,南,一梯三户,简装,未知,钢混结构,无,,https://sh.lianjia.com/ershoufang/107101433400.html
浦东,源深,竹园高层,内环内,980,71165,3室1厅1厨2卫,137.71O,高楼层 (共24层),暂无数据,南,两梯五户,简装,未知,钢混结构,有,,https://sh.lianjia.com/ershoufang/107101110293.html
浦东,源深,梅园二街坊,内环内,570,104282,2室1厅0厨1卫,54.66O,高楼层 (共6层),平层,南,一梯四户,精装,未知,砖混结构,无,,https://sh.lianjia.com/ershoufang/107101457143.html
浦东,源深,梅园新村(浦东),内环内,530,81665,3室1厅1厨1卫,64.9O,高楼层 (共6层),暂无数据,南,一梯四户,精装,未知,砖混结构,无,,https://sh.lianjia.com/ershoufang/107100251903.html
浦东,源深,梅园三村,内环内,400,98766,1室1厅1厨1卫,40.5O,低楼层 (共6层),暂无数据,南,一梯五户,简装,70年,砖混结构,无,,https://sh.lianjia.com/ershoufang/107101337491.html
浦东,源深,梅园七街坊,内环内,970,78849,3室2厅1厨2卫,123.02O,低楼层 (共6层),平层,南,一梯两户,精装,未知,砖混结构,无,,https://sh.lianjia.com/ershoufang/107101015390.html
浦东,源深,梅园二街坊,内环内,495,131231,1室1厅1厨1卫,37.72O,高楼层 (共6层),平层,南,一梯四户,精装,未知,砖混结构,无,,https://sh.lianjia.com/ershoufang/107101285760.html
浦东,源深,梅园六街坊,内环内,590,119192,2室1厅1厨1卫,49.5O,中楼层 (共6层),平层,南,一梯四户,简装,70年,砖混结构,无,,https://sh.lianjia.com/ershoufang/107101400388.html
浦东,源深,证大宽域,内环内,880,94573,2室2厅1厨1卫,93.05O,低楼层 (共20层),平层,南,两梯五户,精装,70年,钢混结构,有,,https://sh.lianjia.com/ershoufang/107100555771.html
浦东,源深,梅园五街坊,内环内,640,111947,3室1厅1厨1卫,57.17O,高楼层 (共6层),平层,南 北,一梯四户,精装,70年,砖混结构,无,,https://sh.lianjia.com/ershoufang/107101371365.html
浦东,源深,上海滩花园洋房,内环内,1900,94176,3室2厅1厨3卫,201.75O,中楼层 (共6层),暂无数据,南,一梯两户,精装,70年,钢混结构,无,,https://sh.lianjia.com/ershoufang/107100492033.html
浦东,源深,VIP大厦,内环内,840,75041,2室1厅1厨1卫,111.94O,高楼层 (共23层),平层,南 东南,两梯四户,其他,未知,钢混结构,有,,https://sh.lianjia.com/ershoufang/107101387829.html
浦东,源深,竹园新村(浦东),内环内,400,75245,2室1厅1厨1卫,53.16O,高楼层 (共6层),暂无数据,南,一梯四户,精装,未知,砖混结构,无,,https://sh.lianjia.com/ershoufang/107101444734.html
浦东,源深,竹园新村(浦东),内环内,420,77952,2室1厅1厨1卫,53.88O,高楼层 (共7层),平层,东南,一梯四户,精装,未知,钢混结构,无,,https://sh.lianjia.com/ershoufang/107100768053.html
浦东,源深,山水国际,内环内,1500,112083,3室2厅1厨2卫,133.83O,低楼层 (共26层),平层,南,一梯两户,精装,70年,钢混结构,有,,https://sh.lianjia.com/ershoufang/107101463762.html
浦东,源深,福山小区,内环内,640,88570,2室1厅1厨1卫,72.26O,高楼层 (共18层),平层,南,两梯八户,其他,未知,钢混结构,有,,https://sh.lianjia.com/ershoufang/107101420299.html
浦东,源深,东晶国际公寓,内环内,540,75441,1室2厅1厨1卫,71.58O,中楼层 (共25层),平层,东南,两梯六户,简装,70年,钢混结构,有,,https://sh.lianjia.com/ershoufang/107101398992.html
浦东,源深,福山小区,内环内,580,80266,2室1厅1厨1卫,72.26O,低楼层 (共18层),暂无数据,西南,两梯八户,简装,未知,钢混结构,有,,https://sh.lianjia.com/ershoufang/107100933941.html
浦东,源深,梅园五街坊,内环内,560,112881,2室1厅1厨1卫,49.61O,高楼层 (共6层),平层,南,一梯四户,简装,70年,砖混结构,无,,https://sh.lianjia.com/ershoufang/107101082144.html
浦东,源深,竹园新村(浦东),内环内,285,84445,1室1厅1厨1卫,33.75O,高楼层 (共6层),暂无数据,南,一梯四户,简装,未知,砖混结构,无,,https://sh.lianjia.com/ershoufang/107101395930.html
浦东,源深,桃林一小区,内环内,640,101782,2室1厅1厨1卫,62.88O,高楼层 (共6层),暂无数据,南,一梯三户,精装,70年,砖混结构,无,,https://sh.lianjia.com/ershoufang/107101018190.html
浦东,源深,香榭丽花园,内环内,980,83037,2室1厅1厨2卫,118.02O,低楼层 (共32层),平层,南,两梯三户,简装,未知,钢混结构,有,,https://sh.lianjia.com/ershoufang/107101237957.html
浦东,源深,梅园七街坊,内环内,1000,78309,3室2厅1厨2卫,127.7O,高楼层 (共6层),平层,南,一梯两户,精装,未知,砖混结构,无,,https://sh.lianjia.com/ershoufang/107001217603.html
浦东,源深,梅园三街坊,内环内,555,108675,2室1厅1厨1卫,51.07O,高楼层 (共6层),平层,南,一梯四户,精装,未知,砖混结构,无,,https://sh.lianjia.com/ershoufang/107100785421.html
浦东,源深,涵乐园,内环内,650,94933,1室2厅1厨1卫,68.47O,低楼层 (共24层),暂无数据,东 南,两梯六户,简装,未知,钢混结构,有,,https://sh.lianjia.com/ershoufang/107100238774.html
浦东,源深,竹园高层,内环内,685,58769,3室1厅0厨2卫,116.56O,低楼层 (共26层),平层,南,两梯五户,精装,70年,钢混结构,有,,https://sh.lianjia.com/ershoufang/107101402103.html
浦东,源深,梅园五街坊,内环内,535,137427,1室1厅1厨1卫,38.93O,中楼层 (共6层),平层,南,一梯四户,简装,70年,砖混结构,无,,https://sh.lianjia.com/ershoufang/107101442584.html
浦东,源深,滨江茗园,内环内,1220,83838,3室2厅1厨2卫,145.52O,中楼层 (共28层),平层,南,一梯两户,简装,未知,钢混结构,有,,https://sh.lianjia.com/ershoufang/107101109275.html
浦东,源深,金隆置地大厦,内环内,515,69746,1室1厅1厨1卫,73.84O,低楼层 (共31层),暂无数据,东南,四梯十二户,精装,未知,钢混结构,有,,https://sh.lianjia.com/ershoufang/107002328889.html
浦东,源深,竹园新村(浦东),内环内,440,84356,2室1厅1厨1卫,52.16O,低楼层 (共6层),暂无数据,南,一梯三户,简装,未知,砖混结构,无,,https://sh.lianjia.com/ershoufang/107101114808.html
浦东,源深,滨江茗园,内环内,1350,92771,3室2厅1厨2卫,145.52O,低楼层 (共28层),暂无数据,暂无数据,一梯两户,简装,未知,钢混结构,有,,https://sh.lianjia.com/ershoufang/107002083253.html
浦东,源深,桃林公寓,内环内,655,68522,2室2厅1厨1卫,95.59O,低楼层 (共20层),平层,南,两梯五户,精装,70年,钢混结构,有,,https://sh.lianjia.com/ershoufang/107101112922.html
浦东,源深,竹园新村(浦东),内环内,305,76480,1室1厅1厨1卫,39.88O,低楼层 (共6层),平层,南,一梯四户,毛坯,未知,砖混结构,无,,https://sh.lianjia.com/ershoufang/107101241514.html
浦东,源深,陆家嘴花园(一期),内环内,1100,101048,2室2厅1厨1卫,108.86O,低楼层 (共24层),平层,南,一梯两户,精装,70年,钢混结构,有,,https://sh.lianjia.com/ershoufang/107100463187.html
浦东,源深,陆家嘴花园(一期),内环内,1280,96816,3室2厅1厨2卫,132.21O,低楼层 (共10层),平层,南,一梯两户,精装,70年,钢混结构,有,,https://sh.lianjia.com/ershoufang/107100437348.html
浦东,源深,生安花苑,内环内,1050,79097,3室2厅1厨2卫,132.75O,高楼层 (共17层),暂无数据,南 北,一梯两户,精装,未知,钢混结构,有,,https://sh.lianjia.com/ershoufang/107101038291.html
浦东,源深,山水国际,内环内,998,93063,2室2厅1厨2卫,107.24O,低楼层 (共29层),平层,南,两梯三户,精装,70年,钢混结构,有,,https://sh.lianjia.com/ershoufang/107100289545.html
浦东,源深,梅园三村,内环内,600,79471,3室1厅1厨1卫,75.5O,高楼层 (共5层),平层,南 北,一梯两户,简装,未知,砖混结构,无,,https://sh.lianjia.com/ershoufang/107100797641.html
浦东,源深,竹园新村(浦东),内环内,483,77691,2室1厅1厨1卫,62.17O,中楼层 (共6层),平层,西北,一梯四户,精装,未知,砖混结构,无,,https://sh.lianjia.com/ershoufang/107100675718.html
浦东,源深,梅园二街坊,内环内,530,103739,2室1厅1厨1卫,51.09O,低楼层 (共6层),平层,南,一梯四户,简装,未知,砖混结构,无,,https://sh.lianjia.com/ershoufang/107101434115.html
浦东,源深,桃林小区,内环内,898,109539,2室2厅1厨1卫,81.98O,高楼层 (共6层),平层,南 北,一梯两户,精装,70年,砖混结构,无,,https://sh.lianjia.com/ershoufang/107101439002.html
浦东,源深,珠江玫瑰花园(公寓),内环内,1025,59907,3室2厅1厨2卫,171.1O,中楼层 (共24层),平层,南,两梯四户,简装,未知,钢混结构,有,,https://sh.lianjia.com/ershoufang/107101342764.html
浦东,源深,梅园新村(浦东),内环内,575,94170,3室1厅1厨1卫,61.06O,中楼层 (共6层),暂无数据,南,一梯三户,精装,未知,砖混结构,无,,https://sh.lianjia.com/ershoufang/107100225087.html
浦东,源深,香榭丽花园,内环内,1550,81335,4室2厅1厨3卫,190.57O,低楼层 (共32层),平层,南,两梯两户,精装,未知,钢混结构,有,,https://sh.lianjia.com/ershoufang/107101199497.html
浦东,源深,涵乐园,内环内,1205,83722,3室2厅1厨2卫,143.93O,高楼层 (共24层),平层,南,两梯四户,简装,未知,钢混结构,有,,https://sh.lianjia.com/ershoufang/107101324548.html
浦东,源深,梅园六街坊,内环内,505,137229,1室1厅1厨1卫,36.8O,中楼层 (共6层),平层,南,一梯四户,精装,未知,砖混结构,无,,https://sh.lianjia.com/ershoufang/107100712194.html
浦东,源深,梅园三街坊,内环内,525,116408,2室1厅1厨1卫,45.1O,低楼层 (共6层),平层,南,一梯四户,简装,70年,砖混结构,无,,https://sh.lianjia.com/ershoufang/107101005336.html
浦东,源深,梅园新村(浦东),内环内,465,92299,2室1厅1厨1卫,50.38O,低楼层 (共6层),暂无数据,南,一梯三户,简装,未知,砖混结构,无,,https://sh.lianjia.com/ershoufang/107100977506.html
浦东,源深,梅园二街坊,内环内,545,102271,2室0厅1厨1卫,53.29O,中楼层 (共6层),平层,南 北,一梯四户,简装,未知,砖混结构,无,,https://sh.lianjia.com/ershoufang/107101167802.html
浦东,源深,东晶国际公寓,内环内,583,79896,1室2厅1厨1卫,72.97O,高楼层 (共29层),平层,西南,两梯六户,精装,未知,钢混结构,有,,https://sh.lianjia.com/ershoufang/107101468571.html
浦东,源深,万源晶典,内环内,295,52139,1室1厅1厨1卫,56.58O,低楼层 (共33层),暂无数据,南,一梯十七户,其他,50年,钢混结构,有,,https://sh.lianjia.com/ershoufang/107100731660.html
浦东,源深,市政大楼,内环内,660,91667,2室1厅1厨1卫,72O,中楼层 (共18层),平层,南,两梯八户,简装,70年,钢混结构,有,,https://sh.lianjia.com/ershoufang/107100735165.html
浦东,源深,梅园七街坊,内环内,565,90112,2室1厅1厨1卫,62.7O,高楼层 (共6层),平层,南,一梯三户,精装,未知,砖混结构,无,,https://sh.lianjia.com/ershoufang/107101445559.html
浦东,源深,竹园新村(浦东),内环内,325,75811,1室1厅1厨1卫,42.87O,高楼层 (共7层),平层,南,一梯四户,精装,未知,钢混结构,无,,https://sh.lianjia.com/ershoufang/107101413930.html
浦东,源深,万科翡翠滨江(一期),内环内,3250,119486,4室2厅1厨3卫,272O,低楼层 (共29层),暂无数据,南 北,三梯两户,精装,70年,钢混结构,有,,https://sh.lianjia.com/ershoufang/107101444994.html
浦东,源深,桃林一小区,内环内,830,69346,3室2厅1厨1卫,119.69O,高楼层 (共6层),平层,南,一梯两户,精装,70年,砖混结构,无,,https://sh.lianjia.com/ershoufang/107101258045.html
浦东,源深,东晶国际公寓,内环内,520,71194,1室2厅1厨1卫,73.04O,中楼层 (共28层),平层,东南,两梯六户,精装,70年,钢混结构,有,,https://sh.lianjia.com/ershoufang/107100614540.html
浦东,源深,福山小区,内环内,700,98384,2室1厅1厨1卫,71.15O,低楼层 (共18层),暂无数据,东南,两梯八户,简装,未知,钢混结构,有,,https://sh.lianjia.com/ershoufang/107101121638.html
浦东,源深,名门滨江苑,内环内,1230,75461,3室2厅1厨2卫,163O,中楼层 (共26层),平层,西南,两梯两户,简装,未知,钢混结构,有,,https://sh.lianjia.com/ershoufang/107101346417.html
浦东,源深,东晶国际公寓,内环内,510,69825,1室2厅1厨1卫,73.04O,低楼层 (共28层),平层,东南 西南,两梯六户,精装,70年,钢混结构,有,,https://sh.lianjia.com/ershoufang/107101438095.html
浦东,源深,梅园新村(浦东),内环内,403,87324,2室1厅1厨1卫,46.15O,高楼层 (共6层),平层,南,一梯三户,简装,未知,砖混结构,无,,https://sh.lianjia.com/ershoufang/107101237661.html
浦东,源深,梅园三街坊,内环内,560,122646,2室1厅1厨1卫,45.66O,低楼层 (共6层),平层,南,一梯四户,简装,未知,砖混结构,无,,https://sh.lianjia.com/ershoufang/107101460471.html
浦东,源深,尚海郦景,内环内,1730,87818,4室2厅1厨3卫,197O,高楼层 (共23层),平层,南,一梯两户,简装,70年,钢混结构,有,,https://sh.lianjia.com/ershoufang/107100473470.html
浦东,源深,梅园四街坊,内环内,580,105455,2室1厅1厨1卫,55O,低楼层 (共6层),平层,南,一梯四户,简装,未知,砖混结构,无,,https://sh.lianjia.com/ershoufang/107101470036.html
浦东,源深,竹园新村(浦东),内环内,410,76866,2室1厅1厨1卫,53.34O,高楼层 (共6层),暂无数据,南,一梯四户,简装,未知,砖混结构,无,,https://sh.lianjia.com/ershoufang/107100881748.html
浦东,源深,海怡别墅(公寓),内环内,1500,73211,3室2厅1厨2卫,204.89O,中楼层 (共8层),平层,南,一梯两户,精装,70年,钢混结构,有,,https://sh.lianjia.com/ershoufang/107101245406.html
浦东,源深,竹园高层,内环内,400,60865,2室1厅1厨1卫,65.72O,低楼层 (共26层),平层,南,两梯八户,精装,70年,钢混结构,有,,https://sh.lianjia.com/ershoufang/107100975183.html
浦东,源深,梅园新村(浦东),内环内,435,84845,2室1厅1厨1卫,51.27O,高楼层 (共6层),暂无数据,南,一梯四户,简装,未知,砖混结构,无,,https://sh.lianjia.com/ershoufang/107101127810.html
浦东,源深,竹园新村(浦东),内环内,420,77620,2室1厅1厨1卫,54.11O,高楼层 (共6层),平层,南 北,一梯四户,精装,未知,砖混结构,无,,https://sh.lianjia.com/ershoufang/107101270738.html
浦东,源深,梅园三街坊,内环内,500,147319,1室1厅1厨1卫,33.94O,低楼层 (共6层),平层,南,一梯四户,精装,未知,砖混结构,无,,https://sh.lianjia.com/ershoufang/107100778253.html
浦东,源深,梅园四街坊,内环内,565,102579,2室1厅1厨1卫,55.08O,中楼层 (共6层),暂无数据,南,一梯四户,其他,未知,砖混结构,无,,https://sh.lianjia.com/ershoufang/107101487463.html
浦东,源深,桃林一小区,内环内,630,100191,2室1厅1厨1卫,62.88O,高楼层 (共6层),平层,南,一梯三户,精装,70年,砖混结构,无,,https://sh.lianjia.com/ershoufang/107100800631.html
浦东,源深,金露苑,内环内,880,58194,3室2厅1厨2卫,151.22O,低楼层 (共14层),平层,南 北,一梯两户,简装,70年,钢混结构,有,,https://sh.lianjia.com/ershoufang/107100911899.html
浦东,源深,香榭丽花园,内环内,1250,77448,3室2厅1厨2卫,161.4O,中楼层 (共20层),平层,南,两梯两户,精装,未知,钢混结构,有,,https://sh.lianjia.com/ershoufang/107000134595.html
浦东,源深,梅园四街坊,内环内,560,101819,2室1厅1厨1卫,55O,高楼层 (共6层),暂无数据,南,一梯四户,简装,未知,砖混结构,无,,https://sh.lianjia.com/ershoufang/107100453470.html
浦东,源深,桃林小区,内环内,1150,92429,5室2厅1厨2卫,124.42O,高楼层 (共5层),复式,南,一梯两户,精装,70年,砖混结构,无,,https://sh.lianjia.com/ershoufang/107101318454.html
浦东,源深,桃林一小区,内环内,850,82798,3室2厅1厨1卫,102.66O,中楼层 (共6层),平层,南,一梯两户,简装,70年,砖混结构,无,,https://sh.lianjia.com/ershoufang/107101462241.html
浦东,源深,桃林一小区,内环内,695,103562,2室1厅1厨1卫,67.11O,高楼层 (共6层),平层,南,一梯三户,简装,70年,砖混结构,无,,https://sh.lianjia.com/ershoufang/107101426266.html
浦东,源深,陆家嘴花园(二期),内环内,1600,109687,3室2厅1厨2卫,145.87O,高楼层 (共18层),平层,南,两梯两户,精装,70年,钢混结构,有,,https://sh.lianjia.com/ershoufang/107101096573.html
浦东,源深,陆家嘴花园(一期),内环内,1530,99837,3室2厅1厨2卫,153.25O,中楼层 (共27层),平层,南,两梯三户,精装,70年,钢混结构,有,,https://sh.lianjia.com/ershoufang/107100800027.html
浦东,源深,竹园新村(浦东),内环内,345,81696,2室1厅1厨1卫,42.23O,低楼层 (共6层),暂无数据,南,一梯四户,简装,未知,砖混结构,无,,https://sh.lianjia.com/ershoufang/107101390178.html
浦东,源深,尚海郦景,内环内,1350,97827,3室2厅1厨2卫,138O,中楼层 (共16层),暂无数据,南,一梯两户,毛坯,70年,钢混结构,暂无数据,,https://sh.lianjia.com/ershoufang/107002307783.html
浦东,源深,福山小区,内环内,650,89953,2室1厅1厨1卫,72.26O,中楼层 (共18层),暂无数据,南,两梯八户,精装,未知,钢混结构,有,,https://sh.lianjia.com/ershoufang/107000381185.html
浦东,源深,万科翡翠滨江(一期),内环内,2350,110329,4室2厅1厨3卫,213O,低楼层 (共30层),平层,南,两梯两户,精装,未知,钢混结构,有,,https://sh.lianjia.com/ershoufang/107002173821.html
浦东,源深,竹园高层,内环内,398,58120,2室1厅0厨1卫,68.48O,低楼层 (共22层),暂无数据,南,两梯八户,毛坯,70年,钢混结构,有,,https://sh.lianjia.com/ershoufang/107101429138.html
浦东,源深,涵乐园,内环内,1168,86417,3室2厅1厨2卫,135.16O,低楼层 (共11层),平层,南,两梯三户,精装,未知,钢混结构,有,,https://sh.lianjia.com/ershoufang/107100603772.html
浦东,源深,名门滨江苑,内环内,1450,84303,4室2厅1厨2卫,172O,低楼层 (共33层),平层,南,两梯两户,精装,70年,钢混结构,有,,https://sh.lianjia.com/ershoufang/107101260918.html
浦东,源深,梅园二街坊,内环内,565,107293,3室1厅1厨1卫,52.66O,低楼层 (共6层),暂无数据,南,一梯四户,其他,未知,砖混结构,无,,https://sh.lianjia.com/ershoufang/107101519284.html
浦东,源深,桃林小区,内环内,960,82617,3室1厅1厨1卫,116.2O,中楼层 (共18层),平层,南,两梯五户,简装,70年,钢混结构,有,,https://sh.lianjia.com/ershoufang/107101206683.html
浦东,源深,证大宽域,内环内,980,95825,2室2厅1厨1卫,102.27O,高楼层 (共21层),平层,南 北,两梯五户,精装,70年,钢混结构,有,,https://sh.lianjia.com/ershoufang/107100584598.html
浦东,源深,阳升公寓,内环内,740,76447,3室1厅1厨1卫,96.8O,中楼层 (共7层),平层,南,一梯两户,精装,未知,钢混结构,无,,https://sh.lianjia.com/ershoufang/107101050626.html
浦东,源深,陆家嘴公馆,内环内,2480,84685,4室2厅1厨3卫,292.85O,高楼层 (共19层),平层,南,两梯两户,精装,70年,钢混结构,有,,https://sh.lianjia.com/ershoufang/107001744019.html
浦东,源深,万源晶典,内环内,310,54790,1室1厅1厨1卫,56.58O,中楼层 (共33层),暂无数据,南,一梯十七户,精装,50年,钢混结构,有,,https://sh.lianjia.com/ershoufang/107101316173.html
浦东,源深,陆家嘴国际华城,内环内,1080,89257,2室2厅1厨2卫,121O,中楼层 (共28层),平层,南 西南,两梯三户,精装,未知,钢混结构,有,,https://sh.lianjia.com/ershoufang/107100341963.html
浦东,源深,梅园五街坊,内环内,590,114988,2室1厅0厨1卫,51.31O,高楼层 (共4层),平层,南,一梯两户,其他,未知,砖混结构,无,,https://sh.lianjia.com/ershoufang/107101449577.html
浦东,源深,陆家嘴花园(一期),内环内,1096,104064,2室2厅1厨1卫,105.32O,中楼层 (共25层),平层,南,两梯三户,精装,70年,钢混结构,有,,https://sh.lianjia.com/ershoufang/107100599732.html
浦东,源深,梅园三街坊,内环内,495,166892,1室0厅1厨1卫,29.66O,中楼层 (共6层),平层,南,一梯四户,精装,未知,砖混结构,无,,https://sh.lianjia.com/ershoufang/107101338734.html
浦东,源深,梅园五街坊,内环内,530,123717,1室1厅1厨1卫,42.84O,中楼层 (共6层),暂无数据,南,一梯四户,简装,70年,砖混结构,无,,https://sh.lianjia.com/ershoufang/107101243781.html
浦东,源深,陆家嘴壹号院,内环内,3888,162678,4室2厅1厨3卫,239O,中楼层 (共15层),平层,北,一梯两户,精装,70年,钢混结构,暂无数据,,https://sh.lianjia.com/ershoufang/107101380196.html
浦东,源深,东晶国际公寓,内环内,540,77564,1室2厅1厨1卫,69.62O,中楼层 (共25层),平层,东南,两梯六户,精装,70年,钢混结构,有,,https://sh.lianjia.com/ershoufang/107101399064.html
浦东,源深,梅园四街坊,内环内,544,109988,2室1厅1厨1卫,49.46O,高楼层 (共6层),平层,南,一梯四户,简装,未知,砖混结构,无,,https://sh.lianjia.com/ershoufang/107100363902.html
浦东,源深,陆家嘴壹号院,内环内,4150,164683,4室2厅1厨3卫,252O,中楼层 (共15层),平层,南,一梯两户,精装,70年,钢混结构,暂无数据,,https://sh.lianjia.com/ershoufang/107101374799.html
浦东,源深,福山小区,内环内,630,87186,2室1厅1厨1卫,72.26O,中楼层 (共18层),平层,南,两梯八户,精装,未知,钢混结构,有,,https://sh.lianjia.com/ershoufang/107100701394.html
浦东,源深,梅园四街坊,内环内,635,100682,2室1厅1厨1卫,63.07O,中楼层 (共24层),平层,南,两梯八户,其他,70年,钢混结构,有,,https://sh.lianjia.com/ershoufang/107101384246.html
浦东,源深,松林小区,内环内,560,103417,2室1厅1厨1卫,54.15O,中楼层 (共5层),平层,南,一梯四户,其他,70年,砖混结构,无,,https://sh.lianjia.com/ershoufang/107101395694.html
浦东,源深,福竹小区,内环内,410,81625,2室1厅1厨1卫,50.23O,低楼层 (共6层),暂无数据,南,四梯四户,简装,未知,钢混结构,有,,https://sh.lianjia.com/ershoufang/107100844514.html
浦东,源深,桃林小区,内环内,980,96410,3室2厅1厨1卫,101.65O,低楼层 (共6层),平层,南,一梯两户,简装,未知,砖混结构,无,,https://sh.lianjia.com/ershoufang/107101368709.html
浦东,源深,上海滩花园洋房,内环内,1600,88184,2室2厅1厨2卫,181.44O,中楼层 (共6层),平层,南,一梯两户,精装,70年,钢混结构,无,,https://sh.lianjia.com/ershoufang/107101310412.html
浦东,源深,竹园高层,内环内,470,74985,2室1厅1厨1卫,62.68O,高楼层 (共26层),平层,南,两梯八户,精装,70年,钢混结构,有,,https://sh.lianjia.com/ershoufang/107101060835.html
浦东,源深,梅园三村,内环内,730,91046,3室1厅1厨1卫,80.18O,高楼层 (共6层),平层,南,一梯三户,简装,未知,砖混结构,无,,https://sh.lianjia.com/ershoufang/107101510672.html
浦东,源深,海院小区,内环内,598,68776,3室2厅1厨1卫,86.95O,高楼层 (共6层),平层,南,一梯两户,精装,70年,砖混结构,无,,https://sh.lianjia.com/ershoufang/107101128207.html
浦东,源深,梅园六街坊,内环内,515,139832,1室1厅1厨1卫,36.83O,高楼层 (共6层),平层,南,一梯四户,简装,未知,砖混结构,无,,https://sh.lianjia.com/ershoufang/107101216976.html
浦东,源深,陆家嘴花园(二期),内环内,2000,112341,4室2厅1厨2卫,178.03O,高楼层 (共24层),平层,南,两梯两户,精装,70年,钢混结构,有,,https://sh.lianjia.com/ershoufang/107101369381.html
浦东,源深,福山小区,内环内,520,71155,3室0厅1厨1卫,73.08O,低楼层 (共18层),暂无数据,南,两梯七户,毛坯,未知,钢混结构,有,,https://sh.lianjia.com/ershoufang/107000218519.html
浦东,源深,海院小区,内环内,238,69857,1室0厅1厨1卫,34.07O,高楼层 (共6层),平层,南,一梯三户,精装,70年,砖混结构,无,,https://sh.lianjia.com/ershoufang/107101149148.html
浦东,源深,梅园四街坊,内环内,550,111721,2室1厅1厨1卫,49.23O,低楼层 (共6层),平层,南,一梯四户,简装,未知,砖混结构,无,,https://sh.lianjia.com/ershoufang/107101026483.html
浦东,源深,梅园三村,内环内,450,95420,2室0厅1厨1卫,47.16O,高楼层 (共5层),平层,南,一梯四户,简装,未知,砖混结构,无,,https://sh.lianjia.com/ershoufang/107101008131.html
浦东,源深,珠江玫瑰花园(公寓),内环内,1150,68371,3室2厅1厨2卫,168.2O,中楼层 (共24层),平层,西南,两梯四户,精装,未知,钢混结构,有,,https://sh.lianjia.com/ershoufang/107101487964.html
浦东,源深,竹园新村(浦东),内环内,455,78639,2室1厅1厨1卫,57.86O,高楼层 (共6层),平层,南,一梯两户,精装,未知,砖混结构,无,,https://sh.lianjia.com/ershoufang/107100647610.html
浦东,源深,海怡花园(浦东),内环内,1050,80695,3室2厅1厨2卫,130.12O,中楼层 (共15层),暂无数据,南,一梯两户,简装,70年,钢混结构,有,,https://sh.lianjia.com/ershoufang/107101305017.html
浦东,源深,陆家嘴花园(一期),内环内,1900,99026,4室2厅1厨2卫,191.87O,高楼层 (共27层),平层,南,两梯三户,精装,70年,钢混结构,有,,https://sh.lianjia.com/ershoufang/107101222289.html
浦东,源深,山水国际,内环内,1180,107842,2室2厅1厨2卫,109.42O,低楼层 (共29层),平层,南,两梯三户,精装,70年,钢混结构,有,,https://sh.lianjia.com/ershoufang/107100857982.html
浦东,源深,梅园四街坊,内环内,630,100994,2室2厅1厨1卫,62.38O,高楼层 (共6层),平层,南 北,一梯四户,精装,未知,砖混结构,无,,https://sh.lianjia.com/ershoufang/107101467863.html
浦东,源深,梅园新村(浦东),内环内,455,89042,2室1厅1厨1卫,51.1O,高楼层 (共6层),平层,南,一梯四户,简装,未知,砖混结构,无,,https://sh.lianjia.com/ershoufang/107101356051.html
浦东,源深,梅园六街坊,内环内,508,137894,1室1厅1厨1卫,36.84O,中楼层 (共6层),平层,南,一梯四户,精装,70年,砖混结构,无,,https://sh.lianjia.com/ershoufang/107101342198.html
浦东,源深,陆家嘴花园(一期),内环内,1900,105182,4室2厅1厨2卫,180.64O,高楼层 (共13层),跃层,南,一梯两户,精装,70年,钢混结构,有,,https://sh.lianjia.com/ershoufang/107100311045.html
浦东,源深,金博尚品苑(公寓),内环内,1199,87011,3室2厅1厨2卫,137.8O,中楼层 (共17层),平层,南,一梯两户,精装,70年,钢混结构,有,,https://sh.lianjia.com/ershoufang/107101122357.html
浦东,源深,山水国际,内环内,1515,102096,3室2厅1厨2卫,148.39O,高楼层 (共22层),平层,南,两梯两户,精装,70年,钢混结构,有,,https://sh.lianjia.com/ershoufang/107100916291.html
浦东,源深,盛世年华,内环内,1200,117775,2室1厅1厨1卫,101.89O,高楼层 (共18层),平层,南,两梯三户,精装,70年,钢混结构,有,,https://sh.lianjia.com/ershoufang/107101305475.html
浦东,源深,万源晶典,内环内,270,67670,1室1厅1厨1卫,39.9O,中楼层 (共33层),暂无数据,北,一梯十七户,精装,50年,钢混结构,有,,https://sh.lianjia.com/ershoufang/107100243329.html
浦东,源深,光辉小区,内环内,680,96922,2室1厅1厨1卫,70.16O,低楼层 (共5层),平层,南,一梯两户,简装,未知,砖混结构,无,,https://sh.lianjia.com/ershoufang/107101102606.html
浦东,源深,梅园四街坊,内环内,535,136515,1室1厅1厨1卫,39.19O,低楼层 (共6层),平层,南,一梯四户,精装,70年,砖混结构,无,,https://sh.lianjia.com/ershoufang/107100905417.html
浦东,源深,陆家嘴花园(一期),内环内,780,104600,0室0厅0厨0卫,74.57O,低楼层 (共25层),暂无数据,南,两梯两户,精装,70年,钢混结构,有,,https://sh.lianjia.com/ershoufang/107101396061.html
浦东,源深,东珂花苑,内环内,950,75794,3室1厅1厨2卫,125.34O,低楼层 (共14层),平层,南,一梯两户,简装,未知,钢混结构,有,,https://sh.lianjia.com/ershoufang/107101013256.html
浦东,源深,梅园五街坊,内环内,585,105046,2室1厅1厨1卫,55.69O,高楼层 (共6层),平层,南,一梯四户,精装,未知,砖混结构,无,,https://sh.lianjia.com/ershoufang/107100974174.html
浦东,源深,金隆置地大厦,内环内,435,77128,1室1厅1厨1卫,56.4O,低楼层 (共31层),暂无数据,东,四梯十二户,精装,未知,钢混结构,有,,https://sh.lianjia.com/ershoufang/107101108116.html
浦东,源深,陆家嘴壹号院,内环内,4000,172236,4室2厅1厨3卫,232.24O,高楼层 (共15层),平层,南,一梯两户,精装,70年,钢混结构,有,,https://sh.lianjia.com/ershoufang/107101485835.html
浦东,源深,万科翡翠滨江(一期),内环内,3350,107029,4室2厅1厨3卫,313O,中楼层 (共29层),平层,南,三梯两户,精装,未知,钢混结构,有,,https://sh.lianjia.com/ershoufang/107100765065.html
浦东,源深,香榭丽花园,内环内,1320,82475,3室2厅1厨2卫,160.05O,中楼层 (共12层),平层,南,一梯两户,精装,未知,钢混结构,有,,https://sh.lianjia.com/ershoufang/107101168106.html
浦东,源深,桃林一小区,内环内,850,74726,3室1厅1厨1卫,113.75O,中楼层 (共6层),暂无数据,南,一梯两户,简装,70年,砖混结构,无,,https://sh.lianjia.com/ershoufang/107101253788.html
浦东,源深,陆家嘴花园(二期),内环内,1170,73864,4室2厅1厨2卫,158.4O,低楼层 (共7层),复式,南,一梯两户,精装,70年,钢混结构,有,,https://sh.lianjia.com/ershoufang/107101091053.html
浦东,源深,梅园一街坊,内环内,520,91437,2室1厅1厨1卫,56.87O,高楼层 (共6层),暂无数据,南,一梯四户,精装,未知,砖混结构,无,,https://sh.lianjia.com/ershoufang/107101437294.html
浦东,源深,竹园新村(浦东),内环内,348,77610,1室1厅1厨1卫,44.84O,高楼层 (共6层),平层,南,一梯两户,精装,70年,砖混结构,无,,https://sh.lianjia.com/ershoufang/107101289988.html
浦东,源深,梅园五街坊,内环内,605,117453,2室1厅1厨1卫,51.51O,高楼层 (共6层),平层,南 北,一梯两户,精装,未知,砖混结构,无,,https://sh.lianjia.com/ershoufang/107101436247.html
浦东,源深,新天家园,内环内,935,89474,2室2厅1厨2卫,104.5O,中楼层 (共18层),平层,南,两梯三户,简装,70年,钢混结构,有,,https://sh.lianjia.com/ershoufang/107101270088.html
浦东,源深,梅园五街坊,内环内,590,94220,2室1厅1厨1卫,62.62O,高楼层 (共6层),平层,南,一梯四户,简装,未知,砖混结构,无,,https://sh.lianjia.com/ershoufang/107101197695.html
浦东,源深,梅园五街坊,内环内,600,113358,2室1厅1厨1卫,52.93O,高楼层 (共6层),暂无数据,南,一梯两户,精装,70年,砖混结构,无,,https://sh.lianjia.com/ershoufang/107101168086.html
浦东,源深,源竹小区(南片),内环内,410,79197,2室1厅1厨1卫,51.77O,低楼层 (共6层),暂无数据,南,一梯四户,毛坯,70年,砖混结构,无,,https://sh.lianjia.com/ershoufang/107100198594.html
浦东,源深,陆家嘴花园(一期),内环内,1250,103102,3室2厅1厨2卫,121.24O,中楼层 (共14层),平层,南,一梯两户,精装,70年,钢混结构,有,,https://sh.lianjia.com/ershoufang/107101381503.html
浦东,源深,陆家嘴国际华城,内环内,1990,93674,4室2厅1厨2卫,212.44O,低楼层 (共37层),平层,南 北,两梯两户,精装,70年,钢混结构,有,,https://sh.lianjia.com/ershoufang/107101338665.html
浦东,源深,八方大厦,内环内,780,50110,3室2厅2厨2卫,155.66O,低楼层 (共26层),暂无数据,南,两梯六户,精装,70年,钢混结构,有,,https://sh.lianjia.com/ershoufang/107101313286.html
浦东,源深,梅园六街坊,内环内,510,126961,1室1厅1厨1卫,40.17O,中楼层 (共5层),平层,南,一梯四户,精装,70年,砖混结构,无,,https://sh.lianjia.com/ershoufang/107101069411.html
浦东,源深,梅园二街坊,内环内,730,95801,3室1厅1厨1卫,76.2O,高楼层 (共6层),平层,南,一梯四户,精装,未知,砖混结构,无,,https://sh.lianjia.com/ershoufang/107100799187.html
浦东,源深,滨江茗园,内环内,1250,84574,3室2厅2厨1卫,147.8O,低楼层 (共29层),暂无数据,南,两梯两户,精装,未知,钢混结构,有,,https://sh.lianjia.com/ershoufang/107101456379.html
浦东,源深,竹园新村(浦东),内环内,340,80512,1室1厅1厨1卫,42.23O,低楼层 (共6层),平层,南,一梯四户,精装,未知,砖混结构,无,,https://sh.lianjia.com/ershoufang/107101407242.html
浦东,源深,桃林小区,内环内,770,85480,2室2厅1厨1卫,90.08O,低楼层 (共18层),平层,东南,两梯五户,精装,70年,钢混结构,有,,https://sh.lianjia.com/ershoufang/107100972901.html
浦东,源深,梅园四街坊,内环内,730,95475,3室1厅1厨1卫,76.46O,高楼层 (共6层),平层,南 北,一梯两户,简装,70年,砖混结构,无,,https://sh.lianjia.com/ershoufang/107101119149.html
浦东,源深,尚海郦景,内环内,1770,91710,4室2厅1厨2卫,193O,中楼层 (共26层),平层,南 北,一梯两户,其他,70年,钢混结构,暂无数据,,https://sh.lianjia.com/ershoufang/107101457920.html
浦东,源深,松林小区,内环内,573,92689,2室1厅1厨1卫,61.82O,低楼层 (共5层),平层,南,一梯四户,简装,70年,砖混结构,无,,https://sh.lianjia.com/ershoufang/107101213323.html
浦东,源深,桃林一小区,内环内,500,131372,1室1厅1厨1卫,38.06O,高楼层 (共6层),平层,南,一梯三户,简装,70年,砖混结构,无,,https://sh.lianjia.com/ershoufang/107101362097.html
浦东,源深,梅园五街坊,内环内,540,119101,1室1厅1厨1卫,45.34O,低楼层 (共6层),平层,南,一梯四户,精装,未知,砖混结构,无,,https://sh.lianjia.com/ershoufang/107101459445.html
浦东,源深,桃林公寓,内环内,638,66744,2室2厅1厨1卫,95.59O,低楼层 (共20层),暂无数据,东北,两梯七户,精装,70年,钢混结构,有,,https://sh.lianjia.com/ershoufang/107002067921.html
浦东,源深,尚海郦景,内环内,1530,96227,3室2厅1厨2卫,159O,高楼层 (共29层),平层,南,一梯两户,毛坯,70年,钢混结构,暂无数据,,https://sh.lianjia.com/ershoufang/107101335083.html
浦东,源深,陆家嘴花园(一期),内环内,925,92399,2室2厅1厨2卫,100.11O,低楼层 (共11层),平层,南,一梯两户,简装,70年,钢混结构,有,,https://sh.lianjia.com/ershoufang/107100112016.html
浦东,源深,山水国际,内环内,2000,108109,4室2厅1厨2卫,185O,高楼层 (共22层),暂无数据,南,两梯两户,精装,70年,钢混结构,有,,https://sh.lianjia.com/ershoufang/107101134160.html
浦东,源深,陆家嘴花园(二期),内环内,1080,104348,2室2厅1厨2卫,103.5O,低楼层 (共7层),平层,南,一梯两户,简装,70年,钢混结构,有,,https://sh.lianjia.com/ershoufang/107100949142.html
浦东,源深,市政大楼,内环内,700,96353,2室1厅1厨1卫,72.65O,中楼层 (共18层),平层,南,两梯八户,其他,70年,钢混结构,有,,https://sh.lianjia.com/ershoufang/107101405767.html
浦东,源深,梅园七街坊,内环内,480,118695,1室1厅1厨1卫,40.44O,高楼层 (共6层),平层,南,一梯三户,简装,未知,砖混结构,无,,https://sh.lianjia.com/ershoufang/107100472510.html
浦东,源深,梅园新村(浦东),内环内,465,96594,2室1厅1厨1卫,48.14O,低楼层 (共6层),暂无数据,南,一梯四户,简装,未知,砖混结构,无,,https://sh.lianjia.com/ershoufang/107101314271.html
浦东,源深,证大宽域,内环内,870,93740,2室2厅1厨1卫,92.81O,高楼层 (共21层),平层,南,两梯五户,精装,70年,钢混结构,有,,https://sh.lianjia.com/ershoufang/107100310768.html
浦东,源深,梅园五街坊,内环内,600,109951,2室1厅1厨1卫,54.57O,低楼层 (共6层),暂无数据,南,一梯两户,毛坯,未知,砖混结构,无,,https://sh.lianjia.com/ershoufang/107101101061.html
浦东,源深,证大宽域,内环内,890,93872,2室2厅1厨1卫,94.81O,低楼层 (共21层),平层,南,两梯五户,精装,70年,钢混结构,有,,https://sh.lianjia.com/ershoufang/107101372960.html
浦东,源深,梅园四街坊,内环内,565,102579,2室1厅1厨1卫,55.08O,中楼层 (共6层),暂无数据,南,一梯四户,其他,70年,砖混结构,无,,https://sh.lianjia.com/ershoufang/107101403405.html
浦东,源深,市政大楼,内环内,700,101186,2室1厅1厨1卫,69.18O,中楼层 (共18层),暂无数据,南,两梯八户,其他,70年,钢混结构,有,,https://sh.lianjia.com/ershoufang/107101499236.html
浦东,源深,梅园二街坊,内环内,700,97223,3室1厅1厨1卫,72O,高楼层 (共6层),平层,南,一梯三户,简装,未知,砖混结构,无,,https://sh.lianjia.com/ershoufang/107101372308.html
浦东,源深,竹园新村(浦东),内环内,490,78817,2室1厅1厨1卫,62.17O,高楼层 (共6层),暂无数据,南,一梯四户,精装,未知,砖混结构,无,,https://sh.lianjia.com/ershoufang/107101425884.html
浦东,源深,梅园三村,内环内,470,86128,2室1厅1厨1卫,54.57O,中楼层 (共6层),平层,南,一梯四户,精装,未知,砖混结构,无,,https://sh.lianjia.com/ershoufang/107100914834.html
浦东,源深,山水国际,内环内,1220,111335,2室2厅1厨2卫,109.58O,高楼层 (共29层),平层,南,两梯三户,精装,70年,钢混结构,有,,https://sh.lianjia.com/ershoufang/107101288239.html
浦东,源深,山水国际,内环内,1480,102055,3室2厅1厨2卫,145.02O,低楼层 (共28层),平层,暂无数据,两梯两户,精装,70年,钢混结构,有,,https://sh.lianjia.com/ershoufang/107002148665.html
浦东,源深,梅园三街坊,内环内,548,107304,2室1厅1厨1卫,51.07O,中楼层 (共6层),平层,南,一梯四户,精装,未知,砖混结构,无,,https://sh.lianjia.com/ershoufang/107101302557.html
浦东,源深,梅园三街坊,内环内,670,109460,2室1厅0厨1卫,61.21O,中楼层 (共6层),平层,南,一梯四户,精装,未知,砖混结构,无,,https://sh.lianjia.com/ershoufang/107101510329.html
浦东,源深,松林小区,内环内,620,100292,2室1厅1厨1卫,61.82O,低楼层 (共5层),平层,南 北,一梯四户,精装,70年,砖混结构,无,,https://sh.lianjia.com/ershoufang/107101316829.html
浦东,源深,尚海郦景,内环内,1795,91582,4室2厅1厨3卫,196O,中楼层 (共29层),平层,南,两梯两户,毛坯,70年,钢混结构,有,,https://sh.lianjia.com/ershoufang/107101389680.html
浦东,源深,梅园三街坊,内环内,630,97013,3室1厅1厨1卫,64.94O,高楼层 (共6层),暂无数据,南,一梯三户,其他,未知,砖混结构,无,,https://sh.lianjia.com/ershoufang/107101512607.html
浦东,源深,竹园高层,内环内,580,67948,3室1厅1厨1卫,85.36O,中楼层 (共26层),平层,南,两梯八户,简装,70年,钢混结构,有,,https://sh.lianjia.com/ershoufang/107101412136.html
浦东,源深,竹园高层,内环内,860,59483,3室2厅1厨2卫,144.58O,低楼层 (共26层),平层,南,两梯五户,简装,70年,钢混结构,有,,https://sh.lianjia.com/ershoufang/107101339734.html
浦东,源深,万科翡翠滨江(一期),内环内,2000,120482,3室2厅1厨2卫,166O,中楼层 (共30层),平层,南,两梯两户,精装,70年,钢混结构,有,,https://sh.lianjia.com/ershoufang/107101217661.html
浦东,源深,香榭丽花园,内环内,1180,58707,3室2厅1厨2卫,201O,低楼层 (共19层),暂无数据,南,两梯两户,简装,未知,钢混结构,有,,https://sh.lianjia.com/ershoufang/107002095715.html
浦东,源深,陆家嘴花园(一期),内环内,965,95366,2室2厅1厨2卫,101.19O,低楼层 (共8层),平层,南,一梯两户,精装,70年,钢混结构,有,,https://sh.lianjia.com/ershoufang/107101223932.html
浦东,源深,梅园五街坊,内环内,625,115272,2室1厅1厨1卫,54.22O,高楼层 (共4层),平层,南,一梯两户,其他,未知,砖混结构,无,,https://sh.lianjia.com/ershoufang/107101516809.html
浦东,源深,山水国际,内环内,1500,102846,3室2厅1厨2卫,145.85O,低楼层 (共28层),平层,南,两梯两户,精装,70年,钢混结构,有,,https://sh.lianjia.com/ershoufang/107101270198.html
浦东,源深,梅园新村(浦东),内环内,465,90573,2室1厅1厨1卫,51.34O,中楼层 (共6层),平层,南,一梯四户,精装,未知,砖混结构,无,,https://sh.lianjia.com/ershoufang/107101485455.html
浦东,源深,市政大楼,内环内,760,87639,2室1厅1厨1卫,86.72O,中楼层 (共18层),平层,南,两梯八户,精装,未知,钢混结构,有,,https://sh.lianjia.com/ershoufang/107101340380.html
浦东,源深,梅园三村,内环内,455,86783,2室1厅1厨1卫,52.43O,高楼层 (共6层),平层,南,一梯四户,简装,70年,砖混结构,无,,https://sh.lianjia.com/ershoufang/107101428298.html
浦东,源深,梅园七街坊,内环内,595,99933,2室1厅1厨1卫,59.54O,高楼层 (共6层),平层,南,一梯四户,简装,未知,砖混结构,无,,https://sh.lianjia.com/ershoufang/107101447740.html
浦东,源深,阳升公寓,内环内,385,122886,1室1厅1厨1卫,31.33O,高楼层 (共7层),暂无数据,南,一梯六户,其他,未知,钢混结构,无,,https://sh.lianjia.com/ershoufang/107101504419.html
浦东,源深,梅园七街坊,内环内,535,89856,2室1厅1厨1卫,59.54O,高楼层 (共6层),平层,南,一梯四户,简装,未知,砖混结构,无,,https://sh.lianjia.com/ershoufang/107101263724.html
浦东,源深,竹园新村(浦东),内环内,480,81467,2室1厅1厨1卫,58.92O,高楼层 (共7层),平层,南,一梯两户,简装,未知,钢混结构,有,,https://sh.lianjia.com/ershoufang/107101444466.html
浦东,源深,竹园新村(浦东),内环内,425,79041,2室1厅1厨1卫,53.77O,高楼层 (共5层),暂无数据,南 北,一梯四户,精装,未知,砖混结构,无,,https://sh.lianjia.com/ershoufang/107101519406.html
浦东,源深,梅园五街坊,内环内,595,124166,2室1厅1厨1卫,47.92O,中楼层 (共6层),平层,南,一梯两户,简装,70年,砖混结构,无,,https://sh.lianjia.com/ershoufang/107101059390.html
浦东,源深,梅园三村,内环内,450,95704,2室1厅1厨1卫,47.02O,低楼层 (共11层),平层,南,一梯三户,简装,未知,钢混结构,有,,https://sh.lianjia.com/ershoufang/107101375874.html
浦东,源深,梅园三街坊,内环内,520,114690,2室1厅1厨1卫,45.34O,低楼层 (共6层),平层,南,一梯四户,简装,未知,砖混结构,无,,https://sh.lianjia.com/ershoufang/107101395323.html
浦东,源深,盛世年华,内环内,1780,112275,4室2厅1厨2卫,158.54O,低楼层 (共12层),平层,南 北,一梯两户,简装,70年,钢混结构,有,,https://sh.lianjia.com/ershoufang/107101440615.html
浦东,源深,梅园四街坊,内环内,620,100715,2室1厅1厨1卫,61.56O,高楼层 (共6层),平层,南,一梯四户,简装,未知,砖混结构,无,,https://sh.lianjia.com/ershoufang/107100929886.html
浦东,源深,梅园二街坊,内环内,580,104599,2室1厅1厨1卫,55.45O,中楼层 (共6层),平层,南,一梯四户,精装,未知,砖混结构,无,,https://sh.lianjia.com/ershoufang/107101165639.html
浦东,源深,海联大厦,,320,67999,1室1厅1厨1卫,47.06O,高楼层 (共18层),平层,南,两梯十一户,精装,70年,钢混结构,有,,https://sh.lianjia.com/ershoufang/107001120455.html
浦东,源深,福山小区,内环内,530,107006,1室1厅1厨1卫,49.53O,低楼层 (共18层),平层,南,两梯八户,简装,未知,钢混结构,有,,https://sh.lianjia.com/ershoufang/107100910954.html
浦东,源深,陆家嘴壹号院,内环内,2180,126745,4室2厅1厨2卫,172O,低楼层 (共15层),平层,南,一梯两户,精装,70年,钢混结构,暂无数据,,https://sh.lianjia.com/ershoufang/107101144282.html
浦东,源深,梅园四街坊,内环内,598,103892,2室1厅1厨1卫,57.56O,低楼层 (共13层),平层,南,一梯两户,简装,未知,钢混结构,有,,https://sh.lianjia.com/ershoufang/107100752845.html
浦东,源深,海院新村,内环内,380,70989,2室2厅1厨1卫,53.53O,低楼层 (共5层),暂无数据,南,一梯三户,简装,未知,砖混结构,无,,https://sh.lianjia.com/ershoufang/107101349225.html
浦东,源深,东晶国际公寓,内环内,565,77355,1室2厅1厨1卫,73.04O,中楼层 (共28层),平层,西南,两梯六户,简装,70年,钢混结构,有,,https://sh.lianjia.com/ershoufang/107101047448.html
浦东,源深,东晶国际公寓,内环内,535,75374,1室2厅1厨1卫,70.98O,低楼层 (共25层),平层,南,两梯六户,精装,70年,钢混结构,有,,https://sh.lianjia.com/ershoufang/107101412887.html
浦东,源深,竹园高层,内环内,410,58538,2室1厅1厨1卫,70.04O,低楼层 (共22层),平层,南,两梯八户,精装,70年,钢混结构,有,,https://sh.lianjia.com/ershoufang/107002154587.html
浦东,源深,山水国际,内环内,1480,102069,3室2厅1厨2卫,145O,低楼层 (共22层),暂无数据,南,两梯两户,精装,未知,钢混结构,有,,https://sh.lianjia.com/ershoufang/107100592039.html
浦东,源深,梅园三街坊,内环内,540,114845,2室1厅1厨1卫,47.02O,低楼层 (共6层),暂无数据,南,一梯四户,简装,未知,砖混结构,无,,https://sh.lianjia.com/ershoufang/107101308085.html
浦东,源深,名门滨江苑,内环内,1450,83627,4室2厅1厨2卫,173.39O,高楼层 (共33层),平层,南 北,两梯两户,精装,70年,钢混结构,有,,https://sh.lianjia.com/ershoufang/107101026401.html
浦东,源深,阳升公寓,内环内,440,90146,2室1厅1厨1卫,48.81O,低楼层 (共6层),平层,南,一梯五户,精装,未知,砖混结构,无,,https://sh.lianjia.com/ershoufang/107100864805.html
浦东,源深,桃林小区,内环内,838,102722,2室2厅1厨1卫,81.58O,中楼层 (共6层),平层,南,一梯两户,简装,70年,砖混结构,无,,https://sh.lianjia.com/ershoufang/107101293230.html
浦东,源深,海院小区,内环内,320,69325,1室1厅1厨1卫,46.16O,中楼层 (共6层),平层,南,一梯两户,精装,70年,砖混结构,无,,https://sh.lianjia.com/ershoufang/107101294456.html
浦东,源深,桃林小区,内环内,830,101245,3室1厅1厨1卫,81.98O,高楼层 (共6层),平层,南 北,一梯两户,简装,70年,砖混结构,无,,https://sh.lianjia.com/ershoufang/107101194369.html
浦东,源深,梅园新村(浦东),内环内,535,89465,3室1厅1厨1卫,59.8O,低楼层 (共6层),平层,南,一梯三户,简装,未知,砖混结构,无,,https://sh.lianjia.com/ershoufang/107100317235.html
浦东,源深,海院小区,内环内,295,69757,1室1厅1厨1卫,42.29O,中楼层 (共6层),平层,南,一梯三户,简装,70年,砖混结构,无,,https://sh.lianjia.com/ershoufang/107101327412.html
浦东,源深,梅园四街坊,内环内,698,113552,2室1厅1厨1卫,61.47O,中楼层 (共6层),平层,南,一梯四户,精装,未知,砖混结构,无,,https://sh.lianjia.com/ershoufang/107101375978.html
浦东,源深,竹园高层,内环内,690,59197,2室2厅1厨1卫,116.56O,低楼层 (共26层),平层,南,两梯五户,简装,70年,钢混结构,有,,https://sh.lianjia.com/ershoufang/107101139302.html
浦东,源深,竹园高层,内环内,452,63546,2室1厅1厨1卫,71.13O,低楼层 (共22层),暂无数据,南,两梯八户,其他,70年,钢混结构,有,,https://sh.lianjia.com/ershoufang/107101507447.html
浦东,源深,同科公寓,内环内,950,67698,3室2厅1厨2卫,140.33O,中楼层 (共24层),平层,东南,两梯六户,精装,未知,钢混结构,有,,https://sh.lianjia.com/ershoufang/107101172226.html
浦东,源深,陆家嘴花园(一期),内环内,1350,87743,3室2厅1厨2卫,153.86O,低楼层 (共17层),平层,南,一梯两户,精装,70年,钢混结构,有,,https://sh.lianjia.com/ershoufang/107101186655.html
浦东,源深,盛世年华,内环内,980,114286,2室2厅1厨1卫,85.75O,高楼层 (共25层),平层,南,两梯三户,简装,70年,钢混结构,有,,https://sh.lianjia.com/ershoufang/107101421993.html
浦东,源深,光辉小区,内环内,700,96260,2室1厅1厨1卫,72.72O,中楼层 (共6层),平层,南,一梯两户,精装,70年,砖混结构,无,,https://sh.lianjia.com/ershoufang/107101395362.html
浦东,源深,珠江玫瑰花园(公寓),内环内,1100,64290,3室2厅1厨2卫,171.1O,中楼层 (共24层),平层,南,两梯四户,精装,未知,钢混结构,有,,https://sh.lianjia.com/ershoufang/107101118345.html
浦东,源深,证大宽域,内环内,875,85200,2室2厅1厨1卫,102.7O,高楼层 (共20层),平层,南 北,两梯五户,精装,70年,钢混结构,有,,https://sh.lianjia.com/ershoufang/107100374660.html
浦东,源深,滨江茗园,内环内,2600,90259,4室2厅1厨3卫,288.06O,高楼层 (共23层),暂无数据,南 北,一梯两户,精装,未知,钢混结构,有,,https://sh.lianjia.com/ershoufang/107101068300.html
浦东,源深,海院小区,内环内,308,69858,1室1厅1厨1卫,44.09O,低楼层 (共6层),暂无数据,南,一梯两户,简装,70年,砖混结构,无,,https://sh.lianjia.com/ershoufang/107101406531.html
浦东,源深,梅园新村(浦东),内环内,450,88392,2室1厅1厨1卫,50.91O,高楼层 (共6层),平层,南,一梯四户,简装,未知,砖混结构,无,,https://sh.lianjia.com/ershoufang/107101455700.html
浦东,源深,桃林小区,内环内,850,88147,2室2厅1厨1卫,96.43O,中楼层 (共18层),平层,西南,两梯五户,精装,70年,钢混结构,有,,https://sh.lianjia.com/ershoufang/107100983808.html
浦东,源深,竹园高层,内环内,910,59431,3室2厅1厨2卫,153.12O,中楼层 (共26层),暂无数据,南,两梯五户,简装,70年,钢混结构,有,,https://sh.lianjia.com/ershoufang/107002139239.html
浦东,源深,竹园新村(浦东),内环内,378,69858,2室1厅1厨1卫,54.11O,高楼层 (共6层),平层,南,一梯四户,简装,未知,砖混结构,无,,https://sh.lianjia.com/ershoufang/107101111088.html
浦东,源深,梅园四街坊,内环内,700,98898,2室1厅1厨1卫,70.78O,高楼层 (共24层),暂无数据,南,两梯八户,精装,70年,钢混结构,有,,https://sh.lianjia.com/ershoufang/107101386535.html
浦东,源深,梅园新村(浦东),内环内,420,107803,1室1厅1厨1卫,38.96O,中楼层 (共6层),暂无数据,南,一梯四户,毛坯,未知,砖混结构,无,,https://sh.lianjia.com/ershoufang/107100961433.html
浦东,源深,海怡花园(浦东),内环内,1070,82232,3室2厅1厨2卫,130.12O,中楼层 (共15层),暂无数据,北,一梯两户,简装,70年,钢混结构,有,,https://sh.lianjia.com/ershoufang/107002256655.html
浦东,源深,竹园高层,内环内,460,69994,2室1厅1厨1卫,65.72O,高楼层 (共26层),暂无数据,东南 南,两梯八户,简装,70年,钢混结构,有,,https://sh.lianjia.com/ershoufang/107101357737.html
浦东,源深,陆家嘴花园(一期),内环内,1500,95878,4室2厅1厨2卫,156.45O,低楼层 (共11层),平层,南,两梯三户,精装,70年,钢混结构,有,,https://sh.lianjia.com/ershoufang/107101214174.html
浦东,源深,福山小区,内环内,616,85248,2室1厅1厨1卫,72.26O,高楼层 (共18层),平层,南,两梯八户,简装,未知,钢混结构,有,,https://sh.lianjia.com/ershoufang/107100983368.html
浦东,源深,陆家嘴花园(一期),内环内,1350,92113,3室2厅1厨2卫,146.56O,中楼层 (共27层),平层,南,两梯三户,精装,70年,钢混结构,有,,https://sh.lianjia.com/ershoufang/107101236346.html
浦东,源深,环球广场,内环内,920,52345,3室2厅1厨2卫,175.76O,高楼层 (共33层),平层,东 北,三梯九户,精装,未知,钢混结构,有,,https://sh.lianjia.com/ershoufang/107101209769.html
浦东,源深,梅园三街坊,内环内,520,104966,2室1厅1厨1卫,49.54O,高楼层 (共6层),平层,南 北,一梯四户,简装,未知,砖混结构,无,,https://sh.lianjia.com/ershoufang/107100758486.html
浦东,源深,梅园二街坊,内环内,560,104987,3室1厅1厨1卫,53.34O,低楼层 (共6层),平层,南,一梯四户,简装,未知,砖混结构,无,,https://sh.lianjia.com/ershoufang/107101337507.html
浦东,源深,梅园新村(浦东),内环内,438,85431,2室0厅1厨1卫,51.27O,高楼层 (共6层),暂无数据,南 北,一梯四户,简装,未知,砖混结构,无,,https://sh.lianjia.com/ershoufang/107101138305.html
浦东,源深,盛世年华,内环内,1580,114014,3室2厅1厨2卫,138.58O,低楼层 (共18层),平层,南,两梯两户,精装,70年,钢混结构,有,,https://sh.lianjia.com/ershoufang/107101176676.html
浦东,源深,陆家嘴花园(二期),内环内,1683,113197,3室2厅1厨2卫,148.68O,高楼层 (共18层),平层,南,两梯两户,精装,70年,钢混结构,有,,https://sh.lianjia.com/ershoufang/107100873991.html
浦东,源深,海院小区,内环内,269,66552,1室1厅1厨1卫,40.42O,高楼层 (共6层),暂无数据,南,一梯三户,简装,70年,砖混结构,无,,https://sh.lianjia.com/ershoufang/107101042928.html
浦东,源深,万源晶典,内环内,420,97133,1室0厅1厨1卫,43.24O,中楼层 (共33层),暂无数据,南,一梯十七户,其他,50年,钢混结构,有,,https://sh.lianjia.com/ershoufang/107100362370.html
浦东,源深,仁恒公寓,内环内,760,81572,2室2厅1厨1卫,93.17O,高楼层 (共18层),暂无数据,南,两梯六户,简装,未知,钢混结构,有,,https://sh.lianjia.com/ershoufang/107100427567.html
浦东,源深,竹园新村(浦东),内环内,380,70228,2室1厅1厨1卫,54.11O,高楼层 (共7层),平层,南,一梯四户,精装,未知,钢混结构,无,,https://sh.lianjia.com/ershoufang/107101416756.html
浦东,源深,环球广场,内环内,525,61584,2室1厅1厨1卫,85.25O,低楼层 (共33层),平层,南,三梯九户,精装,未知,钢混结构,有,,https://sh.lianjia.com/ershoufang/107101352526.html
浦东,源深,桃林公寓,内环内,720,78913,2室1厅1厨1卫,91.24O,中楼层 (共18层),平层,南,两梯六户,简装,未知,钢混结构,有,,https://sh.lianjia.com/ershoufang/107101333197.html
浦东,源深,梅园七街坊,内环内,508,125619,1室1厅1厨1卫,40.44O,中楼层 (共6层),平层,南,一梯三户,简装,未知,砖混结构,无,,https://sh.lianjia.com/ershoufang/107101448861.html
浦东,源深,梅园四街坊,内环内,850,89277,3室1厅1厨1卫,95.21O,低楼层 (共24层),平层,南,两梯八户,精装,70年,钢混结构,有,,https://sh.lianjia.com/ershoufang/107101429475.html
浦东,源深,梅园五街坊,内环内,580,116163,2室1厅1厨1卫,49.93O,高楼层 (共6层),平层,南,一梯两户,简装,70年,砖混结构,无,,https://sh.lianjia.com/ershoufang/107101347043.html
浦东,源深,盛世年华,内环内,1470,118597,3室2厅1厨2卫,123.95O,中楼层 (共18层),平层,南 北,两梯两户,精装,70年,钢混结构,有,,https://sh.lianjia.com/ershoufang/107101322840.html
浦东,源深,申富大厦,内环内,490,97552,1室1厅1厨1卫,50.23O,高楼层 (共15层),平层,南,两梯六户,简装,50年,钢混结构,有,,https://sh.lianjia.com/ershoufang/107100604991.html
浦东,源深,梅园三村,内环内,580,93564,2室1厅1厨1卫,61.99O,中楼层 (共6层),暂无数据,南,一梯四户,简装,未知,砖混结构,无,,https://sh.lianjia.com/ershoufang/107101180270.html
浦东,源深,福山小区,内环内,610,84418,2室1厅1厨1卫,72.26O,低楼层 (共18层),暂无数据,南,两梯八户,其他,未知,钢混结构,有,,https://sh.lianjia.com/ershoufang/107101424362.html
浦东,源深,东晶国际公寓,内环内,530,74044,1室2厅1厨1卫,71.58O,中楼层 (共25层),平层,西南,两梯六户,简装,70年,钢混结构,有,,https://sh.lianjia.com/ershoufang/107101303894.html
浦东,源深,山水国际,内环内,1500,97233,3室2厅2厨2卫,154.27O,高楼层 (共22层),平层,南,两梯两户,精装,70年,钢混结构,有,,https://sh.lianjia.com/ershoufang/107100869675.html
浦东,源深,海院小区,内环内,440,71348,2室1厅1厨1卫,61.67O,高楼层 (共6层),平层,南,一梯两户,精装,70年,砖混结构,无,,https://sh.lianjia.com/ershoufang/107101405020.html
浦东,源深,海联大厦,,510,67838,2室1厅1厨1卫,75.18O,高楼层 (共18层),平层,南,两梯十一户,精装,70年,钢混结构,有,,https://sh.lianjia.com/ershoufang/107101230192.html
浦东,源深,梅园二街坊,内环内,500,130959,1室1厅1厨1卫,38.18O,高楼层 (共6层),平层,南,一梯四户,简装,70年,砖混结构,无,,https://sh.lianjia.com/ershoufang/107101384941.html
浦东,源深,梅园五街坊,内环内,593,115415,2室2厅1厨1卫,51.38O,低楼层 (共6层),平层,南,一梯四户,简装,未知,砖混结构,无,,https://sh.lianjia.com/ershoufang/107101282017.html
浦东,源深,竹园新村(浦东),内环内,460,77967,2室1厅1厨1卫,59O,中楼层 (共6层),平层,南,一梯两户,简装,未知,砖混结构,无,,https://sh.lianjia.com/ershoufang/107101372086.html
浦东,源深,梅园四街坊,内环内,665,95041,3室1厅1厨1卫,69.97O,中楼层 (共6层),平层,南 北,一梯两户,简装,70年,砖混结构,无,,https://sh.lianjia.com/ershoufang/107100003420.html
浦东,源深,盛世年华,内环内,1700,105525,3室2厅1厨2卫,161.1O,中楼层 (共9层),平层,南,一梯两户,精装,70年,钢混结构,有,,https://sh.lianjia.com/ershoufang/107101039678.html
浦东,源深,生安花苑,内环内,880,75003,2室2厅1厨2卫,117.33O,高楼层 (共11层),平层,南,一梯两户,简装,未知,钢混结构,有,,https://sh.lianjia.com/ershoufang/107101317390.html
浦东,源深,梅园二街坊,内环内,530,103334,2室1厅1厨1卫,51.29O,低楼层 (共6层),平层,南,一梯四户,精装,未知,砖混结构,无,,https://sh.lianjia.com/ershoufang/107101221849.html
浦东,源深,梅园五街坊,内环内,600,109091,2室1厅1厨1卫,55O,高楼层 (共6层),暂无数据,南,一梯四户,其他,未知,砖混结构,无,,https://sh.lianjia.com/ershoufang/107101507726.html
浦东,源深,竹园新村(浦东),内环内,410,75926,2室1厅1厨1卫,54O,高楼层 (共6层),暂无数据,南,一梯四户,精装,未知,砖混结构,无,,https://sh.lianjia.com/ershoufang/107101355696.html
浦东,源深,证大宽域,内环内,830,93259,2室2厅1厨1卫,89O,高楼层 (共20层),平层,西南,两梯五户,精装,70年,钢混结构,有,,https://sh.lianjia.com/ershoufang/107101141834.html
浦东,源深,梅园教师公寓,内环内,760,72993,3室1厅1厨1卫,104.12O,中楼层 (共12层),平层,南,两梯十四户,精装,未知,钢混结构,有,,https://sh.lianjia.com/ershoufang/107100709222.html
浦东,源深,梅园三街坊,内环内,545,115909,2室0厅1厨1卫,47.02O,高楼层 (共6层),平层,南,一梯四户,简装,未知,砖混结构,无,,https://sh.lianjia.com/ershoufang/107100879205.html
浦东,源深,竹园新村(浦东),内环内,350,81643,1室1厅1厨1卫,42.87O,低楼层 (共7层),平层,南,一梯四户,精装,未知,钢混结构,有,,https://sh.lianjia.com/ershoufang/107101461551.html
浦东,源深,梅园五街坊,内环内,600,103610,2室1厅1厨1卫,57.91O,中楼层 (共6层),平层,南,一梯两户,毛坯,未知,砖混结构,无,,https://sh.lianjia.com/ershoufang/107101405186.html
浦东,源深,盛世年华,内环内,1500,105634,3室2厅1厨2卫,142O,低楼层 (共18层),暂无数据,南,两梯两户,精装,70年,钢混结构,有,,https://sh.lianjia.com/ershoufang/107101331542.html
浦东,源深,陆家嘴花园(一期),内环内,995,95070,2室2厅1厨1卫,104.66O,低楼层 (共27层),平层,南,两梯三户,精装,70年,钢混结构,有,,https://sh.lianjia.com/ershoufang/107100722838.html
浦东,源深,梅园四街坊,内环内,570,103486,2室1厅1厨1卫,55.08O,中楼层 (共6层),平层,南,一梯四户,简装,70年,钢混结构,无,,https://sh.lianjia.com/ershoufang/107101157344.html
浦东,源深,涵乐园,内环内,1350,93796,3室1厅1厨2卫,143.93O,高楼层 (共24层),平层,南 西南,两梯四户,其他,未知,钢混结构,有,,https://sh.lianjia.com/ershoufang/107101417698.html
浦东,源深,仁恒公寓,内环内,1200,83334,3室2厅2厨2卫,144O,中楼层 (共18层),暂无数据,南,两梯六户,简装,未知,钢混结构,有,,https://sh.lianjia.com/ershoufang/107101045261.html
浦东,源深,东晶国际公寓,内环内,600,84223,1室2厅1厨1卫,71.24O,中楼层 (共29层),平层,西南,两梯六户,其他,未知,钢混结构,有,,https://sh.lianjia.com/ershoufang/107101499102.html
浦东,源深,竹园高层,内环内,626,73012,4室1厅1厨1卫,85.74O,高楼层 (共26层),平层,南,两梯八户,精装,70年,钢混结构,有,,https://sh.lianjia.com/ershoufang/107101423759.html
浦东,源深,珠江玫瑰花园(公寓),内环内,820,84887,2室2厅1厨1卫,96.6O,高楼层 (共24层),平层,东南,两梯五户,简装,未知,钢混结构,有,,https://sh.lianjia.com/ershoufang/107101431967.html
浦东,源深,梅园四街坊,内环内,670,95090,3室1厅1厨1卫,70.46O,低楼层 (共6层),平层,南,一梯四户,其他,未知,砖混结构,无,,https://sh.lianjia.com/ershoufang/107101507092.html
浦东,源深,梅园四街坊,内环内,575,96916,2室1厅1厨1卫,59.33O,高楼层 (共6层),平层,南,一梯四户,精装,未知,砖混结构,无,,https://sh.lianjia.com/ershoufang/107100303032.html
浦东,源深,梅园新村(浦东),内环内,580,82846,3室1厅1厨1卫,70.01O,高楼层 (共6层),平层,南,一梯四户,其他,未知,砖混结构,无,,https://sh.lianjia.com/ershoufang/107101418886.html
浦东,源深,桃林公寓,内环内,650,67709,2室1厅1厨1卫,96O,高楼层 (共20层),平层,南 北,两梯七户,精装,70年,钢混结构,有,,https://sh.lianjia.com/ershoufang/107101476457.html
浦东,源深,海院小区,内环内,288,68102,1室1厅1厨1卫,42.29O,中楼层 (共6层),暂无数据,南,一梯三户,简装,70年,砖混结构,无,,https://sh.lianjia.com/ershoufang/107101459675.html
浦东,源深,商城路1317弄,内环内,660,85593,2室2厅1厨1卫,77.11O,低楼层 (共6层),平层,南,一梯两户,精装,70年,砖混结构,无,,https://sh.lianjia.com/ershoufang/107100341936.html
浦东,源深,梅园新村(浦东),内环内,450,88723,2室1厅1厨1卫,50.72O,高楼层 (共6层),平层,南,一梯四户,简装,未知,砖混结构,无,,https://sh.lianjia.com/ershoufang/107101332410.html
浦东,源深,竹园高层,内环内,398,56825,2室2厅1厨1卫,70.04O,低楼层 (共22层),暂无数据,南,两梯八户,简装,70年,钢混结构,有,,https://sh.lianjia.com/ershoufang/107101429135.html
浦东,源深,阳升公寓,内环内,370,122032,1室1厅1厨1卫,30.32O,低楼层 (共7层),暂无数据,南,一梯六户,简装,未知,钢混结构,无,,https://sh.lianjia.com/ershoufang/107101370884.html
浦东,源深,福山小区,内环内,625,87843,2室1厅1厨1卫,71.15O,高楼层 (共18层),平层,南,两梯八户,精装,未知,钢混结构,有,,https://sh.lianjia.com/ershoufang/107101409190.html
浦东,源深,源竹小区(南片),内环内,330,78572,1室1厅1厨1卫,42O,高楼层 (共6层),平层,南,一梯四户,精装,70年,砖混结构,无,,https://sh.lianjia.com/ershoufang/107101361902.html
浦东,源深,梅园三街坊,内环内,650,100093,3室1厅1厨1卫,64.94O,高楼层 (共6层),平层,南,一梯三户,精装,未知,砖混结构,无,,https://sh.lianjia.com/ershoufang/107101066572.html
浦东,源深,陆家嘴花园(一期),内环内,1000,95694,2室2厅1厨1卫,104.5O,低楼层 (共9层),暂无数据,南,两梯五户,精装,70年,钢混结构,有,,https://sh.lianjia.com/ershoufang/107100585397.html
浦东,源深,陈家门小区,内环内,450,87891,2室1厅1厨1卫,51.2O,低楼层 (共6层),暂无数据,南,一梯四户,精装,未知,砖混结构,无,,https://sh.lianjia.com/ershoufang/107101208408.html
浦东,源深,东晶国际公寓,内环内,540,76078,1室2厅1厨1卫,70.98O,中楼层 (共25层),平层,南,两梯六户,精装,70年,钢混结构,有,,https://sh.lianjia.com/ershoufang/107101375143.html
浦东,源深,盛世年华,内环内,1240,112482,3室2厅1厨1卫,110.24O,中楼层 (共25层),平层,南,两梯三户,精装,70年,钢混结构,有,,https://sh.lianjia.com/ershoufang/107100457492.html
浦东,源深,福山小区,内环内,710,73159,3室1厅1厨1卫,97.05O,中楼层 (共18层),平层,东南,两梯八户,精装,未知,钢混结构,有,,https://sh.lianjia.com/ershoufang/107100366526.html
浦东,源深,梅园一街坊,内环内,378,107295,1室1厅1厨1卫,35.23O,低楼层 (共6层),平层,南,一梯四户,简装,未知,砖混结构,无,,https://sh.lianjia.com/ershoufang/107101186579.html
浦东,源深,香榭丽花园,内环内,2250,70029,5室2厅1厨3卫,321.3O,高楼层 (共32层),暂无数据,南,两梯一户,简装,未知,钢混结构,有,,https://sh.lianjia.com/ershoufang/107101237402.html
浦东,源深,万源晶典,内环内,328,57972,1室1厅1厨1卫,56.58O,高楼层 (共33层),暂无数据,南,一梯十七户,简装,50年,钢混结构,有,,https://sh.lianjia.com/ershoufang/107101253923.html
浦东,源深,梅园四街坊,内环内,680,92808,3室1厅1厨1卫,73.27O,高楼层 (共6层),暂无数据,南,一梯四户,简装,未知,砖混结构,无,,https://sh.lianjia.com/ershoufang/107100579676.html
浦东,源深,海院小区,内环内,585,67219,3室2厅1厨1卫,87.03O,高楼层 (共6层),平层,南 北,一梯两户,简装,70年,砖混结构,无,,https://sh.lianjia.com/ershoufang/107101107583.html
浦东,源深,东晶国际公寓,内环内,578,79211,1室2厅1厨1卫,72.97O,中楼层 (共29层),平层,西南,两梯六户,精装,未知,钢混结构,有,,https://sh.lianjia.com/ershoufang/107101009273.html
浦东,源深,陆家嘴壹号院,内环内,3099,157735,4室2厅1厨3卫,196.47O,中楼层 (共15层),平层,南,一梯两户,精装,70年,钢混结构,暂无数据,,https://sh.lianjia.com/ershoufang/107101458837.html
浦东,源深,珠江玫瑰花园(公寓),内环内,770,46108,3室2厅1厨2卫,167O,低楼层 (共24层),平层,南,两梯四户,精装,70年,钢混结构,有,,https://sh.lianjia.com/ershoufang/107100343972.html
浦东,源深,梅园三街坊,内环内,556,107920,2室1厅1厨1卫,51.52O,高楼层 (共6层),暂无数据,南 北,一梯四户,简装,未知,砖混结构,无,,https://sh.lianjia.com/ershoufang/107101255599.html
浦东,源深,陆家嘴花园(一期),内环内,1080,103827,2室2厅1厨1卫,104.02O,高楼层 (共25层),平层,南 北,两梯三户,精装,70年,钢混结构,有,,https://sh.lianjia.com/ershoufang/107101415530.html
浦东,源深,盛世年华,内环内,2000,114910,4室2厅1厨2卫,174.05O,中楼层 (共32层),平层,南,两梯两户,精装,70年,钢混结构,有,,https://sh.lianjia.com/ershoufang/107101472629.html
浦东,源深,盛世年华,内环内,998,116385,2室2厅1厨1卫,85.75O,高楼层 (共25层),平层,南,两梯三户,精装,70年,钢混结构,有,,https://sh.lianjia.com/ershoufang/107100976458.html
浦东,源深,竹园高层,内环内,635,70587,3室1厅1厨1卫,89.96O,低楼层 (共22层),平层,南,两梯八户,精装,70年,钢混结构,有,,https://sh.lianjia.com/ershoufang/107101325272.html
浦东,源深,竹园新村(浦东),内环内,400,75245,2室1厅1厨1卫,53.16O,高楼层 (共6层),平层,南,一梯四户,毛坯,未知,砖混结构,无,,https://sh.lianjia.com/ershoufang/107100599293.html
浦东,源深,梅园一街坊,内环内,515,95601,2室1厅1厨1卫,53.87O,中楼层 (共6层),平层,南,一梯四户,简装,未知,砖混结构,无,,https://sh.lianjia.com/ershoufang/107101383211.html
浦东,源深,梅园四街坊,内环内,685,85905,2室1厅1厨1卫,79.74O,中楼层 (共24层),平层,南,两梯八户,简装,70年,钢混结构,有,,https://sh.lianjia.com/ershoufang/107101102919.html
浦东,源深,八方大厦,内环内,810,51964,3室2厅1厨2卫,155.88O,低楼层 (共26层),平层,南,两梯六户,精装,50年,钢混结构,有,,https://sh.lianjia.com/ershoufang/107101236322.html
浦东,源深,海怡别墅(公寓),内环内,1400,68330,4室2厅1厨2卫,204.89O,中楼层 (共8层),平层,南,一梯两户,精装,70年,钢混结构,有,,https://sh.lianjia.com/ershoufang/107101010077.html
浦东,源深,陆家嘴国际华城,内环内,1450,93609,3室2厅1厨2卫,154.9O,低楼层 (共36层),暂无数据,南,两梯三户,精装,70年,钢混结构,有,,https://sh.lianjia.com/ershoufang/107101454800.html
浦东,源深,陆家嘴花园(一期),内环内,1280,96816,3室2厅1厨2卫,132.21O,中楼层 (共10层),暂无数据,南,一梯两户,精装,70年,钢混结构,有,,https://sh.lianjia.com/ershoufang/107100601920.html
浦东,源深,梅园四街坊,内环内,610,105867,2室1厅1厨1卫,57.62O,低楼层 (共6层),平层,南,一梯四户,简装,未知,砖混结构,无,,https://sh.lianjia.com/ershoufang/107101147173.html
浦东,源深,陆家嘴花园(一期),内环内,1280,100275,3室2厅1厨2卫,127.65O,低楼层 (共10层),平层,南,一梯两户,精装,70年,钢混结构,有,,https://sh.lianjia.com/ershoufang/107100977955.html
浦东,源深,陆家嘴花园(一期),内环内,980,92011,2室1厅1厨1卫,106.51O,低楼层 (共27层),平层,南,两梯三户,精装,70年,钢混结构,有,,https://sh.lianjia.com/ershoufang/107101453226.html
浦东,源深,梅园三村,内环内,460,85186,2室0厅1厨1卫,54O,中楼层 (共5层),平层,南,一梯三户,简装,未知,砖混结构,无,,https://sh.lianjia.com/ershoufang/107101207688.html
浦东,源深,光辉小区,内环内,708,89440,2室1厅1厨1卫,79.16O,高楼层 (共16层),平层,南,一梯六户,精装,70年,钢混结构,暂无数据,,https://sh.lianjia.com/ershoufang/107100633025.html
浦东,源深,梅园五街坊,内环内,635,109653,2室1厅1厨1卫,57.91O,高楼层 (共6层),平层,南,一梯两户,简装,未知,砖混结构,无,,https://sh.lianjia.com/ershoufang/107101461022.html
浦东,源深,竹园高层,内环内,468,71212,2室1厅0厨1卫,65.72O,低楼层 (共26层),暂无数据,西南,两梯八户,简装,70年,钢混结构,有,,https://sh.lianjia.com/ershoufang/107101410716.html
浦东,源深,松林小区,内环内,870,91947,3室1厅1厨1卫,94.62O,中楼层 (共5层),平层,南,一梯三户,精装,70年,砖混结构,无,,https://sh.lianjia.com/ershoufang/107101378779.html
浦东,源深,东晶国际公寓,内环内,545,74617,1室2厅1厨1卫,73.04O,高楼层 (共28层),平层,东南,两梯六户,精装,70年,钢混结构,有,,https://sh.lianjia.com/ershoufang/107101041803.html
浦东,源深,桃林小区,内环内,910,72649,3室1厅1厨1卫,125.26O,中楼层 (共24层),平层,南,两梯六户,精装,70年,钢混结构,有,,https://sh.lianjia.com/ershoufang/107101262461.html
浦东,源深,万科翡翠滨江(一期),内环内,1899,113428,3室2厅0厨2卫,167.42O,低楼层 (共30层),暂无数据,南,两梯两户,精装,70年,钢混结构,有,,https://sh.lianjia.com/ershoufang/107101389869.html
浦东,源深,珠江玫瑰花园(公寓),内环内,600,43098,4室1厅1厨1卫,139.22O,低楼层 (共24层),暂无数据,南,两梯四户,精装,70年,钢混结构,有,,https://sh.lianjia.com/ershoufang/107101474749.html
浦东,源深,市政大楼,内环内,670,92414,2室1厅1厨1卫,72.5O,高楼层 (共18层),暂无数据,南,两梯八户,简装,70年,钢混结构,有,,https://sh.lianjia.com/ershoufang/107100925199.html
浦东,源深,梅园二街坊,内环内,535,101519,2室1厅1厨1卫,52.7O,低楼层 (共6层),平层,南,一梯四户,简装,未知,砖混结构,无,,https://sh.lianjia.com/ershoufang/107100354143.html
浦东,源深,竹园新村(浦东),内环内,368,85841,2室1厅1厨1卫,42.87O,低楼层 (共7层),暂无数据,南,一梯四户,精装,70年,钢混结构,有,,https://sh.lianjia.com/ershoufang/107101489649.html
浦东,源深,梅园三街坊,内环内,490,129562,1室1厅1厨1卫,37.82O,高楼层 (共6层),暂无数据,南,一梯四户,简装,70年,砖混结构,无,,https://sh.lianjia.com/ershoufang/107101029208.html
浦东,源深,涵乐园,内环内,950,97939,2室2厅1厨1卫,97O,中楼层 (共11层),平层,南,两梯三户,其他,未知,钢混结构,有,,https://sh.lianjia.com/ershoufang/107101495588.html
浦东,源深,香榭丽花园,内环内,2160,62972,7室4厅1厨5卫,343.01O,高楼层 (共12层),暂无数据,南,一梯两户,精装,未知,钢混结构,有,,https://sh.lianjia.com/ershoufang/107000109517.html
浦东,源深,东晶国际公寓,内环内,580,79409,1室2厅1厨1卫,73.04O,中楼层 (共28层),平层,东南,两梯六户,简装,70年,钢混结构,有,,https://sh.lianjia.com/ershoufang/107100929129.html
浦东,源深,桃林一小区,内环内,700,100345,2室1厅1厨1卫,69.76O,中楼层 (共6层),平层,南,一梯两户,简装,70年,砖混结构,无,,https://sh.lianjia.com/ershoufang/107101228095.html
浦东,源深,上海滩花园洋房,内环内,2250,90836,3室2厅1厨3卫,247.7O,低楼层 (共6层),暂无数据,南,一梯两户,精装,70年,钢混结构,无,,https://sh.lianjia.com/ershoufang/107100664079.html
浦东,源深,阳升公寓,内环内,648,72867,2室2厅1厨1卫,88.93O,低楼层 (共7层),平层,南 北,一梯两户,精装,未知,钢混结构,无,,https://sh.lianjia.com/ershoufang/107100428295.html
浦东,源深,尚海郦景,内环内,1750,90253,4室2厅1厨3卫,193.9O,高楼层 (共28层),平层,南 北,一梯两户,毛坯,70年,钢混结构,暂无数据,,https://sh.lianjia.com/ershoufang/107101162518.html
浦东,源深,海院小区,内环内,280,65467,1室1厅1厨1卫,42.77O,高楼层 (共6层),平层,南,一梯两户,简装,70年,砖混结构,无,,https://sh.lianjia.com/ershoufang/107101344500.html
浦东,源深,梅园三村,内环内,550,91652,2室1厅1厨1卫,60.01O,高楼层 (共6层),平层,南,一梯四户,精装,未知,砖混结构,无,,https://sh.lianjia.com/ershoufang/107101357207.html
浦东,源深,海怡花园(浦东),内环内,830,81774,2室2厅1厨2卫,101.5O,中楼层 (共18层),平层,南,一梯三户,精装,70年,钢混结构,有,,https://sh.lianjia.com/ershoufang/107101096022.html
浦东,源深,梅园二街坊,内环内,730,102529,3室1厅1厨1卫,71.2O,低楼层 (共6层),暂无数据,南,一梯三户,简装,未知,砖混结构,无,,https://sh.lianjia.com/ershoufang/107100773828.html
浦东,源深,梅园五街坊,内环内,552,114476,1室1厅1厨1卫,48.22O,中楼层 (共6层),暂无数据,南,一梯四户,简装,70年,砖混结构,无,,https://sh.lianjia.com/ershoufang/107001544095.html
浦东,源深,涵乐园,内环内,1108,89928,3室2厅1厨1卫,123.21O,低楼层 (共24层),平层,南,两梯三户,精装,未知,钢混结构,有,,https://sh.lianjia.com/ershoufang/107101087103.html
浦东,源深,山水国际,内环内,1090,101490,2室1厅1厨1卫,107.4O,低楼层 (共29层),平层,南,两梯三户,精装,70年,钢混结构,有,,https://sh.lianjia.com/ershoufang/107100858805.html
浦东,源深,陆家嘴花园(一期),内环内,1000,93888,2室2厅1厨1卫,106.51O,高楼层 (共27层),平层,南,两梯三户,精装,70年,钢混结构,有,,https://sh.lianjia.com/ershoufang/107101222296.html
浦东,源深,陆家嘴花园(一期),内环内,1280,98062,3室2厅1厨2卫,130.53O,中楼层 (共11层),平层,南 北,一梯两户,精装,70年,钢混结构,有,,https://sh.lianjia.com/ershoufang/107101060396.html
浦东,源深,梅园新村(浦东),内环内,465,100759,2室1厅1厨1卫,46.15O,高楼层 (共6层),平层,南,一梯三户,精装,未知,砖混结构,无,,https://sh.lianjia.com/ershoufang/107101239576.html
浦东,源深,海院小区,内环内,305,72122,1室1厅1厨1卫,42.29O,高楼层 (共6层),暂无数据,南,一梯三户,其他,70年,砖混结构,无,,https://sh.lianjia.com/ershoufang/107101516004.html
浦东,源深,桃林一小区,内环内,860,75605,3室2厅1厨1卫,113.75O,低楼层 (共6层),暂无数据,南,一梯两户,精装,70年,砖混结构,无,,https://sh.lianjia.com/ershoufang/107001330693.html
浦东,源深,竹园高层,内环内,790,63715,2室2厅1厨1卫,123.99O,中楼层 (共26层),暂无数据,南,两梯五户,精装,70年,钢混结构,有,,https://sh.lianjia.com/ershoufang/107101308055.html
浦东,源深,桃林一小区,内环内,810,79350,3室2厅1厨1卫,102.08O,高楼层 (共6层),暂无数据,南 北,一梯两户,精装,70年,砖混结构,无,,https://sh.lianjia.com/ershoufang/107100520905.html
浦东,源深,陆家嘴花园(二期),内环内,1520,114493,3室2厅1厨2卫,132.76O,中楼层 (共11层),暂无数据,南,一梯两户,精装,70年,钢混结构,有,,https://sh.lianjia.com/ershoufang/107101351806.html
浦东,源深,竹园新村(浦东),内环内,342,79777,1室1厅1厨1卫,42.87O,中楼层 (共7层),平层,南,一梯四户,精装,未知,钢混结构,无,,https://sh.lianjia.com/ershoufang/107101363471.html
浦东,源深,福山小区,内环内,620,85802,2室1厅1厨1卫,72.26O,高楼层 (共18层),平层,南,两梯八户,精装,未知,钢混结构,有,,https://sh.lianjia.com/ershoufang/107101156881.html
浦东,源深,竹园新村(浦东),内环内,350,82880,1室1厅1厨1卫,42.23O,高楼层 (共6层),暂无数据,南,一梯四户,其他,未知,砖混结构,无,,https://sh.lianjia.com/ershoufang/107101425879.html
浦东,源深,山水国际,内环内,1230,107255,2室2厅1厨2卫,114.68O,中楼层 (共16层),平层,南,一梯两户,精装,未知,钢混结构,有,,https://sh.lianjia.com/ershoufang/107100838689.html
浦东,源深,梅园五街坊,内环内,600,116777,2室1厅1厨1卫,51.38O,中楼层 (共6层),平层,南,一梯四户,精装,70年,砖混结构,无,,https://sh.lianjia.com/ershoufang/107101269535.html
浦东,源深,陆家嘴花园(二期),内环内,1630,107075,3室2厅1厨2卫,152.23O,高楼层 (共18层),平层,南,两梯两户,精装,70年,钢混结构,有,,https://sh.lianjia.com/ershoufang/107100293194.html
浦东,源深,桃林公寓,内环内,750,60300,2室2厅1厨2卫,124.38O,低楼层 (共20层),平层,南,两梯五户,精装,70年,钢混结构,有,,https://sh.lianjia.com/ershoufang/107101267536.html
浦东,源深,桃林一小区,内环内,655,97601,2室1厅1厨1卫,67.11O,高楼层 (共6层),平层,南,一梯三户,精装,70年,砖混结构,无,,https://sh.lianjia.com/ershoufang/107001284499.html
