浦东,御桥,地杰国际城F欧香四季,近11号线(嘉定北-迪士尼)御桥站,830,58720,3室2厅1厨2卫,141.35O,低楼层 (共18层),平层,南,两梯两户,精装,70年,钢混结构,有,,https://sh.lianjia.com/ershoufang/107100848026.html
浦东,御桥,绿洲康城亲水湾(西区),近11号线(嘉定北-迪士尼)御桥站,350,51365,1室2厅1厨1卫,68.14O,高楼层 (共7层),暂无数据,南,一梯三户,精装,70年,钢混结构,有,,https://sh.lianjia.com/ershoufang/107101504183.html
浦东,御桥,绿洲康城亲水湾(中央区),中环至外环,648,48240,3室2厅1厨1卫,134.33O,中楼层 (共22层),平层,南,两梯三户,精装,70年,钢混结构,有,,https://sh.lianjia.com/ershoufang/107100625367.html
浦东,御桥,罗山绿洲,中环至外环,1760,69942,4室2厅1厨3卫,251.64O,低楼层 (共2层),,南,,其他,未知,钢混结构,,暂无数据,https://sh.lianjia.com/ershoufang/107101300216.html
浦东,御桥,和合新村,中环至外环,470,49757,3室2厅1厨1卫,94.46O,高楼层 (共6层),平层,南 北,一梯两户,简装,未知,钢混结构,无,,https://sh.lianjia.com/ershoufang/107101247652.html
浦东,御桥,御桥花园,中环至外环,605,52486,4室2厅1厨2卫,115.27O,高楼层 (共6层),复式,南,一梯一户,精装,未知,砖混结构,无,,https://sh.lianjia.com/ershoufang/107100101879.html
浦东,御桥,绿地御桥苑,中环至外环,420,62250,2室2厅1厨1卫,67.47O,中楼层 (共6层),平层,南 北,一梯两户,简装,未知,钢混结构,无,,https://sh.lianjia.com/ershoufang/107101268237.html
浦东,御桥,地杰国际城E欧泊时光,中环至外环,930,55689,3室3厅1厨2卫,167O,中楼层 (共26层),平层,南 北,两梯三户,毛坯,未知,钢混结构,有,,https://sh.lianjia.com/ershoufang/107100839548.html
浦东,御桥,康桥花园,中环至外环,490,40594,3室2厅1厨2卫,120.71O,高楼层 (共6层),复式,南 北,一梯两户,精装,未知,砖混结构,无,,https://sh.lianjia.com/ershoufang/107100908521.html
浦东,御桥,万科金色城市,中环至外环,630,82613,2室2厅1厨1卫,76.26O,高楼层 (共18层),平层,南,两梯四户,精装,70年,钢混结构,有,,https://sh.lianjia.com/ershoufang/107101361603.html
浦东,御桥,万科海上传奇,中环至外环,742,69275,3室2厅1厨1卫,107.11O,低楼层 (共19层),平层,南,两梯四户,精装,70年,钢混结构,有,,https://sh.lianjia.com/ershoufang/107101040305.html
浦东,御桥,康馨花园,中环至外环,420,42169,3室2厅1厨2卫,99.6O,中楼层 (共5层),暂无数据,南,一梯两户,简装,70年,砖混结构,无,,https://sh.lianjia.com/ershoufang/107002038117.html
浦东,御桥,仁和都市花园,中环至外环,675,72449,3室2厅1厨1卫,93.17O,高楼层 (共14层),暂无数据,南 北,一梯两户,精装,70年,钢混结构,暂无数据,,https://sh.lianjia.com/ershoufang/107101089096.html
浦东,御桥,康桥花园,中环至外环,380,39774,3室2厅1厨1卫,95.54O,低楼层 (共6层),平层,南 北,一梯两户,简装,未知,砖混结构,无,,https://sh.lianjia.com/ershoufang/107101263709.html
浦东,御桥,绿洲康城亲水湾(中央区),中环至外环,620,46155,3室2厅1厨2卫,134.33O,低楼层 (共22层),平层,南,两梯三户,精装,70年,钢混结构,有,,https://sh.lianjia.com/ershoufang/107101317868.html
浦东,御桥,御桥花园,中环至外环,480,55750,3室2厅1厨1卫,86.1O,高楼层 (共6层),平层,南,一梯三户,简装,未知,砖混结构,无,,https://sh.lianjia.com/ershoufang/107101189642.html
浦东,御桥,康桥花园,中环至外环,470,43519,3室2厅1厨1卫,108O,低楼层 (共6层),平层,南 北,一梯两户,精装,未知,砖混结构,无,,https://sh.lianjia.com/ershoufang/107101006197.html
浦东,御桥,绿洲康城金帝豪苑,中环至外环,3800,72593,6室3厅1厨4卫,523.47O,低楼层 (共2层),,北,,精装,未知,钢混结构,,暂无数据,https://sh.lianjia.com/ershoufang/107000537967.html
浦东,御桥,仁和都市花园,中环至外环,560,65883,2室2厅1厨1卫,85O,低楼层 (共18层),暂无数据,南,一梯三户,精装,70年,钢混结构,暂无数据,,https://sh.lianjia.com/ershoufang/107100849477.html
浦东,御桥,锦绣华都,中环至外环,695,51451,3室2厅1厨2卫,135.08O,中楼层 (共18层),平层,南 北,两梯两户,毛坯,70年,钢混结构,有,,https://sh.lianjia.com/ershoufang/107100303419.html
浦东,御桥,和合新村,中环至外环,405,55663,2室2厅1厨1卫,72.76O,高楼层 (共6层),暂无数据,南 北,一梯两户,精装,未知,钢混结构,无,,https://sh.lianjia.com/ershoufang/107101352591.html
浦东,御桥,地杰国际城F欧香四季,近11号线(嘉定北-迪士尼)御桥站,940,62538,4室2厅1厨2卫,150.31O,低楼层 (共16层),暂无数据,南,两梯两户,精装,70年,钢混结构,有,,https://sh.lianjia.com/ershoufang/107101184687.html
浦东,御桥,康桥花园,中环至外环,470,42385,3室2厅1厨2卫,110.89O,高楼层 (共6层),暂无数据,南,一梯两户,精装,未知,砖混结构,无,,https://sh.lianjia.com/ershoufang/107100384504.html
浦东,御桥,经典花园(别墅),中环至外环,1300,64217,4室2厅1厨3卫,202.44O,低楼层 (共4层),,南 北,,精装,70年,钢混结构,,暂无数据,https://sh.lianjia.com/ershoufang/107001201795.html
浦东,御桥,绿洲康城亲水湾(东区),,420,44954,2室2厅1厨1卫,93.43O,低楼层 (共15层),平层,南,两梯四户,精装,70年,钢混结构,有,,https://sh.lianjia.com/ershoufang/107100925462.html
浦东,御桥,绿洲康城亲水湾(中央区),中环至外环,368,53342,1室2厅1厨1卫,68.99O,高楼层 (共22层),平层,南,两梯三户,精装,70年,钢混结构,有,,https://sh.lianjia.com/ershoufang/107101334992.html
浦东,御桥,康桥花园,中环至外环,330,39654,2室2厅1厨1卫,83.22O,中楼层 (共6层),平层,南,一梯两户,精装,未知,砖混结构,无,,https://sh.lianjia.com/ershoufang/107101464980.html
浦东,御桥,康桥华庭,中环至外环,1250,59895,4室3厅1厨3卫,208.7O,低楼层 (共3层),,南,,毛坯,未知,钢混结构,,暂无数据,https://sh.lianjia.com/ershoufang/107100619607.html
浦东,御桥,地杰国际城D街坊,近11号线(嘉定北-迪士尼)御桥站,480,59289,2室2厅1厨1卫,80.96O,高楼层 (共18层),暂无数据,南,两梯六户,简装,70年,钢混结构,有,,https://sh.lianjia.com/ershoufang/107101422824.html
浦东,御桥,御桥花园,中环至外环,1030,49759,4室3厅1厨3卫,207O,高楼层 (共9层),复式,南 北,一梯六户,精装,70年,钢混结构,有,,https://sh.lianjia.com/ershoufang/107100382781.html
浦东,御桥,康桥花园,中环至外环,398,41781,2室2厅1厨2卫,95.26O,中楼层 (共6层),平层,南 北,一梯两户,精装,未知,砖混结构,无,,https://sh.lianjia.com/ershoufang/107101200050.html
浦东,御桥,绿洲康城亲水湾(东区),,615,47225,3室2厅1厨2卫,130.23O,中楼层 (共14层),暂无数据,南,一梯三户,精装,未知,钢混结构,有,,https://sh.lianjia.com/ershoufang/107100731164.html
浦东,御桥,绿洲康城亲水湾(中央区),中环至外环,650,55680,3室2厅1厨2卫,116.74O,高楼层 (共17层),平层,南,一梯四户,精装,70年,钢混结构,暂无数据,,https://sh.lianjia.com/ershoufang/107101469228.html
浦东,御桥,绿洲康城亲水湾(中央区),中环至外环,390,56522,1室1厅1厨1卫,69O,低楼层 (共8层),平层,南,一梯六户,精装,70年,钢混结构,有,,https://sh.lianjia.com/ershoufang/107101062288.html
浦东,御桥,绿洲康城亲水湾(西区),近11号线(嘉定北-迪士尼)御桥站,341,52414,1室2厅1厨1卫,65.06O,低楼层 (共7层),平层,南,一梯三户,精装,70年,钢混结构,有,,https://sh.lianjia.com/ershoufang/107100343456.html
浦东,御桥,绿洲康城亲水湾(东区),,365,53441,1室1厅1厨1卫,68.3O,中楼层 (共10层),平层,南,一梯三户,简装,未知,钢混结构,有,,https://sh.lianjia.com/ershoufang/107101243070.html
浦东,御桥,东方御水湾,中环至外环,545,61236,2室2厅1厨1卫,89O,高楼层 (共11层),平层,南 北,一梯三户,精装,未知,钢混结构,有,,https://sh.lianjia.com/ershoufang/107101299878.html
浦东,御桥,万科海上传奇(三期),中环至外环,1160,72956,4室2厅1厨2卫,159O,中楼层 (共20层),平层,南 北,一梯三户,精装,未知,钢混结构,暂无数据,,https://sh.lianjia.com/ershoufang/107100495874.html
浦东,御桥,明纶园,中环至外环,400,46653,3室2厅1厨2卫,85.74O,高楼层 (共6层),复式,南,一梯两户,简装,未知,钢混结构,无,,https://sh.lianjia.com/ershoufang/107100997732.html
浦东,御桥,御桥花园,中环至外环,400,63776,2室1厅1厨1卫,62.72O,高楼层 (共5层),暂无数据,南,一梯两户,精装,70年,砖混结构,无,,https://sh.lianjia.com/ershoufang/107101228984.html
浦东,御桥,经典花园(别墅),中环至外环,1370,59326,5室3厅1厨3卫,230.93O,低楼层 (共4层),,南 北,,精装,70年,钢混结构,,暂无数据,https://sh.lianjia.com/ershoufang/107001802481.html
浦东,御桥,绿洲康城亲水湾(中央区),中环至外环,555,48955,3室2厅0厨2卫,113.37O,低楼层 (共22层),平层,南,两梯六户,精装,70年,钢混结构,有,,https://sh.lianjia.com/ershoufang/107101400530.html
浦东,御桥,万科海上传奇,中环至外环,642,76887,2室2厅1厨1卫,83.5O,中楼层 (共8层),平层,西 北,一梯三户,精装,未知,钢混结构,有,,https://sh.lianjia.com/ershoufang/107100569276.html
浦东,御桥,绿洲康城亲水湾(中央区),中环至外环,690,49616,3室2厅1厨2卫,139.07O,高楼层 (共26层),平层,南,两梯四户,精装,70年,钢混结构,有,,https://sh.lianjia.com/ershoufang/107101419235.html
浦东,御桥,北欧阳光庭园,中环至外环,1080,55974,4室2厅1厨3卫,192.95O,中楼层 (共4层),,南,,精装,未知,钢混结构,,暂无数据,https://sh.lianjia.com/ershoufang/107100788104.html
浦东,御桥,绿洲康城亲水湾(中央区),中环至外环,470,51706,2室2厅1厨1卫,90.9O,低楼层 (共26层),暂无数据,南,两梯四户,其他,70年,钢混结构,有,,https://sh.lianjia.com/ershoufang/107101448623.html
浦东,御桥,京浦小区,中环至外环,520,57219,4室2厅1厨2卫,90.88O,高楼层 (共6层),暂无数据,南 北,一梯两户,精装,未知,砖混结构,无,,https://sh.lianjia.com/ershoufang/107100856268.html
浦东,御桥,罗山绿洲,中环至外环,2600,77901,6室3厅1厨5卫,333.76O,低楼层 (共2层),,南,,精装,未知,钢混结构,,暂无数据,https://sh.lianjia.com/ershoufang/107101279248.html
浦东,御桥,锦绣华都,中环至外环,600,53037,3室2厅1厨1卫,113.13O,低楼层 (共18层),平层,南,两梯两户,精装,70年,钢混结构,有,,https://sh.lianjia.com/ershoufang/107101483273.html
浦东,御桥,绿洲康城亲水湾(东区),,410,46676,2室2厅1厨1卫,87.84O,低楼层 (共15层),暂无数据,南,两梯四户,精装,未知,钢混结构,有,,https://sh.lianjia.com/ershoufang/107101479157.html
浦东,御桥,罗山绿洲,中环至外环,1780,70736,5室2厅1厨4卫,251.64O,低楼层 (共3层),,南,,精装,未知,钢混结构,,暂无数据,https://sh.lianjia.com/ershoufang/107100875878.html
浦东,御桥,御桥花园,中环至外环,805,59763,3室2厅1厨2卫,134.7O,中楼层 (共9层),平层,南,一梯两户,简装,70年,钢混结构,有,,https://sh.lianjia.com/ershoufang/107101172614.html
浦东,御桥,经典花园(别墅),中环至外环,1370,59566,5室3厅1厨3卫,230O,低楼层 (共4层),,南 北,,精装,70年,钢混结构,,暂无数据,https://sh.lianjia.com/ershoufang/107100072424.html
浦东,御桥,百舸馨苑,中环至外环,430,47965,3室3厅1厨2卫,89.65O,高楼层 (共6层),复式,南,一梯两户,精装,未知,钢混结构,无,,https://sh.lianjia.com/ershoufang/107100281427.html
浦东,御桥,锦绣华都,中环至外环,465,51598,2室2厅1厨1卫,90.12O,中楼层 (共18层),平层,南,两梯三户,精装,70年,钢混结构,有,,https://sh.lianjia.com/ershoufang/107101356867.html
浦东,御桥,绿洲康城亲水湾(中央区),中环至外环,625,49213,3室2厅1厨1卫,127O,高楼层 (共17层),平层,南,一梯三户,其他,70年,钢混结构,有,,https://sh.lianjia.com/ershoufang/107101467588.html
浦东,御桥,地杰国际城F欧香四季,近11号线(嘉定北-迪士尼)御桥站,889,70724,3室2厅1厨1卫,125.7O,高楼层 (共18层),平层,南,两梯两户,精装,70年,钢混结构,有,,https://sh.lianjia.com/ershoufang/107100601296.html
浦东,御桥,康桥花园,中环至外环,360,43479,3室2厅1厨1卫,82.8O,高楼层 (共6层),暂无数据,南,一梯一户,精装,未知,砖混结构,无,,https://sh.lianjia.com/ershoufang/107100607473.html
浦东,御桥,康桥花园,中环至外环,365,41318,3室2厅1厨1卫,88.34O,低楼层 (共6层),平层,南 北,一梯两户,精装,未知,砖混结构,无,,https://sh.lianjia.com/ershoufang/107101355649.html
浦东,御桥,万科金色城市,中环至外环,545,70487,2室2厅1厨1卫,77.32O,低楼层 (共18层),平层,南,两梯两户,精装,70年,钢混结构,有,,https://sh.lianjia.com/ershoufang/107101317732.html
浦东,御桥,绿洲康城亲水湾(中央区),中环至外环,590,54575,2室2厅1厨2卫,108.11O,中楼层 (共8层),平层,南 北,一梯六户,精装,70年,钢混结构,有,,https://sh.lianjia.com/ershoufang/107101285040.html
浦东,御桥,康馨花园,中环至外环,440,38351,2室2厅1厨1卫,114.73O,高楼层 (共6层),平层,南 北,一梯两户,简装,70年,砖混结构,无,,https://sh.lianjia.com/ershoufang/107101398707.html
浦东,御桥,康桥花园,中环至外环,460,41353,3室2厅1厨2卫,111.24O,高楼层 (共6层),暂无数据,南 北,一梯两户,其他,未知,砖混结构,无,,https://sh.lianjia.com/ershoufang/107101489245.html
浦东,御桥,和合新村,中环至外环,380,52249,2室2厅1厨1卫,72.73O,低楼层 (共6层),平层,南 北,一梯两户,简装,未知,钢混结构,无,,https://sh.lianjia.com/ershoufang/107101501085.html
浦东,御桥,锦绣华都,中环至外环,495,54970,2室2厅1厨1卫,90.05O,中楼层 (共18层),暂无数据,南 北,两梯三户,毛坯,70年,钢混结构,有,,https://sh.lianjia.com/ershoufang/107101410258.html
浦东,御桥,锦绣华都,中环至外环,425,50000,2室2厅1厨1卫,85O,低楼层 (共14层),平层,南,一梯两户,简装,70年,钢混结构,有,,https://sh.lianjia.com/ershoufang/107101328248.html
浦东,御桥,康桥花园,中环至外环,360,40752,3室2厅1厨1卫,88.34O,中楼层 (共6层),平层,南 北,一梯两户,精装,未知,砖混结构,无,,https://sh.lianjia.com/ershoufang/107101253361.html
浦东,御桥,康桥花园,中环至外环,290,39814,2室2厅1厨1卫,72.84O,高楼层 (共6层),平层,南 北,一梯三户,精装,未知,砖混结构,无,,https://sh.lianjia.com/ershoufang/107101369266.html
浦东,御桥,绿洲康城亲水湾(中央区),中环至外环,480,46431,2室2厅1厨1卫,103.38O,低楼层 (共17层),暂无数据,南,一梯两户,精装,70年,钢混结构,有,,https://sh.lianjia.com/ershoufang/107101510797.html
浦东,御桥,万科金色城市,中环至外环,720,80673,3室1厅0厨1卫,89.25O,高楼层 (共18层),暂无数据,南,两梯两户,其他,70年,钢混结构,有,,https://sh.lianjia.com/ershoufang/107101510584.html
浦东,御桥,绿洲康城亲水湾(东区),,526,52381,2室2厅1厨1卫,100.42O,低楼层 (共14层),平层,南,一梯两户,精装,未知,钢混结构,有,,https://sh.lianjia.com/ershoufang/107101145526.html
浦东,御桥,绿洲康城亲水湾(中央区),中环至外环,520,62651,2室2厅1厨1卫,83O,高楼层 (共18层),平层,南,一梯四户,精装,70年,钢混结构,暂无数据,,https://sh.lianjia.com/ershoufang/107101052875.html
浦东,御桥,康桥南园,中环至外环,705,51789,4室2厅1厨2卫,136.13O,低楼层 (共3层),,南,,简装,未知,砖混结构,,暂无数据,https://sh.lianjia.com/ershoufang/107101498398.html
浦东,御桥,万科金色城市,中环至外环,550,70261,2室2厅1厨1卫,78.28O,低楼层 (共18层),平层,南 北,两梯两户,精装,70年,钢混结构,有,,https://sh.lianjia.com/ershoufang/107101444511.html
浦东,御桥,绿地御桥苑,中环至外环,510,58433,3室2厅1厨1卫,87.28O,低楼层 (共6层),平层,南 北,一梯两户,简装,未知,钢混结构,无,,https://sh.lianjia.com/ershoufang/107100225718.html
浦东,御桥,康桥花园,中环至外环,355,42383,3室2厅1厨1卫,83.76O,高楼层 (共6层),复式,南 北,一梯两户,简装,未知,砖混结构,无,,https://sh.lianjia.com/ershoufang/107101461326.html
浦东,御桥,绿洲康城亲水湾(中央区),中环至外环,660,48391,3室2厅1厨2卫,136.39O,高楼层 (共14层),平层,南 北,一梯两户,精装,70年,钢混结构,有,,https://sh.lianjia.com/ershoufang/107100856787.html
浦东,御桥,仁和都市花园,中环至外环,610,65592,3室2厅1厨1卫,93O,低楼层 (共14层),平层,南 北,一梯两户,精装,70年,钢混结构,暂无数据,,https://sh.lianjia.com/ershoufang/107100118561.html
浦东,御桥,绿洲康城亲水湾(中央区),中环至外环,555,56061,3室2厅1厨1卫,99O,高楼层 (共14层),平层,南,一梯四户,精装,70年,钢混结构,暂无数据,,https://sh.lianjia.com/ershoufang/107101440068.html
浦东,御桥,绿洲康城亲水湾(中央区),中环至外环,670,52562,3室2厅1厨1卫,127.47O,高楼层 (共17层),平层,南,两梯三户,简装,70年,钢混结构,有,,https://sh.lianjia.com/ershoufang/107101412661.html
浦东,御桥,京浦小区,中环至外环,340,54227,2室1厅1厨1卫,62.7O,中楼层 (共6层),平层,南,一梯四户,其他,未知,砖混结构,无,,https://sh.lianjia.com/ershoufang/107101418109.html
浦东,御桥,锦绣华都,中环至外环,530,58590,2室1厅0厨1卫,90.46O,中楼层 (共18层),平层,南,两梯三户,精装,70年,钢混结构,有,,https://sh.lianjia.com/ershoufang/107101469916.html
浦东,御桥,康桥华庭,中环至外环,1270,60853,5室3厅1厨3卫,208.7O,低楼层 (共3层),,南,,精装,未知,钢混结构,,暂无数据,https://sh.lianjia.com/ershoufang/107001610591.html
浦东,御桥,御桥馨华苑,中环至外环,600,55851,3室2厅1厨1卫,107.43O,高楼层 (共6层),复式,南,一梯两户,精装,未知,钢混结构,无,,https://sh.lianjia.com/ershoufang/107101148412.html
浦东,御桥,锦绣华都,中环至外环,462,51283,2室2厅1厨1卫,90.09O,高楼层 (共18层),平层,南,两梯三户,精装,70年,钢混结构,有,,https://sh.lianjia.com/ershoufang/107101318890.html
浦东,御桥,康桥花园,中环至外环,400,33671,3室2厅1厨1卫,118.8O,高楼层 (共6层),平层,南,一梯三户,简装,未知,砖混结构,无,,https://sh.lianjia.com/ershoufang/107101426639.html
浦东,御桥,地杰国际城E欧泊时光,中环至外环,770,77778,2室2厅1厨1卫,99O,高楼层 (共18层),平层,南,两梯三户,毛坯,未知,钢混结构,有,,https://sh.lianjia.com/ershoufang/107100687836.html
浦东,御桥,地杰国际城E欧泊时光,中环至外环,860,58124,3室2厅1厨2卫,147.96O,低楼层 (共18层),平层,南,两梯三户,精装,未知,钢混结构,有,,https://sh.lianjia.com/ershoufang/107101290347.html
浦东,御桥,绿洲康城亲水湾(东区),,375,54986,1室1厅1厨1卫,68.2O,低楼层 (共12层),平层,南,一梯三户,精装,未知,钢混结构,有,,https://sh.lianjia.com/ershoufang/107101437393.html
浦东,御桥,和合新村,中环至外环,275,50926,1室1厅1厨1卫,54O,中楼层 (共6层),平层,南,一梯两户,精装,未知,钢混结构,无,,https://sh.lianjia.com/ershoufang/107100929173.html
浦东,御桥,明纶园,中环至外环,390,46407,2室2厅1厨1卫,84.04O,中楼层 (共6层),平层,南,一梯两户,精装,未知,钢混结构,无,,https://sh.lianjia.com/ershoufang/107101000926.html
浦东,御桥,康桥花园,中环至外环,310,43056,2室2厅1厨1卫,72O,中楼层 (共6层),平层,南 北,一梯三户,简装,未知,砖混结构,无,,https://sh.lianjia.com/ershoufang/107002257013.html
浦东,御桥,京浦小区,中环至外环,560,61675,4室3厅1厨2卫,90.8O,高楼层 (共6层),复式,南,一梯两户,精装,未知,砖混结构,无,,https://sh.lianjia.com/ershoufang/107101151186.html
浦东,御桥,锦绣华都,中环至外环,650,48120,3室2厅1厨2卫,135.08O,低楼层 (共18层),暂无数据,南,两梯两户,简装,70年,钢混结构,有,,https://sh.lianjia.com/ershoufang/107101474911.html
浦东,御桥,万科金色城市,中环至外环,625,81957,2室2厅1厨1卫,76.26O,低楼层 (共18层),平层,南,两梯四户,精装,70年,钢混结构,有,,https://sh.lianjia.com/ershoufang/107100751639.html
浦东,御桥,和合新村,中环至外环,370,50713,2室1厅1厨1卫,72.96O,中楼层 (共5层),平层,南 北,一梯两户,简装,未知,钢混结构,无,,https://sh.lianjia.com/ershoufang/107101040732.html
浦东,御桥,康桥花园,中环至外环,320,43932,2室2厅1厨1卫,72.84O,中楼层 (共6层),平层,南 北,一梯三户,精装,未知,砖混结构,无,,https://sh.lianjia.com/ershoufang/107101296120.html
浦东,御桥,康馨花园,中环至外环,320,36435,3室2厅1厨1卫,87.83O,高楼层 (共6层),平层,南,一梯两户,简装,70年,砖混结构,无,,https://sh.lianjia.com/ershoufang/107100408810.html
浦东,御桥,民星苑,中环至外环,438,59190,3室1厅1厨1卫,74O,高楼层 (共6层),平层,南,一梯四户,精装,未知,砖混结构,无,,https://sh.lianjia.com/ershoufang/107101482040.html
浦东,御桥,御桥花园,中环至外环,490,56045,3室1厅1厨1卫,87.43O,高楼层 (共6层),平层,南 北,一梯两户,精装,70年,砖混结构,无,,https://sh.lianjia.com/ershoufang/107101420767.html
浦东,御桥,明纶园,中环至外环,360,41380,3室2厅1厨1卫,87O,低楼层 (共6层),平层,南 北,一梯两户,精装,未知,钢混结构,无,,https://sh.lianjia.com/ershoufang/107101005429.html
浦东,御桥,地杰国际城E欧泊时光,中环至外环,900,61797,3室2厅1厨2卫,145.64O,高楼层 (共18层),暂无数据,南 北,一梯两户,简装,未知,钢混结构,有,,https://sh.lianjia.com/ershoufang/107101472737.html
浦东,御桥,经典花园(别墅),中环至外环,1365,59035,5室3厅1厨3卫,231.22O,低楼层 (共4层),,南 北,,其他,70年,钢混结构,,暂无数据,https://sh.lianjia.com/ershoufang/107101408652.html
浦东,御桥,御桥花园,中环至外环,478,51470,2室1厅1厨1卫,92.87O,低楼层 (共14层),平层,南,两梯十户,其他,70年,钢混结构,有,,https://sh.lianjia.com/ershoufang/107101499839.html
浦东,御桥,地杰国际城F欧香四季,近11号线(嘉定北-迪士尼)御桥站,940,69543,3室2厅1厨2卫,135.17O,高楼层 (共18层),平层,南,两梯两户,精装,70年,钢混结构,有,,https://sh.lianjia.com/ershoufang/107002267133.html
浦东,御桥,经典花园(别墅),中环至外环,1370,59326,5室3厅1厨3卫,230.93O,低楼层 (共4层),,南 北,,精装,70年,钢混结构,,暂无数据,https://sh.lianjia.com/ershoufang/107001705397.html
浦东,御桥,地杰国际城E欧泊时光,中环至外环,750,62500,3室2厅1厨1卫,120O,高楼层 (共18层),平层,南 北,两梯三户,精装,未知,钢混结构,有,,https://sh.lianjia.com/ershoufang/107101381295.html
浦东,御桥,绿洲康城亲水湾(东区),,470,53120,2室2厅1厨1卫,88.48O,低楼层 (共15层),暂无数据,南,两梯四户,精装,未知,钢混结构,有,,https://sh.lianjia.com/ershoufang/107101480789.html
浦东,御桥,康桥花园,中环至外环,430,41575,3室2厅1厨1卫,103.43O,高楼层 (共6层),暂无数据,南,一梯两户,精装,未知,砖混结构,无,,https://sh.lianjia.com/ershoufang/107001200263.html
浦东,御桥,康桥花园,中环至外环,330,39286,2室2厅1厨1卫,84O,中楼层 (共6层),暂无数据,南 北,一梯两户,精装,未知,砖混结构,无,,https://sh.lianjia.com/ershoufang/107101352347.html
浦东,御桥,绿洲康城亲水湾(东区),,600,46154,3室2厅1厨2卫,130O,中楼层 (共14层),暂无数据,南 北,一梯三户,简装,未知,钢混结构,有,,https://sh.lianjia.com/ershoufang/107101312922.html
浦东,御桥,万科金色城市,中环至外环,688,76666,3室1厅0厨1卫,89.74O,低楼层 (共18层),暂无数据,南,两梯两户,精装,70年,钢混结构,有,,https://sh.lianjia.com/ershoufang/107101432311.html
浦东,御桥,北欧阳光庭园,中环至外环,1349,56978,5室2厅1厨4卫,236.76O,低楼层 (共3层),,南 北,,其他,未知,钢混结构,,暂无数据,https://sh.lianjia.com/ershoufang/107101446869.html
浦东,御桥,东方御水湾,中环至外环,517.8,57939,2室2厅1厨1卫,89.37O,低楼层 (共11层),平层,北 南,两梯三户,精装,未知,钢混结构,有,,https://sh.lianjia.com/ershoufang/107101447559.html
浦东,御桥,罗山绿洲,中环至外环,2180,71394,5室2厅1厨3卫,305.35O,低楼层 (共2层),,南,,精装,未知,钢混结构,,暂无数据,https://sh.lianjia.com/ershoufang/107101190197.html
浦东,御桥,锦绣华都,中环至外环,449,52824,2室2厅1厨1卫,85O,低楼层 (共14层),平层,南 北,一梯两户,精装,70年,钢混结构,有,,https://sh.lianjia.com/ershoufang/107101398614.html
浦东,御桥,绿洲康城亲水湾(中央区),中环至外环,435,42369,2室2厅1厨1卫,102.67O,低楼层 (共17层),平层,南,两梯三户,精装,70年,钢混结构,有,,https://sh.lianjia.com/ershoufang/107100977232.html
浦东,御桥,长征小区,中环至外环,430,47279,3室1厅1厨1卫,90.95O,低楼层 (共6层),暂无数据,南 北,一梯两户,简装,70年,未知结构,暂无数据,,https://sh.lianjia.com/ershoufang/107101049990.html
浦东,御桥,康馨花园,中环至外环,280,42972,2室1厅1厨1卫,65.16O,高楼层 (共6层),平层,南,一梯两户,简装,70年,砖混结构,无,,https://sh.lianjia.com/ershoufang/107100800201.html
浦东,御桥,绿洲康城亲水湾(东区),,399,44191,2室2厅1厨1卫,90.29O,低楼层 (共15层),平层,南,两梯三户,简装,70年,钢混结构,有,,https://sh.lianjia.com/ershoufang/107100730423.html
浦东,御桥,绿洲康城亲水湾(西区),近11号线(嘉定北-迪士尼)御桥站,530,48875,2室2厅1厨1卫,108.44O,高楼层 (共7层),平层,南 北,一梯三户,精装,70年,钢混结构,有,,https://sh.lianjia.com/ershoufang/107101405513.html
浦东,御桥,御桥花园,中环至外环,600,52111,2室2厅1厨2卫,115.14O,高楼层 (共6层),复式,南,一梯一户,其他,未知,钢混结构,无,,https://sh.lianjia.com/ershoufang/107101410684.html
浦东,御桥,康桥花园,中环至外环,430,39793,3室2厅1厨1卫,108.06O,中楼层 (共6层),平层,南,一梯两户,精装,未知,砖混结构,无,,https://sh.lianjia.com/ershoufang/107100208644.html
浦东,御桥,绿洲康城亲水湾(中央区),中环至外环,450,43690,2室2厅1厨1卫,103O,低楼层 (共17层),暂无数据,南 北,一梯两户,毛坯,70年,钢混结构,有,,https://sh.lianjia.com/ershoufang/107101369172.html
浦东,御桥,明纶园,中环至外环,355,42333,2室2厅1厨1卫,83.86O,低楼层 (共6层),暂无数据,南 北,一梯两户,精装,未知,钢混结构,无,,https://sh.lianjia.com/ershoufang/107101397792.html
浦东,御桥,万科金色城市,中环至外环,730,93470,3室2厅1厨1卫,78.1O,中楼层 (共18层),平层,南,两梯四户,精装,70年,钢混结构,有,,https://sh.lianjia.com/ershoufang/107100113836.html
浦东,御桥,御桥花园,中环至外环,590,52679,3室2厅1厨2卫,112O,高楼层 (共6层),复式,南,一梯六户,精装,未知,砖混结构,无,,https://sh.lianjia.com/ershoufang/107101297154.html
浦东,御桥,万科海上传奇,中环至外环,960,75454,3室2厅1厨2卫,127.23O,低楼层 (共25层),平层,南,两梯四户,精装,未知,钢混结构,有,,https://sh.lianjia.com/ershoufang/107101435277.html
浦东,御桥,地杰国际城F欧香四季,近11号线(嘉定北-迪士尼)御桥站,1116,71015,3室3厅1厨2卫,157.15O,中楼层 (共18层),平层,南,两梯两户,精装,70年,钢混结构,有,,https://sh.lianjia.com/ershoufang/107101434993.html
浦东,御桥,地杰国际城E欧泊时光,中环至外环,1000,59773,4室2厅1厨2卫,167.3O,高楼层 (共26层),平层,南,两梯三户,精装,未知,钢混结构,有,,https://sh.lianjia.com/ershoufang/107100739483.html
浦东,御桥,万科海上传奇,中环至外环,985,77560,3室2厅1厨2卫,127O,中楼层 (共27层),平层,南,两梯四户,精装,未知,钢混结构,有,,https://sh.lianjia.com/ershoufang/107101511454.html
浦东,御桥,绿洲康城亲水湾(中央区),中环至外环,560,52831,2室2厅1厨1卫,106O,中楼层 (共22层),平层,南 北,两梯三户,精装,70年,钢混结构,有,,https://sh.lianjia.com/ershoufang/107101354557.html
浦东,御桥,康桥花园,中环至外环,265,44072,1室1厅1厨1卫,60.13O,低楼层 (共6层),平层,南,一梯两户,简装,未知,砖混结构,无,,https://sh.lianjia.com/ershoufang/107101075312.html
浦东,御桥,人和新村,中环至外环,353,42009,3室1厅1厨1卫,84.03O,低楼层 (共6层),平层,南,一梯两户,简装,未知,砖混结构,无,,https://sh.lianjia.com/ershoufang/107101135784.html
浦东,御桥,万科海上传奇,中环至外环,720,73575,3室1厅1厨1卫,97.86O,低楼层 (共22层),平层,南,两梯四户,精装,70年,钢混结构,有,,https://sh.lianjia.com/ershoufang/107101147192.html
浦东,御桥,御桥花园,中环至外环,490,62869,3室1厅1厨1卫,77.94O,高楼层 (共6层),平层,南 北,一梯两户,简装,未知,砖混结构,无,,https://sh.lianjia.com/ershoufang/107101194541.html
浦东,御桥,罗山绿洲,中环至外环,2600,67946,6室2厅1厨5卫,382.66O,低楼层 (共2层),,东南 南,,精装,未知,钢混结构,,暂无数据,https://sh.lianjia.com/ershoufang/107100661544.html
浦东,御桥,绿洲康城亲水湾(中央区),中环至外环,650,47816,3室2厅1厨2卫,135.94O,中楼层 (共14层),平层,南 北,一梯两户,精装,70年,钢混结构,有,,https://sh.lianjia.com/ershoufang/107101287558.html
浦东,御桥,百舸馨苑,中环至外环,400,44539,2室2厅1厨1卫,89.81O,低楼层 (共6层),平层,南,一梯两户,精装,未知,钢混结构,无,,https://sh.lianjia.com/ershoufang/107100416381.html
浦东,御桥,万科金色城市,中环至外环,690,88349,3室2厅1厨1卫,78.1O,低楼层 (共18层),暂无数据,南,两梯四户,精装,70年,钢混结构,有,,https://sh.lianjia.com/ershoufang/107101236739.html
浦东,御桥,锦绣华都,中环至外环,490,54433,2室2厅1厨1卫,90.02O,高楼层 (共18层),暂无数据,南 北,两梯三户,精装,70年,钢混结构,有,,https://sh.lianjia.com/ershoufang/107101490627.html
浦东,御桥,绿洲康城亲水湾(中央区),中环至外环,283,46394,1室1厅1厨1卫,61O,低楼层 (共23层),平层,南,两梯五户,毛坯,70年,钢混结构,有,,https://sh.lianjia.com/ershoufang/107101145667.html
浦东,御桥,万科海上传奇,中环至外环,790,76021,3室2厅1厨1卫,103.92O,中楼层 (共26层),平层,南,两梯四户,精装,未知,钢混结构,有,,https://sh.lianjia.com/ershoufang/107101445427.html
浦东,御桥,百舸馨苑,中环至外环,450,46373,2室2厅1厨1卫,97.04O,中楼层 (共6层),暂无数据,南,一梯两户,精装,未知,钢混结构,无,,https://sh.lianjia.com/ershoufang/107001948353.html
浦东,御桥,绿洲康城亲水湾(东区),,520,57926,3室2厅1厨1卫,89.77O,高楼层 (共15层),复式,南,两梯四户,精装,未知,钢混结构,有,,https://sh.lianjia.com/ershoufang/107101237892.html
浦东,御桥,锦绣华都,中环至外环,575,50827,3室2厅1厨1卫,113.13O,低楼层 (共18层),暂无数据,南,两梯两户,简装,70年,钢混结构,有,,https://sh.lianjia.com/ershoufang/107101037064.html
浦东,御桥,锦绣华都,中环至外环,423,49405,2室1厅1厨1卫,85.62O,低楼层 (共14层),平层,南,一梯两户,精装,70年,钢混结构,有,,https://sh.lianjia.com/ershoufang/107101245506.html
浦东,御桥,地杰国际城E欧泊时光,中环至外环,918,59499,3室2厅1厨2卫,154.29O,低楼层 (共26层),平层,南,两梯三户,毛坯,70年,钢混结构,有,,https://sh.lianjia.com/ershoufang/107101236976.html
浦东,御桥,万科金色城市,中环至外环,910,75207,3室2厅1厨2卫,121O,低楼层 (共18层),平层,南,两梯两户,精装,70年,钢混结构,有,,https://sh.lianjia.com/ershoufang/107001753469.html
浦东,御桥,绿洲康城亲水湾(中央区),中环至外环,880,61972,4室2厅1厨2卫,142O,高楼层 (共18层),平层,南 北,一梯两户,精装,70年,钢混结构,有,,https://sh.lianjia.com/ershoufang/107101252286.html
浦东,御桥,万科海上传奇,中环至外环,745,76805,3室2厅1厨1卫,97O,低楼层 (共25层),平层,南,两梯四户,精装,70年,钢混结构,有,,https://sh.lianjia.com/ershoufang/107101383546.html
浦东,御桥,明纶园,中环至外环,350,41177,2室2厅1厨1卫,85O,低楼层 (共6层),暂无数据,南,一梯两户,毛坯,未知,钢混结构,无,,https://sh.lianjia.com/ershoufang/107001838737.html
浦东,御桥,绿洲康城亲水湾(中央区),中环至外环,645,48218,3室2厅1厨1卫,133.77O,高楼层 (共16层),平层,南,一梯三户,精装,70年,钢混结构,有,,https://sh.lianjia.com/ershoufang/107101484837.html
浦东,御桥,锦绣华都,中环至外环,520,56621,3室2厅1厨1卫,91.84O,低楼层 (共14层),暂无数据,南 北,一梯两户,精装,70年,钢混结构,有,,https://sh.lianjia.com/ershoufang/107101480856.html
浦东,御桥,绿洲康城亲水湾(中央区),中环至外环,560,56595,3室2厅1厨1卫,98.95O,低楼层 (共14层),平层,南 北,一梯四户,精装,70年,钢混结构,暂无数据,,https://sh.lianjia.com/ershoufang/107101406092.html
浦东,御桥,绿洲康城亲水湾(东区),,366,53895,1室1厅1厨1卫,67.91O,中楼层 (共14层),平层,南,一梯三户,精装,未知,钢混结构,有,,https://sh.lianjia.com/ershoufang/107101359031.html
浦东,御桥,绿洲康城亲水湾(中央区),中环至外环,410,50394,2室1厅1厨1卫,81.36O,中楼层 (共23层),平层,南,两梯五户,简装,70年,钢混结构,有,,https://sh.lianjia.com/ershoufang/107101198816.html
浦东,御桥,地杰国际城F欧香四季,近11号线(嘉定北-迪士尼)御桥站,880,69897,3室2厅1厨1卫,125.9O,低楼层 (共18层),平层,南 北,两梯两户,精装,70年,钢混结构,有,,https://sh.lianjia.com/ershoufang/107101197735.html
浦东,御桥,京浦小区,中环至外环,335,53430,2室1厅1厨1卫,62.7O,低楼层 (共6层),平层,南,一梯四户,简装,未知,砖混结构,无,,https://sh.lianjia.com/ershoufang/107101497366.html
浦东,御桥,绿洲康城亲水湾(中央区),中环至外环,630,47096,3室2厅1厨1卫,133.77O,中楼层 (共16层),平层,南 北,一梯三户,精装,70年,钢混结构,有,,https://sh.lianjia.com/ershoufang/107101262563.html
浦东,御桥,康桥花园,中环至外环,430,44886,3室2厅1厨1卫,95.8O,高楼层 (共6层),暂无数据,南,一梯两户,精装,未知,砖混结构,无,,https://sh.lianjia.com/ershoufang/107101001918.html
浦东,御桥,京浦小区,中环至外环,315,60012,2室1厅1厨1卫,52.49O,高楼层 (共6层),平层,南,一梯四户,简装,未知,砖混结构,无,,https://sh.lianjia.com/ershoufang/107101383217.html
浦东,御桥,康桥花园,中环至外环,470,41593,3室2厅1厨2卫,113O,高楼层 (共6层),暂无数据,南,一梯两户,精装,未知,砖混结构,无,,https://sh.lianjia.com/ershoufang/107101242443.html
浦东,御桥,康桥花园,中环至外环,335,37922,3室2厅1厨1卫,88.34O,高楼层 (共6层),平层,南 北,一梯两户,简装,未知,砖混结构,无,,https://sh.lianjia.com/ershoufang/107101166780.html
浦东,御桥,和合新村,中环至外环,610,45253,3室2厅1厨2卫,134.8O,低楼层 (共6层),平层,南,一梯两户,简装,未知,钢混结构,无,,https://sh.lianjia.com/ershoufang/107101302594.html
浦东,御桥,绿洲康城亲水湾(东区),,535,53277,2室2厅1厨1卫,100.42O,中楼层 (共14层),平层,南,一梯两户,简装,未知,钢混结构,有,,https://sh.lianjia.com/ershoufang/107101271126.html
浦东,御桥,康桥花园,中环至外环,230,40358,1室1厅1厨1卫,56.99O,高楼层 (共6层),暂无数据,南,一梯两户,精装,未知,砖混结构,无,,https://sh.lianjia.com/ershoufang/107001700115.html
浦东,御桥,地杰国际城E欧泊时光,中环至外环,634,65946,2室2厅1厨1卫,96.14O,中楼层 (共26层),平层,南,两梯五户,简装,70年,钢混结构,有,,https://sh.lianjia.com/ershoufang/107101308503.html
浦东,御桥,绿洲康城亲水湾(中央区),中环至外环,520,49057,2室2厅1厨1卫,106O,中楼层 (共22层),平层,南,两梯四户,精装,70年,钢混结构,有,,https://sh.lianjia.com/ershoufang/107101334891.html
浦东,御桥,御桥馨华苑,中环至外环,800,57930,4室2厅1厨2卫,138.1O,高楼层 (共5层),平层,南 北,一梯两户,精装,未知,钢混结构,无,,https://sh.lianjia.com/ershoufang/107100971814.html
浦东,御桥,万科金色城市,中环至外环,690,77721,3室2厅1厨1卫,88.78O,中楼层 (共18层),暂无数据,南,两梯两户,精装,70年,钢混结构,有,,https://sh.lianjia.com/ershoufang/107101259947.html
浦东,御桥,绿洲康城亲水湾(中央区),中环至外环,375,55713,1室1厅1厨1卫,67.31O,中楼层 (共17层),暂无数据,南,两梯三户,精装,70年,钢混结构,有,,https://sh.lianjia.com/ershoufang/107100060087.html
浦东,御桥,明纶园,中环至外环,380,42697,2室2厅1厨1卫,89O,高楼层 (共6层),平层,南 北,一梯两户,精装,未知,钢混结构,无,,https://sh.lianjia.com/ershoufang/107100920690.html
浦东,御桥,和合新村,中环至外环,380,52249,2室2厅1厨1卫,72.73O,高楼层 (共6层),暂无数据,暂无数据,一梯两户,精装,未知,钢混结构,无,,https://sh.lianjia.com/ershoufang/107002284059.html
浦东,御桥,御桥花园,中环至外环,410,55768,2室2厅1厨1卫,73.52O,高楼层 (共5层),暂无数据,东南,一梯一户,精装,未知,砖混结构,无,,https://sh.lianjia.com/ershoufang/107002200321.html
浦东,御桥,康桥花园,中环至外环,400,42495,2室2厅1厨2卫,94.13O,低楼层 (共6层),暂无数据,南,一梯两户,简装,未知,砖混结构,无,,https://sh.lianjia.com/ershoufang/107100427080.html
浦东,御桥,御桥花园,中环至外环,403,61631,2室1厅1厨1卫,65.39O,中楼层 (共5层),平层,南,一梯三户,其他,未知,砖混结构,无,,https://sh.lianjia.com/ershoufang/107101504406.html
浦东,御桥,康桥花园,中环至外环,360,37555,2室2厅1厨1卫,95.86O,高楼层 (共6层),平层,南,一梯三户,精装,未知,砖混结构,无,,https://sh.lianjia.com/ershoufang/107100636748.html
浦东,御桥,明纶园,中环至外环,370,44579,2室2厅1厨1卫,83O,中楼层 (共5层),平层,南,一梯两户,精装,未知,钢混结构,无,,https://sh.lianjia.com/ershoufang/107101476088.html
浦东,御桥,锦绣华都,中环至外环,500,55544,2室1厅1厨1卫,90.02O,高楼层 (共18层),平层,南 北,两梯三户,精装,70年,钢混结构,有,,https://sh.lianjia.com/ershoufang/107101239364.html
浦东,御桥,和合新村,中环至外环,388,53415,2室1厅1厨1卫,72.64O,高楼层 (共6层),平层,南 北,一梯两户,精装,未知,钢混结构,无,,https://sh.lianjia.com/ershoufang/107101456195.html
浦东,御桥,明纶园,中环至外环,355,42242,2室2厅1厨1卫,84.04O,高楼层 (共6层),平层,南 北,一梯两户,简装,未知,钢混结构,无,,https://sh.lianjia.com/ershoufang/107101455687.html
浦东,御桥,康桥花园,中环至外环,490,40496,3室2厅1厨2卫,121O,高楼层 (共6层),平层,南 北,一梯两户,简装,70年,砖混结构,无,,https://sh.lianjia.com/ershoufang/107101339188.html
浦东,御桥,绿洲康城亲水湾(东区),,355,51977,1室2厅1厨1卫,68.3O,低楼层 (共10层),平层,南,一梯三户,精装,未知,钢混结构,有,,https://sh.lianjia.com/ershoufang/107101417614.html
浦东,御桥,康桥花园,中环至外环,355,37014,2室1厅1厨1卫,95.91O,高楼层 (共6层),平层,南 北,一梯两户,精装,未知,砖混结构,无,,https://sh.lianjia.com/ershoufang/107100904952.html
浦东,御桥,绿洲康城亲水湾(中央区),中环至外环,560,56310,3室2厅1厨1卫,99.45O,高楼层 (共18层),平层,南,一梯四户,精装,70年,钢混结构,暂无数据,,https://sh.lianjia.com/ershoufang/107100740070.html
浦东,御桥,东方御水湾,中环至外环,360,52942,1室1厅1厨1卫,68O,低楼层 (共11层),平层,南,一梯三户,精装,未知,钢混结构,有,,https://sh.lianjia.com/ershoufang/107101172295.html
浦东,御桥,御桥花园,中环至外环,400,60995,2室2厅0厨1卫,65.58O,中楼层 (共6层),平层,南 北,一梯四户,精装,70年,钢混结构,无,,https://sh.lianjia.com/ershoufang/107101463878.html
浦东,御桥,绿洲康城亲水湾(东区),,540,53914,2室2厅1厨1卫,100.16O,中楼层 (共14层),平层,南 北,一梯三户,精装,未知,钢混结构,有,,https://sh.lianjia.com/ershoufang/107101376129.html
浦东,御桥,仁和都市花园,中环至外环,613,72977,2室2厅1厨1卫,84O,中楼层 (共18层),平层,南 北,两梯三户,精装,70年,钢混结构,有,,https://sh.lianjia.com/ershoufang/107101513056.html
浦东,御桥,锦绣华都,中环至外环,698,51674,4室2厅1厨2卫,135.08O,低楼层 (共18层),平层,南 北,两梯两户,精装,70年,钢混结构,有,,https://sh.lianjia.com/ershoufang/107101147394.html
浦东,御桥,地杰国际城E欧泊时光,中环至外环,835,61679,3室2厅1厨2卫,135.38O,中楼层 (共18层),平层,南,两梯三户,精装,未知,钢混结构,有,,https://sh.lianjia.com/ershoufang/107101360513.html
浦东,御桥,康桥花园,中环至外环,460,42002,3室2厅1厨1卫,109.52O,低楼层 (共6层),平层,南,一梯两户,精装,未知,砖混结构,无,,https://sh.lianjia.com/ershoufang/107101013348.html
浦东,御桥,绿洲康城亲水湾(中央区),中环至外环,680,53355,3室2厅1厨2卫,127.45O,低楼层 (共18层),平层,南,一梯四户,精装,70年,钢混结构,暂无数据,,https://sh.lianjia.com/ershoufang/107101321503.html
浦东,御桥,绿洲康城金帝豪苑,中环至外环,2650,76078,4室3厅2厨4卫,348.33O,低楼层 (共2层),,南,,精装,未知,钢混结构,,暂无数据,https://sh.lianjia.com/ershoufang/107101047965.html
浦东,御桥,绿洲康城金帝豪苑,中环至外环,2450,77996,4室3厅1厨2卫,314.12O,低楼层 (共2层),,南,,精装,未知,钢混结构,,暂无数据,https://sh.lianjia.com/ershoufang/107000533769.html
浦东,御桥,绿洲康城亲水湾(中央区),中环至外环,830,70838,4室2厅1厨2卫,117.17O,高楼层 (共17层),跃层,南 北,一梯三户,精装,70年,钢混结构,有,,https://sh.lianjia.com/ershoufang/107100341657.html
浦东,御桥,京浦小区,中环至外环,320,60964,2室1厅1厨1卫,52.49O,中楼层 (共6层),平层,南,一梯四户,简装,未知,砖混结构,无,,https://sh.lianjia.com/ershoufang/107101498527.html
浦东,御桥,绿洲康城亲水湾(中央区),中环至外环,540,55108,3室2厅1厨2卫,97.99O,中楼层 (共17层),平层,南,一梯四户,精装,70年,钢混结构,暂无数据,,https://sh.lianjia.com/ershoufang/107101466950.html
浦东,御桥,绿洲康城亲水湾(中央区),中环至外环,660,51969,3室2厅1厨2卫,127O,高楼层 (共18层),平层,南,一梯四户,精装,70年,钢混结构,暂无数据,,https://sh.lianjia.com/ershoufang/107101030401.html
浦东,御桥,和合新村,中环至外环,600,44511,3室2厅1厨2卫,134.8O,低楼层 (共6层),平层,南 北,一梯两户,精装,未知,钢混结构,无,,https://sh.lianjia.com/ershoufang/107100200482.html
浦东,御桥,绿洲康城亲水湾(中央区),中环至外环,370,52926,1室1厅1厨1卫,69.91O,低楼层 (共22层),平层,南,两梯五户,精装,70年,钢混结构,有,,https://sh.lianjia.com/ershoufang/107101463600.html
浦东,御桥,绿洲康城亲水湾(中央区),中环至外环,360,52069,1室1厅1厨1卫,69.14O,低楼层 (共16层),平层,南,一梯三户,简装,70年,钢混结构,有,,https://sh.lianjia.com/ershoufang/107101357280.html
浦东,御桥,绿洲康城亲水湾(中央区),中环至外环,1350,57406,5室3厅1厨3卫,235.17O,低楼层 (共10层),暂无数据,南 北,一梯两户,精装,70年,钢混结构,有,,https://sh.lianjia.com/ershoufang/107101433564.html
浦东,御桥,明纶园,中环至外环,380,45217,2室2厅1厨1卫,84.04O,高楼层 (共6层),平层,南,一梯两户,精装,未知,钢混结构,无,,https://sh.lianjia.com/ershoufang/107101463599.html
浦东,御桥,百舸馨苑,中环至外环,420,46849,2室2厅1厨1卫,89.65O,高楼层 (共6层),平层,南,一梯两户,精装,未知,钢混结构,无,,https://sh.lianjia.com/ershoufang/107100080131.html
浦东,御桥,经典花园(别墅),中环至外环,1200,66730,5室3厅1厨3卫,179.83O,低楼层 (共4层),,南,,简装,70年,钢混结构,,暂无数据,https://sh.lianjia.com/ershoufang/107100835337.html
浦东,御桥,康桥花园,中环至外环,490,44304,3室2厅1厨2卫,110.6O,中楼层 (共6层),暂无数据,南,一梯两户,精装,未知,砖混结构,无,,https://sh.lianjia.com/ershoufang/107100329484.html
浦东,御桥,地杰国际城D街坊,近11号线(嘉定北-迪士尼)御桥站,500,58963,2室2厅1厨1卫,84.8O,低楼层 (共27层),平层,南,两梯六户,其他,70年,钢混结构,有,,https://sh.lianjia.com/ershoufang/107101521079.html
浦东,御桥,和合新村,中环至外环,470,48454,3室2厅1厨1卫,97O,中楼层 (共5层),暂无数据,南,一梯两户,简装,未知,钢混结构,无,,https://sh.lianjia.com/ershoufang/107101305492.html
浦东,御桥,万科海上传奇(三期),中环至外环,930,75610,3室2厅1厨2卫,123O,高楼层 (共20层),平层,南 北,一梯三户,精装,未知,钢混结构,暂无数据,,https://sh.lianjia.com/ershoufang/107100956290.html
浦东,御桥,绿洲康城金邸,中环至外环,1550,54748,4室2厅1厨3卫,283.12O,中楼层 (共18层),平层,南 北,两梯两户,精装,70年,钢混结构,有,,https://sh.lianjia.com/ershoufang/107101476871.html
浦东,御桥,锦绣华都,中环至外环,490,54348,2室2厅1厨1卫,90.16O,高楼层 (共18层),平层,南 北,两梯三户,精装,70年,钢混结构,有,,https://sh.lianjia.com/ershoufang/107101208593.html
浦东,御桥,康桥花园,中环至外环,360,42373,3室1厅1厨1卫,84.96O,中楼层 (共6层),平层,东南,一梯三户,简装,未知,砖混结构,无,,https://sh.lianjia.com/ershoufang/107100645536.html
浦东,御桥,地杰国际城E欧泊时光,中环至外环,550,65151,2室2厅1厨1卫,84.42O,中楼层 (共26层),暂无数据,北,两梯五户,毛坯,70年,钢混结构,有,,https://sh.lianjia.com/ershoufang/107101437838.html
浦东,御桥,御桥花园,中环至外环,500,58507,3室2厅1厨1卫,85.46O,高楼层 (共6层),暂无数据,南,一梯三户,精装,未知,砖混结构,无,,https://sh.lianjia.com/ershoufang/107101315258.html
浦东,御桥,康馨花园,中环至外环,330,40606,3室1厅1厨1卫,81.27O,低楼层 (共6层),平层,南 北,一梯两户,精装,70年,砖混结构,无,,https://sh.lianjia.com/ershoufang/107101372426.html
浦东,御桥,京浦小区,中环至外环,275,52391,2室1厅1厨1卫,52.49O,高楼层 (共6层),平层,南,一梯四户,简装,未知,砖混结构,无,,https://sh.lianjia.com/ershoufang/107101286865.html
浦东,御桥,绿洲康城亲水湾(东区),,480,51381,2室2厅1厨1卫,93.42O,低楼层 (共15层),平层,南,两梯四户,精装,未知,钢混结构,有,,https://sh.lianjia.com/ershoufang/107101034711.html
浦东,御桥,康桥花园,中环至外环,325,39157,2室1厅1厨1卫,83O,高楼层 (共6层),暂无数据,南,一梯两户,精装,未知,砖混结构,无,,https://sh.lianjia.com/ershoufang/107002116325.html
浦东,御桥,绿洲康城亲水湾(中央区),中环至外环,390,56416,1室1厅1厨1卫,69.13O,高楼层 (共16层),暂无数据,南,一梯三户,其他,70年,钢混结构,有,,https://sh.lianjia.com/ershoufang/107101490844.html
浦东,御桥,绿洲康城亲水湾(中央区),中环至外环,360,51495,1室1厅1厨1卫,69.91O,低楼层 (共22层),平层,南,两梯六户,精装,70年,钢混结构,有,,https://sh.lianjia.com/ershoufang/107101318477.html
浦东,御桥,绿洲康城亲水湾(中央区),中环至外环,545,54829,3室2厅1厨1卫,99.4O,中楼层 (共18层),平层,南,一梯四户,精装,70年,钢混结构,暂无数据,,https://sh.lianjia.com/ershoufang/107101255416.html
浦东,御桥,经典花园(别墅),中环至外环,1300,64357,4室3厅1厨3卫,202O,低楼层 (共4层),,南,,精装,70年,钢混结构,,暂无数据,https://sh.lianjia.com/ershoufang/107100610843.html
浦东,御桥,康桥花园,中环至外环,420,37896,3室2厅1厨2卫,110.83O,低楼层 (共6层),暂无数据,南,一梯两户,精装,未知,砖混结构,无,,https://sh.lianjia.com/ershoufang/107100256680.html
浦东,御桥,御桥花园,中环至外环,485,55728,3室2厅1厨1卫,87.03O,高楼层 (共6层),平层,南,一梯两户,精装,未知,砖混结构,无,,https://sh.lianjia.com/ershoufang/107101362741.html
浦东,御桥,地杰国际城E欧泊时光,中环至外环,926,62585,4室2厅1厨3卫,147.96O,高楼层 (共18层),复式,南 北,两梯三户,精装,未知,钢混结构,有,,https://sh.lianjia.com/ershoufang/107100557492.html
浦东,御桥,明纶园,中环至外环,420,46912,2室2厅1厨1卫,89.53O,高楼层 (共6层),暂无数据,南,一梯两户,其他,未知,钢混结构,无,,https://sh.lianjia.com/ershoufang/107101521664.html
