浦东,张江,汤臣高尔夫(别墅),内环至中环,6500,124634,5室2厅1厨5卫,521.53O,低楼层 (共3层),,东,,精装,70年,砖混结构,,暂无数据,https://sh.lianjia.com/ershoufang/107002016393.html
浦东,张江,杨镇新村,内环至中环,399,46580,3室2厅1厨1卫,85.66O,中楼层 (共6层),平层,南,一梯两户,简装,未知,砖混结构,无,,https://sh.lianjia.com/ershoufang/107100494716.html
浦东,张江,孙桥花苑,中环至外环,260,42519,2室1厅1厨1卫,61.15O,高楼层 (共6层),平层,南,一梯两户,简装,未知,砖混结构,无,,https://sh.lianjia.com/ershoufang/107100776893.html
浦东,张江,东郊紫园,中环至外环,2250,59617,4室2厅1厨3卫,377.41O,低楼层 (共2层),,南 北,,毛坯,70年,钢混结构,,独栋,https://sh.lianjia.com/ershoufang/107100767793.html
浦东,张江,城市经典(五期),内环至中环,2500,64739,5室2厅1厨4卫,386.17O,低楼层 (共2层),,北,,毛坯,70年,钢混结构,,独栋,https://sh.lianjia.com/ershoufang/107000188479.html
浦东,张江,益丰新村,中环至外环,350,45710,2室2厅1厨1卫,76.57O,高楼层 (共6层),暂无数据,南,一梯两户,精装,未知,砖混结构,无,,https://sh.lianjia.com/ershoufang/107100916631.html
浦东,张江,万科翡翠公园,内环至中环,1550,86112,4室2厅1厨3卫,180O,中楼层 (共25层),平层,南 北,一梯两户,精装,70年,钢混结构,有,,https://sh.lianjia.com/ershoufang/107100703885.html
浦东,张江,盛大天地青春里(一期),中环至外环,240,35983,1室1厅1厨1卫,66.7O,中楼层 (共17层),平层,南,两梯十四户,精装,50年,钢混结构,有,,https://sh.lianjia.com/ershoufang/107101123217.html
浦东,张江,川杨新苑(三期),中环至外环,398,45679,2室2厅1厨1卫,87.13O,低楼层 (共14层),平层,南,一梯两户,简装,未知,钢混结构,有,,https://sh.lianjia.com/ershoufang/107101351053.html
浦东,张江,汤臣豪庭,内环至中环,1028,71162,4室2厅1厨3卫,144.46O,低楼层 (共5层),,南 北,,精装,70年,钢混结构,,叠拼,https://sh.lianjia.com/ershoufang/107100554967.html
浦东,张江,阳光花城,内环至中环,610,62005,2室2厅1厨1卫,98.38O,高楼层 (共19层),平层,南,两梯三户,简装,未知,钢混结构,有,,https://sh.lianjia.com/ershoufang/107101253404.html
浦东,张江,汤臣豪庭,内环至中环,1150,74613,4室2厅1厨3卫,154.13O,高楼层 (共5层),暂无数据,南,一梯两户,精装,70年,钢混结构,有,,https://sh.lianjia.com/ershoufang/107002269037.html
浦东,张江,三桥小区,内环至中环,540,62544,3室1厅1厨1卫,86.34O,中楼层 (共6层),平层,南,一梯两户,简装,未知,砖混结构,无,,https://sh.lianjia.com/ershoufang/107100227224.html
浦东,张江,阳光花城,内环至中环,1200,72125,4室2厅1厨2卫,166.38O,高楼层 (共18层),平层,南,两梯两户,精装,未知,钢混结构,有,,https://sh.lianjia.com/ershoufang/107100300201.html
浦东,张江,中芯花园(公寓),内环至中环,780,62172,3室2厅1厨2卫,125.46O,低楼层 (共11层),平层,南,一梯两户,精装,70年,钢混结构,有,,https://sh.lianjia.com/ershoufang/107101153251.html
浦东,张江,古桐四村,内环至中环,430,48787,2室1厅1厨1卫,88.14O,低楼层 (共6层),平层,南,一梯两户,简装,70年,钢混结构,无,,https://sh.lianjia.com/ershoufang/107101363276.html
浦东,张江,贝越佳园,内环至中环,475,58722,2室2厅1厨1卫,80.89O,高楼层 (共6层),暂无数据,南,一梯两户,毛坯,70年,钢混结构,无,,https://sh.lianjia.com/ershoufang/107100179700.html
浦东,张江,川杨新苑(四期),中环至外环,395,44928,2室1厅1厨1卫,87.92O,高楼层 (共6层),平层,南,一梯两户,精装,未知,钢混结构,无,,https://sh.lianjia.com/ershoufang/107101214831.html
浦东,张江,汤臣豪园(二期),内环至中环,1680,74160,3室2厅1厨3卫,226.54O,低楼层 (共5层),,南,,精装,70年,钢混结构,,叠拼,https://sh.lianjia.com/ershoufang/107101239751.html
浦东,张江,城市经典(四期),内环至中环,430,69355,1室1厅1厨1卫,62O,高楼层 (共13层),平层,南,两梯四户,精装,70年,钢混结构,有,,https://sh.lianjia.com/ershoufang/107101055188.html
浦东,张江,玉兰香苑(一期),中环至外环,450,51737,2室2厅1厨2卫,86.98O,中楼层 (共5层),平层,南,一梯两户,简装,未知,钢混结构,无,,https://sh.lianjia.com/ershoufang/107101193052.html
浦东,张江,东郊花园,内环至中环,5800,120648,4室3厅1厨5卫,480.74O,低楼层 (共2层),,南,,精装,未知,钢混结构,,独栋,https://sh.lianjia.com/ershoufang/107000046875.html
浦东,张江,中芯花园(公寓),内环至中环,310,46269,1室1厅1厨1卫,67O,低楼层 (共6层),暂无数据,南,一梯六户,精装,未知,钢混结构,无,,https://sh.lianjia.com/ershoufang/107100051780.html
浦东,张江,益丰新村,中环至外环,299,52883,1室1厅1厨1卫,56.54O,中楼层 (共6层),平层,南,一梯两户,精装,未知,砖混结构,无,,https://sh.lianjia.com/ershoufang/107101062817.html
浦东,张江,申城佳苑,中环至外环,280,46450,1室1厅1厨1卫,60.28O,低楼层 (共6层),平层,南,一梯两户,简装,70年,钢混结构,无,,https://sh.lianjia.com/ershoufang/107101288684.html
浦东,张江,张江汤臣豪园(四期),内环至中环,938,89334,2室2厅1厨2卫,105O,高楼层 (共11层),平层,南,一梯两户,精装,70年,钢混结构,有,,https://sh.lianjia.com/ershoufang/107101284971.html
浦东,张江,华发四季,中环至外环,615,69102,3室1厅1厨1卫,89O,低楼层 (共18层),平层,南,一梯两户,精装,70年,钢混结构,暂无数据,,https://sh.lianjia.com/ershoufang/107100337240.html
浦东,张江,古桐五村,内环至中环,455,51640,2室2厅1厨1卫,88.11O,低楼层 (共6层),平层,南,一梯两户,简装,未知,钢混结构,无,,https://sh.lianjia.com/ershoufang/107100513345.html
浦东,张江,盛大天地青春里(一期),中环至外环,240,34286,2室2厅1厨1卫,70O,中楼层 (共11层),复式,南,一梯十四户,其他,50年,未知结构,暂无数据,,https://sh.lianjia.com/ershoufang/107101467019.html
浦东,张江,香楠小区,内环至中环,415,55334,3室1厅1厨1卫,75O,高楼层 (共6层),平层,南,一梯两户,精装,未知,砖混结构,无,,https://sh.lianjia.com/ershoufang/107101425276.html
浦东,张江,盛大天地青春里(一期),中环至外环,145,33871,1室1厅1厨1卫,42.81O,中楼层 (共17层),暂无数据,北,两梯十四户,精装,50年,钢混结构,有,,https://sh.lianjia.com/ershoufang/107100205240.html
浦东,张江,香楠小区,内环至中环,388,52398,2室1厅1厨1卫,74.05O,低楼层 (共6层),平层,南,一梯四户,毛坯,70年,砖混结构,无,,https://sh.lianjia.com/ershoufang/107100587413.html
浦东,张江,张江汤臣豪园(二期),内环至中环,1180,85744,3室2厅1厨2卫,137.62O,高楼层 (共12层),平层,南,一梯两户,精装,未知,钢混结构,有,,https://sh.lianjia.com/ershoufang/107101327100.html
浦东,张江,张江汤臣豪园(一期)(公寓),内环至中环,880,72167,3室2厅1厨2卫,121.94O,高楼层 (共15层),暂无数据,南 西南,两梯四户,精装,70年,钢混结构,有,,https://sh.lianjia.com/ershoufang/107101520844.html
浦东,张江,春港丽园(公寓),内环至中环,550,44716,3室2厅1厨2卫,123O,中楼层 (共6层),暂无数据,南,一梯两户,简装,未知,砖混结构,无,,https://sh.lianjia.com/ershoufang/107100881048.html
浦东,张江,广兰名苑,内环至中环,920,53281,3室2厅1厨2卫,172.67O,中楼层 (共11层),平层,南 北,一梯两户,精装,未知,钢混结构,有,,https://sh.lianjia.com/ershoufang/107101255399.html
浦东,张江,东方日出苑,内环至中环,2280,87357,5室2厅1厨3卫,261O,低楼层 (共2层),,南 北,,简装,未知,钢混结构,,独栋,https://sh.lianjia.com/ershoufang/107101372944.html
浦东,张江,紫薇景苑,内环至中环,920,60194,4室2厅1厨2卫,152.84O,中楼层 (共8层),暂无数据,南,一梯两户,简装,未知,钢混结构,有,,https://sh.lianjia.com/ershoufang/107101333250.html
浦东,张江,贝越流明新苑,内环至中环,600,58163,3室2厅1厨1卫,103.16O,低楼层 (共6层),暂无数据,南,一梯两户,毛坯,未知,钢混结构,无,,https://sh.lianjia.com/ershoufang/107100650287.html
浦东,张江,盛大天地青春里2.0,中环至外环,155,32979,1室1厅1厨1卫,47O,中楼层 (共18层),暂无数据,西南,三梯十户,其他,50年,钢混结构,有,,https://sh.lianjia.com/ershoufang/107001015127.html
浦东,张江,张江汤臣豪园(一期)(别墅),内环至中环,1670,98817,3室2厅1厨3卫,169O,低楼层 (共11层),,南,,简装,未知,钢混结构,,联排,https://sh.lianjia.com/ershoufang/107100891269.html
浦东,张江,阳光花城,内环至中环,1250,66412,4室2厅1厨3卫,188.22O,高楼层 (共19层),暂无数据,南,两梯两户,简装,未知,钢混结构,有,,https://sh.lianjia.com/ershoufang/107100726637.html
浦东,张江,城市经典二期(公寓),内环至中环,728,70721,2室2厅1厨1卫,102.94O,低楼层 (共12层),平层,南,一梯两户,精装,70年,钢混结构,有,,https://sh.lianjia.com/ershoufang/107100881859.html
浦东,张江,中芯花园(公寓),内环至中环,630,59858,2室2厅1厨1卫,105.25O,低楼层 (共10层),平层,南,一梯两户,精装,70年,钢混结构,有,,https://sh.lianjia.com/ershoufang/107000502625.html
浦东,张江,汤臣豪园(二期),内环至中环,1320,91054,3室2厅1厨3卫,144.97O,低楼层 (共7层),,南,,精装,70年,钢混结构,,叠拼,https://sh.lianjia.com/ershoufang/107101292057.html
浦东,张江,交江大楼,内环至中环,430,42170,2室2厅1厨1卫,101.97O,高楼层 (共27层),平层,南,两梯八户,精装,70年,钢混结构,有,,https://sh.lianjia.com/ershoufang/107101483636.html
浦东,张江,汤臣高尔夫(别墅),内环至中环,3588,86081,6室4厅1厨6卫,416.82O,低楼层 (共2层),,北,,精装,未知,砖混结构,,独栋,https://sh.lianjia.com/ershoufang/107000176383.html
浦东,张江,万科翡翠公园,内环至中环,730,84884,2室2厅1厨1卫,86O,中楼层 (共26层),暂无数据,南,一梯四户,精装,70年,未知结构,暂无数据,,https://sh.lianjia.com/ershoufang/107101449461.html
浦东,张江,展想悦廷,中环至外环,160,30132,1室1厅1厨1卫,53.1O,中楼层 (共16层),暂无数据,东,一梯三十三户,精装,50年,钢混结构,暂无数据,,https://sh.lianjia.com/ershoufang/107000573017.html
浦东,张江,黄浦花园,中环至外环,340,39953,2室2厅1厨1卫,85.1O,高楼层 (共6层),平层,南 北,一梯两户,简装,未知,砖混结构,无,,https://sh.lianjia.com/ershoufang/107100575960.html
浦东,张江,紫晶苑,中环至外环,430,41502,3室2厅1厨1卫,103.61O,低楼层 (共6层),平层,南,一梯两户,简装,未知,钢混结构,无,,https://sh.lianjia.com/ershoufang/107101224090.html
浦东,张江,玉兰香苑(四期),中环至外环,498,47917,2室2厅1厨1卫,103.93O,低楼层 (共14层),平层,南,一梯三户,精装,70年,钢混结构,有,,https://sh.lianjia.com/ershoufang/107101149214.html
浦东,张江,川杨新苑(二期),中环至外环,495,43033,3室2厅1厨2卫,115.03O,高楼层 (共6层),暂无数据,南,一梯两户,毛坯,未知,钢混结构,无,,https://sh.lianjia.com/ershoufang/107100335769.html
浦东,张江,广兰名苑,内环至中环,1130,58516,4室2厅1厨2卫,193.11O,中楼层 (共11层),平层,南,一梯两户,精装,未知,钢混结构,有,,https://sh.lianjia.com/ershoufang/107101293523.html
浦东,张江,中芯花园(公寓),内环至中环,760,60640,3室2厅1厨2卫,125.33O,低楼层 (共11层),暂无数据,南,一梯两户,其他,未知,钢混结构,有,,https://sh.lianjia.com/ershoufang/107101511437.html
浦东,张江,绿地MTOWN,内环至中环,230,57214,1室0厅1厨1卫,40.2O,中楼层 (共17层),暂无数据,南,两梯二十四户,毛坯,50年,钢混结构,有,,https://sh.lianjia.com/ershoufang/107000989429.html
浦东,张江,汤臣豪园(二期),内环至中环,1710,75484,4室2厅1厨3卫,226.54O,低楼层 (共3层),,南,,精装,未知,钢混结构,,叠拼,https://sh.lianjia.com/ershoufang/107100462087.html
浦东,张江,玉兰香苑(二期),中环至外环,585,52571,3室2厅1厨2卫,111.28O,高楼层 (共6层),平层,南,一梯两户,精装,未知,砖混结构,无,,https://sh.lianjia.com/ershoufang/107100668101.html
浦东,张江,绿地MTOWN,内环至中环,180,47369,1室1厅1厨1卫,38O,低楼层 (共17层),暂无数据,北,两梯二十四户,精装,50年,钢混结构,有,,https://sh.lianjia.com/ershoufang/107101315600.html
浦东,张江,中芯花园(别墅),内环至中环,3500,64915,5室3厅1厨4卫,539.17O,低楼层 (共2层),,南,,精装,70年,钢混结构,,独栋,https://sh.lianjia.com/ershoufang/107002293291.html
浦东,张江,玉兰香苑(一期),中环至外环,560,49340,3室2厅1厨2卫,113.5O,高楼层 (共6层),暂无数据,南,一梯两户,简装,未知,钢混结构,无,,https://sh.lianjia.com/ershoufang/107101257687.html
浦东,张江,玉兰香苑(三期),中环至外环,450,52793,2室1厅1厨1卫,85.24O,高楼层 (共6层),暂无数据,南,一梯两户,毛坯,未知,钢混结构,无,,https://sh.lianjia.com/ershoufang/107101441818.html
浦东,张江,黄浦花园,中环至外环,369,45011,2室2厅1厨1卫,81.98O,高楼层 (共6层),平层,南,一梯两户,精装,未知,砖混结构,无,,https://sh.lianjia.com/ershoufang/107101016687.html
浦东,张江,杨镇新村,内环至中环,385,44961,3室1厅1厨1卫,85.63O,中楼层 (共6层),平层,南 北,一梯两户,简装,未知,砖混结构,无,,https://sh.lianjia.com/ershoufang/107101375833.html
浦东,张江,川杨新苑(三期),中环至外环,460,40991,3室2厅1厨2卫,112.22O,低楼层 (共14层),暂无数据,南,一梯三户,精装,未知,钢混结构,有,,https://sh.lianjia.com/ershoufang/107001426719.html
浦东,张江,川杨新苑(一期),中环至外环,510,46610,3室2厅1厨2卫,109.42O,中楼层 (共11层),平层,南,一梯三户,精装,70年,钢混结构,有,,https://sh.lianjia.com/ershoufang/107100172580.html
浦东,张江,万科翡翠公园,内环至中环,1560,86667,4室2厅1厨3卫,180O,中楼层 (共25层),暂无数据,南,一梯两户,精装,70年,钢混结构,有,,https://sh.lianjia.com/ershoufang/107001181853.html
浦东,张江,城市经典(一期)(别墅),内环至中环,2000,63493,5室3厅1厨4卫,315O,低楼层 (共13层),,南,,毛坯,70年,钢混结构,,双拼,https://sh.lianjia.com/ershoufang/107101181288.html
浦东,张江,春港丽园(公寓),内环至中环,380,43040,2室2厅1厨1卫,88.29O,高楼层 (共6层),平层,南 北,一梯一户,精装,未知,砖混结构,无,,https://sh.lianjia.com/ershoufang/107100570007.html
浦东,张江,香楠小区,内环至中环,360,56515,2室1厅1厨1卫,63.7O,高楼层 (共6层),平层,南,一梯两户,简装,未知,砖混结构,无,,https://sh.lianjia.com/ershoufang/107100737676.html
浦东,张江,汤臣高尔夫(别墅),内环至中环,6500,149128,7室3厅2厨8卫,435.87O,低楼层 (共3层),,北,,精装,未知,砖混结构,,独栋,https://sh.lianjia.com/ershoufang/107101439710.html
浦东,张江,川杨新苑(三期),中环至外环,455,39913,3室2厅1厨2卫,114O,高楼层 (共6层),平层,南,一梯两户,毛坯,未知,钢混结构,无,,https://sh.lianjia.com/ershoufang/107101369579.html
浦东,张江,春港丽园(公寓),内环至中环,395,45787,3室1厅1厨1卫,86.27O,中楼层 (共6层),平层,南,一梯两户,精装,未知,砖混结构,无,,https://sh.lianjia.com/ershoufang/107101392157.html
浦东,张江,香楠小区,内环至中环,405,53671,2室1厅1厨1卫,75.46O,高楼层 (共6层),平层,南,一梯两户,精装,70年,砖混结构,无,,https://sh.lianjia.com/ershoufang/107100475955.html
浦东,张江,展想悦廷,中环至外环,150,28847,1室1厅0厨1卫,52O,中楼层 (共16层),平层,南,一梯三十三户,精装,50年,钢混结构,暂无数据,,https://sh.lianjia.com/ershoufang/107101010685.html
浦东,张江,万科翡翠公园,内环至中环,1500,100000,3室2厅1厨2卫,150O,低楼层 (共16层),暂无数据,南,一梯两户,精装,70年,钢混结构,暂无数据,,https://sh.lianjia.com/ershoufang/107002052315.html
浦东,张江,香楠小区,内环至中环,300,59821,1室2厅1厨1卫,50.15O,中楼层 (共6层),暂无数据,南,一梯两户,简装,未知,砖混结构,无,,https://sh.lianjia.com/ershoufang/107101494887.html
浦东,张江,日月光水岸花园(一期),内环至中环,630,71648,2室2厅0厨1卫,87.93O,高楼层 (共13层),暂无数据,西南 南,两梯三户,精装,70年,钢混结构,有,,https://sh.lianjia.com/ershoufang/107101478882.html
浦东,张江,阳光花城,内环至中环,735,65166,2室2厅1厨1卫,112.79O,高楼层 (共19层),暂无数据,南,两梯两户,精装,未知,钢混结构,有,,https://sh.lianjia.com/ershoufang/107100513564.html
浦东,张江,盛大天地青春里2.0,中环至外环,190,41667,2室2厅1厨2卫,45.6O,中楼层 (共17层),暂无数据,暂无数据,一梯二十六户,精装,50年,钢混结构,暂无数据,,https://sh.lianjia.com/ershoufang/107002157031.html
浦东,张江,玉兰香苑(四期),中环至外环,318,51307,1室1厅1厨1卫,61.98O,低楼层 (共14层),暂无数据,南,两梯四户,毛坯,70年,钢混结构,有,,https://sh.lianjia.com/ershoufang/107101351846.html
浦东,张江,张江汤臣豪园(一期)(公寓),内环至中环,950,77249,3室2厅1厨2卫,122.98O,中楼层 (共11层),平层,南,一梯两户,简装,70年,钢混结构,有,,https://sh.lianjia.com/ershoufang/107000454543.html
浦东,张江,张江汤臣豪园(四期),内环至中环,970,91588,2室2厅0厨1卫,105.91O,高楼层 (共11层),平层,南,一梯两户,精装,70年,钢混结构,有,,https://sh.lianjia.com/ershoufang/107101373733.html
浦东,张江,建中路171弄,内环至中环,360,50287,2室1厅1厨1卫,71.59O,低楼层 (共6层),平层,南,一梯两户,简装,未知,砖混结构,无,,https://sh.lianjia.com/ershoufang/107100744420.html
浦东,张江,汤臣高尔夫(别墅),内环至中环,6500,88306,6室3厅1厨6卫,736.08O,低楼层 (共3层),,西,,简装,未知,砖混结构,,独栋,https://sh.lianjia.com/ershoufang/107100525722.html
浦东,张江,中芯花园(公寓),内环至中环,800,61233,3室2厅1厨2卫,130.65O,高楼层 (共10层),暂无数据,南,一梯两户,其他,70年,钢混结构,有,,https://sh.lianjia.com/ershoufang/107101512467.html
浦东,张江,虹御公寓,中环至外环,440,38311,3室2厅1厨2卫,114.85O,中楼层 (共6层),平层,南,一梯两户,简装,未知,砖混结构,无,,https://sh.lianjia.com/ershoufang/107101106636.html
浦东,张江,阳光花城,内环至中环,735,63819,2室2厅1厨2卫,115.17O,中楼层 (共18层),平层,南 北,两梯三户,精装,未知,钢混结构,有,,https://sh.lianjia.com/ershoufang/107101068336.html
浦东,张江,益丰新村,中环至外环,360,50712,2室2厅1厨1卫,70.99O,中楼层 (共6层),平层,西南,一梯四户,精装,未知,砖混结构,无,,https://sh.lianjia.com/ershoufang/107101355007.html
浦东,张江,张江汤臣豪园(四期),内环至中环,1070,83470,3室2厅1厨2卫,128.19O,低楼层 (共12层),暂无数据,南,一梯两户,毛坯,70年,钢混结构,有,,https://sh.lianjia.com/ershoufang/107100856998.html
浦东,张江,三桥小区,内环至中环,530,62745,2室2厅1厨1卫,84.47O,低楼层 (共6层),暂无数据,南,一梯两户,简装,未知,砖混结构,无,,https://sh.lianjia.com/ershoufang/107100170970.html
浦东,张江,城市经典(四期),内环至中环,690,64875,2室2厅1厨1卫,106.36O,高楼层 (共13层),平层,南,一梯三户,精装,70年,钢混结构,有,,https://sh.lianjia.com/ershoufang/107101437498.html
浦东,张江,紫晶苑,中环至外环,342,43182,2室1厅1厨1卫,79.2O,高楼层 (共6层),平层,南 北,一梯两户,简装,未知,钢混结构,无,,https://sh.lianjia.com/ershoufang/107101296483.html
浦东,张江,盛大天地青春里(一期),中环至外环,278,41549,1室2厅1厨1卫,66.91O,高楼层 (共9层),暂无数据,南,一梯十二户,精装,50年,未知结构,暂无数据,,https://sh.lianjia.com/ershoufang/107101296333.html
浦东,张江,玉兰香苑(一期),中环至外环,440,53334,2室1厅2厨1卫,82.5O,高楼层 (共6层),平层,南,一梯两户,简装,未知,钢混结构,无,,https://sh.lianjia.com/ershoufang/107101156873.html
浦东,张江,张江汤臣豪园(三期),内环至中环,2300,100516,4室2厅1厨3卫,228.82O,中楼层 (共5层),平层,南,一梯一户,毛坯,未知,钢混结构,无,,https://sh.lianjia.com/ershoufang/107000400991.html
浦东,张江,城市经典二期(公寓),内环至中环,1080,62551,4室2厅1厨2卫,172.66O,低楼层 (共12层),平层,南,一梯两户,精装,70年,钢混结构,有,,https://sh.lianjia.com/ershoufang/107100943750.html
浦东,张江,汇智湖畔家园,内环至中环,800,89807,2室2厅1厨1卫,89.08O,中楼层 (共17层),平层,南,一梯三户,精装,70年,钢混结构,有,,https://sh.lianjia.com/ershoufang/107101480428.html
浦东,张江,合生东郊别墅二期,内环至中环,1.1,125629,5室3厅2厨5卫,875.6O,低楼层 (共2层),,南,,毛坯,70年,钢混结构,,独栋,https://sh.lianjia.com/ershoufang/107100531301.html
浦东,张江,张江汤臣豪园(二期),内环至中环,750,98737,2室2厅1厨2卫,75.96O,低楼层 (共8层),复式,南,一梯六户,精装,未知,钢混结构,有,,https://sh.lianjia.com/ershoufang/107101350232.html
浦东,张江,紫晶苑,中环至外环,353,43039,2室2厅1厨1卫,82.02O,低楼层 (共14层),平层,南,一梯三户,简装,未知,钢混结构,有,,https://sh.lianjia.com/ershoufang/107002079357.html
浦东,张江,盛大天地青春里2.0,中环至外环,210,46980,2室2厅1厨2卫,44.7O,中楼层 (共13层),暂无数据,东,两梯二十四户,精装,50年,钢混结构,有,,https://sh.lianjia.com/ershoufang/107101186612.html
浦东,张江,中芯花园(公寓),内环至中环,520,57984,2室2厅1厨1卫,89.68O,高楼层 (共6层),平层,南,一梯两户,精装,未知,钢混结构,无,,https://sh.lianjia.com/ershoufang/107100215327.html
浦东,张江,东郊花园,内环至中环,5200,108167,5室3厅1厨4卫,480.74O,低楼层 (共2层),,南,,精装,未知,钢混结构,,独栋,https://sh.lianjia.com/ershoufang/107100286203.html
浦东,张江,广兰名苑,内环至中环,1190,48616,4室2厅1厨2卫,244.78O,低楼层 (共11层),暂无数据,南 北,一梯两户,毛坯,未知,钢混结构,有,,https://sh.lianjia.com/ershoufang/107101427180.html
浦东,张江,益丰新村,中环至外环,345,48599,2室2厅1厨0卫,70.99O,高楼层 (共6层),平层,东南,一梯四户,精装,未知,砖混结构,无,,https://sh.lianjia.com/ershoufang/107100669974.html
浦东,张江,胡姬花园,内环至中环,880,75863,2室2厅1厨1卫,116O,低楼层 (共13层),暂无数据,南,两梯三户,精装,70年,钢混结构,有,,https://sh.lianjia.com/ershoufang/107101486100.html
浦东,张江,杨镇新村,内环至中环,308,43005,2室1厅1厨1卫,71.62O,高楼层 (共6层),平层,南,一梯两户,精装,未知,砖混结构,无,,https://sh.lianjia.com/ershoufang/107101262325.html
浦东,张江,盛大天地青春里(一期),中环至外环,178,26877,2室1厅1厨1卫,66.23O,中楼层 (共17层),平层,南,两梯十四户,其他,50年,钢混结构,有,,https://sh.lianjia.com/ershoufang/107100714230.html
浦东,张江,城市经典(二期)(别墅),内环至中环,2980,74913,5室2厅1厨4卫,397.8O,低楼层 (共9层),,南,,毛坯,70年,钢混结构,,联排,https://sh.lianjia.com/ershoufang/107100159787.html
浦东,张江,长城中环墅,中环至外环,1200,65862,4室2厅1厨4卫,182.2O,低楼层 (共3层),,南,,毛坯,未知,钢混结构,,联排,https://sh.lianjia.com/ershoufang/107101062002.html
浦东,张江,汤臣高尔夫(别墅),内环至中环,5000,142107,9室3厅1厨9卫,351.85O,低楼层 (共3层),,南,,精装,未知,砖混结构,,独栋,https://sh.lianjia.com/ershoufang/107000197523.html
浦东,张江,东郊紫园,中环至外环,2280,60412,4室2厅1厨3卫,377.41O,低楼层 (共2层),,南,,精装,70年,钢混结构,,独栋,https://sh.lianjia.com/ershoufang/107100324940.html
浦东,张江,川杨新苑(一期),中环至外环,410,48435,2室2厅1厨1卫,84.65O,低楼层 (共6层),暂无数据,南,一梯两户,简装,70年,钢混结构,无,,https://sh.lianjia.com/ershoufang/107100254838.html
浦东,张江,张江汤臣豪园(二期),内环至中环,1130,84329,3室2厅1厨2卫,134O,中楼层 (共12层),平层,南,一梯两户,精装,70年,钢混结构,有,,https://sh.lianjia.com/ershoufang/107101312470.html
浦东,张江,张江汤臣豪园(三期),内环至中环,650,106158,1室1厅1厨1卫,61.23O,中楼层 (共11层),暂无数据,南,一梯三户,精装,未知,钢混结构,有,,https://sh.lianjia.com/ershoufang/107100564742.html
浦东,张江,春港丽园(公寓),内环至中环,380,43040,3室1厅1厨1卫,88.29O,高楼层 (共6层),平层,南,一梯一户,精装,未知,砖混结构,无,,https://sh.lianjia.com/ershoufang/107101433748.html
浦东,张江,长城中环墅,中环至外环,1030,62928,4室2厅1厨3卫,163.68O,低楼层 (共3层),,南,,毛坯,未知,钢混结构,,联排,https://sh.lianjia.com/ershoufang/107100450426.html
浦东,张江,建中路171弄,内环至中环,355,49245,2室1厅1厨1卫,72.09O,高楼层 (共6层),平层,南,一梯两户,精装,未知,砖混结构,无,,https://sh.lianjia.com/ershoufang/107101252052.html
浦东,张江,春港丽园(公寓),内环至中环,258,46031,1室1厅1厨1卫,56.05O,低楼层 (共6层),平层,南,一梯两户,简装,未知,砖混结构,无,,https://sh.lianjia.com/ershoufang/107100677412.html
浦东,张江,川杨新苑(三期),中环至外环,280,48986,1室1厅1厨1卫,57.16O,高楼层 (共6层),暂无数据,南,一梯两户,简装,70年,钢混结构,无,,https://sh.lianjia.com/ershoufang/107101245000.html
浦东,张江,玉兰香苑(二期),中环至外环,440,52269,2室2厅1厨1卫,84.18O,中楼层 (共6层),暂无数据,南,一梯两户,简装,未知,砖混结构,无,,https://sh.lianjia.com/ershoufang/107002134085.html
浦东,张江,张江汤臣豪园(二期),内环至中环,950,88323,3室2厅1厨2卫,107.56O,高楼层 (共16层),暂无数据,南,两梯三户,简装,70年,钢混结构,有,,https://sh.lianjia.com/ershoufang/107101070129.html
浦东,张江,汤臣豪庭,内环至中环,1250,70225,4室2厅1厨3卫,178O,低楼层 (共3层),暂无数据,南,一梯两户,精装,70年,钢混结构,有,,https://sh.lianjia.com/ershoufang/107100938204.html
浦东,张江,汇智湖畔家园,内环至中环,850,95485,2室2厅1厨1卫,89.02O,高楼层 (共18层),平层,南,一梯三户,精装,70年,钢混结构,有,,https://sh.lianjia.com/ershoufang/107101413975.html
浦东,张江,香楠小区,内环至中环,245,59510,1室1厅1厨1卫,41.17O,高楼层 (共6层),平层,南,一梯四户,简装,未知,砖混结构,无,,https://sh.lianjia.com/ershoufang/107100521500.html
浦东,张江,盛大天地青春里(一期),中环至外环,170,40477,1室1厅1厨1卫,42O,中楼层 (共11层),暂无数据,南 北,一梯十四户,简装,50年,未知结构,暂无数据,,https://sh.lianjia.com/ershoufang/107101105115.html
浦东,张江,城市经典(四期),内环至中环,980,68942,3室2厅1厨2卫,142.15O,中楼层 (共13层),暂无数据,南,一梯三户,精装,70年,钢混结构,有,,https://sh.lianjia.com/ershoufang/107002296441.html
浦东,张江,川杨新苑(一期),中环至外环,385,51218,2室2厅1厨1卫,75.17O,中楼层 (共6层),暂无数据,南 北,一梯两户,其他,70年,钢混结构,无,,https://sh.lianjia.com/ershoufang/107101463001.html
浦东,张江,盛大天地青春里(一期),中环至外环,270,40359,1室2厅1厨1卫,66.9O,高楼层 (共9层),复式,南,一梯十三户,精装,50年,未知结构,暂无数据,,https://sh.lianjia.com/ershoufang/107100349794.html
浦东,张江,城市经典(一期)(公寓),内环至中环,429,66011,2室2厅1厨1卫,64.99O,低楼层 (共8层),平层,南 北,一梯三户,精装,70年,钢混结构,有,,https://sh.lianjia.com/ershoufang/107101313719.html
浦东,张江,汤臣高尔夫(公寓),内环至中环,920,78943,2室2厅1厨2卫,116.54O,高楼层 (共8层),暂无数据,南,一梯三户,精装,未知,钢混结构,有,,https://sh.lianjia.com/ershoufang/107002271699.html
浦东,张江,古桐三村,内环至中环,545,47048,3室2厅1厨2卫,115.84O,中楼层 (共6层),暂无数据,南,一梯两户,精装,未知,钢混结构,无,,https://sh.lianjia.com/ershoufang/107101312703.html
浦东,张江,樟盛苑,中环至外环,490,55412,2室2厅1厨1卫,88.43O,中楼层 (共14层),平层,南,一梯两户,精装,70年,钢混结构,有,,https://sh.lianjia.com/ershoufang/107101337937.html
浦东,张江,紫晶苑,中环至外环,365,45608,2室1厅1厨1卫,80.03O,中楼层 (共6层),暂无数据,南,一梯两户,其他,未知,钢混结构,无,,https://sh.lianjia.com/ershoufang/107101513259.html
浦东,张江,春港丽园(公寓),内环至中环,468,41809,3室2厅1厨2卫,111.94O,中楼层 (共6层),暂无数据,南,一梯两户,简装,未知,砖混结构,无,,https://sh.lianjia.com/ershoufang/107100949241.html
浦东,张江,汤臣高尔夫(别墅),内环至中环,3400,83340,5室2厅1厨4卫,407.97O,低楼层 (共3层),,南,,简装,未知,砖混结构,,独栋,https://sh.lianjia.com/ershoufang/107101140748.html
浦东,张江,紫晶苑,中环至外环,450,43087,3室2厅1厨1卫,104.44O,低楼层 (共14层),暂无数据,南,一梯三户,毛坯,未知,钢混结构,有,,https://sh.lianjia.com/ershoufang/107100829476.html
浦东,张江,汇智湖畔家园,内环至中环,1350,90605,3室2厅1厨2卫,149O,中楼层 (共18层),暂无数据,南,一梯两户,精装,70年,钢混结构,有,,https://sh.lianjia.com/ershoufang/107100687915.html
浦东,张江,汤臣高尔夫(别墅),内环至中环,6700,128469,7室2厅1厨7卫,521.53O,低楼层 (共3层),,东南,,精装,70年,砖混结构,,暂无数据,https://sh.lianjia.com/ershoufang/107002112405.html
浦东,张江,东郊华庭,内环至中环,2000,49628,4室2厅1厨5卫,403O,低楼层 (共3层),,南,,精装,70年,钢混结构,,双拼,https://sh.lianjia.com/ershoufang/107000216857.html
浦东,张江,中芯花园(公寓),内环至中环,310,46235,2室1厅1厨1卫,67.05O,高楼层 (共6层),平层,南,一梯六户,简装,未知,钢混结构,无,,https://sh.lianjia.com/ershoufang/107101401189.html
浦东,张江,虹御公寓,中环至外环,425,37005,3室2厅1厨2卫,114.85O,高楼层 (共6层),平层,南,一梯两户,简装,未知,砖混结构,无,,https://sh.lianjia.com/ershoufang/107100363230.html
浦东,张江,汤臣高尔夫(别墅),内环至中环,4000,98040,6室3厅1厨6卫,408O,低楼层 (共3层),,东,,其他,未知,砖混结构,,独栋,https://sh.lianjia.com/ershoufang/107101323496.html
浦东,张江,春港丽园(公寓),内环至中环,435,46820,2室1厅1厨1卫,92.91O,中楼层 (共5层),平层,南,一梯两户,精装,未知,砖混结构,无,,https://sh.lianjia.com/ershoufang/107101101063.html
浦东,张江,川杨新苑(三期),中环至外环,360,41261,2室2厅1厨1卫,87.25O,高楼层 (共6层),暂无数据,南,一梯两户,简装,未知,钢混结构,无,,https://sh.lianjia.com/ershoufang/107002316245.html
浦东,张江,古桐路小区,内环至中环,250,66828,1室1厅1厨1卫,37.41O,中楼层 (共6层),暂无数据,南,一梯四户,精装,70年,砖混结构,无,,https://sh.lianjia.com/ershoufang/107101220320.html
浦东,张江,虹御公寓,中环至外环,435,37876,3室2厅1厨2卫,114.85O,低楼层 (共6层),平层,东 西,一梯两户,简装,未知,砖混结构,无,,https://sh.lianjia.com/ershoufang/107100926215.html
浦东,张江,展想悦廷,中环至外环,135,25000,1室1厅1厨1卫,54O,中楼层 (共16层),平层,南,一梯三十三户,精装,50年,钢混结构,暂无数据,,https://sh.lianjia.com/ershoufang/107100718828.html
浦东,张江,张江汤臣豪园(三期),内环至中环,725,82669,2室2厅1厨1卫,87.7O,低楼层 (共11层),平层,南,一梯三户,精装,70年,钢混结构,有,,https://sh.lianjia.com/ershoufang/107002166847.html
浦东,张江,展想悦廷,中环至外环,175,32408,1室1厅1厨1卫,54O,高楼层 (共16层),暂无数据,南,一梯三十三户,其他,50年,钢混结构,暂无数据,,https://sh.lianjia.com/ershoufang/107100820840.html
浦东,张江,城市经典二期(公寓),内环至中环,590,61748,2室2厅1厨2卫,95.55O,低楼层 (共12层),复式,南,一梯三户,精装,70年,钢混结构,有,,https://sh.lianjia.com/ershoufang/107101190301.html
浦东,张江,川杨新苑(三期),中环至外环,405,45363,2室1厅1厨1卫,89.28O,低楼层 (共14层),暂无数据,南,一梯三户,简装,未知,钢混结构,有,,https://sh.lianjia.com/ershoufang/107100283881.html
浦东,张江,东园雅集轩,内环至中环,5100,71178,7室3厅1厨3卫,716.52O,低楼层 (共2层),,南,,精装,70年,钢混结构,,联排,https://sh.lianjia.com/ershoufang/107100713518.html
浦东,张江,川杨新苑(三期),中环至外环,355,40688,2室2厅1厨1卫,87.25O,高楼层 (共6层),平层,南,一梯两户,毛坯,未知,钢混结构,无,,https://sh.lianjia.com/ershoufang/107101126776.html
浦东,张江,张江汤臣豪园(二期),内环至中环,1030,75199,3室2厅1厨2卫,136.97O,低楼层 (共12层),平层,南,一梯两户,精装,70年,钢混结构,有,,https://sh.lianjia.com/ershoufang/107100525478.html
浦东,张江,汤臣豪园(二期),内环至中环,1350,84045,3室2厅1厨3卫,160.63O,高楼层 (共7层),,南,,精装,未知,钢混结构,,叠拼,https://sh.lianjia.com/ershoufang/107101413463.html
浦东,张江,盛大天地青春里(一期),中环至外环,220,33309,1室2厅1厨1卫,66.05O,低楼层 (共17层),暂无数据,北,两梯十四户,精装,50年,钢混结构,有,,https://sh.lianjia.com/ershoufang/107000794163.html
浦东,张江,东郊硅谷豪园,内环至中环,2500,41603,5室2厅1厨3卫,600.93O,低楼层 (共2层),,南,,毛坯,70年,钢混结构,,独栋,https://sh.lianjia.com/ershoufang/107101155812.html
浦东,张江,孙桥花苑,中环至外环,340,41318,3室1厅1厨1卫,82.29O,高楼层 (共6层),平层,南,一梯三户,简装,未知,砖混结构,无,,https://sh.lianjia.com/ershoufang/107101399699.html
浦东,张江,川杨新苑(一期),中环至外环,295,50026,1室1厅1厨1卫,58.97O,高楼层 (共11层),平层,南,一梯三户,简装,70年,钢混结构,有,,https://sh.lianjia.com/ershoufang/107101433170.html
浦东,张江,紫晶苑,中环至外环,250,40957,1室2厅1厨1卫,61.04O,高楼层 (共14层),平层,南,一梯三户,毛坯,未知,钢混结构,有,,https://sh.lianjia.com/ershoufang/107101161746.html
浦东,张江,黄浦花园,中环至外环,345,40484,2室1厅1厨1卫,85.22O,中楼层 (共6层),平层,南 北,一梯两户,简装,未知,砖混结构,无,,https://sh.lianjia.com/ershoufang/107101472897.html
浦东,张江,春港丽园(公寓),内环至中环,295,45434,1室1厅1厨1卫,64.93O,高楼层 (共6层),平层,南,一梯一户,精装,未知,砖混结构,无,,https://sh.lianjia.com/ershoufang/107100102400.html
浦东,张江,汤臣豪庭,内环至中环,1280,66322,4室2厅1厨3卫,193O,中楼层 (共5层),,南 北,,精装,70年,钢混结构,,叠拼,https://sh.lianjia.com/ershoufang/107101302313.html
浦东,张江,城市经典(四期),内环至中环,430,70585,1室1厅1厨1卫,60.92O,高楼层 (共13层),暂无数据,南,两梯六户,精装,70年,钢混结构,有,,https://sh.lianjia.com/ershoufang/107100883376.html
浦东,张江,张江汤臣豪园(四期),内环至中环,785,87223,3室2厅1厨1卫,90O,低楼层 (共11层),平层,南,一梯两户,精装,70年,钢混结构,有,,https://sh.lianjia.com/ershoufang/107101077269.html
浦东,张江,城市经典二期(公寓),内环至中环,750,74089,2室2厅1厨1卫,101.23O,中楼层 (共11层),平层,南,一梯三户,精装,70年,钢混结构,有,,https://sh.lianjia.com/ershoufang/107101409791.html
浦东,张江,张江汤臣豪园(一期)(公寓),内环至中环,850,69701,3室2厅1厨1卫,121.95O,中楼层 (共16层),平层,南,两梯四户,精装,未知,钢混结构,有,,https://sh.lianjia.com/ershoufang/107101014714.html
浦东,张江,城市经典(四期),内环至中环,1180,53637,3室2厅1厨2卫,220O,低楼层 (共11层),复式,南,一梯两户,精装,70年,钢混结构,有,,https://sh.lianjia.com/ershoufang/107100108203.html
浦东,张江,张江汤臣豪园(四期),内环至中环,890,81376,2室2厅1厨2卫,109.37O,低楼层 (共12层),平层,南,一梯两户,毛坯,未知,钢混结构,有,,https://sh.lianjia.com/ershoufang/107100630950.html
浦东,张江,香楠小区,内环至中环,355,52922,2室2厅1厨1卫,67.08O,中楼层 (共6层),平层,南,一梯四户,精装,未知,砖混结构,无,,https://sh.lianjia.com/ershoufang/107101461005.html
浦东,张江,东郊花园,内环至中环,6300,118853,4室2厅1厨4卫,530.07O,低楼层 (共2层),,北,,精装,未知,钢混结构,,独栋,https://sh.lianjia.com/ershoufang/107100570588.html
浦东,张江,汤臣高尔夫(别墅),内环至中环,1950,108082,4室2厅1厨4卫,180.42O,低楼层 (共3层),,北,,精装,未知,砖混结构,,联排,https://sh.lianjia.com/ershoufang/107101324601.html
浦东,张江,玉兰香苑(二期),中环至外环,420,47399,3室1厅1厨1卫,88.61O,低楼层 (共6层),平层,南,一梯两户,精装,70年,砖混结构,无,,https://sh.lianjia.com/ershoufang/107101314205.html
浦东,张江,川杨新苑(二期),中环至外环,272,46504,1室1厅1厨1卫,58.49O,中楼层 (共6层),平层,南,一梯两户,简装,70年,钢混结构,无,,https://sh.lianjia.com/ershoufang/107101027998.html
浦东,张江,春港丽园(公寓),内环至中环,310,47810,1室1厅1厨1卫,64.84O,低楼层 (共6层),平层,南,一梯一户,简装,未知,砖混结构,无,,https://sh.lianjia.com/ershoufang/107100617416.html
浦东,张江,杨镇新村,内环至中环,360,39135,3室1厅1厨1卫,91.99O,高楼层 (共6层),平层,南,一梯两户,毛坯,未知,砖混结构,无,,https://sh.lianjia.com/ershoufang/107101478431.html
浦东,张江,广兰名苑,内环至中环,750,59421,2室2厅1厨2卫,126.22O,中楼层 (共11层),平层,南 北,一梯两户,精装,未知,钢混结构,有,,https://sh.lianjia.com/ershoufang/107101494802.html
浦东,张江,张江汤臣豪园(二期),内环至中环,980,91112,2室2厅1厨2卫,107.56O,高楼层 (共16层),平层,南,一梯三户,精装,未知,钢混结构,有,,https://sh.lianjia.com/ershoufang/107101268019.html
浦东,张江,玉兰香苑(三期),中环至外环,560,45880,3室2厅1厨2卫,122.06O,低楼层 (共6层),暂无数据,南 北,一梯两户,简装,70年,钢混结构,无,,https://sh.lianjia.com/ershoufang/107100136877.html
浦东,张江,盛大天地青春里(一期),中环至外环,260,38806,1室1厅1厨1卫,67O,高楼层 (共17层),暂无数据,南,两梯十四户,精装,50年,钢混结构,有,,https://sh.lianjia.com/ershoufang/107000811751.html
浦东,张江,建中路171弄,内环至中环,360,50392,2室1厅1厨1卫,71.44O,高楼层 (共6层),平层,南,一梯两户,简装,未知,砖混结构,无,,https://sh.lianjia.com/ershoufang/107101131068.html
浦东,张江,城市经典(四期),内环至中环,700,66207,3室2厅1厨1卫,105.73O,中楼层 (共13层),平层,南,一梯三户,精装,70年,钢混结构,有,,https://sh.lianjia.com/ershoufang/107100368543.html
浦东,张江,绿地MTOWN,内环至中环,230,57500,1室2厅1厨1卫,40O,中楼层 (共17层),暂无数据,北,两梯二十四户,其他,50年,钢混结构,有,,https://sh.lianjia.com/ershoufang/107100633376.html
浦东,张江,汤臣豪园(二期),内环至中环,1160,79852,4室2厅1厨3卫,145.27O,中楼层 (共7层),,南,,精装,未知,钢混结构,,叠拼,https://sh.lianjia.com/ershoufang/107100755773.html
浦东,张江,春港丽园(公寓),内环至中环,275,47341,2室1厅1厨1卫,58.09O,高楼层 (共6层),平层,南 北,一梯两户,简装,未知,砖混结构,无,,https://sh.lianjia.com/ershoufang/107101388812.html
浦东,张江,川杨新苑(三期),中环至外环,430,48489,2室2厅1厨1卫,88.68O,高楼层 (共14层),平层,南,一梯三户,精装,未知,钢混结构,有,,https://sh.lianjia.com/ershoufang/107101410102.html
浦东,张江,香楠小区,内环至中环,460,52959,3室1厅1厨1卫,86.86O,中楼层 (共6层),平层,南,一梯两户,精装,未知,砖混结构,无,,https://sh.lianjia.com/ershoufang/107002210255.html
浦东,张江,丹芳苑,内环至中环,700,61887,2室2厅1厨1卫,113.11O,中楼层 (共6层),平层,南,一梯两户,简装,未知,钢混结构,无,,https://sh.lianjia.com/ershoufang/107101262486.html
浦东,张江,万科翡翠公园,内环至中环,320,71112,1室1厅1厨1卫,45O,中楼层 (共11层),暂无数据,西,一梯二十四户,精装,40年,钢混结构,有,,https://sh.lianjia.com/ershoufang/107002024553.html
浦东,张江,阳光花城,内环至中环,830,59713,3室2厅1厨2卫,139O,低楼层 (共19层),暂无数据,南,两梯两户,简装,未知,钢混结构,有,,https://sh.lianjia.com/ershoufang/107101329075.html
浦东,张江,孙桥公寓,中环至外环,228,44367,1室1厅1厨1卫,51.39O,低楼层 (共6层),平层,南,一梯两户,简装,未知,砖混结构,无,,https://sh.lianjia.com/ershoufang/107100259318.html
浦东,张江,香楠小区,内环至中环,360,53381,2室2厅1厨1卫,67.44O,高楼层 (共6层),平层,南,一梯三户,精装,未知,砖混结构,无,,https://sh.lianjia.com/ershoufang/107101387447.html
浦东,张江,申城佳苑,中环至外环,285,47007,1室2厅1厨1卫,60.63O,低楼层 (共15层),平层,南,一梯四户,简装,70年,钢混结构,有,,https://sh.lianjia.com/ershoufang/107101377978.html
浦东,张江,阳光花城,内环至中环,1400,68180,4室2厅1厨3卫,205.34O,低楼层 (共3层),,南,,毛坯,未知,钢混结构,,联排,https://sh.lianjia.com/ershoufang/107101148598.html
浦东,张江,汤臣高尔夫(别墅),内环至中环,3200,84505,4室2厅1厨4卫,378.68O,低楼层 (共3层),,南,,精装,未知,砖混结构,,独栋,https://sh.lianjia.com/ershoufang/107000062295.html
浦东,张江,玉兰香苑(二期),中环至外环,570,50839,3室2厅1厨2卫,112.12O,低楼层 (共6层),平层,南,一梯两户,精装,未知,砖混结构,无,,https://sh.lianjia.com/ershoufang/107101049335.html
浦东,张江,城市经典(五期),内环至中环,3300,85455,5室3厅1厨5卫,386.17O,低楼层 (共2层),,北,,精装,70年,钢混结构,,独栋,https://sh.lianjia.com/ershoufang/107000201899.html
浦东,张江,川杨新苑(四期),中环至外环,449,40011,3室2厅1厨2卫,112.22O,低楼层 (共14层),平层,南,一梯三户,简装,未知,钢混结构,有,,https://sh.lianjia.com/ershoufang/107101434271.html
浦东,张江,中芯花园(公寓),内环至中环,310,46235,1室2厅1厨1卫,67.05O,低楼层 (共6层),平层,南,一梯六户,精装,未知,钢混结构,无,,https://sh.lianjia.com/ershoufang/107002164689.html
浦东,张江,万科翡翠公园,内环至中环,280,62223,1室1厅1厨1卫,45O,高楼层 (共11层),暂无数据,东,一梯二十四户,其他,40年,钢混结构,有,,https://sh.lianjia.com/ershoufang/107100607850.html
浦东,张江,万科翡翠公园,内环至中环,1060,84800,3室1厅1厨2卫,125O,低楼层 (共18层),平层,南,一梯两户,精装,70年,钢混结构,暂无数据,,https://sh.lianjia.com/ershoufang/107101402357.html
浦东,张江,张江汤臣豪园(二期),内环至中环,870,80886,2室2厅1厨2卫,107.56O,低楼层 (共16层),平层,南,两梯三户,精装,70年,钢混结构,有,,https://sh.lianjia.com/ershoufang/107100743255.html
浦东,张江,盛大天地青春里(一期),中环至外环,286,41450,2室1厅1厨1卫,69O,中楼层 (共9层),暂无数据,南,一梯十三户,精装,50年,未知结构,暂无数据,,https://sh.lianjia.com/ershoufang/107000786861.html
浦东,张江,汤臣高尔夫(别墅),内环至中环,5300,89375,5室2厅1厨5卫,593.01O,低楼层 (共2层),,东,,精装,70年,砖混结构,,独栋,https://sh.lianjia.com/ershoufang/107101089707.html
浦东,张江,张江汤臣豪园(二期),内环至中环,1100,79538,3室2厅1厨2卫,138.3O,低楼层 (共16层),平层,南,一梯两户,精装,未知,钢混结构,有,,https://sh.lianjia.com/ershoufang/107100165864.html
浦东,张江,张江三湘海尚,中环至外环,900,80718,3室2厅1厨1卫,111.5O,中楼层 (共18层),平层,南 北,一梯两户,精装,70年,钢混结构,暂无数据,,https://sh.lianjia.com/ershoufang/107101234695.html
浦东,张江,中芯花园(公寓),内环至中环,850,65055,3室2厅1厨2卫,130.66O,低楼层 (共10层),暂无数据,南,一梯两户,精装,70年,钢混结构,有,,https://sh.lianjia.com/ershoufang/107100504891.html
浦东,张江,川杨新苑(四期),中环至外环,385,44294,2室2厅1厨1卫,86.92O,低楼层 (共14层),平层,南,一梯三户,毛坯,未知,钢混结构,有,,https://sh.lianjia.com/ershoufang/107002263551.html
浦东,张江,东郊花园,内环至中环,9000,124015,5室2厅1厨5卫,725.72O,低楼层 (共2层),,南,,精装,未知,钢混结构,,独栋,https://sh.lianjia.com/ershoufang/107101142674.html
浦东,张江,紫晶苑,中环至外环,365,45608,2室2厅1厨1卫,80.03O,高楼层 (共6层),平层,南,一梯两户,精装,未知,钢混结构,无,,https://sh.lianjia.com/ershoufang/107100966805.html
浦东,张江,龙东花园,内环至中环,1248,63661,6室3厅1厨4卫,196.04O,低楼层 (共3层),,南,,精装,70年,钢混结构,,联排,https://sh.lianjia.com/ershoufang/107101070344.html
浦东,张江,中芯花园(公寓),内环至中环,768,61406,3室2厅1厨1卫,125.07O,低楼层 (共11层),暂无数据,南,一梯两户,简装,70年,钢混结构,有,,https://sh.lianjia.com/ershoufang/107101236582.html
浦东,张江,益丰新村,中环至外环,298,52707,1室1厅1厨1卫,56.54O,高楼层 (共6层),平层,南,一梯两户,精装,未知,砖混结构,无,,https://sh.lianjia.com/ershoufang/107101263127.html
浦东,张江,城市经典(四期),内环至中环,1230,49677,4室3厅1厨3卫,247.6O,低楼层 (共11层),复式,南,一梯两户,精装,70年,钢混结构,有,,https://sh.lianjia.com/ershoufang/107101487991.html
浦东,张江,香楠小区,内环至中环,375,55564,2室1厅1厨1卫,67.49O,高楼层 (共6层),平层,南,一梯两户,简装,未知,砖混结构,无,,https://sh.lianjia.com/ershoufang/107101333333.html
浦东,张江,兰沁苑,内环至中环,610,49115,3室2厅1厨2卫,124.2O,高楼层 (共6层),平层,南,一梯两户,精装,未知,钢混结构,无,,https://sh.lianjia.com/ershoufang/107100706828.html
浦东,张江,黄浦花园,中环至外环,850,45019,5室2厅1厨2卫,188.81O,高楼层 (共6层),暂无数据,南,一梯两户,简装,未知,砖混结构,无,,https://sh.lianjia.com/ershoufang/107100278050.html
浦东,张江,孙桥花苑,中环至外环,340,41158,2室1厅1厨1卫,82.61O,高楼层 (共6层),平层,南,一梯两户,精装,未知,砖混结构,无,,https://sh.lianjia.com/ershoufang/107100607990.html
浦东,张江,申城佳苑,中环至外环,380,44581,2室2厅1厨1卫,85.24O,高楼层 (共6层),暂无数据,暂无数据,一梯两户,简装,70年,钢混结构,无,,https://sh.lianjia.com/ershoufang/107000792583.html
浦东,张江,展想悦廷,中环至外环,178,33528,1室0厅1厨1卫,53.09O,中楼层 (共16层),暂无数据,西,一梯三十三户,精装,50年,钢混结构,暂无数据,,https://sh.lianjia.com/ershoufang/107002069107.html
浦东,张江,汤臣豪庭,内环至中环,1160,73177,4室2厅1厨3卫,158.52O,高楼层 (共5层),,南,,精装,70年,钢混结构,,叠拼,https://sh.lianjia.com/ershoufang/107101094965.html
浦东,张江,汤臣豪庭,内环至中环,1350,62964,5室2厅1厨3卫,214.41O,低楼层 (共3层),,南,,精装,70年,钢混结构,,叠拼,https://sh.lianjia.com/ershoufang/107100751802.html
浦东,张江,汤臣高尔夫(别墅),内环至中环,6400,99852,5室2厅1厨4卫,640.95O,低楼层 (共3层),,西,,简装,未知,砖混结构,,独栋,https://sh.lianjia.com/ershoufang/107100742992.html
浦东,张江,香楠小区,内环至中环,286,59871,1室1厅1厨1卫,47.77O,低楼层 (共6层),平层,南,一梯三户,精装,未知,砖混结构,无,,https://sh.lianjia.com/ershoufang/107101298097.html
浦东,张江,杨镇新村,内环至中环,335,39109,3室2厅1厨1卫,85.66O,高楼层 (共6层),暂无数据,南,一梯两户,毛坯,未知,砖混结构,无,,https://sh.lianjia.com/ershoufang/107101454130.html
浦东,张江,玉兰香苑(三期),中环至外环,350,56782,1室1厅1厨1卫,61.64O,低楼层 (共6层),平层,南,一梯三户,精装,70年,钢混结构,无,,https://sh.lianjia.com/ershoufang/107101174619.html
浦东,张江,汤臣豪庭,内环至中环,1230,64063,4室2厅1厨3卫,192O,中楼层 (共5层),,南,,精装,70年,钢混结构,,叠拼,https://sh.lianjia.com/ershoufang/107101472473.html
浦东,张江,长城中环墅,中环至外环,1050,63830,4室2厅1厨3卫,164.5O,低楼层 (共3层),,南,,精装,未知,钢混结构,,联排,https://sh.lianjia.com/ershoufang/107101053685.html
浦东,张江,香楠小区,内环至中环,385,56962,2室1厅1厨1卫,67.59O,高楼层 (共6层),平层,南,一梯两户,简装,未知,砖混结构,无,,https://sh.lianjia.com/ershoufang/107101083235.html
浦东,张江,城市经典(四期),内环至中环,720,61544,3室2厅1厨1卫,116.99O,低楼层 (共13层),平层,南,一梯两户,精装,70年,钢混结构,有,,https://sh.lianjia.com/ershoufang/107101042879.html
浦东,张江,益丰新村,中环至外环,305,53945,1室1厅1厨1卫,56.54O,高楼层 (共6层),平层,南,一梯两户,精装,未知,砖混结构,无,,https://sh.lianjia.com/ershoufang/107101232811.html
浦东,张江,樟盛苑,中环至外环,315,51228,1室2厅1厨1卫,61.49O,低楼层 (共14层),暂无数据,南,一梯两户,毛坯,70年,钢混结构,有,,https://sh.lianjia.com/ershoufang/107101090024.html
浦东,张江,香楠小区,内环至中环,325,50139,2室1厅1厨1卫,64.82O,高楼层 (共6层),平层,南,一梯四户,简装,未知,砖混结构,无,,https://sh.lianjia.com/ershoufang/107100108037.html
浦东,张江,汤臣湖庭,内环至中环,3300,82342,5室2厅1厨5卫,400.77O,低楼层 (共3层),,南,,精装,70年,钢混结构,,联排,https://sh.lianjia.com/ershoufang/107100344905.html
浦东,张江,汤臣高尔夫(别墅),内环至中环,3500,85791,6室3厅1厨5卫,407.97O,低楼层 (共3层),,西,,精装,未知,砖混结构,,独栋,https://sh.lianjia.com/ershoufang/107000096015.html
浦东,张江,汤臣豪庭,内环至中环,980,62164,4室2厅1厨3卫,157.65O,中楼层 (共5层),暂无数据,南,一梯两户,精装,70年,钢混结构,有,,https://sh.lianjia.com/ershoufang/107100620286.html
浦东,张江,中芯花园(公寓),内环至中环,550,61112,2室2厅1厨1卫,90O,低楼层 (共6层),平层,南,一梯两户,精装,70年,钢混结构,无,,https://sh.lianjia.com/ershoufang/107100739839.html
浦东,张江,春港丽园(公寓),内环至中环,360,46464,2室2厅1厨1卫,77.48O,中楼层 (共6层),平层,南 北,一梯两户,简装,未知,砖混结构,无,,https://sh.lianjia.com/ershoufang/107101300751.html
浦东,张江,益丰新村,中环至外环,350,46096,2室2厅1厨1卫,75.93O,高楼层 (共6层),平层,南,一梯两户,精装,未知,砖混结构,无,,https://sh.lianjia.com/ershoufang/107100507551.html
浦东,张江,孙桥花苑,中环至外环,245,47861,2室1厅1厨1卫,51.19O,高楼层 (共6层),平层,南,一梯三户,精装,未知,砖混结构,无,,https://sh.lianjia.com/ershoufang/107101125283.html
浦东,张江,城市经典(一期)(别墅),内环至中环,1800,67984,4室3厅1厨3卫,264.77O,低楼层 (共3层),,南,,精装,70年,钢混结构,,联排,https://sh.lianjia.com/ershoufang/107101331365.html
浦东,张江,黄浦花园,中环至外环,310,43122,2室1厅1厨1卫,71.89O,高楼层 (共6层),平层,南,一梯三户,精装,未知,砖混结构,无,,https://sh.lianjia.com/ershoufang/107100952151.html
浦东,张江,汤臣高尔夫(别墅),内环至中环,3350,88466,6室2厅1厨4卫,378.68O,低楼层 (共3层),,北,,简装,未知,砖混结构,,独栋,https://sh.lianjia.com/ershoufang/107100413224.html
浦东,张江,汤臣豪庭,内环至中环,1100,70964,4室2厅1厨3卫,155.01O,高楼层 (共5层),暂无数据,南,一梯两户,精装,70年,钢混结构,有,,https://sh.lianjia.com/ershoufang/107101127946.html
浦东,张江,张江汤臣豪园(一期)(公寓),内环至中环,830,73465,2室2厅1厨1卫,112.98O,中楼层 (共11层),暂无数据,南,一梯三户,简装,70年,钢混结构,有,,https://sh.lianjia.com/ershoufang/107101439738.html
浦东,张江,交江大楼,内环至中环,285,44132,1室1厅1厨1卫,64.58O,低楼层 (共27层),平层,西,两梯八户,精装,70年,钢混结构,有,,https://sh.lianjia.com/ershoufang/107101276780.html
浦东,张江,张江汤臣豪园(一期)(别墅),内环至中环,1400,83488,3室2厅1厨3卫,167.69O,低楼层 (共3层),,南,,简装,未知,钢混结构,,联排,https://sh.lianjia.com/ershoufang/107100295456.html
浦东,张江,川杨新苑(一期),中环至外环,310,52570,1室1厅1厨1卫,58.97O,中楼层 (共11层),平层,南,一梯三户,精装,70年,钢混结构,有,,https://sh.lianjia.com/ershoufang/107101353240.html
浦东,张江,陶园,内环至中环,1790,60270,7室3厅1厨4卫,297O,低楼层 (共2层),,南,,精装,未知,钢混结构,,独栋,https://sh.lianjia.com/ershoufang/107000271411.html
浦东,张江,杨镇新村,内环至中环,370,43195,3室1厅1厨1卫,85.66O,中楼层 (共5层),平层,南,一梯两户,精装,未知,砖混结构,无,,https://sh.lianjia.com/ershoufang/107100614414.html
浦东,张江,香楠小区,内环至中环,326,53716,2室1厅1厨1卫,60.69O,高楼层 (共6层),平层,南,一梯四户,精装,70年,砖混结构,无,,https://sh.lianjia.com/ershoufang/107101449927.html
浦东,张江,阳光花城,内环至中环,730,63606,2室2厅1厨2卫,114.77O,低楼层 (共19层),平层,东,两梯三户,简装,未知,钢混结构,有,,https://sh.lianjia.com/ershoufang/107101382053.html
浦东,张江,汇智湖畔家园,内环至中环,1000,90042,3室2厅1厨1卫,111.06O,中楼层 (共18层),平层,南,一梯三户,精装,70年,钢混结构,有,,https://sh.lianjia.com/ershoufang/107101500918.html
浦东,张江,交江大楼,内环至中环,418,40599,3室1厅1厨1卫,102.96O,低楼层 (共27层),平层,西南,两梯八户,精装,70年,钢混结构,有,,https://sh.lianjia.com/ershoufang/107100759146.html
浦东,张江,玉兰香苑(二期),中环至外环,455,54167,2室2厅1厨1卫,84O,中楼层 (共6层),平层,南 北,一梯两户,简装,未知,砖混结构,无,,https://sh.lianjia.com/ershoufang/107101447226.html
浦东,张江,玉兰香苑(四期),中环至外环,320,51580,1室2厅1厨1卫,62.04O,中楼层 (共14层),平层,南,两梯四户,简装,未知,钢混结构,有,,https://sh.lianjia.com/ershoufang/107100357439.html
浦东,张江,张江汤臣豪园(四期),内环至中环,960,87776,2室2厅1厨1卫,109.37O,低楼层 (共12层),平层,南,一梯两户,精装,70年,钢混结构,有,,https://sh.lianjia.com/ershoufang/107101089686.html
浦东,张江,香楠小区,内环至中环,310,55239,2室1厅1厨1卫,56.12O,高楼层 (共6层),平层,东南,一梯四户,精装,未知,砖混结构,无,,https://sh.lianjia.com/ershoufang/107101423012.html
浦东,张江,汤臣高尔夫(别墅),内环至中环,3980,83174,5室2厅1厨6卫,478.52O,低楼层 (共3层),,西,,精装,未知,砖混结构,,独栋,https://sh.lianjia.com/ershoufang/107000105045.html
浦东,张江,绿地MTOWN,内环至中环,250,65790,1室1厅1厨2卫,38O,低楼层 (共17层),暂无数据,北,两梯二十四户,精装,50年,钢混结构,有,,https://sh.lianjia.com/ershoufang/107002020657.html
浦东,张江,城市经典二期(公寓),内环至中环,1200,57190,4室2厅1厨3卫,209.83O,低楼层 (共10层),平层,南 北,一梯一户,简装,70年,钢混结构,有,,https://sh.lianjia.com/ershoufang/107100725379.html
浦东,张江,中芯花园(公寓),内环至中环,530,59100,2室1厅1厨1卫,89.68O,中楼层 (共6层),平层,南,一梯两户,精装,70年,钢混结构,无,,https://sh.lianjia.com/ershoufang/107101280625.html
浦东,张江,申城佳苑,中环至外环,510,45133,3室2厅1厨2卫,113O,低楼层 (共17层),暂无数据,南,一梯四户,简装,70年,钢混结构,有,,https://sh.lianjia.com/ershoufang/107101283763.html
浦东,张江,城市经典二期(公寓),内环至中环,750,70622,2室2厅1厨1卫,106.2O,中楼层 (共11层),平层,南,一梯两户,精装,70年,钢混结构,有,,https://sh.lianjia.com/ershoufang/107101336894.html
浦东,张江,玉兰香苑(四期),中环至外环,298,48119,1室2厅1厨1卫,61.93O,低楼层 (共14层),平层,南,两梯四户,毛坯,未知,钢混结构,有,,https://sh.lianjia.com/ershoufang/107101343994.html
浦东,张江,川杨新苑(二期),中环至外环,480,40921,3室2厅1厨2卫,117.3O,中楼层 (共14层),平层,南,一梯两户,简装,未知,钢混结构,有,,https://sh.lianjia.com/ershoufang/107101304040.html
浦东,张江,东方别墅,内环至中环,3800,147379,4室3厅2厨4卫,257.84O,低楼层 (共2层),,南,,毛坯,未知,钢混结构,,独栋,https://sh.lianjia.com/ershoufang/107100553575.html
浦东,张江,盛大天地青春里(一期),中环至外环,175,40491,1室1厅1厨1卫,43.22O,低楼层 (共9层),暂无数据,北,一梯十三户,精装,50年,未知结构,暂无数据,,https://sh.lianjia.com/ershoufang/107101169024.html
浦东,张江,香楠小区,内环至中环,600,63046,3室2厅1厨1卫,95.17O,低楼层 (共6层),平层,南,一梯两户,简装,未知,砖混结构,无,,https://sh.lianjia.com/ershoufang/107101035866.html
浦东,张江,川杨新苑(三期),中环至外环,385,44066,2室2厅1厨1卫,87.37O,低楼层 (共6层),平层,南 北,一梯两户,毛坯,未知,钢混结构,无,,https://sh.lianjia.com/ershoufang/107100353370.html
浦东,张江,盛大天地青春里(一期),中环至外环,200,39216,1室2厅1厨1卫,51O,高楼层 (共9层),暂无数据,北,一梯十二户,其他,50年,未知结构,暂无数据,,https://sh.lianjia.com/ershoufang/107100516806.html
浦东,张江,杨镇新村,内环至中环,360,39118,3室1厅1厨1卫,92.03O,高楼层 (共6层),暂无数据,南,一梯两户,简装,未知,砖混结构,无,,https://sh.lianjia.com/ershoufang/107100550464.html
浦东,张江,玉兰香苑(四期),中环至外环,320,51672,1室1厅1厨1卫,61.93O,中楼层 (共14层),平层,南,两梯四户,简装,未知,钢混结构,有,,https://sh.lianjia.com/ershoufang/107101315533.html
浦东,张江,汤臣高尔夫(公寓),内环至中环,790,70229,2室2厅1厨2卫,112.49O,低楼层 (共15层),平层,南,一梯三户,精装,未知,钢混结构,有,,https://sh.lianjia.com/ershoufang/107101062287.html
浦东,张江,华陇建中小区,内环至中环,245,60749,1室1厅1厨1卫,40.33O,中楼层 (共6层),平层,南,一梯四户,简装,未知,砖混结构,无,,https://sh.lianjia.com/ershoufang/107101136177.html
浦东,张江,城市经典(一期)(别墅),内环至中环,1900,59562,5室3厅1厨4卫,319O,低楼层 (共3层),,南,,精装,70年,钢混结构,,双拼,https://sh.lianjia.com/ershoufang/107000380535.html
浦东,张江,春港丽园(公寓),内环至中环,880,42713,6室2厅2厨4卫,206.03O,高楼层 (共5层),暂无数据,南,一梯两户,精装,未知,砖混结构,无,,https://sh.lianjia.com/ershoufang/107101003366.html
浦东,张江,城市经典(四期),内环至中环,700,65147,2室2厅1厨1卫,107.45O,中楼层 (共13层),平层,南,两梯六户,精装,70年,钢混结构,有,,https://sh.lianjia.com/ershoufang/107101291345.html
浦东,张江,城市经典(四期),内环至中环,680,64762,2室2厅1厨1卫,105O,低楼层 (共11层),暂无数据,南,一梯三户,精装,70年,钢混结构,有,,https://sh.lianjia.com/ershoufang/107002059205.html
浦东,张江,川杨新苑(二期),中环至外环,420,50996,2室2厅1厨1卫,82.36O,中楼层 (共14层),平层,南,一梯两户,精装,未知,钢混结构,有,,https://sh.lianjia.com/ershoufang/107101361332.html
浦东,张江,城市经典(三期),内环至中环,2060,79954,3室2厅1厨3卫,257.65O,中楼层 (共4层),,南,,精装,70年,钢混结构,,暂无数据,https://sh.lianjia.com/ershoufang/107101134067.html
浦东,张江,汤臣高尔夫(别墅),内环至中环,1.3,150599,6室3厅1厨6卫,863.22O,低楼层 (共3层),,南,,精装,未知,砖混结构,,独栋,https://sh.lianjia.com/ershoufang/107100232242.html
浦东,张江,中芯花园(公寓),内环至中环,650,61758,2室2厅1厨1卫,105.25O,高楼层 (共10层),平层,南,一梯两户,精装,70年,钢混结构,有,,https://sh.lianjia.com/ershoufang/107101272105.html
浦东,张江,益丰新村,中环至外环,305,53945,1室1厅1厨1卫,56.54O,中楼层 (共6层),暂无数据,南,一梯两户,精装,未知,砖混结构,无,,https://sh.lianjia.com/ershoufang/107100589189.html
浦东,张江,城市经典二期(公寓),内环至中环,1430,65270,5室2厅1厨2卫,219.09O,高楼层 (共10层),暂无数据,南,一梯一户,精装,70年,钢混结构,有,,https://sh.lianjia.com/ershoufang/107101307324.html
浦东,张江,盛大天地青春里(一期),中环至外环,270,40377,2室1厅1厨1卫,66.87O,中楼层 (共11层),暂无数据,南,一梯十四户,精装,50年,未知结构,暂无数据,,https://sh.lianjia.com/ershoufang/107000787633.html
浦东,张江,川杨新苑(二期),中环至外环,399,43559,2室2厅1厨1卫,91.6O,低楼层 (共6层),平层,南 北,一梯两户,简装,未知,钢混结构,无,,https://sh.lianjia.com/ershoufang/107100756495.html
浦东,张江,玉兰香苑(四期),中环至外环,430,47279,2室2厅1厨1卫,90.95O,低楼层 (共6层),暂无数据,南,一梯两户,毛坯,未知,钢混结构,无,,https://sh.lianjia.com/ershoufang/107100906331.html
浦东,张江,阳光花城,内环至中环,720,63577,2室2厅1厨1卫,113.25O,中楼层 (共19层),暂无数据,南,两梯两户,简装,未知,钢混结构,有,,https://sh.lianjia.com/ershoufang/107101132428.html
浦东,张江,香楠小区,内环至中环,350,51852,2室1厅1厨1卫,67.5O,低楼层 (共6层),平层,南,一梯两户,精装,未知,砖混结构,无,,https://sh.lianjia.com/ershoufang/107101228561.html
浦东,张江,盛大天地青春里(一期),中环至外环,320,47905,2室1厅1厨1卫,66.8O,低楼层 (共11层),暂无数据,暂无数据,一梯十四户,其他,50年,未知结构,暂无数据,,https://sh.lianjia.com/ershoufang/107002188755.html
浦东,张江,汤臣湖庭,内环至中环,5900,101523,5室2厅1厨4卫,581.15O,低楼层 (共3层),,西,,精装,70年,钢混结构,,独栋,https://sh.lianjia.com/ershoufang/107100512946.html
浦东,张江,春港丽园(公寓),内环至中环,385,44649,3室2厅1厨1卫,86.23O,低楼层 (共6层),平层,南,一梯两户,精装,未知,砖混结构,无,,https://sh.lianjia.com/ershoufang/107000415947.html
浦东,张江,张江汤臣豪园(一期)(别墅),内环至中环,2300,93630,4室2厅1厨3卫,245.65O,低楼层 (共3层),,北,,精装,未知,钢混结构,,联排,https://sh.lianjia.com/ershoufang/107001602889.html
浦东,张江,城市经典二期(公寓),内环至中环,755,71429,2室2厅1厨1卫,105.7O,中楼层 (共11层),暂无数据,南,一梯三户,精装,70年,钢混结构,有,,https://sh.lianjia.com/ershoufang/107000381785.html
浦东,张江,长城中环墅,中环至外环,1290,70377,4室2厅1厨3卫,183.3O,低楼层 (共3层),,南,,精装,未知,钢混结构,,联排,https://sh.lianjia.com/ershoufang/107001932165.html
浦东,张江,汤臣豪庭,内环至中环,1100,57262,4室2厅1厨3卫,192.1O,中楼层 (共5层),暂无数据,南,一梯两户,精装,70年,钢混结构,有,,https://sh.lianjia.com/ershoufang/107100648018.html
浦东,张江,华发四季,中环至外环,623,70000,3室1厅1厨1卫,89O,高楼层 (共18层),平层,南,一梯两户,精装,70年,钢混结构,暂无数据,,https://sh.lianjia.com/ershoufang/107100652918.html
浦东,张江,黄浦花园,中环至外环,355,41487,2室2厅1厨1卫,85.57O,高楼层 (共6层),暂无数据,南,一梯两户,简装,未知,砖混结构,无,,https://sh.lianjia.com/ershoufang/107100155380.html
浦东,张江,杨镇新村,内环至中环,290,40222,2室1厅1厨1卫,72.1O,高楼层 (共6层),平层,南,一梯两户,简装,未知,砖混结构,无,,https://sh.lianjia.com/ershoufang/107101035507.html
浦东,张江,盛大天地青春里(一期),中环至外环,260,38859,2室2厅1厨1卫,66.91O,高楼层 (共9层),暂无数据,南,一梯十二户,精装,50年,未知结构,暂无数据,,https://sh.lianjia.com/ershoufang/107101430410.html
浦东,张江,玉兰香苑(一期),中环至外环,530,46697,3室2厅1厨2卫,113.5O,高楼层 (共6层),平层,南,一梯两户,毛坯,未知,钢混结构,无,,https://sh.lianjia.com/ershoufang/107100881310.html
浦东,张江,杨镇新村,内环至中环,310,42525,2室1厅1厨1卫,72.9O,高楼层 (共6层),平层,南,一梯两户,简装,未知,砖混结构,无,,https://sh.lianjia.com/ershoufang/107101495202.html
浦东,张江,张江汤臣豪园(三期),内环至中环,780,92692,2室2厅1厨1卫,84.15O,中楼层 (共11层),平层,南,一梯三户,精装,未知,钢混结构,有,,https://sh.lianjia.com/ershoufang/107100537686.html
浦东,张江,三桥小区,内环至中环,390,44782,2室1厅1厨1卫,87.09O,中楼层 (共6层),暂无数据,南,一梯两户,简装,未知,砖混结构,无,,https://sh.lianjia.com/ershoufang/107101357156.html
浦东,张江,申源苑,内环至中环,760,52548,3室2厅1厨2卫,144.63O,低楼层 (共14层),平层,南,两梯两户,精装,未知,钢混结构,有,,https://sh.lianjia.com/ershoufang/107101176898.html
浦东,张江,川杨新苑(四期),中环至外环,490,43444,3室2厅1厨2卫,112.79O,中楼层 (共6层),暂无数据,南,一梯两户,简装,未知,钢混结构,无,,https://sh.lianjia.com/ershoufang/107000317845.html
浦东,张江,阳光花城,内环至中环,820,58866,3室2厅1厨2卫,139.3O,低楼层 (共19层),暂无数据,南,两梯两户,毛坯,未知,钢混结构,有,,https://sh.lianjia.com/ershoufang/107101173511.html
浦东,张江,交江大楼,内环至中环,360,39974,2室1厅1厨1卫,90.06O,中楼层 (共27层),平层,东南,两梯八户,精装,70年,钢混结构,有,,https://sh.lianjia.com/ershoufang/107101485652.html
浦东,张江,合生东郊别墅(一期),内环至中环,7700,109093,4室2厅1厨5卫,705.82O,低楼层 (共2层),,南,,毛坯,70年,钢混结构,,独栋,https://sh.lianjia.com/ershoufang/107101209048.html
浦东,张江,川杨新苑(一期),中环至外环,285,47516,2室1厅1厨1卫,59.98O,低楼层 (共6层),平层,南,一梯两户,精装,70年,钢混结构,无,,https://sh.lianjia.com/ershoufang/107100483105.html
浦东,张江,玉兰香苑(二期),中环至外环,305,51713,2室1厅1厨1卫,58.98O,低楼层 (共6层),平层,南,一梯两户,简装,70年,砖混结构,无,,https://sh.lianjia.com/ershoufang/107101497976.html
浦东,张江,阳光花城,内环至中环,755,65459,2室2厅1厨2卫,115.34O,中楼层 (共18层),平层,南,两梯三户,精装,未知,钢混结构,有,,https://sh.lianjia.com/ershoufang/107101464380.html
浦东,张江,汤臣高尔夫(别墅),内环至中环,8800,183901,5室3厅1厨5卫,478.52O,低楼层 (共3层),,南,,毛坯,未知,砖混结构,,独栋,https://sh.lianjia.com/ershoufang/107000135205.html
浦东,张江,汤臣豪庭,内环至中环,1200,77072,3室2厅1厨3卫,155.7O,高楼层 (共6层),暂无数据,南,一梯两户,精装,70年,钢混结构,有,,https://sh.lianjia.com/ershoufang/107100218500.html
浦东,张江,盛大天地青春里(一期),中环至外环,300,44844,2室1厅1厨1卫,66.9O,低楼层 (共9层),暂无数据,南,一梯十三户,精装,50年,未知结构,暂无数据,,https://sh.lianjia.com/ershoufang/107100328346.html
浦东,张江,汤臣湖庭,内环至中环,3350,84573,4室2厅1厨3卫,396.11O,低楼层 (共3层),,南,,毛坯,70年,钢混结构,,联排,https://sh.lianjia.com/ershoufang/107100416744.html
浦东,张江,汤臣豪庭,内环至中环,1375,74977,4室2厅1厨3卫,183.39O,低楼层 (共4层),,南,,精装,未知,钢混结构,,叠拼,https://sh.lianjia.com/ershoufang/107101148820.html
浦东,张江,盛大天地青春里2.0,中环至外环,248,46460,2室2厅1厨2卫,53.38O,中楼层 (共13层),暂无数据,南,两梯二十四户,精装,50年,钢混结构,有,,https://sh.lianjia.com/ershoufang/107101328284.html
浦东,张江,胡姬花园,内环至中环,790,75418,3室2厅1厨2卫,104.75O,低楼层 (共10层),复式,南,一梯四户,精装,未知,钢混结构,有,,https://sh.lianjia.com/ershoufang/107100689945.html
浦东,张江,城市经典(四期),内环至中环,1070,63194,3室2厅1厨2卫,169.32O,高楼层 (共9层),平层,南,一梯两户,精装,70年,钢混结构,有,,https://sh.lianjia.com/ershoufang/107000263623.html
浦东,张江,汤臣豪庭,内环至中环,1380,70893,6室3厅1厨4卫,194.66O,低楼层 (共3层),,南,,精装,70年,钢混结构,,叠拼,https://sh.lianjia.com/ershoufang/107101387223.html
浦东,张江,川杨新苑(一期),中环至外环,530,47428,3室2厅1厨1卫,111.75O,中楼层 (共14层),平层,南,一梯两户,简装,70年,钢混结构,有,,https://sh.lianjia.com/ershoufang/107101294704.html
浦东,张江,东方日出苑,内环至中环,2100,80460,4室2厅1厨4卫,261O,低楼层 (共2层),,南,,毛坯,未知,钢混结构,,独栋,https://sh.lianjia.com/ershoufang/107100022966.html
浦东,张江,盛大天地青春里(一期),中环至外环,250,37281,2室1厅1厨1卫,67.06O,高楼层 (共9层),暂无数据,南,一梯十二户,精装,50年,未知结构,暂无数据,,https://sh.lianjia.com/ershoufang/107100771052.html
浦东,张江,长城中环墅,中环至外环,1080,64741,4室2厅1厨2卫,166.82O,低楼层 (共3层),,南,,简装,未知,钢混结构,,联排,https://sh.lianjia.com/ershoufang/107100615245.html
浦东,张江,孙桥花苑,中环至外环,340,45292,3室1厅1厨1卫,75.07O,高楼层 (共6层),平层,南 北,一梯两户,简装,未知,砖混结构,无,,https://sh.lianjia.com/ershoufang/107001464547.html
浦东,张江,杨镇新村,内环至中环,420,39803,3室1厅1厨1卫,105.52O,高楼层 (共6层),暂无数据,南,一梯两户,简装,未知,砖混结构,无,,https://sh.lianjia.com/ershoufang/107101227576.html
浦东,张江,古桐公寓,内环至中环,302,55393,2室1厅1厨1卫,54.52O,低楼层 (共6层),平层,南,一梯两户,简装,未知,砖混结构,无,,https://sh.lianjia.com/ershoufang/107000340661.html
浦东,张江,城市经典(四期),内环至中环,1100,72848,3室2厅1厨2卫,151O,低楼层 (共11层),暂无数据,南,一梯三户,精装,70年,钢混结构,有,,https://sh.lianjia.com/ershoufang/107002194163.html
浦东,张江,川杨新苑(一期),中环至外环,293,49687,1室2厅1厨1卫,58.97O,低楼层 (共11层),平层,南,一梯三户,精装,70年,钢混结构,有,,https://sh.lianjia.com/ershoufang/107002192193.html
浦东,张江,益丰新村,中环至外环,365,48014,2室2厅1厨1卫,76.02O,中楼层 (共6层),平层,南,一梯两户,精装,未知,砖混结构,无,,https://sh.lianjia.com/ershoufang/107101406665.html
浦东,张江,春港丽园(公寓),内环至中环,368,48174,2室1厅1厨1卫,76.39O,低楼层 (共6层),平层,南,一梯两户,精装,未知,砖混结构,无,,https://sh.lianjia.com/ershoufang/107101431845.html
浦东,张江,黄浦花园,中环至外环,480,39713,3室2厅1厨2卫,120.87O,低楼层 (共59层),暂无数据,南,一梯两户,精装,未知,钢混结构,有,,https://sh.lianjia.com/ershoufang/107101505377.html
浦东,张江,孙桥公寓,中环至外环,216,42994,1室1厅1厨1卫,50.24O,中楼层 (共6层),平层,南 北,一梯两户,精装,未知,砖混结构,无,,https://sh.lianjia.com/ershoufang/107101414189.html
浦东,张江,阳光花城,内环至中环,920,67732,3室2厅1厨2卫,135.83O,高楼层 (共19层),暂无数据,暂无数据,两梯两户,毛坯,未知,钢混结构,有,,https://sh.lianjia.com/ershoufang/107001100283.html
浦东,张江,虹御公寓,中环至外环,450,37004,3室2厅1厨2卫,121.61O,低楼层 (共6层),暂无数据,南,一梯两户,简装,未知,砖混结构,无,,https://sh.lianjia.com/ershoufang/107002150777.html
浦东,张江,紫晶苑,中环至外环,260,42700,1室2厅1厨1卫,60.89O,低楼层 (共14层),平层,南,一梯三户,简装,未知,钢混结构,有,,https://sh.lianjia.com/ershoufang/107101239435.html
浦东,张江,中芯花园(公寓),内环至中环,296,44405,2室1厅1厨1卫,66.66O,中楼层 (共6层),平层,南,一梯六户,精装,70年,钢混结构,无,,https://sh.lianjia.com/ershoufang/107101197100.html
浦东,张江,孙桥花苑,中环至外环,275,44972,2室1厅1厨1卫,61.15O,中楼层 (共6层),平层,南,一梯两户,简装,未知,砖混结构,无,,https://sh.lianjia.com/ershoufang/107101407904.html
浦东,张江,申城佳苑,中环至外环,500,45430,3室2厅1厨2卫,110.06O,高楼层 (共6层),暂无数据,南,一梯两户,简装,70年,钢混结构,无,,https://sh.lianjia.com/ershoufang/107101501855.html
浦东,张江,盛大天地青春里(一期),中环至外环,185,41093,1室1厅1厨1卫,45.02O,低楼层 (共9层),暂无数据,北,一梯十三户,其他,50年,未知结构,暂无数据,,https://sh.lianjia.com/ershoufang/107100755644.html
浦东,张江,华发四季,中环至外环,620,69663,3室1厅1厨1卫,89O,中楼层 (共18层),平层,南,一梯两户,精装,70年,钢混结构,暂无数据,,https://sh.lianjia.com/ershoufang/107100278561.html
浦东,张江,兰沁苑,内环至中环,590,47754,3室2厅1厨2卫,123.55O,高楼层 (共6层),暂无数据,南,一梯两户,毛坯,未知,钢混结构,无,,https://sh.lianjia.com/ershoufang/107100417985.html
浦东,张江,川杨新苑(二期),中环至外环,370,40853,2室2厅1厨1卫,90.57O,高楼层 (共6层),平层,南,一梯两户,毛坯,未知,钢混结构,无,,https://sh.lianjia.com/ershoufang/107101084118.html
浦东,张江,杨镇新村,内环至中环,390,45556,3室1厅1厨1卫,85.61O,中楼层 (共6层),平层,南,一梯两户,简装,未知,砖混结构,无,,https://sh.lianjia.com/ershoufang/107100552481.html
浦东,张江,阳光花城,内环至中环,1488,59996,5室2厅1厨4卫,248.02O,高楼层 (共19层),暂无数据,南,两梯两户,毛坯,未知,钢混结构,有,,https://sh.lianjia.com/ershoufang/107101015578.html
浦东,张江,阳光花城,内环至中环,1998,75142,4室2厅1厨3卫,265.9O,低楼层 (共3层),,南,,精装,未知,钢混结构,,联排,https://sh.lianjia.com/ershoufang/107101402897.html
浦东,张江,川杨新苑(四期),中环至外环,270,47228,1室1厅1厨1卫,57.17O,高楼层 (共6层),暂无数据,南 北,一梯两户,简装,未知,钢混结构,无,,https://sh.lianjia.com/ershoufang/107101284498.html
浦东,张江,中芯花园(公寓),内环至中环,540,57011,2室2厅1厨1卫,94.72O,高楼层 (共6层),平层,南,一梯两户,精装,未知,钢混结构,无,,https://sh.lianjia.com/ershoufang/107001416039.html
浦东,张江,城市经典(二期)(别墅),内环至中环,2150,52826,7室2厅1厨5卫,407O,低楼层 (共4层),,南,,其他,70年,钢混结构,,双拼,https://sh.lianjia.com/ershoufang/107101454558.html
浦东,张江,春港丽园(公寓),内环至中环,375,48400,3室1厅1厨1卫,77.48O,高楼层 (共6层),平层,南,一梯两户,简装,未知,砖混结构,无,,https://sh.lianjia.com/ershoufang/107100628933.html
浦东,张江,绿地MTOWN,内环至中环,195,48750,2室1厅1厨1卫,40O,高楼层 (共17层),平层,南,三梯二十四户,毛坯,50年,钢混结构,有,,https://sh.lianjia.com/ershoufang/107101430954.html
浦东,张江,紫晶苑,中环至外环,350,42673,2室1厅1厨1卫,82.02O,低楼层 (共14层),暂无数据,南,一梯两户,毛坯,未知,钢混结构,有,,https://sh.lianjia.com/ershoufang/107101215517.html
浦东,张江,龙东花园,内环至中环,1050,82978,3室2厅1厨2卫,126.54O,低楼层 (共3层),,东,,精装,未知,钢混结构,,联排,https://sh.lianjia.com/ershoufang/107101009769.html
浦东,张江,春港丽园(公寓),内环至中环,370,42889,3室1厅1厨1卫,86.27O,高楼层 (共6层),平层,南,一梯两户,精装,未知,砖混结构,无,,https://sh.lianjia.com/ershoufang/107100469533.html
浦东,张江,申城佳苑,中环至外环,420,49581,2室1厅1厨1卫,84.71O,高楼层 (共6层),暂无数据,东南,一梯两户,毛坯,70年,钢混结构,无,,https://sh.lianjia.com/ershoufang/107101307930.html
浦东,张江,张江汤臣豪园(二期),内环至中环,1066,86498,3室2厅1厨2卫,123.24O,低楼层 (共16层),平层,南,两梯三户,精装,70年,钢混结构,有,,https://sh.lianjia.com/ershoufang/107101229197.html
浦东,张江,展想悦廷,中环至外环,250,43860,1室1厅1厨1卫,57O,中楼层 (共16层),暂无数据,西,一梯三十三户,其他,50年,钢混结构,暂无数据,,https://sh.lianjia.com/ershoufang/107101217746.html
浦东,张江,丹芳苑,内环至中环,590,62073,2室2厅1厨1卫,95.05O,低楼层 (共6层),平层,南,一梯两户,精装,70年,钢混结构,有,,https://sh.lianjia.com/ershoufang/107101397651.html
浦东,张江,玉兰香苑(二期),中环至外环,320,55173,2室1厅1厨1卫,58O,高楼层 (共6层),平层,南,一梯两户,简装,70年,砖混结构,无,,https://sh.lianjia.com/ershoufang/107101026127.html
浦东,张江,中芯花园(公寓),内环至中环,515,57427,2室2厅1厨1卫,89.68O,中楼层 (共6层),平层,南,一梯两户,精装,70年,钢混结构,无,,https://sh.lianjia.com/ershoufang/107100741342.html
浦东,张江,展想悦廷,中环至外环,190,35850,1室1厅1厨1卫,53O,中楼层 (共16层),平层,东,一梯三十二户,其他,50年,钢混结构,暂无数据,,https://sh.lianjia.com/ershoufang/107100635315.html
浦东,张江,古桐二村,内环至中环,600,52990,3室2厅1厨2卫,113.23O,中楼层 (共6层),平层,南,一梯两户,简装,未知,钢混结构,无,,https://sh.lianjia.com/ershoufang/107100640989.html
浦东,张江,万科翡翠公园,内环至中环,1480,98667,3室2厅2厨2卫,150O,中楼层 (共16层),平层,南,一梯两户,精装,70年,钢混结构,暂无数据,,https://sh.lianjia.com/ershoufang/107100188310.html
浦东,张江,汤臣高尔夫(别墅),内环至中环,3300,93790,6室2厅1厨4卫,351.85O,低楼层 (共3层),,南,,精装,未知,砖混结构,,独栋,https://sh.lianjia.com/ershoufang/107100304792.html
浦东,张江,中芯花园(公寓),内环至中环,630,59847,2室2厅1厨2卫,105.27O,中楼层 (共10层),平层,南,一梯两户,精装,70年,钢混结构,有,,https://sh.lianjia.com/ershoufang/107100716818.html
浦东,张江,玉兰香苑(四期),中环至外环,525,44070,3室2厅1厨2卫,119.13O,中楼层 (共14层),暂无数据,南,两梯四户,毛坯,70年,钢混结构,有,,https://sh.lianjia.com/ershoufang/107101270577.html
浦东,张江,黄浦花园,中环至外环,700,37075,3室2厅1厨3卫,188.81O,高楼层 (共6层),暂无数据,南,一梯两户,简装,未知,砖混结构,无,,https://sh.lianjia.com/ershoufang/107101490558.html
浦东,张江,华陇建中小区,内环至中环,320,54673,2室1厅1厨1卫,58.53O,高楼层 (共6层),平层,南 北,一梯四户,简装,未知,砖混结构,无,,https://sh.lianjia.com/ershoufang/107100976964.html
浦东,张江,汤臣高尔夫(别墅),内环至中环,3500,99475,4室2厅1厨3卫,351.85O,低楼层 (共3层),,南,,精装,未知,砖混结构,,独栋,https://sh.lianjia.com/ershoufang/107101137697.html
浦东,张江,汤臣湖庭,内环至中环,2800,71294,4室3厅1厨5卫,392.74O,低楼层 (共3层),,南,,毛坯,70年,钢混结构,,联排,https://sh.lianjia.com/ershoufang/107000182317.html
浦东,张江,阳光花城,内环至中环,649,66483,2室2厅1厨1卫,97.62O,高楼层 (共18层),平层,南,两梯三户,简装,70年,钢混结构,有,,https://sh.lianjia.com/ershoufang/107101320201.html
浦东,张江,玉兰香苑(一期),中环至外环,580,51102,3室2厅1厨2卫,113.5O,中楼层 (共6层),平层,南,一梯两户,精装,未知,钢混结构,无,,https://sh.lianjia.com/ershoufang/107100594599.html
浦东,张江,汤臣湖庭,内环至中环,4000,82645,5室3厅1厨4卫,484O,低楼层 (共1层),,南,,毛坯,70年,钢混结构,,暂无数据,https://sh.lianjia.com/ershoufang/107100956707.html
浦东,张江,张江汤臣豪园(二期),内环至中环,740,78200,2室2厅1厨1卫,94.63O,高楼层 (共8层),暂无数据,南,一梯六户,精装,70年,钢混结构,有,,https://sh.lianjia.com/ershoufang/107101252154.html
浦东,张江,川杨新苑(一期),中环至外环,420,54391,2室2厅1厨1卫,77.22O,低楼层 (共6层),平层,南,一梯两户,精装,70年,钢混结构,有,,https://sh.lianjia.com/ershoufang/107100670301.html
浦东,张江,张江汤臣豪园(四期),内环至中环,1250,94697,3室2厅1厨2卫,132O,低楼层 (共12层),平层,南,一梯两户,精装,70年,钢混结构,有,,https://sh.lianjia.com/ershoufang/107101252696.html
浦东,张江,香楠小区,内环至中环,335,52533,2室1厅1厨1卫,63.77O,低楼层 (共6层),平层,南,一梯四户,精装,70年,砖混结构,无,,https://sh.lianjia.com/ershoufang/107100547993.html
浦东,张江,中芯花园(公寓),内环至中环,770,58937,3室2厅1厨2卫,130.65O,低楼层 (共10层),平层,南,一梯两户,精装,70年,钢混结构,有,,https://sh.lianjia.com/ershoufang/107100980449.html
浦东,张江,玉兰香苑(二期),中环至外环,540,49469,3室2厅1厨1卫,109.16O,低楼层 (共6层),平层,东,一梯两户,精装,未知,砖混结构,无,,https://sh.lianjia.com/ershoufang/107101489375.html
浦东,张江,黄浦花园,中环至外环,345,45093,2室1厅1厨1卫,76.51O,中楼层 (共6层),暂无数据,南,一梯两户,简装,未知,砖混结构,无,,https://sh.lianjia.com/ershoufang/107100756099.html
浦东,张江,黄浦花园,中环至外环,355,41716,2室2厅1厨1卫,85.1O,高楼层 (共6层),暂无数据,南,一梯两户,简装,未知,砖混结构,无,,https://sh.lianjia.com/ershoufang/107100627098.html
浦东,张江,川杨新苑(一期),中环至外环,315,58334,1室1厅1厨1卫,54O,高楼层 (共6层),平层,南,一梯两户,简装,70年,钢混结构,无,,https://sh.lianjia.com/ershoufang/107100501378.html
浦东,张江,川杨新苑(三期),中环至外环,480,42694,3室2厅1厨2卫,112.43O,高楼层 (共6层),平层,南,一梯两户,简装,未知,钢混结构,无,,https://sh.lianjia.com/ershoufang/107100818072.html
浦东,张江,兰沁苑,内环至中环,460,50175,2室2厅1厨1卫,91.68O,中楼层 (共6层),暂无数据,南,一梯两户,毛坯,未知,钢混结构,无,,https://sh.lianjia.com/ershoufang/107100801388.html
浦东,张江,汇智湖畔家园,内环至中环,1180,89374,3室2厅1厨2卫,132.03O,低楼层 (共18层),平层,南,一梯两户,简装,70年,钢混结构,有,,https://sh.lianjia.com/ershoufang/107101509837.html
浦东,张江,日月光水岸花园（二期）,,1000,70832,3室2厅1厨2卫,141.18O,低楼层 (共13层),平层,南,一梯两户,精装,未知,钢混结构,有,,https://sh.lianjia.com/ershoufang/107101124623.html
浦东,张江,汤臣豪园一期,内环至中环,1300,68722,4室2厅1厨3卫,189.17O,高楼层 (共5层),,南,,简装,70年,钢混结构,,叠拼,https://sh.lianjia.com/ershoufang/107100650246.html
浦东,张江,阳光花城,内环至中环,735,65166,2室2厅1厨1卫,112.79O,低楼层 (共19层),平层,南,两梯两户,精装,未知,钢混结构,有,,https://sh.lianjia.com/ershoufang/107101190689.html
浦东,张江,中芯花园(公寓),内环至中环,345,52273,2室1厅1厨1卫,66O,低楼层 (共6层),平层,南,一梯六户,精装,未知,钢混结构,无,,https://sh.lianjia.com/ershoufang/107101333042.html
浦东,张江,川杨新苑(四期),中环至外环,295,51610,2室1厅1厨1卫,57.16O,低楼层 (共6层),平层,南,一梯两户,简装,未知,钢混结构,无,,https://sh.lianjia.com/ershoufang/107101425618.html
浦东,张江,川杨新苑(一期),中环至外环,420,44244,2室2厅1厨1卫,94.93O,低楼层 (共13层),暂无数据,南,一梯两户,简装,70年,钢混结构,有,,https://sh.lianjia.com/ershoufang/107101329090.html
浦东,张江,虹御公寓,中环至外环,410,35699,3室2厅1厨2卫,114.85O,高楼层 (共6层),平层,南,一梯两户,简装,未知,砖混结构,无,,https://sh.lianjia.com/ershoufang/107101307312.html
浦东,张江,汤臣豪庭,内环至中环,1110,71766,4室2厅1厨3卫,154.67O,低楼层 (共6层),暂无数据,南,一梯两户,精装,70年,钢混结构,有,,https://sh.lianjia.com/ershoufang/107101263830.html
浦东,张江,香楠小区,内环至中环,445,51847,3室2厅1厨1卫,85.83O,高楼层 (共6层),平层,南,一梯两户,精装,70年,砖混结构,无,,https://sh.lianjia.com/ershoufang/107101218230.html
浦东,张江,中芯花园(公寓),内环至中环,710,58678,3室2厅1厨2卫,121O,低楼层 (共6层),平层,南,一梯两户,精装,未知,钢混结构,无,,https://sh.lianjia.com/ershoufang/107101157374.html
浦东,张江,东方别墅,内环至中环,2298,110481,3室2厅1厨4卫,208O,低楼层 (共3层),,南,,精装,未知,钢混结构,,双拼,https://sh.lianjia.com/ershoufang/107100183677.html
浦东,张江,益丰新村,中环至外环,360,47500,2室2厅1厨1卫,75.79O,高楼层 (共6层),平层,南,一梯两户,简装,未知,砖混结构,无,,https://sh.lianjia.com/ershoufang/107101499447.html
浦东,张江,虹御公寓,中环至外环,425,37005,3室2厅1厨2卫,114.85O,高楼层 (共6层),平层,南,一梯两户,简装,未知,砖混结构,无,,https://sh.lianjia.com/ershoufang/107100722435.html
浦东,张江,申城佳苑,中环至外环,400,45249,2室2厅1厨1卫,88.4O,低楼层 (共16层),暂无数据,南,一梯三户,简装,70年,钢混结构,有,,https://sh.lianjia.com/ershoufang/107101035175.html
浦东,张江,汤臣高尔夫(别墅),内环至中环,4100,98364,7室5厅1厨5卫,416.82O,低楼层 (共3层),,南,,精装,未知,砖混结构,,独栋,https://sh.lianjia.com/ershoufang/107101362445.html
浦东,张江,杨镇新村,内环至中环,308,43005,2室1厅1厨1卫,71.62O,中楼层 (共6层),平层,南,一梯两户,精装,未知,砖混结构,无,,https://sh.lianjia.com/ershoufang/107101509281.html
浦东,张江,龙东花园,内环至中环,900,70844,4室2厅1厨2卫,127.04O,低楼层 (共2层),,南,,毛坯,未知,钢混结构,,联排,https://sh.lianjia.com/ershoufang/107100066119.html
浦东,张江,东郊华庭,内环至中环,2400,60294,5室2厅1厨3卫,398.05O,低楼层 (共3层),,南,,精装,未知,钢混结构,,双拼,https://sh.lianjia.com/ershoufang/107101145073.html
浦东,张江,玉兰香苑(二期),中环至外环,325,56122,2室1厅1厨1卫,57.91O,高楼层 (共6层),平层,南,一梯两户,简装,未知,砖混结构,无,,https://sh.lianjia.com/ershoufang/107100959678.html
浦东,张江,城市经典(四期),内环至中环,432,67585,2室1厅1厨1卫,63.92O,中楼层 (共13层),平层,南,两梯六户,精装,70年,钢混结构,有,,https://sh.lianjia.com/ershoufang/107101350586.html
浦东,张江,广兰名苑,内环至中环,675,52817,3室2厅1厨2卫,127.8O,中楼层 (共11层),平层,南,一梯两户,精装,未知,钢混结构,有,,https://sh.lianjia.com/ershoufang/107101485912.html
浦东,张江,香楠小区,内环至中环,330,57693,2室1厅1厨1卫,57.2O,中楼层 (共6层),平层,南,一梯三户,精装,未知,砖混结构,无,,https://sh.lianjia.com/ershoufang/107101240127.html
浦东,张江,广兰名苑,内环至中环,710,53412,3室2厅1厨2卫,132.93O,低楼层 (共11层),平层,南,一梯两户,精装,未知,钢混结构,有,,https://sh.lianjia.com/ershoufang/107100506635.html
浦东,张江,樟盛苑,中环至外环,400,47762,2室2厅1厨1卫,83.75O,低楼层 (共14层),平层,南,一梯两户,毛坯,70年,钢混结构,有,,https://sh.lianjia.com/ershoufang/107100859257.html
浦东,张江,东郊紫园,中环至外环,3500,65743,4室2厅1厨4卫,532.38O,低楼层 (共2层),,北,,精装,70年,钢混结构,,独栋,https://sh.lianjia.com/ershoufang/107001848317.html
浦东,张江,樟盛苑,中环至外环,285,46162,1室2厅1厨1卫,61.74O,低楼层 (共14层),平层,南,一梯两户,毛坯,70年,钢混结构,有,,https://sh.lianjia.com/ershoufang/107101360847.html
浦东,张江,广兰名苑,内环至中环,910,52702,3室2厅1厨2卫,172.67O,高楼层 (共11层),暂无数据,南,一梯两户,精装,未知,钢混结构,有,,https://sh.lianjia.com/ershoufang/107101218675.html
浦东,张江,盛大天地青春里(一期),中环至外环,198,39208,1室1厅1厨1卫,50.5O,低楼层 (共9层),暂无数据,北,一梯十三户,其他,50年,未知结构,暂无数据,,https://sh.lianjia.com/ershoufang/107101241046.html
浦东,张江,阳光花城,内环至中环,930,68721,3室2厅1厨2卫,135.33O,中楼层 (共19层),平层,南,两梯两户,简装,未知,钢混结构,有,,https://sh.lianjia.com/ershoufang/107101069700.html
浦东,张江,春港丽园(公寓),内环至中环,375,42474,2室1厅1厨1卫,88.29O,高楼层 (共6层),平层,南,一梯一户,毛坯,未知,砖混结构,无,,https://sh.lianjia.com/ershoufang/107100916382.html
浦东,张江,玉兰香苑(二期),中环至外环,590,48148,3室2厅1厨2卫,122.54O,中楼层 (共6层),平层,南,一梯两户,其他,未知,砖混结构,无,,https://sh.lianjia.com/ershoufang/107101457197.html
浦东,张江,阳光花城,内环至中环,1900,74260,4室2厅1厨2卫,255.86O,低楼层 (共3层),,南,,精装,未知,钢混结构,,联排,https://sh.lianjia.com/ershoufang/107101145794.html
浦东,张江,万科翡翠公园,内环至中环,245,54445,1室1厅1厨1卫,45O,高楼层 (共11层),暂无数据,西,一梯二十四户,精装,40年,钢混结构,有,,https://sh.lianjia.com/ershoufang/107101150947.html
浦东,张江,紫晶苑,中环至外环,400,38607,3室2厅1厨1卫,103.61O,高楼层 (共6层),平层,南,一梯两户,简装,未知,钢混结构,无,,https://sh.lianjia.com/ershoufang/107101126357.html
浦东,张江,香楠小区,内环至中环,305,58813,2室1厅1厨1卫,51.86O,中楼层 (共6层),平层,南,一梯两户,简装,未知,砖混结构,无,,https://sh.lianjia.com/ershoufang/107101446098.html
浦东,张江,张江汤臣豪园(三期),内环至中环,790,87847,2室2厅1厨1卫,89.93O,低楼层 (共11层),平层,南,一梯三户,精装,70年,钢混结构,有,,https://sh.lianjia.com/ershoufang/107100492387.html
浦东,张江,古桐公寓,内环至中环,232,55864,1室1厅1厨1卫,41.53O,高楼层 (共6层),平层,南,一梯两户,简装,未知,砖混结构,无,,https://sh.lianjia.com/ershoufang/107100997140.html
浦东,张江,玉兰香苑(二期),中环至外环,535,47029,3室2厅1厨2卫,113.76O,低楼层 (共6层),暂无数据,南,一梯两户,毛坯,未知,砖混结构,无,,https://sh.lianjia.com/ershoufang/107101256997.html
浦东,张江,川杨新苑(二期),中环至外环,500,42626,3室1厅1厨2卫,117.3O,低楼层 (共14层),暂无数据,南,一梯两户,简装,未知,钢混结构,有,,https://sh.lianjia.com/ershoufang/107101229615.html
浦东,张江,汤臣高尔夫(公寓),内环至中环,1600,80129,4室2厅1厨3卫,199.68O,低楼层 (共7层),暂无数据,南,一梯两户,精装,未知,钢混结构,有,,https://sh.lianjia.com/ershoufang/107100991018.html
浦东,张江,城市经典(四期),内环至中环,780,65245,2室2厅1厨2卫,119.55O,中楼层 (共11层),平层,南,一梯三户,精装,70年,钢混结构,有,,https://sh.lianjia.com/ershoufang/107101161482.html
浦东,张江,孙桥花苑,中环至外环,390,47394,2室2厅1厨1卫,82.29O,高楼层 (共6层),平层,南,一梯三户,精装,未知,砖混结构,无,,https://sh.lianjia.com/ershoufang/107100909000.html
浦东,张江,春港丽园(公寓),内环至中环,470,41957,4室2厅1厨2卫,112.02O,高楼层 (共6层),平层,南,一梯两户,精装,未知,砖混结构,无,,https://sh.lianjia.com/ershoufang/107101119678.html
浦东,张江,汤臣高尔夫(别墅),内环至中环,6999,96851,6室3厅1厨6卫,722.66O,低楼层 (共3层),,南,,精装,未知,砖混结构,,独栋,https://sh.lianjia.com/ershoufang/107100689503.html
浦东,张江,虹御公寓,中环至外环,434,35688,3室2厅1厨2卫,121.61O,低楼层 (共6层),平层,南,一梯两户,精装,未知,砖混结构,无,,https://sh.lianjia.com/ershoufang/107101205881.html
浦东,张江,汤臣豪庭,内环至中环,1100,69621,3室2厅1厨3卫,158O,中楼层 (共5层),,南,,精装,70年,钢混结构,,叠拼,https://sh.lianjia.com/ershoufang/107101090325.html
浦东,张江,古桐二村,内环至中环,600,51814,3室2厅1厨2卫,115.8O,中楼层 (共6层),暂无数据,南,一梯两户,简装,未知,钢混结构,无,,https://sh.lianjia.com/ershoufang/107101404696.html
浦东,张江,申城佳苑,中环至外环,283,47050,1室2厅1厨1卫,60.15O,高楼层 (共6层),暂无数据,南,一梯两户,简装,70年,钢混结构,无,,https://sh.lianjia.com/ershoufang/107100824883.html
浦东,张江,汤臣高尔夫(别墅),内环至中环,4000,84879,5室2厅1厨5卫,471.26O,低楼层 (共3层),,南,,精装,未知,砖混结构,,独栋,https://sh.lianjia.com/ershoufang/107100408887.html
浦东,张江,东园雅集轩,内环至中环,4600,60109,5室3厅3厨6卫,765.28O,低楼层 (共3层),,西,,精装,70年,钢混结构,,联排,https://sh.lianjia.com/ershoufang/107100285211.html
浦东,张江,香楠小区,内环至中环,354,48929,2室1厅1厨1卫,72.35O,高楼层 (共6层),平层,南,一梯两户,简装,未知,砖混结构,无,,https://sh.lianjia.com/ershoufang/107101060570.html
浦东,张江,汤臣高尔夫(别墅),内环至中环,5000,114714,6室3厅1厨6卫,435.87O,低楼层 (共3层),,南,,毛坯,未知,砖混结构,,独栋,https://sh.lianjia.com/ershoufang/107100236892.html
浦东,张江,城市经典(五期),内环至中环,3700,83416,4室3厅1厨4卫,443.56O,低楼层 (共2层),,北,,精装,70年,钢混结构,,独栋,https://sh.lianjia.com/ershoufang/107000170601.html
浦东,张江,春港丽园(公寓),内环至中环,475,41951,3室2厅1厨1卫,113.23O,中楼层 (共6层),平层,南,一梯两户,精装,未知,砖混结构,无,,https://sh.lianjia.com/ershoufang/107101385114.html
浦东,张江,益丰新村,中环至外环,370,48730,2室1厅1厨1卫,75.93O,中楼层 (共6层),暂无数据,南,一梯两户,精装,未知,砖混结构,无,,https://sh.lianjia.com/ershoufang/107100502551.html
浦东,张江,玉兰香苑(三期),中环至外环,340,58641,1室2厅1厨1卫,57.98O,低楼层 (共6层),暂无数据,南,一梯两户,简装,未知,钢混结构,无,,https://sh.lianjia.com/ershoufang/107101176137.html
浦东,张江,张江汤臣豪园(三期),内环至中环,1330,92317,3室2厅1厨2卫,144.07O,中楼层 (共12层),平层,南,一梯两户,精装,70年,钢混结构,有,,https://sh.lianjia.com/ershoufang/107100649402.html
浦东,张江,杨镇新村,内环至中环,310,42996,2室1厅1厨1卫,72.1O,高楼层 (共6层),暂无数据,南,一梯两户,精装,未知,砖混结构,无,,https://sh.lianjia.com/ershoufang/107001603343.html
浦东,张江,张江汤臣豪园(四期),内环至中环,715,85517,2室2厅1厨1卫,83.61O,低楼层 (共11层),平层,南,一梯三户,精装,70年,钢混结构,有,,https://sh.lianjia.com/ershoufang/107101346115.html
浦东,张江,广兰名苑,内环至中环,693,55167,2室2厅1厨2卫,125.62O,中楼层 (共11层),暂无数据,南,一梯两户,精装,未知,钢混结构,有,,https://sh.lianjia.com/ershoufang/107101414307.html
浦东,张江,东郊华庭,内环至中环,2300,59739,4室2厅1厨4卫,385.01O,低楼层 (共3层),,南,,精装,未知,钢混结构,,双拼,https://sh.lianjia.com/ershoufang/107101113940.html
浦东,张江,中芯花园(公寓),内环至中环,335,50835,1室1厅1厨1卫,65.9O,高楼层 (共6层),平层,南,一梯六户,简装,未知,钢混结构,无,,https://sh.lianjia.com/ershoufang/107100500804.html
浦东,张江,城市经典(四期),内环至中环,940,67568,3室2厅1厨2卫,139.12O,中楼层 (共11层),暂无数据,南 北,一梯三户,精装,70年,钢混结构,有,,https://sh.lianjia.com/ershoufang/107101450574.html
浦东,张江,玉兰香苑(四期),中环至外环,600,47764,3室2厅1厨2卫,125.62O,高楼层 (共14层),暂无数据,南 北,一梯两户,简装,未知,钢混结构,有,,https://sh.lianjia.com/ershoufang/107101132681.html
浦东,张江,广兰名苑,内环至中环,750,59060,3室2厅1厨2卫,126.99O,中楼层 (共11层),暂无数据,南,一梯两户,精装,未知,钢混结构,有,,https://sh.lianjia.com/ershoufang/107101115631.html
浦东,张江,玉兰香苑(二期),中环至外环,328,55613,2室1厅0厨1卫,58.98O,高楼层 (共6层),平层,南,一梯两户,精装,未知,砖混结构,无,,https://sh.lianjia.com/ershoufang/107101422756.html
浦东,张江,汤臣豪庭,内环至中环,1250,68682,5室2厅1厨4卫,182O,低楼层 (共3层),复式,南,一梯两户,精装,70年,钢混结构,有,,https://sh.lianjia.com/ershoufang/107100097142.html
浦东,张江,古桐三村,内环至中环,600,51796,3室2厅1厨2卫,115.84O,中楼层 (共6层),暂无数据,南,一梯两户,简装,70年,钢混结构,无,,https://sh.lianjia.com/ershoufang/107101372859.html
浦东,张江,中芯花园(公寓),内环至中环,295,44502,1室1厅1厨1卫,66.29O,高楼层 (共6层),平层,南,一梯六户,精装,未知,钢混结构,无,,https://sh.lianjia.com/ershoufang/107100668006.html
浦东,张江,阳光花城,内环至中环,645,66073,2室2厅1厨1卫,97.62O,高楼层 (共18层),平层,南,两梯三户,简装,未知,钢混结构,有,,https://sh.lianjia.com/ershoufang/107100844205.html
浦东,张江,川杨新苑(二期),中环至外环,275,46745,1室1厅1厨1卫,58.83O,中楼层 (共6层),平层,南 北,一梯两户,简装,未知,钢混结构,无,,https://sh.lianjia.com/ershoufang/107101423462.html
浦东,张江,汤臣高尔夫(别墅),内环至中环,6500,155017,5室2厅1厨6卫,419.31O,低楼层 (共3层),,南,,精装,未知,砖混结构,,独栋,https://sh.lianjia.com/ershoufang/107101265744.html
浦东,张江,万科翡翠公园,内环至中环,900,85715,4室2厅1厨2卫,105O,低楼层 (共14层),平层,南,一梯两户,精装,70年,未知结构,暂无数据,,https://sh.lianjia.com/ershoufang/107101320595.html
浦东,张江,绿地MTOWN,内环至中环,210,52500,2室1厅1厨1卫,40O,低楼层 (共17层),暂无数据,南,两梯二十四户,精装,50年,钢混结构,有,,https://sh.lianjia.com/ershoufang/107002152589.html
浦东,张江,川杨新苑(二期),中环至外环,490,41774,3室2厅1厨2卫,117.3O,中楼层 (共14层),平层,南,一梯两户,毛坯,未知,钢混结构,有,,https://sh.lianjia.com/ershoufang/107100335819.html
浦东,张江,春港丽园(公寓),内环至中环,339,44078,2室1厅1厨1卫,76.91O,高楼层 (共6层),平层,南,一梯两户,精装,未知,砖混结构,无,,https://sh.lianjia.com/ershoufang/107101337252.html
浦东,张江,万科翡翠公园,内环至中环,780,82462,3室2厅1厨2卫,94.59O,低楼层 (共26层),平层,南,一梯三户,精装,70年,未知结构,暂无数据,,https://sh.lianjia.com/ershoufang/107100937392.html
浦东,张江,玉兰香苑(一期),中环至外环,595,52502,3室2厅1厨2卫,113.33O,中楼层 (共6层),暂无数据,南,一梯两户,简装,未知,钢混结构,无,,https://sh.lianjia.com/ershoufang/107101143956.html
浦东,张江,汤臣高尔夫(别墅),内环至中环,4600,77571,9室3厅1厨8卫,593.01O,低楼层 (共4层),,北,,精装,未知,砖混结构,,独栋,https://sh.lianjia.com/ershoufang/107100477466.html
浦东,张江,张江汤臣豪园(二期),内环至中环,1050,75780,3室2厅1厨2卫,138.56O,低楼层 (共16层),平层,南,一梯两户,精装,未知,钢混结构,有,,https://sh.lianjia.com/ershoufang/107100896761.html
浦东,张江,东方别墅,内环至中环,3200,124718,5室2厅1厨4卫,256.58O,低楼层 (共2层),,北,,精装,未知,钢混结构,,独栋,https://sh.lianjia.com/ershoufang/107000248377.html
浦东,张江,汇智湖畔家园,内环至中环,1120,84830,3室2厅1厨2卫,132.03O,低楼层 (共18层),平层,南 北,一梯两户,精装,70年,钢混结构,有,,https://sh.lianjia.com/ershoufang/107100224725.html
浦东,张江,华陇建中小区,内环至中环,330,50919,2室2厅1厨1卫,64.81O,低楼层 (共6层),平层,南,一梯四户,精装,未知,砖混结构,无,,https://sh.lianjia.com/ershoufang/107101242339.html
浦东,张江,黄浦花园,中环至外环,260,38057,2室1厅1厨1卫,68.32O,高楼层 (共6层),平层,南,一梯两户,简装,未知,砖混结构,无,,https://sh.lianjia.com/ershoufang/107100051507.html
浦东,张江,古桐五村,内环至中环,365,58513,1室1厅1厨1卫,62.38O,中楼层 (共6层),平层,南,一梯两户,简装,未知,钢混结构,无,,https://sh.lianjia.com/ershoufang/107101384459.html
浦东,张江,盛大天地青春里(一期),中环至外环,220,43530,1室1厅1厨1卫,50.54O,中楼层 (共9层),暂无数据,北,一梯十三户,简装,50年,未知结构,暂无数据,,https://sh.lianjia.com/ershoufang/107100445650.html
浦东,张江,汤臣高尔夫(别墅),内环至中环,1980,109744,5室2厅2厨4卫,180.42O,低楼层 (共3层),,东,,精装,未知,砖混结构,,联排,https://sh.lianjia.com/ershoufang/107101263991.html
浦东,张江,古桐五村,内环至中环,495,52493,2室2厅1厨1卫,94.3O,低楼层 (共6层),平层,南,一梯两户,简装,70年,钢混结构,无,,https://sh.lianjia.com/ershoufang/107101397171.html
浦东,张江,张江汤臣豪园(四期),内环至中环,1080,81775,3室2厅1厨2卫,132.07O,低楼层 (共12层),平层,南,一梯两户,精装,70年,钢混结构,有,,https://sh.lianjia.com/ershoufang/107101197149.html
浦东,张江,张江汤臣豪园(二期),内环至中环,1030,77241,3室2厅1厨2卫,133.35O,低楼层 (共8层),暂无数据,南 北,一梯五户,简装,未知,钢混结构,有,,https://sh.lianjia.com/ershoufang/107100574265.html
浦东,张江,阳光花城,内环至中环,655,64852,2室2厅1厨1卫,101O,低楼层 (共19层),平层,南 北,两梯三户,精装,未知,钢混结构,有,,https://sh.lianjia.com/ershoufang/107100654656.html
浦东,张江,汤臣湖庭,内环至中环,2990,74412,4室3厅1厨4卫,401.82O,低楼层 (共3层),,南,,精装,70年,钢混结构,,联排,https://sh.lianjia.com/ershoufang/107101055154.html
浦东,张江,中芯花园(公寓),内环至中环,535,59657,2室2厅1厨1卫,89.68O,低楼层 (共6层),平层,南,一梯两户,精装,70年,钢混结构,无,,https://sh.lianjia.com/ershoufang/107100153035.html
浦东,张江,东方别墅,内环至中环,5500,115807,5室2厅2厨4卫,474.93O,低楼层 (共3层),,南,,精装,未知,钢混结构,,独栋,https://sh.lianjia.com/ershoufang/107101144171.html
浦东,张江,城市经典(四期),内环至中环,670,65424,2室2厅1厨1卫,102.41O,高楼层 (共13层),平层,南,两梯六户,精装,70年,钢混结构,有,,https://sh.lianjia.com/ershoufang/107101427399.html
浦东,张江,益丰新村,中环至外环,350,49303,2室1厅1厨1卫,70.99O,中楼层 (共6层),暂无数据,南,一梯四户,简装,未知,砖混结构,无,,https://sh.lianjia.com/ershoufang/107101472295.html
浦东,张江,汤臣高尔夫(别墅),内环至中环,3500,99475,4室2厅1厨1卫,351.85O,低楼层 (共3层),,南,,精装,未知,砖混结构,,独栋,https://sh.lianjia.com/ershoufang/107101013928.html
浦东,张江,张江三湘海尚,中环至外环,890,76725,3室2厅1厨1卫,116O,低楼层 (共18层),平层,南,一梯两户,精装,70年,钢混结构,暂无数据,,https://sh.lianjia.com/ershoufang/107101321036.html
浦东,张江,汤臣豪园一期,内环至中环,1580,58796,4室2厅1厨3卫,268.73O,中楼层 (共7层),,南,,简装,70年,钢混结构,,叠拼,https://sh.lianjia.com/ershoufang/107101248909.html
浦东,张江,孙桥花苑,中环至外环,288,44438,2室1厅1厨1卫,64.81O,高楼层 (共6层),平层,南,一梯两户,简装,未知,砖混结构,无,,https://sh.lianjia.com/ershoufang/107101204443.html
浦东,张江,玉兰香苑(三期),中环至外环,475,51727,2室2厅1厨1卫,91.83O,高楼层 (共6层),平层,南,一梯两户,精装,未知,钢混结构,无,,https://sh.lianjia.com/ershoufang/107100110943.html
浦东,张江,中芯花园(公寓),内环至中环,720,55629,3室2厅1厨2卫,129.43O,低楼层 (共15层),平层,南 北,一梯三户,精装,70年,钢混结构,有,,https://sh.lianjia.com/ershoufang/107101149356.html
浦东,张江,东郊花园,内环至中环,5900,106962,5室3厅1厨5卫,551.6O,低楼层 (共2层),,南,,精装,未知,钢混结构,,独栋,https://sh.lianjia.com/ershoufang/107101257762.html
浦东,张江,川杨新苑(二期),中环至外环,305,50953,1室1厅1厨1卫,59.86O,低楼层 (共6层),平层,南,一梯两户,精装,未知,钢混结构,无,,https://sh.lianjia.com/ershoufang/107101064210.html
浦东,张江,阳光花城,内环至中环,1276,60132,3室2厅1厨2卫,212.2O,高楼层 (共19层),暂无数据,南,两梯两户,简装,未知,钢混结构,有,,https://sh.lianjia.com/ershoufang/107100218525.html
浦东,张江,香楠小区,内环至中环,350,48774,2室1厅1厨1卫,71.76O,高楼层 (共6层),平层,西 北,一梯四户,精装,未知,砖混结构,无,,https://sh.lianjia.com/ershoufang/107101074456.html
浦东,张江,香楠小区,内环至中环,480,50714,3室1厅1厨1卫,94.65O,低楼层 (共6层),平层,南,一梯两户,精装,未知,砖混结构,无,,https://sh.lianjia.com/ershoufang/107100819469.html
浦东,张江,香楠小区,内环至中环,335,52931,2室2厅1厨1卫,63.29O,中楼层 (共6层),暂无数据,南,一梯四户,简装,未知,砖混结构,无,,https://sh.lianjia.com/ershoufang/107101311294.html
浦东,张江,盛大天地青春里(一期),中环至外环,267,39905,1室2厅1厨1卫,66.91O,高楼层 (共9层),暂无数据,南,一梯十三户,精装,50年,未知结构,暂无数据,,https://sh.lianjia.com/ershoufang/107002157775.html
浦东,张江,张江汤臣豪园(一期)(公寓),内环至中环,1080,44747,4室2厅1厨2卫,241.36O,低楼层 (共15层),暂无数据,南,两梯四户,毛坯,70年,钢混结构,有,,https://sh.lianjia.com/ershoufang/107100925261.html
浦东,张江,盛大天地青春里(一期),中环至外环,200,48170,1室2厅1厨1卫,41.52O,中楼层 (共11层),暂无数据,西北,一梯十四户,其他,50年,未知结构,暂无数据,,https://sh.lianjia.com/ershoufang/107100532598.html
浦东,张江,古桐路小区,内环至中环,315,52179,3室1厅1厨1卫,60.37O,低楼层 (共6层),平层,南,一梯三户,毛坯,70年,砖混结构,无,,https://sh.lianjia.com/ershoufang/107100702404.html
浦东,张江,孙桥花苑,中环至外环,340,41163,2室2厅1厨1卫,82.6O,高楼层 (共6层),平层,南,一梯三户,精装,未知,砖混结构,无,,https://sh.lianjia.com/ershoufang/107101419123.html
浦东,张江,益丰新村,中环至外环,299,52883,1室1厅1厨1卫,56.54O,高楼层 (共6层),平层,南,一梯两户,精装,未知,砖混结构,无,,https://sh.lianjia.com/ershoufang/107100263147.html
浦东,张江,杨镇新村,内环至中环,305,42338,2室1厅1厨1卫,72.04O,低楼层 (共6层),平层,南,一梯两户,简装,70年,砖混结构,无,,https://sh.lianjia.com/ershoufang/107101376128.html
浦东,张江,阳光花城,内环至中环,830,61084,3室2厅1厨2卫,135.88O,中楼层 (共19层),暂无数据,南,两梯两户,精装,未知,钢混结构,有,,https://sh.lianjia.com/ershoufang/107000377379.html
浦东,张江,丹芳苑,内环至中环,670,59419,3室2厅1厨1卫,112.76O,低楼层 (共6层),暂无数据,南,一梯两户,精装,未知,钢混结构,无,,https://sh.lianjia.com/ershoufang/107101355727.html
浦东,张江,展想悦廷,中环至外环,155,29246,1室1厅1厨1卫,53O,中楼层 (共16层),暂无数据,西,一梯三十三户,精装,50年,钢混结构,暂无数据,,https://sh.lianjia.com/ershoufang/107100339450.html
浦东,张江,张江汤臣豪园(三期),内环至中环,1180,81554,3室2厅1厨2卫,144.69O,低楼层 (共12层),平层,南,一梯两户,精装,70年,钢混结构,有,,https://sh.lianjia.com/ershoufang/107100640142.html
浦东,张江,汤臣豪园(二期),内环至中环,1350,84155,4室2厅1厨3卫,160.42O,高楼层 (共7层),,南,,精装,70年,钢混结构,,叠拼,https://sh.lianjia.com/ershoufang/107101211054.html
浦东,张江,玉兰香苑(二期),中环至外环,310,52561,2室1厅0厨1卫,58.98O,高楼层 (共6层),平层,南,一梯两户,其他,70年,砖混结构,无,,https://sh.lianjia.com/ershoufang/107101423052.html
浦东,张江,日月光水岸花园(一期),内环至中环,630,71714,2室1厅1厨1卫,87.85O,中楼层 (共13层),平层,南,两梯三户,精装,未知,钢混结构,有,,https://sh.lianjia.com/ershoufang/107101085598.html
浦东,张江,张江汤臣豪园(三期),内环至中环,920,82578,2室2厅1厨2卫,111.41O,低楼层 (共12层),平层,南,一梯两户,精装,未知,钢混结构,有,,https://sh.lianjia.com/ershoufang/107000374815.html
浦东,张江,黄浦花园,中环至外环,355,41716,2室2厅1厨1卫,85.1O,高楼层 (共6层),平层,东 南,一梯两户,精装,未知,砖混结构,无,,https://sh.lianjia.com/ershoufang/107100343012.html
浦东,张江,玉兰香苑(一期),中环至外环,285,50088,1室1厅1厨1卫,56.9O,低楼层 (共6层),平层,西南,一梯四户,毛坯,未知,钢混结构,无,,https://sh.lianjia.com/ershoufang/107101403368.html
浦东,张江,阳光花城,内环至中环,1120,67155,4室2厅1厨2卫,166.78O,低楼层 (共19层),暂无数据,南,两梯两户,精装,未知,钢混结构,有,,https://sh.lianjia.com/ershoufang/107100652862.html
浦东,张江,张江汤臣豪园(二期),内环至中环,720,78066,2室2厅1厨2卫,92.23O,低楼层 (共8层),复式,南,一梯六户,精装,70年,钢混结构,有,,https://sh.lianjia.com/ershoufang/107100684783.html
浦东,张江,紫晶苑,中环至外环,270,44343,1室2厅1厨1卫,60.89O,低楼层 (共14层),暂无数据,南,一梯三户,简装,未知,钢混结构,有,,https://sh.lianjia.com/ershoufang/107101006236.html
浦东,张江,益丰新村,中环至外环,340,60061,1室1厅1厨1卫,56.61O,中楼层 (共6层),平层,南,一梯两户,简装,未知,砖混结构,无,,https://sh.lianjia.com/ershoufang/107101422626.html
浦东,张江,东郊紫园,中环至外环,3150,83149,3室2厅1厨3卫,378.84O,低楼层 (共2层),,南,,毛坯,70年,钢混结构,,独栋,https://sh.lianjia.com/ershoufang/107001090551.html
浦东,张江,香楠小区,内环至中环,450,51306,3室1厅1厨1卫,87.71O,高楼层 (共6层),复式,南,一梯两户,精装,未知,砖混结构,无,,https://sh.lianjia.com/ershoufang/107100272698.html
浦东,张江,胡姬花园,内环至中环,988,74242,3室2厅1厨2卫,133.08O,中楼层 (共10层),平层,南 北,一梯两户,精装,未知,钢混结构,有,,https://sh.lianjia.com/ershoufang/107101344409.html
浦东,张江,玉兰香苑(一期),中环至外环,450,54632,2室2厅1厨1卫,82.37O,高楼层 (共6层),平层,南,一梯两户,简装,未知,钢混结构,无,,https://sh.lianjia.com/ershoufang/107101435533.html
浦东,张江,日月光水岸花园（二期）,,900,80573,3室2厅1厨2卫,111.7O,高楼层 (共13层),平层,南 北,一梯三户,精装,70年,钢混结构,有,,https://sh.lianjia.com/ershoufang/107101289241.html
浦东,张江,玉兰香苑(四期),中环至外环,465,51021,2室2厅1厨3卫,91.14O,高楼层 (共6层),平层,南,一梯两户,精装,未知,钢混结构,无,,https://sh.lianjia.com/ershoufang/107101340190.html
浦东,张江,中芯花园(公寓),内环至中环,540,59682,2室2厅1厨1卫,90.48O,高楼层 (共6层),平层,南,一梯两户,精装,未知,钢混结构,无,,https://sh.lianjia.com/ershoufang/107101153100.html
浦东,张江,阳光花城,内环至中环,775,67123,2室2厅1厨2卫,115.46O,中楼层 (共19层),平层,南,两梯三户,精装,未知,钢混结构,有,,https://sh.lianjia.com/ershoufang/107100638916.html
浦东,张江,展想悦廷,中环至外环,360,34952,1室2厅1厨2卫,103O,高楼层 (共16层),暂无数据,东,一梯十四户,精装,50年,钢混结构,暂无数据,,https://sh.lianjia.com/ershoufang/107000975685.html
浦东,张江,张江汤臣豪园(二期),内环至中环,1300,92805,3室2厅1厨2卫,140.08O,高楼层 (共16层),平层,南,一梯两户,精装,未知,钢混结构,有,,https://sh.lianjia.com/ershoufang/107101381507.html
浦东,张江,汤臣高尔夫(别墅),内环至中环,3500,73143,5室2厅1厨5卫,478.52O,低楼层 (共3层),,东,,精装,未知,砖混结构,,独栋,https://sh.lianjia.com/ershoufang/107100247324.html
浦东,张江,城市经典(五期),内环至中环,3300,88434,4室2厅1厨3卫,373.16O,低楼层 (共2层),,南,,精装,70年,钢混结构,,独栋,https://sh.lianjia.com/ershoufang/107000263997.html
浦东,张江,汤臣高尔夫(公寓),内环至中环,1272,80405,3室2厅1厨2卫,158.2O,低楼层 (共7层),暂无数据,南,一梯两户,精装,未知,钢混结构,有,,https://sh.lianjia.com/ershoufang/107100991031.html
浦东,张江,玉兰香苑(四期),中环至外环,455,50556,2室2厅1厨1卫,90O,低楼层 (共6层),暂无数据,南,一梯两户,精装,未知,钢混结构,无,,https://sh.lianjia.com/ershoufang/107101518309.html
浦东,张江,东郊紫园,中环至外环,2600,68891,4室2厅1厨4卫,377.41O,低楼层 (共2层),,南,,精装,未知,钢混结构,,独栋,https://sh.lianjia.com/ershoufang/107101100387.html
浦东,张江,广兰名苑,内环至中环,680,54641,3室2厅1厨1卫,124.45O,低楼层 (共11层),平层,南,一梯两户,精装,未知,钢混结构,有,,https://sh.lianjia.com/ershoufang/107100703390.html
浦东,张江,香楠小区,内环至中环,398,58307,2室1厅0厨1卫,68.26O,中楼层 (共6层),平层,南,一梯两户,精装,70年,砖混结构,无,,https://sh.lianjia.com/ershoufang/107101382349.html
浦东,张江,虹御公寓,中环至外环,430,37441,3室2厅1厨2卫,114.85O,中楼层 (共6层),平层,南,一梯两户,简装,未知,砖混结构,无,,https://sh.lianjia.com/ershoufang/107100598284.html
浦东,张江,城市经典(四期),内环至中环,1040,59874,3室2厅1厨2卫,173.7O,中楼层 (共11层),暂无数据,南,一梯两户,精装,70年,钢混结构,有,,https://sh.lianjia.com/ershoufang/107101200278.html
浦东,张江,龙东花园,内环至中环,1200,81895,4室2厅1厨3卫,146.53O,低楼层 (共2层),,南,,简装,未知,钢混结构,,联排,https://sh.lianjia.com/ershoufang/107101178028.html
浦东,张江,东郊花园,内环至中环,5800,109420,5室3厅1厨4卫,530.07O,低楼层 (共2层),,南,,精装,未知,钢混结构,,独栋,https://sh.lianjia.com/ershoufang/107100511007.html
浦东,张江,盛大天地青春里2.0,中环至外环,238,44906,2室2厅1厨2卫,53O,中楼层 (共16层),暂无数据,南,三梯二十二户,其他,50年,钢混结构,有,,https://sh.lianjia.com/ershoufang/107100778690.html
浦东,张江,日月光水岸花园（二期）,近2号线广兰路站,978,68392,3室2厅1厨2卫,143O,低楼层 (共13层),平层,南,两梯两户,精装,70年,钢混结构,有,,https://sh.lianjia.com/ershoufang/107101327512.html
浦东,张江,阳光花城,内环至中环,645,65563,2室2厅1厨1卫,98.38O,低楼层 (共19层),平层,南,两梯三户,精装,未知,钢混结构,有,,https://sh.lianjia.com/ershoufang/107100439814.html
浦东,张江,张江汤臣豪园(二期),内环至中环,1180,86765,3室2厅1厨2卫,136O,高楼层 (共16层),平层,南 北,一梯三户,精装,未知,钢混结构,有,,https://sh.lianjia.com/ershoufang/107101468083.html
浦东,张江,胡姬花园,内环至中环,1250,69345,5室2厅0厨3卫,180.26O,低楼层 (共8层),暂无数据,南,一梯三户,精装,70年,钢混结构,有,,https://sh.lianjia.com/ershoufang/107101440649.html
浦东,张江,张江汤臣豪园(二期),内环至中环,1950,76307,5室3厅1厨3卫,255.55O,高楼层 (共11层),暂无数据,南,一梯两户,精装,未知,钢混结构,有,,https://sh.lianjia.com/ershoufang/107100587537.html
浦东,张江,东园雅集轩,内环至中环,5000,70462,5室2厅1厨5卫,709.61O,低楼层 (共3层),,南,,精装,70年,钢混结构,,联排,https://sh.lianjia.com/ershoufang/107001635761.html
浦东,张江,东郊紫园,中环至外环,3450,64038,6室2厅1厨5卫,538.75O,低楼层 (共2层),,南,,毛坯,未知,钢混结构,,独栋,https://sh.lianjia.com/ershoufang/107100831681.html
浦东,张江,申城佳苑,中环至外环,400,47115,2室2厅1厨1卫,84.9O,中楼层 (共6层),暂无数据,南,一梯两户,简装,70年,钢混结构,无,,https://sh.lianjia.com/ershoufang/107101330852.html
浦东,张江,展想悦廷,中环至外环,250,46297,1室1厅1厨1卫,54O,中楼层 (共16层),暂无数据,西,一梯三十三户,其他,50年,钢混结构,暂无数据,,https://sh.lianjia.com/ershoufang/107101217711.html
浦东,张江,川杨新苑(二期),中环至外环,387,44381,2室2厅1厨1卫,87.2O,高楼层 (共14层),暂无数据,南,一梯两户,毛坯,70年,钢混结构,有,,https://sh.lianjia.com/ershoufang/107100740055.html
浦东,张江,川杨新苑(一期),中环至外环,405,47845,2室2厅1厨1卫,84.65O,高楼层 (共6层),平层,南,一梯两户,简装,70年,钢混结构,无,,https://sh.lianjia.com/ershoufang/107100513228.html
浦东,张江,城市经典(五期),内环至中环,3450,89339,8室1厅1厨5卫,386.17O,低楼层 (共2层),,南,,精装,70年,钢混结构,,独栋,https://sh.lianjia.com/ershoufang/107101280902.html
浦东,张江,贝越佳园,内环至中环,815,61823,6室2厅1厨3卫,131.83O,高楼层 (共6层),平层,南 北,一梯两户,精装,70年,钢混结构,无,,https://sh.lianjia.com/ershoufang/107101296136.html
浦东,张江,东郊紫园,中环至外环,3100,68986,4室2厅1厨3卫,449.37O,低楼层 (共2层),,南,,毛坯,70年,钢混结构,,独栋,https://sh.lianjia.com/ershoufang/107101480543.html
浦东,张江,益丰新村,中环至外环,365,47669,2室2厅1厨1卫,76.57O,中楼层 (共6层),暂无数据,南,一梯两户,简装,未知,砖混结构,无,,https://sh.lianjia.com/ershoufang/107101376285.html
浦东,张江,香楠小区,内环至中环,455,57226,3室1厅1厨1卫,79.51O,高楼层 (共6层),平层,南,一梯两户,精装,未知,砖混结构,无,,https://sh.lianjia.com/ershoufang/107101457292.html
浦东,张江,春港丽园(公寓),内环至中环,375,48513,3室1厅1厨1卫,77.3O,中楼层 (共6层),平层,南,一梯两户,精装,未知,砖混结构,无,,https://sh.lianjia.com/ershoufang/107101128065.html
浦东,张江,展想悦廷,中环至外环,136,25617,1室1厅1厨1卫,53.09O,低楼层 (共16层),暂无数据,西,一梯三十三户,其他,50年,钢混结构,暂无数据,,https://sh.lianjia.com/ershoufang/107101513829.html
浦东,张江,东郊华庭,内环至中环,2000,52632,5室3厅1厨3卫,380O,低楼层 (共3层),,南,,精装,未知,钢混结构,,双拼,https://sh.lianjia.com/ershoufang/107100398909.html
浦东,张江,阳光花城,内环至中环,620,61368,2室2厅1厨1卫,101.03O,低楼层 (共19层),平层,南,两梯三户,简装,未知,钢混结构,有,,https://sh.lianjia.com/ershoufang/107101322812.html
浦东,张江,张江汤臣豪园(二期),内环至中环,970,82302,3室2厅1厨1卫,117.86O,低楼层 (共16层),平层,南,两梯三户,精装,未知,钢混结构,有,,https://sh.lianjia.com/ershoufang/107101205847.html
浦东,张江,城市经典(五期),内环至中环,3430,70058,5室2厅1厨5卫,489.6O,低楼层 (共2层),,南,,精装,70年,钢混结构,,独栋,https://sh.lianjia.com/ershoufang/107000209779.html
浦东,张江,日月光水岸花园(一期),内环至中环,650,73166,2室2厅1厨1卫,88.84O,低楼层 (共13层),平层,南,两梯三户,精装,未知,钢混结构,有,,https://sh.lianjia.com/ershoufang/107101389008.html
浦东,张江,龙东花园,内环至中环,796,77087,3室2厅1厨2卫,103.26O,低楼层 (共2层),,暂无数据,,毛坯,未知,钢混结构,,联排,https://sh.lianjia.com/ershoufang/107001048253.html
浦东,张江,阳光花城,内环至中环,1300,65069,5室3厅1厨2卫,199.79O,高楼层 (共19层),暂无数据,南 北,两梯三户,简装,未知,钢混结构,有,,https://sh.lianjia.com/ershoufang/107101401571.html
浦东,张江,香楠小区,内环至中环,400,54825,2室1厅1厨1卫,72.96O,低楼层 (共6层),暂无数据,南,一梯两户,简装,未知,砖混结构,无,,https://sh.lianjia.com/ershoufang/107100468303.html
浦东,张江,黄浦花园,中环至外环,420,41347,3室1厅1厨1卫,101.58O,中楼层 (共6层),平层,南,一梯两户,简装,未知,砖混结构,无,,https://sh.lianjia.com/ershoufang/107100848559.html
浦东,张江,川杨新苑(一期),中环至外环,520,46566,3室2厅1厨2卫,111.67O,中楼层 (共14层),平层,南,一梯两户,毛坯,70年,钢混结构,有,,https://sh.lianjia.com/ershoufang/107101079144.html
浦东,张江,玉兰香苑(一期),中环至外环,570,48118,3室2厅1厨2卫,118.46O,中楼层 (共5层),平层,南,一梯两户,简装,未知,钢混结构,无,,https://sh.lianjia.com/ershoufang/107100859370.html
浦东,张江,春港丽园(公寓),内环至中环,270,48483,1室1厅1厨1卫,55.69O,中楼层 (共6层),平层,南,一梯两户,精装,未知,砖混结构,无,,https://sh.lianjia.com/ershoufang/107100837690.html
浦东,张江,川北公路3059号,内环至中环,245,50599,1室1厅1厨1卫,48.42O,中楼层 (共4层),平层,南,一梯五户,简装,70年,砖混结构,无,,https://sh.lianjia.com/ershoufang/107101473610.html
浦东,张江,香楠小区,内环至中环,368,54568,2室1厅1厨1卫,67.44O,高楼层 (共6层),平层,南,一梯三户,精装,未知,砖混结构,无,,https://sh.lianjia.com/ershoufang/107101394343.html
浦东,张江,汤臣湖庭,内环至中环,3050,78836,4室3厅1厨4卫,386.88O,高楼层 (共4层),,南,,精装,70年,钢混结构,,联排,https://sh.lianjia.com/ershoufang/107100212997.html
浦东,张江,陶园,内环至中环,2860,96828,5室3厅3厨3卫,295.37O,低楼层 (共2层),,南,,简装,未知,钢混结构,,独栋,https://sh.lianjia.com/ershoufang/107100803849.html
浦东,张江,玉兰香苑(四期),中环至外环,578,49402,3室2厅1厨2卫,117O,中楼层 (共14层),平层,南,两梯四户,简装,未知,钢混结构,有,,https://sh.lianjia.com/ershoufang/107100776956.html
浦东,张江,申城佳苑,中环至外环,370,42046,2室2厅1厨1卫,88O,低楼层 (共17层),暂无数据,南,一梯三户,简装,70年,钢混结构,有,,https://sh.lianjia.com/ershoufang/107101252490.html
浦东,张江,汤臣高尔夫(公寓),内环至中环,850,79247,2室2厅1厨2卫,107.26O,中楼层 (共8层),平层,南,一梯三户,精装,未知,钢混结构,有,,https://sh.lianjia.com/ershoufang/107101087163.html
浦东,张江,孙桥花苑,中环至外环,340,42017,2室1厅1厨1卫,80.92O,中楼层 (共6层),平层,南,一梯三户,简装,未知,砖混结构,无,,https://sh.lianjia.com/ershoufang/107101082775.html
浦东,张江,城市经典(四期),内环至中环,930,64570,3室2厅1厨2卫,144.03O,低楼层 (共10层),暂无数据,南,一梯两户,精装,70年,钢混结构,有,,https://sh.lianjia.com/ershoufang/107000401821.html
浦东,张江,万科翡翠公园,内环至中环,230,50000,1室1厅1厨1卫,46O,中楼层 (共11层),暂无数据,西,一梯二十四户,精装,40年,钢混结构,有,,https://sh.lianjia.com/ershoufang/107000993545.html
浦东,张江,展想悦廷,中环至外环,131,24666,1室1厅1厨1卫,53.11O,中楼层 (共16层),暂无数据,西,一梯三十三户,精装,50年,钢混结构,暂无数据,,https://sh.lianjia.com/ershoufang/107101061748.html
浦东,张江,申城佳苑,中环至外环,395,46340,2室2厅1厨1卫,85.24O,高楼层 (共6层),平层,南 北,一梯两户,精装,70年,钢混结构,无,,https://sh.lianjia.com/ershoufang/107100901409.html
浦东,张江,川杨新苑(一期),中环至外环,300,50848,1室1厅1厨1卫,59O,中楼层 (共11层),暂无数据,南,一梯三户,简装,70年,钢混结构,有,,https://sh.lianjia.com/ershoufang/107000395561.html
浦东,张江,龙东花园,内环至中环,850,66930,3室2厅1厨2卫,127O,低楼层 (共2层),,南,,毛坯,未知,钢混结构,,联排,https://sh.lianjia.com/ershoufang/107101103553.html
浦东,张江,益丰新村,中环至外环,410,55783,2室1厅1厨1卫,73.5O,中楼层 (共6层),平层,南,一梯四户,精装,未知,砖混结构,无,,https://sh.lianjia.com/ershoufang/107101363088.html
浦东,张江,中芯花园(公寓),内环至中环,310,46235,1室2厅1厨1卫,67.05O,中楼层 (共6层),平层,南,一梯六户,精装,70年,钢混结构,无,,https://sh.lianjia.com/ershoufang/107100433281.html
浦东,张江,日月光水岸花园(一期),内环至中环,645,71596,2室2厅1厨2卫,90.09O,中楼层 (共13层),平层,南,两梯三户,精装,未知,钢混结构,有,,https://sh.lianjia.com/ershoufang/107101313332.html
浦东,张江,香楠小区,内环至中环,315,57672,2室1厅1厨1卫,54.62O,低楼层 (共6层),平层,南,一梯四户,简装,70年,砖混结构,无,,https://sh.lianjia.com/ershoufang/107101169148.html
浦东,张江,绿地MTOWN,内环至中环,185,50259,1室0厅1厨1卫,36.81O,中楼层 (共17层),暂无数据,北,三梯二十四户,精装,50年,钢混结构,有,,https://sh.lianjia.com/ershoufang/107002342363.html
浦东,张江,古桐六村,内环至中环,628,57117,3室2厅1厨2卫,109.95O,低楼层 (共6层),平层,南,一梯两户,毛坯,未知,钢混结构,无,,https://sh.lianjia.com/ershoufang/107100280932.html
浦东,张江,虹御公寓,中环至外环,480,41882,3室2厅1厨1卫,114.61O,中楼层 (共6层),平层,南,一梯两户,精装,未知,砖混结构,无,,https://sh.lianjia.com/ershoufang/107101236787.html
浦东,张江,陶园,内环至中环,1550,59687,4室2厅1厨4卫,259.69O,低楼层 (共2层),,南,,简装,未知,钢混结构,,独栋,https://sh.lianjia.com/ershoufang/107100494676.html
浦东,张江,长城中环墅,中环至外环,1050,63974,4室2厅1厨2卫,164.13O,低楼层 (共3层),,南,,简装,未知,钢混结构,,联排,https://sh.lianjia.com/ershoufang/107101312696.html
浦东,张江,中芯花园(公寓),内环至中环,310,46111,1室2厅1厨1卫,67.23O,低楼层 (共6层),平层,南,一梯六户,简装,未知,钢混结构,无,,https://sh.lianjia.com/ershoufang/107101040480.html
浦东,张江,华陇建中小区,内环至中环,330,51426,2室1厅1厨1卫,64.17O,中楼层 (共6层),平层,南,一梯四户,简装,未知,砖混结构,无,,https://sh.lianjia.com/ershoufang/107101491813.html
浦东,张江,东郊花园,内环至中环,7400,94874,6室4厅1厨6卫,779.99O,低楼层 (共2层),,南,,精装,未知,钢混结构,,独栋,https://sh.lianjia.com/ershoufang/107000297667.html
浦东,张江,展想悦廷,中环至外环,160,29685,1室1厅1厨1卫,53.9O,中楼层 (共16层),暂无数据,西南,一梯三十三户,简装,50年,钢混结构,暂无数据,,https://sh.lianjia.com/ershoufang/107100196402.html
浦东,张江,川杨新苑(二期),中环至外环,500,42177,3室2厅1厨2卫,118.55O,中楼层 (共14层),平层,南,一梯两户,精装,未知,钢混结构,有,,https://sh.lianjia.com/ershoufang/107101107094.html
浦东,张江,川杨新苑(二期),中环至外环,390,43440,2室2厅1厨1卫,89.78O,高楼层 (共14层),暂无数据,南,一梯两户,精装,未知,钢混结构,有,,https://sh.lianjia.com/ershoufang/107101158959.html
浦东,张江,万科翡翠公园,内环至中环,1200,96000,3室2厅1厨2卫,125O,中楼层 (共18层),暂无数据,南,一梯两户,精装,70年,钢混结构,暂无数据,,https://sh.lianjia.com/ershoufang/107002061647.html
浦东,张江,玉兰香苑(二期),中环至外环,330,57015,1室2厅1厨1卫,57.88O,中楼层 (共6层),平层,南,一梯两户,简装,未知,砖混结构,无,,https://sh.lianjia.com/ershoufang/107101191517.html
浦东,张江,玉兰香苑(四期),中环至外环,560,47008,3室2厅1厨2卫,119.13O,高楼层 (共14层),暂无数据,南,两梯四户,毛坯,70年,钢混结构,有,,https://sh.lianjia.com/ershoufang/107100195173.html
浦东,张江,申城佳苑,中环至外环,286,46886,2室1厅1厨1卫,61O,中楼层 (共17层),平层,南,一梯四户,简装,70年,钢混结构,有,,https://sh.lianjia.com/ershoufang/107101426712.html
浦东,张江,香楠小区,内环至中环,405,54239,3室1厅1厨1卫,74.67O,高楼层 (共6层),暂无数据,南,一梯两户,精装,70年,砖混结构,无,,https://sh.lianjia.com/ershoufang/107101443220.html
浦东,张江,城市经典(一期)(别墅),内环至中环,2000,63192,5室2厅1厨3卫,316.5O,低楼层 (共3层),,南,,精装,70年,钢混结构,,双拼,https://sh.lianjia.com/ershoufang/107101100872.html
浦东,张江,古桐公寓,内环至中环,350,53289,2室1厅1厨1卫,65.68O,中楼层 (共6层),平层,南,一梯两户,精装,未知,砖混结构,无,,https://sh.lianjia.com/ershoufang/107101421951.html
浦东,张江,张江汤臣豪园(一期)(别墅),内环至中环,1870,76327,6室2厅1厨3卫,245O,低楼层 (共3层),,南,,简装,70年,钢混结构,,联排,https://sh.lianjia.com/ershoufang/107100519272.html
浦东,张江,春港丽园(公寓),内环至中环,370,42834,3室1厅1厨1卫,86.38O,中楼层 (共6层),平层,南,一梯两户,简装,未知,砖混结构,无,,https://sh.lianjia.com/ershoufang/107101465192.html
浦东,张江,东方别墅,内环至中环,5600,117913,6室3厅1厨5卫,474.93O,低楼层 (共3层),,南,,精装,未知,钢混结构,,独栋,https://sh.lianjia.com/ershoufang/107101481617.html
浦东,张江,中芯花园(公寓),内环至中环,295,44502,1室2厅1厨1卫,66.29O,高楼层 (共6层),暂无数据,南,一梯六户,精装,未知,钢混结构,无,,https://sh.lianjia.com/ershoufang/107100797050.html
浦东,张江,紫晶苑,中环至外环,415,40819,3室2厅1厨1卫,101.67O,低楼层 (共6层),平层,南,一梯两户,简装,未知,钢混结构,无,,https://sh.lianjia.com/ershoufang/107100769819.html
浦东,张江,盛大天地青春里(一期),中环至外环,235,44074,1室1厅1厨1卫,53.32O,高楼层 (共9层),暂无数据,南,一梯十三户,其他,50年,未知结构,暂无数据,,https://sh.lianjia.com/ershoufang/107100612159.html
浦东,张江,汤臣豪庭,内环至中环,1200,61974,4室2厅1厨3卫,193.63O,中楼层 (共5层),,南,,简装,70年,钢混结构,,叠拼,https://sh.lianjia.com/ershoufang/107100269843.html
浦东,张江,中芯花园(公寓),内环至中环,520,57984,2室2厅1厨1卫,89.68O,低楼层 (共6层),平层,南,一梯两户,精装,未知,钢混结构,无,,https://sh.lianjia.com/ershoufang/107100782102.html
浦东,张江,张江汤臣豪园(二期),内环至中环,920,77795,3室2厅1厨1卫,118.26O,低楼层 (共16层),平层,南,两梯三户,精装,未知,钢混结构,有,,https://sh.lianjia.com/ershoufang/107101462213.html
浦东,张江,玉兰香苑(四期),中环至外环,460,50472,2室2厅1厨1卫,91.14O,中楼层 (共6层),平层,南,一梯两户,毛坯,未知,钢混结构,无,,https://sh.lianjia.com/ershoufang/107101444797.html
浦东,张江,广兰名苑,内环至中环,820,55912,3室2厅1厨2卫,146.66O,中楼层 (共11层),平层,南,一梯两户,精装,未知,钢混结构,有,,https://sh.lianjia.com/ershoufang/107101172407.html
浦东,张江,张江汤臣豪园(一期)(公寓),内环至中环,880,71516,2室2厅1厨1卫,123.05O,低楼层 (共16层),暂无数据,西南,两梯四户,精装,未知,钢混结构,有,,https://sh.lianjia.com/ershoufang/107000400233.html
浦东,张江,日月光水岸花园(一期),内环至中环,950,66180,3室2厅1厨2卫,143.55O,中楼层 (共13层),暂无数据,南,一梯两户,毛坯,未知,钢混结构,有,,https://sh.lianjia.com/ershoufang/107002116135.html
浦东,张江,阳光花城,内环至中环,670,68564,2室2厅1厨1卫,97.72O,中楼层 (共19层),平层,南,两梯三户,简装,未知,钢混结构,有,,https://sh.lianjia.com/ershoufang/107100956350.html
浦东,张江,汤臣高尔夫(公寓),内环至中环,968,72733,3室2厅1厨2卫,133.09O,中楼层 (共8层),平层,南,一梯三户,精装,未知,钢混结构,有,,https://sh.lianjia.com/ershoufang/107002266453.html
浦东,张江,阳光花城,内环至中环,1150,68863,4室2厅1厨2卫,167O,低楼层 (共19层),平层,南,两梯两户,精装,未知,钢混结构,有,,https://sh.lianjia.com/ershoufang/107101431544.html
浦东,张江,春港丽园(公寓),内环至中环,320,47991,1室2厅1厨1卫,66.68O,低楼层 (共6层),平层,南,一梯两户,精装,未知,砖混结构,无,,https://sh.lianjia.com/ershoufang/107100644615.html
浦东,张江,汤臣高尔夫(别墅),内环至中环,3500,99475,4室2厅1厨4卫,351.85O,低楼层 (共3层),,南,,毛坯,未知,砖混结构,,独栋,https://sh.lianjia.com/ershoufang/107100938173.html
浦东,张江,汤臣豪园(二期),内环至中环,1480,69789,3室2厅1厨3卫,212.07O,低楼层 (共5层),,南,,毛坯,未知,钢混结构,,叠拼,https://sh.lianjia.com/ershoufang/107101379163.html
浦东,张江,紫薇景苑,内环至中环,870,55443,4室2厅1厨2卫,156.92O,中楼层 (共8层),暂无数据,南,一梯两户,简装,未知,钢混结构,有,,https://sh.lianjia.com/ershoufang/107100542318.html
浦东,张江,阳光花城,内环至中环,870,64288,3室2厅1厨2卫,135.33O,低楼层 (共19层),平层,南,两梯两户,精装,未知,钢混结构,有,,https://sh.lianjia.com/ershoufang/107101190685.html
浦东,张江,汤臣豪庭,内环至中环,1060,68636,4室2厅1厨3卫,154.44O,低楼层 (共6层),,南,,简装,未知,钢混结构,,叠拼,https://sh.lianjia.com/ershoufang/107101450423.html
浦东,张江,玉兰香苑(二期),中环至外环,330,56085,1室2厅1厨1卫,58.84O,中楼层 (共6层),平层,南,一梯两户,简装,未知,砖混结构,无,,https://sh.lianjia.com/ershoufang/107101507502.html
浦东,张江,春港丽园(公寓),内环至中环,375,43469,3室1厅1厨1卫,86.27O,低楼层 (共6层),平层,南,一梯两户,精装,未知,砖混结构,无,,https://sh.lianjia.com/ershoufang/107100734408.html
浦东,张江,城市经典(二期)(别墅),内环至中环,2380,91504,5室3厅1厨4卫,260.1O,低楼层 (共4层),,南,,精装,70年,钢混结构,,联排,https://sh.lianjia.com/ershoufang/107100915667.html
浦东,张江,春港丽园(公寓),内环至中环,510,41410,3室2厅1厨2卫,123.16O,高楼层 (共6层),暂无数据,南,一梯两户,精装,未知,砖混结构,无,,https://sh.lianjia.com/ershoufang/107001682965.html
浦东,张江,申城佳苑,中环至外环,445,40448,3室2厅1厨2卫,110.02O,低楼层 (共6层),暂无数据,南,一梯两户,简装,70年,钢混结构,无,,https://sh.lianjia.com/ershoufang/107100941995.html
浦东,张江,贝越佳园,内环至中环,710,50864,3室2厅1厨2卫,139.59O,中楼层 (共7层),平层,南,一梯两户,精装,70年,钢混结构,有,,https://sh.lianjia.com/ershoufang/107101448362.html
浦东,张江,绿地MTOWN,内环至中环,160,44126,1室1厅1厨1卫,36.26O,中楼层 (共17层),暂无数据,北,两梯二十四户,简装,50年,钢混结构,有,,https://sh.lianjia.com/ershoufang/107101136717.html
浦东,张江,盛大天地青春里(一期),中环至外环,178,26568,1室1厅1厨1卫,67O,低楼层 (共17层),平层,北,两梯十四户,精装,50年,钢混结构,有,,https://sh.lianjia.com/ershoufang/107100210799.html
浦东,张江,汤臣豪园(二期),内环至中环,1600,58068,3室3厅1厨3卫,275.54O,中楼层 (共5层),,南,,精装,未知,钢混结构,,叠拼,https://sh.lianjia.com/ershoufang/107100526331.html
浦东,张江,城市经典(四期),内环至中环,450,73977,1室1厅1厨1卫,60.83O,中楼层 (共13层),平层,南,两梯六户,精装,70年,钢混结构,有,,https://sh.lianjia.com/ershoufang/107100423205.html
浦东,张江,阳光花城,内环至中环,738,63985,2室2厅1厨2卫,115.34O,高楼层 (共18层),平层,南,两梯三户,毛坯,未知,钢混结构,有,,https://sh.lianjia.com/ershoufang/107100524109.html
浦东,张江,城市经典(四期),内环至中环,450,70401,1室1厅1厨1卫,63.92O,高楼层 (共13层),平层,南,两梯六户,其他,70年,钢混结构,有,,https://sh.lianjia.com/ershoufang/107101506041.html
浦东,张江,展想悦廷,中环至外环,300,31447,2室2厅1厨1卫,95.4O,中楼层 (共12层),暂无数据,南,一梯十三户,精装,50年,未知结构,暂无数据,,https://sh.lianjia.com/ershoufang/107100263246.html
浦东,张江,中芯花园(公寓),内环至中环,520,57472,2室2厅1厨1卫,90.48O,高楼层 (共6层),平层,南,一梯两户,简装,未知,钢混结构,无,,https://sh.lianjia.com/ershoufang/107101498600.html
浦东,张江,紫晶苑,中环至外环,415,40206,3室2厅1厨1卫,103.22O,低楼层 (共6层),平层,南,一梯两户,简装,未知,钢混结构,无,,https://sh.lianjia.com/ershoufang/107101063005.html
浦东,张江,益丰新村,中环至外环,360,47413,2室2厅1厨1卫,75.93O,高楼层 (共6层),暂无数据,南,一梯两户,简装,未知,砖混结构,无,,https://sh.lianjia.com/ershoufang/107101461080.html
浦东,张江,日月光水岸花园（二期）,,960,67999,3室2厅0厨2卫,141.18O,高楼层 (共13层),平层,南,一梯两户,精装,未知,钢混结构,有,,https://sh.lianjia.com/ershoufang/107101464477.html
浦东,张江,香楠小区,内环至中环,370,58965,2室2厅1厨1卫,62.75O,中楼层 (共6层),平层,南,一梯三户,简装,未知,砖混结构,无,,https://sh.lianjia.com/ershoufang/107100238049.html
浦东,张江,阳光花城,内环至中环,1159,62209,4室2厅1厨2卫,186.31O,高楼层 (共19层),暂无数据,南,两梯两户,简装,未知,钢混结构,有,,https://sh.lianjia.com/ershoufang/107100167700.html
浦东,张江,杨镇新村,内环至中环,288,39945,2室1厅1厨1卫,72.1O,高楼层 (共6层),平层,南,一梯两户,毛坯,未知,砖混结构,无,,https://sh.lianjia.com/ershoufang/107101312847.html
浦东,张江,申源苑,内环至中环,730,34974,2室2厅1厨2卫,208.73O,低楼层 (共14层),暂无数据,南,两梯一户,简装,未知,钢混结构,有,,https://sh.lianjia.com/ershoufang/107101470294.html
浦东,张江,古桐四村,内环至中环,460,48817,2室2厅1厨1卫,94.23O,中楼层 (共6层),平层,南,一梯两户,毛坯,未知,钢混结构,无,,https://sh.lianjia.com/ershoufang/107100713011.html
浦东,张江,阳光花城,内环至中环,670,68634,2室2厅1厨1卫,97.62O,中楼层 (共18层),平层,南,两梯三户,精装,未知,钢混结构,有,,https://sh.lianjia.com/ershoufang/107101156505.html
浦东,张江,玉兰香苑(二期),中环至外环,520,49094,3室2厅1厨2卫,105.92O,低楼层 (共6层),平层,南,一梯两户,精装,未知,砖混结构,无,,https://sh.lianjia.com/ershoufang/107101202127.html
浦东,张江,古桐路小区,内环至中环,340,52405,2室1厅1厨1卫,64.88O,中楼层 (共6层),平层,南,一梯两户,精装,未知,砖混结构,无,,https://sh.lianjia.com/ershoufang/107101489588.html
浦东,张江,长城中环墅,中环至外环,1580,75088,4室2厅1厨3卫,210.42O,低楼层 (共3层),,南,,精装,未知,钢混结构,,双拼,https://sh.lianjia.com/ershoufang/107100561499.html
浦东,张江,中芯花园(公寓),内环至中环,765,61039,3室2厅1厨2卫,125.33O,低楼层 (共11层),暂无数据,南,一梯两户,精装,未知,钢混结构,有,,https://sh.lianjia.com/ershoufang/107101444623.html
浦东,张江,香楠小区,内环至中环,250,60724,1室1厅0厨1卫,41.17O,高楼层 (共6层),暂无数据,南,一梯四户,简装,未知,砖混结构,无,,https://sh.lianjia.com/ershoufang/107101508447.html
浦东,张江,汤臣高尔夫(别墅),内环至中环,6000,143093,6室2厅1厨6卫,419.31O,低楼层 (共3层),,南,,精装,未知,砖混结构,,独栋,https://sh.lianjia.com/ershoufang/107100584962.html
浦东,张江,汤臣豪庭,内环至中环,1200,67401,6室2厅1厨4卫,178.04O,低楼层 (共4层),,南 北,,精装,70年,钢混结构,,叠拼,https://sh.lianjia.com/ershoufang/107101329458.html
浦东,张江,春港丽园(公寓),内环至中环,432,46967,3室1厅1厨1卫,91.98O,中楼层 (共6层),平层,南,一梯两户,精装,未知,砖混结构,无,,https://sh.lianjia.com/ershoufang/107101252620.html
浦东,张江,香楠小区,内环至中环,335,59694,2室1厅1厨1卫,56.12O,中楼层 (共6层),平层,南,一梯四户,简装,70年,砖混结构,无,,https://sh.lianjia.com/ershoufang/107100908105.html
浦东,张江,贝越流明新苑,内环至中环,669,51733,3室2厅1厨2卫,129.32O,中楼层 (共6层),暂无数据,南,一梯两户,简装,未知,钢混结构,无,,https://sh.lianjia.com/ershoufang/107100254959.html
浦东,张江,申城佳苑,中环至外环,375,43994,2室2厅1厨1卫,85.24O,高楼层 (共6层),暂无数据,南,一梯两户,简装,70年,钢混结构,无,,https://sh.lianjia.com/ershoufang/107100788424.html
浦东,张江,川杨新苑(三期),中环至外环,270,47236,1室1厅1厨1卫,57.16O,高楼层 (共6层),平层,南,一梯两户,简装,70年,钢混结构,无,,https://sh.lianjia.com/ershoufang/107101136528.html
浦东,张江,汤臣高尔夫(公寓),内环至中环,1350,87765,4室2厅1厨2卫,153.82O,低楼层 (共8层),暂无数据,南,一梯两户,精装,未知,钢混结构,有,,https://sh.lianjia.com/ershoufang/107100481894.html
浦东,张江,张江汤臣豪园(二期),内环至中环,1090,80933,3室2厅1厨2卫,134.68O,低楼层 (共16层),平层,南,两梯三户,精装,70年,钢混结构,有,,https://sh.lianjia.com/ershoufang/107101434321.html
浦东,张江,虹御公寓,中环至外环,485,39882,3室2厅1厨2卫,121.61O,低楼层 (共6层),暂无数据,南,一梯两户,精装,未知,砖混结构,无,,https://sh.lianjia.com/ershoufang/107001203943.html
浦东,张江,城市经典(一期)(公寓),内环至中环,1250,66447,4室2厅1厨3卫,188.12O,中楼层 (共6层),暂无数据,南,一梯一户,精装,70年,钢混结构,有,,https://sh.lianjia.com/ershoufang/107101134902.html
浦东,张江,阳光花城,内环至中环,890,65766,3室2厅1厨2卫,135.33O,中楼层 (共19层),暂无数据,南,两梯两户,简装,未知,钢混结构,有,,https://sh.lianjia.com/ershoufang/107101321819.html
浦东,张江,阳光花城,内环至中环,740,64348,2室2厅1厨2卫,115O,中楼层 (共18层),平层,南,两梯三户,简装,70年,钢混结构,有,,https://sh.lianjia.com/ershoufang/107100641770.html
浦东,张江,建中路171弄,内环至中环,365,51092,2室1厅1厨1卫,71.44O,高楼层 (共6层),平层,南,一梯两户,精装,未知,砖混结构,无,,https://sh.lianjia.com/ershoufang/107101300793.html
浦东,张江,中芯花园(公寓),内环至中环,294,43848,1室2厅1厨1卫,67.05O,低楼层 (共6层),平层,南,一梯六户,精装,未知,钢混结构,无,,https://sh.lianjia.com/ershoufang/107101069369.html
浦东,张江,丹芳苑,内环至中环,910,56063,3室2厅1厨2卫,162.32O,高楼层 (共6层),平层,南,一梯两户,精装,未知,钢混结构,无,,https://sh.lianjia.com/ershoufang/107001718343.html
浦东,张江,阳光花城,内环至中环,700,60691,2室2厅1厨2卫,115.34O,低楼层 (共18层),平层,南,两梯三户,精装,70年,钢混结构,有,,https://sh.lianjia.com/ershoufang/107100457475.html
浦东,张江,春港丽园(公寓),内环至中环,450,49719,2室2厅1厨1卫,90.51O,低楼层 (共6层),平层,南,一梯两户,简装,未知,砖混结构,无,,https://sh.lianjia.com/ershoufang/107100160650.html
浦东,张江,中芯花园(公寓),内环至中环,640,60762,2室2厅1厨1卫,105.33O,低楼层 (共10层),平层,南,一梯两户,精装,70年,钢混结构,有,,https://sh.lianjia.com/ershoufang/107101459189.html
浦东,张江,玉兰香苑(三期),中环至外环,600,50323,3室2厅1厨2卫,119.23O,高楼层 (共6层),暂无数据,南,一梯两户,毛坯,未知,钢混结构,无,,https://sh.lianjia.com/ershoufang/107101356953.html
浦东,张江,汤臣高尔夫(别墅),内环至中环,1850,102539,4室2厅1厨3卫,180.42O,低楼层 (共3层),,南,,简装,未知,砖混结构,,联排,https://sh.lianjia.com/ershoufang/107101216212.html
浦东,张江,玉兰香苑(一期),中环至外环,350,53007,1室2厅1厨1卫,66.03O,低楼层 (共6层),暂无数据,南,一梯四户,毛坯,未知,钢混结构,无,,https://sh.lianjia.com/ershoufang/107101466102.html
浦东,张江,东方日出苑,内环至中环,3232,105411,5室2厅1厨3卫,306.61O,低楼层 (共2层),,南 北,,精装,未知,钢混结构,,独栋,https://sh.lianjia.com/ershoufang/107100494786.html
浦东,张江,东郊中心,内环至中环,1.1,81347,9室9厅9厨9卫,1352.24O,低楼层 (共1层),暂无数据,东,一梯一户,毛坯,40年,框架结构,有,,https://sh.lianjia.com/ershoufang/107100398612.html
浦东,张江,东方别墅,内环至中环,4800,117627,5室3厅1厨6卫,408.07O,低楼层 (共2层),,南,,精装,未知,钢混结构,,独栋,https://sh.lianjia.com/ershoufang/107100809489.html
浦东,张江,川杨新苑(二期),中环至外环,525,46053,3室2厅1厨2卫,114O,高楼层 (共6层),平层,南 北,一梯两户,简装,70年,钢混结构,无,,https://sh.lianjia.com/ershoufang/107101195698.html
浦东,张江,川杨新苑(二期),中环至外环,295,49348,1室1厅1厨1卫,59.78O,低楼层 (共6层),暂无数据,南,一梯两户,简装,未知,钢混结构,无,,https://sh.lianjia.com/ershoufang/107001175923.html
浦东,张江,展想悦廷,中环至外环,170,29617,1室1厅1厨1卫,57.4O,中楼层 (共16层),暂无数据,东,一梯三十三户,精装,50年,钢混结构,暂无数据,,https://sh.lianjia.com/ershoufang/107100565756.html
浦东,张江,展想悦廷,中环至外环,190,35782,1室1厅1厨1卫,53.1O,中楼层 (共16层),暂无数据,西,一梯三十三户,其他,50年,钢混结构,暂无数据,,https://sh.lianjia.com/ershoufang/107100012804.html
浦东,张江,汤臣高尔夫(别墅),内环至中环,8500,115477,7室3厅1厨6卫,736.08O,低楼层 (共3层),,西,,精装,70年,砖混结构,,独栋,https://sh.lianjia.com/ershoufang/107000782411.html
浦东,张江,贝越佳园,内环至中环,740,50324,3室2厅1厨2卫,147.05O,低楼层 (共7层),暂无数据,南,一梯两户,简装,未知,钢混结构,有,,https://sh.lianjia.com/ershoufang/107100485959.html
浦东,张江,城市经典(四期),内环至中环,445,66458,1室1厅1厨1卫,66.96O,中楼层 (共13层),平层,南,两梯六户,精装,70年,钢混结构,有,,https://sh.lianjia.com/ershoufang/107101218583.html
浦东,张江,川杨新苑(一期),中环至外环,465,44536,3室2厅1厨2卫,104.41O,高楼层 (共6层),暂无数据,南,一梯两户,毛坯,70年,钢混结构,无,,https://sh.lianjia.com/ershoufang/107101113660.html
浦东,张江,张江汤臣豪园(二期),内环至中环,985,79952,3室2厅1厨2卫,123.2O,中楼层 (共16层),平层,南 北,两梯三户,简装,未知,钢混结构,有,,https://sh.lianjia.com/ershoufang/107101033767.html
浦东,张江,华陇建中小区,内环至中环,300,51362,2室1厅1厨1卫,58.41O,高楼层 (共6层),暂无数据,南,一梯四户,精装,未知,砖混结构,无,,https://sh.lianjia.com/ershoufang/107100440950.html
浦东,张江,中芯花园(公寓),内环至中环,310,47041,1室1厅1厨1卫,65.9O,高楼层 (共6层),平层,南,一梯六户,精装,70年,钢混结构,无,,https://sh.lianjia.com/ershoufang/107100578119.html
浦东,张江,香楠小区,内环至中环,340,53909,2室1厅1厨1卫,63.07O,高楼层 (共6层),平层,南,一梯两户,简装,未知,砖混结构,无,,https://sh.lianjia.com/ershoufang/107100827730.html
浦东,张江,张江汤臣豪园(二期),内环至中环,1800,70669,5室3厅1厨3卫,254.71O,高楼层 (共12层),暂无数据,南,一梯两户,简装,未知,钢混结构,有,,https://sh.lianjia.com/ershoufang/107101344579.html
浦东,张江,城市经典(一期)(公寓),内环至中环,1260,68079,4室2厅1厨3卫,185.08O,中楼层 (共7层),复式,南,一梯两户,简装,70年,钢混结构,有,,https://sh.lianjia.com/ershoufang/107100869498.html
浦东,张江,香楠小区,内环至中环,320,55945,2室1厅1厨1卫,57.2O,低楼层 (共6层),暂无数据,南,一梯三户,简装,未知,砖混结构,无,,https://sh.lianjia.com/ershoufang/107101518317.html
浦东,张江,川杨新苑(二期),中环至外环,280,46792,2室1厅1厨1卫,59.84O,中楼层 (共6层),平层,南,一梯两户,简装,未知,钢混结构,无,,https://sh.lianjia.com/ershoufang/107101241748.html
浦东,张江,张江汤臣豪园(二期),内环至中环,1100,89431,3室2厅1厨2卫,123O,中楼层 (共16层),平层,南 北,两梯三户,精装,未知,钢混结构,有,,https://sh.lianjia.com/ershoufang/107101417219.html
浦东,张江,杨镇新村,内环至中环,300,41437,2室1厅1厨1卫,72.4O,高楼层 (共6层),暂无数据,暂无数据,一梯两户,简装,未知,砖混结构,无,,https://sh.lianjia.com/ershoufang/107001800603.html
浦东,张江,中芯花园(公寓),内环至中环,315,46980,1室2厅1厨1卫,67.05O,低楼层 (共6层),平层,南,一梯六户,精装,70年,钢混结构,无,,https://sh.lianjia.com/ershoufang/107101026473.html
浦东,张江,汤臣高尔夫(别墅),内环至中环,3499,83946,6室2厅1厨8卫,416.82O,低楼层 (共2层),,北,,精装,未知,砖混结构,,独栋,https://sh.lianjia.com/ershoufang/107100512211.html
浦东,张江,杨镇新村,内环至中环,298,41389,2室1厅1厨1卫,72O,高楼层 (共6层),平层,南,一梯两户,简装,未知,砖混结构,无,,https://sh.lianjia.com/ershoufang/107100036754.html
浦东,张江,紫晶苑,中环至外环,363,45358,2室2厅1厨1卫,80.03O,中楼层 (共6层),暂无数据,南,一梯两户,毛坯,未知,钢混结构,无,,https://sh.lianjia.com/ershoufang/107101352724.html
浦东,张江,益丰新村,中环至外环,345,45140,2室1厅1厨1卫,76.43O,高楼层 (共6层),平层,南,一梯两户,简装,未知,砖混结构,无,,https://sh.lianjia.com/ershoufang/107101248104.html
浦东,张江,广兰名苑,内环至中环,600,55597,2室2厅1厨2卫,107.92O,低楼层 (共11层),平层,南,一梯两户,精装,未知,钢混结构,有,,https://sh.lianjia.com/ershoufang/107100208715.html
浦东,张江,建中路126弄,内环至中环,335,48877,2室1厅1厨1卫,68.54O,中楼层 (共6层),平层,南,一梯两户,精装,未知,砖混结构,无,,https://sh.lianjia.com/ershoufang/107101276969.html
浦东,张江,三桥小区,内环至中环,500,45621,3室1厅1厨2卫,109.6O,中楼层 (共6层),暂无数据,南,一梯两户,简装,70年,砖混结构,无,,https://sh.lianjia.com/ershoufang/107101294581.html
浦东,张江,杨镇新村,内环至中环,310,43387,2室1厅1厨1卫,71.45O,中楼层 (共6层),平层,南,一梯两户,精装,未知,砖混结构,无,,https://sh.lianjia.com/ershoufang/107100718481.html
浦东,张江,东郊花园,内环至中环,5800,105149,6室5厅1厨8卫,551.6O,低楼层 (共2层),,南,,精装,未知,钢混结构,,独栋,https://sh.lianjia.com/ershoufang/107100596433.html
浦东,张江,盛大天地青春里(一期),中环至外环,300,44777,2室2厅1厨2卫,67O,高楼层 (共11层),暂无数据,南,一梯十四户,精装,50年,未知结构,暂无数据,,https://sh.lianjia.com/ershoufang/107101399668.html
浦东,张江,玉兰香苑(二期),中环至外环,515,45383,3室2厅1厨2卫,113.48O,高楼层 (共6层),暂无数据,南,一梯两户,毛坯,未知,砖混结构,无,,https://sh.lianjia.com/ershoufang/107101356036.html
浦东,张江,阳光花城,内环至中环,690,62012,2室2厅1厨1卫,111.27O,低楼层 (共19层),平层,南,两梯两户,精装,未知,钢混结构,有,,https://sh.lianjia.com/ershoufang/107100300931.html
浦东,张江,东方日出苑,内环至中环,2100,80460,4室2厅1厨4卫,261O,低楼层 (共2层),,南,,毛坯,未知,钢混结构,,独栋,https://sh.lianjia.com/ershoufang/107100022977.html
浦东,张江,汤臣豪园(二期),内环至中环,1620,71511,4室2厅1厨3卫,226.54O,低楼层 (共5层),,北,,精装,70年,钢混结构,,叠拼,https://sh.lianjia.com/ershoufang/107101353775.html
浦东,张江,汤臣豪园一期,内环至中环,1620,59779,6室2厅1厨3卫,271O,中楼层 (共5层),,南,,精装,70年,钢混结构,,叠拼,https://sh.lianjia.com/ershoufang/107100671615.html
浦东,张江,东郊紫园,中环至外环,2700,59898,5室3厅1厨5卫,450.77O,低楼层 (共2层),,南,,毛坯,70年,钢混结构,,独栋,https://sh.lianjia.com/ershoufang/107101079234.html
浦东,张江,孙桥花苑,中环至外环,428,41732,3室1厅1厨1卫,102.56O,中楼层 (共6层),平层,南,一梯两户,精装,未知,砖混结构,无,,https://sh.lianjia.com/ershoufang/107101127801.html
浦东,张江,长城中环墅,中环至外环,1200,73055,4室2厅1厨3卫,164.26O,低楼层 (共3层),,南,,精装,未知,钢混结构,,联排,https://sh.lianjia.com/ershoufang/107101087935.html
浦东,张江,日月光水岸花园（二期）,,1000,73965,3室1厅1厨2卫,135.2O,低楼层 (共13层),平层,南,一梯一户,精装,未知,钢混结构,有,,https://sh.lianjia.com/ershoufang/107100540508.html
浦东,张江,古桐公寓,内环至中环,375,49854,2室1厅1厨1卫,75.22O,中楼层 (共5层),平层,南,一梯两户,精装,未知,砖混结构,无,,https://sh.lianjia.com/ershoufang/107100701400.html
浦东,张江,川杨新苑(一期),中环至外环,400,53234,2室1厅1厨1卫,75.14O,高楼层 (共6层),暂无数据,南,一梯两户,简装,70年,钢混结构,无,,https://sh.lianjia.com/ershoufang/107101128012.html
浦东,张江,张江汤臣豪园(二期),内环至中环,755,81834,3室2厅1厨2卫,92.26O,中楼层 (共8层),复式,南,一梯六户,精装,70年,钢混结构,有,,https://sh.lianjia.com/ershoufang/107101340440.html
浦东,张江,张江汤臣豪园(一期)(公寓),内环至中环,780,69039,2室2厅1厨2卫,112.98O,中楼层 (共11层),暂无数据,南,一梯三户,简装,70年,钢混结构,有,,https://sh.lianjia.com/ershoufang/107000439757.html
浦东,张江,阳光花城,内环至中环,900,66255,3室2厅1厨2卫,135.84O,高楼层 (共19层),暂无数据,南,两梯两户,简装,未知,钢混结构,有,,https://sh.lianjia.com/ershoufang/107100167724.html
浦东,张江,城市经典(四期),内环至中环,430,70689,1室1厅1厨1卫,60.83O,中楼层 (共13层),平层,南,两梯六户,精装,70年,钢混结构,有,,https://sh.lianjia.com/ershoufang/107101347897.html
浦东,张江,香楠小区,内环至中环,350,48774,2室2厅1厨1卫,71.76O,高楼层 (共6层),平层,西,一梯四户,精装,未知,砖混结构,无,,https://sh.lianjia.com/ershoufang/107001552709.html
浦东,张江,杨镇新村,内环至中环,355,41468,3室1厅1厨1卫,85.61O,高楼层 (共6层),平层,南,一梯两户,简装,未知,砖混结构,无,,https://sh.lianjia.com/ershoufang/107002185019.html
浦东,张江,张江汤臣豪园(二期),内环至中环,1120,83990,4室2厅1厨3卫,133.35O,低楼层 (共8层),跃层,南,一梯五户,精装,未知,钢混结构,有,,https://sh.lianjia.com/ershoufang/107101255971.html
浦东,张江,贝越佳园,内环至中环,355,61134,1室1厅1厨1卫,58.07O,中楼层 (共6层),平层,南,一梯两户,精装,70年,钢混结构,无,,https://sh.lianjia.com/ershoufang/107101313881.html
浦东,张江,广兰名苑,内环至中环,890,60405,4室2厅1厨2卫,147.34O,中楼层 (共11层),平层,南,一梯两户,精装,未知,钢混结构,有,,https://sh.lianjia.com/ershoufang/107101269676.html
浦东,张江,汤臣豪园一期,内环至中环,1480,55074,4室2厅1厨3卫,268.73O,低楼层 (共3层),,南,,精装,70年,钢混结构,,叠拼,https://sh.lianjia.com/ershoufang/107100884466.html
浦东,张江,张江汤臣豪园(二期),内环至中环,970,82023,3室2厅1厨2卫,118.26O,高楼层 (共16层),平层,南,两梯三户,精装,未知,钢混结构,有,,https://sh.lianjia.com/ershoufang/107100845375.html
浦东,张江,中芯花园(公寓),内环至中环,640,60802,2室2厅1厨1卫,105.26O,中楼层 (共10层),平层,南,一梯两户,简装,70年,钢混结构,有,,https://sh.lianjia.com/ershoufang/107101177945.html
浦东,张江,玫瑰湾(别墅),中环至外环,1199,63520,4室2厅1厨3卫,188.76O,低楼层 (共3层),,南,,精装,未知,钢混结构,,联排,https://sh.lianjia.com/ershoufang/107100672293.html
浦东,张江,东郊紫园,中环至外环,2180,57763,4室3厅1厨4卫,377.41O,低楼层 (共2层),,南,,毛坯,70年,钢混结构,,独栋,https://sh.lianjia.com/ershoufang/107001806811.html
浦东,张江,益丰新村,中环至外环,350,47420,2室1厅1厨1卫,73.81O,低楼层 (共6层),暂无数据,南,一梯两户,精装,未知,砖混结构,无,,https://sh.lianjia.com/ershoufang/107101435959.html
浦东,张江,阳光花城,内环至中环,765,67568,2室2厅1厨1卫,113.22O,高楼层 (共19层),暂无数据,南,两梯两户,简装,未知,钢混结构,有,,https://sh.lianjia.com/ershoufang/107100167713.html
浦东,张江,城市经典(四期),内环至中环,460,71607,2室1厅1厨1卫,64.24O,高楼层 (共13层),平层,南,两梯四户,精装,70年,钢混结构,有,,https://sh.lianjia.com/ershoufang/107101413110.html
浦东,张江,汤臣高尔夫(别墅),内环至中环,4500,75885,5室3厅1厨4卫,593.01O,低楼层 (共2层),,东,,简装,未知,砖混结构,,独栋,https://sh.lianjia.com/ershoufang/107100692302.html
浦东,张江,汤臣高尔夫(别墅),内环至中环,1950,108082,5室2厅1厨4卫,180.42O,低楼层 (共3层),,东,,精装,未知,砖混结构,,联排,https://sh.lianjia.com/ershoufang/107100944445.html
