浦东,周浦,汇丽苑,外环外,310,39251,2室2厅1厨1卫,78.98O,高楼层 (共6层),平层,南,一梯两户,精装,未知,钢混结构,无,,https://sh.lianjia.com/ershoufang/107100360779.html
浦东,周浦,圣鑫苑,外环外,330,47251,2室2厅1厨1卫,69.84O,高楼层 (共6层),平层,南,一梯两户,简装,未知,钢混结构,无,,https://sh.lianjia.com/ershoufang/107101353137.html
浦东,周浦,琉森公馆,外环外,299,31708,2室1厅1厨1卫,94.3O,中楼层 (共10层),暂无数据,暂无数据,一梯九户,精装,70年,未知结构,暂无数据,,https://sh.lianjia.com/ershoufang/107002231139.html
浦东,周浦,万达广场(周浦),外环外,160,28071,1室1厅1厨1卫,57O,中楼层 (共28层),暂无数据,暂无数据,一梯十九户,其他,50年,钢混结构,暂无数据,,https://sh.lianjia.com/ershoufang/107002292343.html
浦东,周浦,九龙仓兰廷,外环外,680,57628,3室2厅1厨2卫,118O,高楼层 (共18层),平层,南,一梯两户,精装,70年,钢混结构,暂无数据,,https://sh.lianjia.com/ershoufang/107101319115.html
浦东,周浦,日月星城,外环外,260,39514,2室1厅1厨1卫,65.8O,低楼层 (共15层),平层,南,一梯四户,其他,未知,钢混结构,有,,https://sh.lianjia.com/ershoufang/107100839266.html
浦东,周浦,汇福家园兴盛里,外环外,219,29306,2室1厅1厨1卫,74.73O,低楼层 (共26层),平层,南,两梯六户,毛坯,未知,未知结构,有,,https://sh.lianjia.com/ershoufang/107100888508.html
浦东,周浦,御沁园(公寓),外环外,640,44600,3室2厅1厨2卫,143.5O,高楼层 (共21层),平层,南,两梯两户,毛坯,70年,钢混结构,有,,https://sh.lianjia.com/ershoufang/107100924987.html
浦东,周浦,沈默花苑,外环外,580,43920,3室2厅1厨2卫,132.06O,低楼层 (共11层),平层,南 北,一梯两户,精装,未知,钢混结构,有,,https://sh.lianjia.com/ershoufang/107100750639.html
浦东,周浦,汇丽苑,外环外,450,37513,3室2厅1厨2卫,119.96O,中楼层 (共6层),平层,南 北,一梯两户,精装,未知,钢混结构,无,,https://sh.lianjia.com/ershoufang/107101131700.html
浦东,周浦,印象春城,外环外,435,47672,2室2厅1厨1卫,91.25O,中楼层 (共18层),平层,南,两梯四户,毛坯,70年,钢混结构,有,,https://sh.lianjia.com/ershoufang/107101346272.html
浦东,周浦,周东二村,外环外,249,31924,3室1厅1厨1卫,78O,中楼层 (共5层),平层,南 北,一梯两户,简装,未知,砖混结构,无,,https://sh.lianjia.com/ershoufang/107100634504.html
浦东,周浦,桃园新城中城苑,外环外,190,34863,1室1厅1厨1卫,54.5O,低楼层 (共6层),平层,南,一梯两户,简装,未知,钢混结构,无,,https://sh.lianjia.com/ershoufang/107101464079.html
浦东,周浦,中金海棠湾(公寓),外环外,455,45692,3室2厅1厨1卫,99.58O,中楼层 (共18层),暂无数据,南,一梯三户,简装,70年,钢混结构,有,,https://sh.lianjia.com/ershoufang/107101438821.html
浦东,周浦,安阁苑,外环外,260,34607,2室1厅1厨1卫,75.13O,中楼层 (共11层),平层,南,一梯四户,毛坯,70年,钢混结构,有,,https://sh.lianjia.com/ershoufang/107101419814.html
浦东,周浦,泰苑公寓,外环外,500,37623,3室2厅1厨2卫,132.9O,中楼层 (共6层),平层,南,一梯两户,精装,未知,钢混结构,无,,https://sh.lianjia.com/ershoufang/107100693122.html
浦东,周浦,南郊花园(别墅),外环外,960,59271,4室2厅1厨3卫,161.97O,低楼层 (共1层),,南,,其他,未知,钢混结构,,联排,https://sh.lianjia.com/ershoufang/107101099740.html
浦东,周浦,海通新村,外环外,340,35114,3室1厅1厨1卫,96.83O,中楼层 (共6层),平层,南 北,一梯两户,精装,未知,砖混结构,无,,https://sh.lianjia.com/ershoufang/107100792113.html
浦东,周浦,桃园新城中城苑,外环外,270,37500,2室1厅1厨1卫,72O,中楼层 (共5层),平层,南,一梯两户,精装,未知,钢混结构,无,,https://sh.lianjia.com/ershoufang/107101502506.html
浦东,周浦,汇丽苑,外环外,345,36431,2室2厅1厨1卫,94.7O,低楼层 (共6层),平层,南,一梯两户,精装,未知,钢混结构,无,,https://sh.lianjia.com/ershoufang/107100258682.html
浦东,周浦,佰田大富苑,外环外,470,37837,3室2厅1厨2卫,124.22O,中楼层 (共6层),平层,南,一梯两户,毛坯,未知,钢混结构,无,,https://sh.lianjia.com/ershoufang/107100163129.html
浦东,周浦,绿地东上海,外环外,1050,44872,4室2厅1厨2卫,234O,高楼层 (共19层),复式,南,一梯两户,毛坯,70年,钢混结构,有,,https://sh.lianjia.com/ershoufang/107100969512.html
浦东,周浦,绿地东上海,外环外,438,47833,2室2厅1厨1卫,91.57O,低楼层 (共14层),平层,南,一梯两户,精装,未知,钢混结构,有,,https://sh.lianjia.com/ershoufang/107101211530.html
浦东,周浦,印象春城,外环外,395,44056,2室2厅1厨1卫,89.66O,低楼层 (共18层),平层,南,两梯四户,精装,未知,钢混结构,有,,https://sh.lianjia.com/ershoufang/107101434678.html
浦东,周浦,汇腾东苑,外环外,290,33422,2室2厅1厨1卫,86.77O,高楼层 (共14层),平层,南,一梯三户,简装,未知,钢混结构,有,,https://sh.lianjia.com/ershoufang/107101369158.html
浦东,周浦,中金海棠湾(公寓),外环外,445,45247,2室2厅1厨1卫,98.35O,高楼层 (共18层),暂无数据,南,两梯四户,毛坯,70年,钢混结构,有,,https://sh.lianjia.com/ershoufang/107100999126.html
浦东,周浦,中金海棠湾(公寓),外环外,455,45500,2室2厅1厨1卫,100O,中楼层 (共18层),平层,南,两梯四户,精装,70年,钢混结构,有,,https://sh.lianjia.com/ershoufang/107101032455.html
浦东,周浦,圣鑫苑,外环外,410,39818,2室2厅1厨1卫,102.97O,高楼层 (共11层),暂无数据,南 北,一梯两户,其他,未知,钢混结构,有,,https://sh.lianjia.com/ershoufang/107101432471.html
浦东,周浦,九龙仓兰廷,外环外,718,55041,4室2厅1厨2卫,130.45O,高楼层 (共18层),平层,南,一梯两户,精装,70年,钢混结构,暂无数据,,https://sh.lianjia.com/ershoufang/107100860552.html
浦东,周浦,绿地景汇佳苑,外环外,450,46905,2室2厅1厨1卫,95.94O,低楼层 (共21层),暂无数据,南,一梯四户,其他,未知,钢混结构,有,,https://sh.lianjia.com/ershoufang/107101413458.html
浦东,周浦,绿地景汇佳苑,外环外,570,47457,3室2厅1厨2卫,120.11O,中楼层 (共21层),暂无数据,南,一梯四户,毛坯,70年,钢混结构,有,,https://sh.lianjia.com/ershoufang/107100845611.html
浦东,周浦,瑞和苑,外环外,245,33091,2室1厅1厨1卫,74.04O,低楼层 (共14层),平层,南,一梯三户,精装,未知,钢混结构,有,,https://sh.lianjia.com/ershoufang/107101406662.html
浦东,周浦,御沁园(公寓),外环外,690,47293,3室2厅1厨2卫,145.9O,中楼层 (共20层),暂无数据,南,两梯两户,简装,70年,钢混结构,有,,https://sh.lianjia.com/ershoufang/107101019013.html
浦东,周浦,汇丽苑,外环外,330,40427,2室2厅1厨1卫,81.63O,高楼层 (共6层),暂无数据,南,一梯两户,其他,未知,钢混结构,无,,https://sh.lianjia.com/ershoufang/107101410469.html
浦东,周浦,果园二村,外环外,500,42366,3室2厅1厨2卫,118.02O,中楼层 (共5层),平层,南 北,一梯两户,精装,未知,砖混结构,无,,https://sh.lianjia.com/ershoufang/107100349386.html
浦东,周浦,瑞阳苑,外环外,295,38821,2室1厅1厨1卫,75.99O,中楼层 (共11层),平层,南,一梯两户,其他,未知,钢混结构,有,,https://sh.lianjia.com/ershoufang/107101370739.html
浦东,周浦,安阁苑,外环外,360,37264,3室2厅1厨1卫,96.61O,高楼层 (共11层),平层,南 北,一梯四户,其他,未知,钢混结构,有,,https://sh.lianjia.com/ershoufang/107101453189.html
浦东,周浦,中金海棠湾(公寓),外环外,700,46463,3室2厅1厨2卫,150.66O,低楼层 (共7层),平层,南,一梯两户,精装,70年,钢混结构,有,,https://sh.lianjia.com/ershoufang/107101424067.html
浦东,周浦,安阁苑,外环外,265,37038,2室1厅1厨1卫,71.55O,高楼层 (共6层),平层,南,一梯两户,精装,未知,钢混结构,无,,https://sh.lianjia.com/ershoufang/107100480421.html
浦东,周浦,印象春城,外环外,390,42582,2室2厅1厨1卫,91.59O,低楼层 (共18层),平层,南,两梯三户,毛坯,未知,钢混结构,有,,https://sh.lianjia.com/ershoufang/107100700964.html
浦东,周浦,小上海新城,外环外,405,38316,2室2厅1厨1卫,105.7O,低楼层 (共12层),平层,南,一梯三户,精装,未知,钢混结构,有,,https://sh.lianjia.com/ershoufang/107101472886.html
浦东,周浦,桃园新城中虹佳园,外环外,189,38075,1室1厅1厨1卫,49.64O,中楼层 (共5层),平层,南,一梯两户,简装,70年,钢混结构,无,,https://sh.lianjia.com/ershoufang/107101399999.html
浦东,周浦,日月星城,外环外,260,40118,1室1厅1厨1卫,64.81O,低楼层 (共16层),平层,南,一梯四户,其他,未知,钢混结构,有,,https://sh.lianjia.com/ershoufang/107100903161.html
浦东,周浦,莲花公寓(浦东),外环外,268,31747,3室1厅1厨1卫,84.42O,高楼层 (共5层),平层,南,一梯两户,精装,未知,砖混结构,无,,https://sh.lianjia.com/ershoufang/107101349493.html
浦东,周浦,东南二村,外环外,200,36043,2室1厅1厨1卫,55.49O,中楼层 (共5层),暂无数据,南,一梯三户,其他,未知,砖混结构,无,,https://sh.lianjia.com/ershoufang/107100448714.html
浦东,周浦,绿地东上海,外环外,900,53572,4室2厅1厨2卫,168O,高楼层 (共21层),平层,南,一梯两户,其他,70年,钢混结构,有,,https://sh.lianjia.com/ershoufang/107101420489.html
浦东,周浦,汇福家园吉祥里,外环外,390,33914,3室2厅1厨2卫,115O,中楼层 (共16层),平层,南,两梯三户,毛坯,未知,钢混结构,有,,https://sh.lianjia.com/ershoufang/107002236445.html
浦东,周浦,富康苑,外环外,300,41238,2室2厅1厨1卫,72.75O,中楼层 (共6层),暂无数据,南,一梯两户,精装,70年,钢混结构,无,,https://sh.lianjia.com/ershoufang/107101516006.html
浦东,周浦,果园一村,外环外,257,36392,2室1厅1厨1卫,70.62O,高楼层 (共5层),平层,南,一梯两户,精装,70年,砖混结构,无,,https://sh.lianjia.com/ershoufang/107101249788.html
浦东,周浦,南郊花园东区,外环外,409,39709,2室2厅1厨1卫,103O,低楼层 (共11层),平层,南,两梯六户,精装,未知,钢混结构,有,,https://sh.lianjia.com/ershoufang/107100496670.html
浦东,周浦,欧风家园,外环外,260,36770,2室1厅1厨1卫,70.71O,中楼层 (共5层),平层,南 北,一梯两户,其他,70年,钢混结构,无,,https://sh.lianjia.com/ershoufang/107101473867.html
浦东,周浦,印象春城,外环外,410,46644,2室1厅1厨1卫,87.9O,高楼层 (共18层),平层,南,两梯四户,精装,未知,钢混结构,有,,https://sh.lianjia.com/ershoufang/107101260370.html
浦东,周浦,瑞阳苑,外环外,290,37080,2室2厅0厨1卫,78.21O,高楼层 (共14层),平层,南,一梯两户,精装,未知,钢混结构,有,,https://sh.lianjia.com/ershoufang/107101456883.html
浦东,周浦,欧风家园,外环外,320,33831,2室2厅1厨2卫,94.59O,低楼层 (共5层),平层,南,一梯两户,简装,未知,钢混结构,无,,https://sh.lianjia.com/ershoufang/107000193935.html
浦东,周浦,东南二村,外环外,194,36006,2室1厅1厨1卫,53.88O,低楼层 (共5层),平层,南,一梯三户,简装,未知,砖混结构,无,,https://sh.lianjia.com/ershoufang/107100271054.html
浦东,周浦,东丰林居,外环外,820,46809,6室1厅1厨3卫,175.18O,中楼层 (共4层),跃层,南,一梯两户,其他,70年,钢混结构,无,,https://sh.lianjia.com/ershoufang/107101378642.html
浦东,周浦,印象春城,外环外,395,44704,2室1厅1厨1卫,88.36O,高楼层 (共18层),平层,南,两梯四户,精装,未知,钢混结构,有,,https://sh.lianjia.com/ershoufang/107101400575.html
浦东,周浦,圣鑫苑,外环外,400,40238,2室2厅1厨2卫,99.41O,中楼层 (共18层),平层,南,一梯三户,精装,未知,钢混结构,有,,https://sh.lianjia.com/ershoufang/107100252656.html
浦东,周浦,粤亮湾景苑,外环外,345,42166,2室2厅1厨1卫,81.82O,高楼层 (共16层),平层,南,两梯四户,精装,未知,钢混结构,有,,https://sh.lianjia.com/ershoufang/107101417292.html
浦东,周浦,菱翔苑,外环外,499,49182,4室2厅1厨2卫,101.46O,高楼层 (共6层),暂无数据,南 北,一梯两户,精装,未知,钢混结构,无,,https://sh.lianjia.com/ershoufang/107101138975.html
浦东,周浦,瑞和苑,外环外,220,29151,2室1厅1厨1卫,75.47O,低楼层 (共14层),平层,南,一梯三户,简装,未知,钢混结构,有,,https://sh.lianjia.com/ershoufang/107101226918.html
浦东,周浦,繁荣安居,外环外,380,40242,2室2厅1厨1卫,94.43O,中楼层 (共14层),平层,南,一梯两户,精装,70年,钢混结构,有,,https://sh.lianjia.com/ershoufang/107100137625.html
浦东,周浦,汇丽苑,外环外,450,36886,3室2厅1厨2卫,122O,中楼层 (共6层),平层,南,一梯两户,简装,未知,钢混结构,无,,https://sh.lianjia.com/ershoufang/107100524497.html
浦东,周浦,公元新村北区,外环外,215,32283,2室1厅1厨1卫,66.6O,高楼层 (共6层),平层,南 北,一梯两户,简装,未知,砖混结构,无,,https://sh.lianjia.com/ershoufang/107101201395.html
浦东,周浦,莫奈庄园,外环外,1850,55914,4室2厅0厨4卫,330.87O,低楼层 (共3层),,南,,精装,未知,钢混结构,,联排,https://sh.lianjia.com/ershoufang/107101196259.html
浦东,周浦,万达广场(周浦),外环外,120,20690,1室1厅1厨1卫,58O,中楼层 (共28层),暂无数据,暂无数据,一梯十九户,其他,50年,钢混结构,暂无数据,,https://sh.lianjia.com/ershoufang/107000822793.html
浦东,周浦,中金海棠湾(公寓),外环外,423,42292,2室1厅1厨1卫,100.02O,高楼层 (共19层),平层,南,两梯四户,毛坯,70年,钢混结构,有,,https://sh.lianjia.com/ershoufang/107101210189.html
浦东,周浦,公元三村,外环外,450,32943,3室2厅1厨2卫,136.6O,低楼层 (共5层),平层,南,一梯一户,其他,70年,砖混结构,无,,https://sh.lianjia.com/ershoufang/107101347053.html
浦东,周浦,圣鑫苑,外环外,430,43330,4室2厅1厨2卫,99.24O,高楼层 (共11层),平层,南,一梯三户,精装,70年,钢混结构,有,,https://sh.lianjia.com/ershoufang/107101437323.html
浦东,周浦,万达广场(周浦),外环外,85,19768,1室1厅1厨1卫,43O,中楼层 (共28层),平层,北,一梯十九户,其他,50年,钢混结构,暂无数据,,https://sh.lianjia.com/ershoufang/107101370346.html
浦东,周浦,周东一村,外环外,178,35487,2室1厅1厨1卫,50.16O,高楼层 (共6层),平层,南 北,一梯四户,简装,70年,砖混结构,无,,https://sh.lianjia.com/ershoufang/107101504289.html
浦东,周浦,果园二村,外环外,420,45653,2室2厅1厨1卫,92O,低楼层 (共5层),暂无数据,南,一梯两户,其他,未知,砖混结构,无,,https://sh.lianjia.com/ershoufang/107101357943.html
浦东,周浦,加盟圣蓝,外环外,470,35096,3室2厅1厨2卫,133.92O,中楼层 (共6层),暂无数据,南,一梯两户,简装,未知,砖混结构,无,,https://sh.lianjia.com/ershoufang/107101200854.html
浦东,周浦,东方晶华园,外环外,250,51115,1室1厅1厨1卫,48.91O,低楼层 (共6层),平层,南,一梯两户,简装,70年,钢混结构,无,,https://sh.lianjia.com/ershoufang/107101432825.html
浦东,周浦,绿地梧桐院(别墅),外环外,1550,42466,4室2厅1厨4卫,365O,低楼层 (共2层),,南,,其他,未知,钢混结构,,双拼,https://sh.lianjia.com/ershoufang/107101449037.html
浦东,周浦,御沁园(别墅),外环外,1050,61404,4室2厅1厨4卫,171O,低楼层 (共1层),,南,,毛坯,70年,钢混结构,,暂无数据,https://sh.lianjia.com/ershoufang/107001006687.html
浦东,周浦,南郊花园(别墅),外环外,980,60494,4室2厅1厨3卫,162O,低楼层 (共1层),,南,,精装,未知,钢混结构,,联排,https://sh.lianjia.com/ershoufang/107101331622.html
浦东,周浦,金田花园,外环外,385,35982,2室2厅1厨1卫,107O,中楼层 (共6层),暂无数据,南 北,一梯两户,简装,70年,砖混结构,无,,https://sh.lianjia.com/ershoufang/107100071050.html
浦东,周浦,安阁苑,外环外,260,33974,2室2厅1厨1卫,76.53O,中楼层 (共4层),平层,南 北,一梯两户,精装,未知,钢混结构,无,,https://sh.lianjia.com/ershoufang/107101290922.html
浦东,周浦,公元新村,外环外,275,37677,2室2厅0厨1卫,72.99O,中楼层 (共5层),平层,南,一梯五户,其他,未知,砖混结构,无,,https://sh.lianjia.com/ershoufang/107101437273.html
浦东,周浦,菱翔苑,外环外,430,43009,2室2厅1厨1卫,99.98O,低楼层 (共7层),暂无数据,南,一梯两户,精装,未知,钢混结构,有,,https://sh.lianjia.com/ershoufang/107000818353.html
浦东,周浦,粤亮湾景苑,外环外,280,38483,2室2厅1厨1卫,72.76O,高楼层 (共6层),暂无数据,南,一梯两户,其他,70年,未知结构,暂无数据,,https://sh.lianjia.com/ershoufang/107101501125.html
浦东,周浦,公元新村,外环外,198,37982,2室1厅1厨1卫,52.13O,低楼层 (共5层),平层,南,一梯六户,简装,未知,砖混结构,无,,https://sh.lianjia.com/ershoufang/107100873046.html
浦东,周浦,印象春城,外环外,355,40236,2室2厅1厨1卫,88.23O,低楼层 (共18层),平层,南,两梯四户,精装,未知,钢混结构,有,,https://sh.lianjia.com/ershoufang/107100762160.html
浦东,周浦,汇丽苑,外环外,365,46807,3室2厅1厨1卫,77.98O,高楼层 (共6层),跃层,南,一梯两户,精装,70年,钢混结构,无,,https://sh.lianjia.com/ershoufang/107101147237.html
浦东,周浦,中金海棠湾(公寓),外环外,430,43108,2室2厅1厨1卫,99.75O,低楼层 (共18层),暂无数据,南,两梯四户,精装,70年,钢混结构,有,,https://sh.lianjia.com/ershoufang/107101362323.html
浦东,周浦,桃园新城中虹佳园,外环外,270,30121,2室1厅1厨1卫,89.64O,低楼层 (共14层),平层,南,一梯两户,精装,70年,钢混结构,有,,https://sh.lianjia.com/ershoufang/107101346251.html
浦东,周浦,绿地东上海,外环外,498,47904,2室2厅1厨1卫,103.96O,高楼层 (共14层),平层,南 北,一梯两户,精装,未知,钢混结构,有,,https://sh.lianjia.com/ershoufang/107101124283.html
浦东,周浦,小上海新城,外环外,268,43136,1室1厅1厨1卫,62.13O,低楼层 (共18层),平层,南,一梯三户,精装,70年,钢混结构,有,,https://sh.lianjia.com/ershoufang/107101428995.html
浦东,周浦,小上海新城,外环外,340,43629,2室2厅1厨1卫,77.93O,中楼层 (共12层),平层,南,一梯三户,精装,未知,钢混结构,有,,https://sh.lianjia.com/ershoufang/107101265128.html
浦东,周浦,瑞和苑,外环外,260,34442,2室1厅1厨1卫,75.49O,高楼层 (共14层),平层,南,一梯三户,精装,未知,钢混结构,有,,https://sh.lianjia.com/ershoufang/107101507861.html
浦东,周浦,瑞和苑,外环外,185,34260,1室1厅1厨1卫,54O,低楼层 (共14层),平层,南,一梯四户,毛坯,未知,钢混结构,有,,https://sh.lianjia.com/ershoufang/107002237781.html
浦东,周浦,御沁园(公寓),外环外,690,47293,3室2厅1厨2卫,145.9O,中楼层 (共20层),平层,南,两梯两户,其他,70年,钢混结构,有,,https://sh.lianjia.com/ershoufang/107101407141.html
浦东,周浦,明天华城,外环外,425,47286,2室2厅1厨1卫,89.88O,中楼层 (共17层),平层,南,两梯三户,精装,未知,钢混结构,有,,https://sh.lianjia.com/ershoufang/107101206752.html
浦东,周浦,东南一村,外环外,360,34267,3室2厅1厨1卫,105.06O,中楼层 (共6层),平层,南,一梯两户,精装,未知,砖混结构,无,,https://sh.lianjia.com/ershoufang/107100061007.html
浦东,周浦,欧风家园,外环外,265,34979,2室2厅1厨1卫,75.76O,低楼层 (共6层),平层,南 北,一梯两户,毛坯,70年,钢混结构,无,,https://sh.lianjia.com/ershoufang/107101449900.html
浦东,周浦,金宝公寓,外环外,500,31441,3室1厅1厨2卫,159.03O,中楼层 (共6层),平层,南,一梯一户,简装,未知,钢混结构,无,,https://sh.lianjia.com/ershoufang/107100899059.html
浦东,周浦,南郊花园(公寓),外环外,403,44963,2室2厅1厨1卫,89.63O,中楼层 (共6层),平层,南,一梯两户,精装,未知,钢混结构,无,,https://sh.lianjia.com/ershoufang/107101310766.html
浦东,周浦,周东二村,外环外,265,37298,3室1厅1厨1卫,71.05O,高楼层 (共6层),暂无数据,南,一梯两户,简装,70年,砖混结构,无,,https://sh.lianjia.com/ershoufang/107001148499.html
浦东,周浦,明天华城,外环外,850,49948,4室2厅1厨3卫,170.18O,高楼层 (共9层),暂无数据,南 北,一梯三户,精装,未知,钢混结构,有,,https://sh.lianjia.com/ershoufang/107100866895.html
浦东,周浦,明天华城,外环外,435,48398,2室2厅1厨1卫,89.88O,高楼层 (共17层),暂无数据,南,两梯三户,其他,未知,钢混结构,有,,https://sh.lianjia.com/ershoufang/107101512963.html
浦东,周浦,绿地东上海,外环外,440,48162,2室1厅1厨1卫,91.36O,高楼层 (共19层),暂无数据,南,两梯三户,简装,未知,钢混结构,有,,https://sh.lianjia.com/ershoufang/107101112002.html
浦东,周浦,中金海棠湾(公寓),外环外,425,42492,2室2厅1厨1卫,100.02O,高楼层 (共19层),暂无数据,南,两梯四户,毛坯,70年,钢混结构,有,,https://sh.lianjia.com/ershoufang/107100316332.html
浦东,周浦,绿地景汇佳苑,外环外,450,46392,3室2厅1厨1卫,97O,低楼层 (共21层),平层,南,一梯两户,精装,70年,钢混结构,有,,https://sh.lianjia.com/ershoufang/107101210856.html
浦东,周浦,公元三村,外环外,400,32879,3室2厅1厨1卫,121.66O,中楼层 (共5层),平层,南,一梯两户,简装,70年,砖混结构,无,,https://sh.lianjia.com/ershoufang/107101088226.html
浦东,周浦,中金海棠湾(公寓),外环外,560,47059,3室1厅1厨2卫,119O,低楼层 (共18层),平层,南 北,一梯两户,精装,70年,钢混结构,暂无数据,,https://sh.lianjia.com/ershoufang/107101326124.html
浦东,周浦,欧风家园,外环外,190,35310,1室1厅1厨1卫,53.81O,低楼层 (共6层),平层,南,一梯两户,简装,70年,钢混结构,无,,https://sh.lianjia.com/ershoufang/107101309897.html
浦东,周浦,公元新村,外环外,197,37885,2室1厅1厨1卫,52O,低楼层 (共5层),暂无数据,暂无数据,一梯四户,毛坯,未知,砖混结构,无,,https://sh.lianjia.com/ershoufang/107001527899.html
浦东,周浦,永恒公寓,外环外,370,36070,2室1厅1厨2卫,102.58O,低楼层 (共6层),平层,南,一梯一户,精装,未知,砖混结构,无,,https://sh.lianjia.com/ershoufang/107101108690.html
浦东,周浦,汇丽苑,外环外,320,41037,2室1厅1厨1卫,77.98O,中楼层 (共6层),平层,南,一梯两户,精装,70年,钢混结构,无,,https://sh.lianjia.com/ershoufang/107101254418.html
浦东,周浦,万达广场(周浦),外环外,158,27242,1室0厅1厨1卫,58O,低楼层 (共28层),暂无数据,暂无数据,一梯十四户,精装,50年,钢混结构,暂无数据,,https://sh.lianjia.com/ershoufang/107000670591.html
浦东,周浦,万达广场(周浦),外环外,100,23256,1室1厅1厨1卫,43O,高楼层 (共28层),暂无数据,北,一梯十四户,其他,50年,钢混结构,暂无数据,,https://sh.lianjia.com/ershoufang/107100385549.html
浦东,周浦,汇丽苑,外环外,380,38521,3室2厅1厨1卫,98.65O,高楼层 (共6层),平层,南 北,一梯两户,简装,未知,钢混结构,无,,https://sh.lianjia.com/ershoufang/107100418624.html
浦东,周浦,桃园新城中城苑,外环外,260,36232,2室1厅0厨1卫,71.76O,高楼层 (共5层),暂无数据,南,一梯两户,精装,未知,钢混结构,无,,https://sh.lianjia.com/ershoufang/107101520952.html
浦东,周浦,东南三村,外环外,175,33019,2室1厅1厨1卫,53O,高楼层 (共5层),平层,南,一梯四户,简装,未知,砖混结构,无,,https://sh.lianjia.com/ershoufang/107100171004.html
浦东,周浦,繁荣安居,外环外,320,33888,2室2厅1厨1卫,94.43O,低楼层 (共14层),平层,南 北,一梯两户,简装,70年,钢混结构,有,,https://sh.lianjia.com/ershoufang/107101069085.html
浦东,周浦,绿地东上海,外环外,850,50557,4室2厅1厨2卫,168.13O,低楼层 (共21层),平层,南,一梯两户,其他,70年,钢混结构,有,,https://sh.lianjia.com/ershoufang/107101363012.html
浦东,周浦,绿地东上海,外环外,455,49004,2室2厅1厨1卫,92.85O,中楼层 (共18层),平层,南,两梯三户,精装,未知,钢混结构,有,,https://sh.lianjia.com/ershoufang/107101437578.html
浦东,周浦,圣鑫苑,外环外,405,36632,2室2厅1厨2卫,110.56O,中楼层 (共18层),平层,南,一梯两户,精装,未知,钢混结构,有,,https://sh.lianjia.com/ershoufang/107101383346.html
浦东,周浦,御沁园(公寓),外环外,1010,33007,3室2厅1厨4卫,306O,低楼层 (共20层),暂无数据,南,两梯两户,其他,70年,钢混结构,有,,https://sh.lianjia.com/ershoufang/107100945158.html
浦东,周浦,加盟圣蓝,外环外,450,42772,3室2厅1厨1卫,105.21O,低楼层 (共6层),暂无数据,南,一梯两户,其他,未知,砖混结构,无,,https://sh.lianjia.com/ershoufang/107101455693.html
浦东,周浦,日月星城,外环外,248,37950,1室2厅1厨1卫,65.35O,低楼层 (共16层),平层,南,一梯四户,简装,未知,钢混结构,有,,https://sh.lianjia.com/ershoufang/107100201983.html
浦东,周浦,安康新村,外环外,370,37860,2室2厅1厨1卫,97.73O,中楼层 (共5层),平层,南,一梯两户,精装,未知,砖混结构,无,,https://sh.lianjia.com/ershoufang/107101153029.html
浦东,周浦,桃源公寓,外环外,238,32024,2室1厅1厨1卫,74.32O,中楼层 (共6层),平层,暂无数据,一梯两户,简装,未知,砖混结构,无,,https://sh.lianjia.com/ershoufang/107002321485.html
浦东,周浦,绿地东上海,外环外,620,50191,3室2厅1厨1卫,123.53O,高楼层 (共14层),平层,南,一梯两户,简装,70年,钢混结构,有,,https://sh.lianjia.com/ershoufang/107100615328.html
浦东,周浦,安康新村,外环外,430,30761,3室2厅1厨2卫,139.79O,中楼层 (共5层),暂无数据,南,一梯两户,毛坯,未知,砖混结构,无,,https://sh.lianjia.com/ershoufang/107001840395.html
浦东,周浦,桃园新城中虹佳园,外环外,260,34108,2室1厅1厨1卫,76.23O,高楼层 (共5层),平层,南,一梯两户,简装,70年,钢混结构,无,,https://sh.lianjia.com/ershoufang/107100837619.html
浦东,周浦,汇腾南苑,外环外,305,33739,2室2厅1厨1卫,90.4O,低楼层 (共6层),平层,南 北,一梯两户,简装,未知,钢混结构,无,,https://sh.lianjia.com/ershoufang/107100235410.html
浦东,周浦,印象春城,外环外,400,43870,2室2厅1厨0卫,91.18O,高楼层 (共18层),暂无数据,南,两梯三户,毛坯,未知,钢混结构,有,,https://sh.lianjia.com/ershoufang/107101506198.html
浦东,周浦,九龙仓兰廷,外环外,520,58153,3室2厅1厨1卫,89.42O,低楼层 (共18层),平层,南,一梯两户,精装,70年,钢混结构,暂无数据,,https://sh.lianjia.com/ershoufang/107101410043.html
浦东,周浦,惠浦公寓,外环外,425,42547,2室2厅1厨2卫,99.89O,中楼层 (共6层),平层,南,一梯两户,简装,未知,钢混结构,无,,https://sh.lianjia.com/ershoufang/107101457622.html
浦东,周浦,安阁苑,外环外,335,36741,3室2厅1厨1卫,91.18O,低楼层 (共11层),平层,南,一梯四户,简装,70年,钢混结构,有,,https://sh.lianjia.com/ershoufang/107100610478.html
浦东,周浦,汇枫公寓,外环外,215,37753,1室1厅1厨1卫,56.95O,中楼层 (共17层),暂无数据,南,两梯四户,简装,70年,钢混结构,有,,https://sh.lianjia.com/ershoufang/107100950064.html
浦东,周浦,沈默花苑,外环外,200,55556,1室1厅1厨1卫,36O,中楼层 (共5层),暂无数据,东,一梯十八户,精装,未知,钢混结构,无,,https://sh.lianjia.com/ershoufang/107101396935.html
浦东,周浦,康馨苑,外环外,435,42522,2室2厅1厨2卫,102.3O,低楼层 (共5层),平层,南 北,一梯两户,精装,未知,钢混结构,无,,https://sh.lianjia.com/ershoufang/107101159697.html
浦东,周浦,中金海棠湾(公寓),外环外,615,42488,3室2厅1厨2卫,144.75O,低楼层 (共7层),平层,南 北,一梯两户,其他,70年,钢混结构,暂无数据,,https://sh.lianjia.com/ershoufang/107101387792.html
浦东,周浦,九龙仓兰廷,外环外,780,60000,3室2厅1厨2卫,130O,高楼层 (共18层),平层,南 北,一梯两户,精装,70年,钢混结构,暂无数据,,https://sh.lianjia.com/ershoufang/107101481996.html
浦东,周浦,安阁苑,外环外,240,35404,2室1厅1厨1卫,67.79O,中楼层 (共5层),平层,南,一梯两户,简装,未知,钢混结构,无,,https://sh.lianjia.com/ershoufang/107101085549.html
浦东,周浦,安阁苑,外环外,255,33456,2室2厅1厨1卫,76.22O,中楼层 (共6层),暂无数据,南 北,一梯两户,简装,未知,钢混结构,无,,https://sh.lianjia.com/ershoufang/107101418802.html
浦东,周浦,安阁苑,外环外,255,35417,2室2厅1厨1卫,72O,低楼层 (共6层),平层,南,一梯两户,毛坯,未知,钢混结构,无,,https://sh.lianjia.com/ershoufang/107002117013.html
浦东,周浦,颐谷北苑,外环外,320,35556,2室1厅1厨2卫,90O,高楼层 (共6层),平层,南 北,一梯两户,毛坯,未知,钢混结构,无,,https://sh.lianjia.com/ershoufang/107101351336.html
浦东,周浦,汇丽苑,外环外,300,39868,2室1厅1厨1卫,75.25O,低楼层 (共6层),暂无数据,南,一梯两户,简装,未知,钢混结构,无,,https://sh.lianjia.com/ershoufang/107101433319.html
浦东,周浦,汇福家园兴盛里,外环外,200,37038,1室1厅1厨1卫,54O,中楼层 (共24层),暂无数据,南,两梯四户,毛坯,未知,未知结构,有,,https://sh.lianjia.com/ershoufang/107101197419.html
浦东,周浦,沈默花苑,外环外,820,40886,5室3厅1厨3卫,200.56O,高楼层 (共7层),暂无数据,南,一梯两户,精装,未知,钢混结构,无,,https://sh.lianjia.com/ershoufang/107100785276.html
浦东,周浦,桃园新城中城苑,外环外,315,34228,3室1厅1厨1卫,92.03O,低楼层 (共4层),平层,南,一梯两户,简装,未知,钢混结构,无,,https://sh.lianjia.com/ershoufang/107101451409.html
浦东,周浦,万达广场(周浦),外环外,105,24419,1室1厅1厨1卫,43O,高楼层 (共28层),暂无数据,南,一梯十一户,其他,50年,钢混结构,暂无数据,,https://sh.lianjia.com/ershoufang/107100288711.html
浦东,周浦,金田花园,外环外,280,35898,2室1厅1厨1卫,78O,中楼层 (共6层),平层,南 北,一梯两户,简装,70年,砖混结构,无,,https://sh.lianjia.com/ershoufang/107100823846.html
浦东,周浦,果园一村,外环外,420,42425,3室2厅1厨2卫,99O,低楼层 (共6层),平层,南 北,一梯两户,其他,未知,砖混结构,无,,https://sh.lianjia.com/ershoufang/107101351623.html
浦东,周浦,安阁苑,外环外,270,36640,2室1厅1厨1卫,73.69O,高楼层 (共6层),暂无数据,南 北,一梯两户,简装,未知,钢混结构,无,,https://sh.lianjia.com/ershoufang/107101449522.html
浦东,周浦,金田花园,外环外,256,35069,2室1厅1厨1卫,73O,高楼层 (共6层),平层,南,一梯两户,精装,70年,砖混结构,无,,https://sh.lianjia.com/ershoufang/107101451556.html
浦东,周浦,慧晶国际,外环外,152,36769,2室1厅1厨1卫,41.34O,高楼层 (共17层),暂无数据,西,一梯三十户,其他,50年,钢混结构,暂无数据,,https://sh.lianjia.com/ershoufang/107101518928.html
浦东,周浦,公元三村,外环外,308,34079,3室2厅1厨1卫,90.38O,中楼层 (共6层),平层,南,一梯两户,精装,未知,砖混结构,无,,https://sh.lianjia.com/ershoufang/107101043425.html
浦东,周浦,明天华城,外环外,450,49956,2室2厅1厨1卫,90.08O,中楼层 (共14层),平层,南 北,两梯三户,精装,未知,钢混结构,有,,https://sh.lianjia.com/ershoufang/107101128701.html
浦东,周浦,佰田大富苑,外环外,480,38105,3室2厅1厨2卫,125.97O,中楼层 (共6层),平层,南 北,一梯两户,简装,未知,钢混结构,无,,https://sh.lianjia.com/ershoufang/107101438555.html
浦东,周浦,新育公寓,外环外,390,41936,2室2厅1厨1卫,93O,中楼层 (共4层),平层,南 北,一梯两户,其他,未知,砖混结构,无,,https://sh.lianjia.com/ershoufang/107101025808.html
浦东,周浦,新育公寓,外环外,390,34304,4室2厅1厨2卫,113.69O,高楼层 (共5层),暂无数据,南,一梯两户,简装,未知,砖混结构,无,,https://sh.lianjia.com/ershoufang/107100795040.html
浦东,周浦,汇丽苑,外环外,320,39851,2室2厅1厨1卫,80.3O,中楼层 (共6层),平层,南,一梯两户,精装,70年,砖混结构,无,,https://sh.lianjia.com/ershoufang/107101359367.html
浦东,周浦,安阁苑,外环外,248,34871,2室1厅1厨1卫,71.12O,低楼层 (共6层),暂无数据,南 北,一梯两户,毛坯,未知,钢混结构,无,,https://sh.lianjia.com/ershoufang/107101513744.html
浦东,周浦,安康新村,外环外,235,34192,2室1厅1厨1卫,68.73O,高楼层 (共6层),平层,南,一梯两户,精装,未知,砖混结构,无,,https://sh.lianjia.com/ershoufang/107101437334.html
浦东,周浦,中金海棠湾(公寓),外环外,520,44072,3室2厅1厨2卫,117.99O,低楼层 (共18层),暂无数据,南 北,一梯两户,精装,70年,钢混结构,有,,https://sh.lianjia.com/ershoufang/107101439450.html
浦东,周浦,汇腾南苑,外环外,220,36851,1室1厅1厨1卫,59.7O,低楼层 (共14层),平层,南,一梯四户,简装,70年,钢混结构,有,,https://sh.lianjia.com/ershoufang/107101288527.html
浦东,周浦,安康新村,外环外,250,36375,2室1厅1厨1卫,68.73O,高楼层 (共6层),暂无数据,南,一梯两户,简装,未知,砖混结构,无,,https://sh.lianjia.com/ershoufang/107101296264.html
浦东,周浦,御沁园(别墅),外环外,1400,48612,4室2厅1厨5卫,288O,低楼层 (共3层),,南,,毛坯,70年,钢混结构,,联排,https://sh.lianjia.com/ershoufang/107001308331.html
浦东,周浦,万达广场(周浦),外环外,110,26596,1室0厅1厨1卫,41.36O,低楼层 (共28层),暂无数据,西,一梯十户,精装,50年,钢混结构,暂无数据,,https://sh.lianjia.com/ershoufang/107000858717.html
浦东,周浦,汇枫公寓,外环外,290,38927,2室1厅1厨1卫,74.5O,中楼层 (共16层),暂无数据,南,两梯四户,精装,70年,钢混结构,有,,https://sh.lianjia.com/ershoufang/107101512245.html
浦东,周浦,粤亮湾景苑,外环外,350,39304,2室2厅1厨1卫,89.05O,低楼层 (共6层),平层,南,一梯一户,毛坯,70年,未知结构,暂无数据,,https://sh.lianjia.com/ershoufang/107101399798.html
浦东,周浦,九龙仓兰廷,外环外,520,57778,3室2厅1厨1卫,90O,高楼层 (共18层),平层,南,一梯两户,精装,70年,钢混结构,暂无数据,,https://sh.lianjia.com/ershoufang/107100890999.html
浦东,周浦,绿地东上海,外环外,630,47437,3室2厅1厨2卫,132.81O,低楼层 (共14层),暂无数据,南,一梯两户,简装,70年,钢混结构,有,,https://sh.lianjia.com/ershoufang/107101103862.html
浦东,周浦,欧风家园,外环外,258,36690,2室1厅1厨1卫,70.32O,高楼层 (共5层),平层,南 北,一梯两户,毛坯,未知,钢混结构,无,,https://sh.lianjia.com/ershoufang/107101341701.html
浦东,周浦,沈默花苑,外环外,700,37364,5室2厅1厨2卫,187.35O,高楼层 (共19层),暂无数据,南,一梯两户,简装,70年,钢混结构,有,,https://sh.lianjia.com/ershoufang/107101373839.html
浦东,周浦,贤兴公寓,外环外,295,30066,3室2厅1厨1卫,98.12O,中楼层 (共5层),平层,南,一梯两户,简装,未知,钢混结构,无,,https://sh.lianjia.com/ershoufang/107100205284.html
浦东,周浦,绿地东海岸时尚广场,外环外,175,29187,2室1厅1厨1卫,59.96O,中楼层 (共13层),暂无数据,南,一梯二十二户,精装,50年,钢混结构,暂无数据,,https://sh.lianjia.com/ershoufang/107100987718.html
浦东,周浦,御沁园(公寓),外环外,760,47118,3室2厅1厨2卫,161.3O,高楼层 (共21层),平层,南,两梯两户,精装,70年,钢混结构,有,,https://sh.lianjia.com/ershoufang/107101343780.html
浦东,周浦,印象春城,外环外,390,42971,2室2厅1厨1卫,90.76O,低楼层 (共18层),平层,南 北,两梯四户,精装,未知,钢混结构,有,,https://sh.lianjia.com/ershoufang/107101307820.html
浦东,周浦,圣鑫苑,外环外,248,32551,1室2厅1厨1卫,76.19O,低楼层 (共18层),平层,南 北,一梯两户,精装,未知,钢混结构,有,,https://sh.lianjia.com/ershoufang/107101248794.html
浦东,周浦,桃园新城中虹佳园,外环外,265,31082,2室2厅1厨1卫,85.26O,低楼层 (共14层),平层,暂无数据,一梯两户,毛坯,70年,钢混结构,有,,https://sh.lianjia.com/ershoufang/107002328353.html
浦东,周浦,繁荣安居,外环外,310,44792,3室2厅1厨1卫,69.21O,高楼层 (共6层),平层,南 北,一梯两户,简装,70年,钢混结构,无,,https://sh.lianjia.com/ershoufang/107101099976.html
浦东,周浦,中金海棠湾(公寓),外环外,348,47875,1室2厅1厨1卫,72.69O,中楼层 (共19层),暂无数据,南 北,两梯四户,精装,70年,钢混结构,有,,https://sh.lianjia.com/ershoufang/107101406962.html
浦东,周浦,南郊花园(别墅),外环外,960,47296,4室2厅1厨3卫,202.98O,低楼层 (共1层),,南,,简装,未知,钢混结构,,联排,https://sh.lianjia.com/ershoufang/107101356395.html
浦东,周浦,绿地东上海,外环外,630,47142,3室2厅1厨2卫,133.64O,低楼层 (共18层),平层,南,两梯两户,精装,70年,钢混结构,有,,https://sh.lianjia.com/ershoufang/107101218946.html
浦东,周浦,欧风家园,外环外,260,35442,2室1厅0厨1卫,73.36O,中楼层 (共6层),平层,南,一梯两户,简装,未知,钢混结构,无,,https://sh.lianjia.com/ershoufang/107101479373.html
浦东,周浦,公元三村,外环外,360,30253,3室1厅1厨1卫,119O,中楼层 (共5层),暂无数据,暂无数据,一梯两户,简装,70年,砖混结构,无,,https://sh.lianjia.com/ershoufang/107002014417.html
浦东,周浦,慧晶国际,外环外,150,39329,2室1厅1厨1卫,38.14O,中楼层 (共17层),暂无数据,南,一梯三十户,其他,50年,钢混结构,暂无数据,,https://sh.lianjia.com/ershoufang/107101480271.html
浦东,周浦,中金海棠湾(公寓),外环外,500,43536,2室2厅1厨2卫,114.85O,低楼层 (共7层),暂无数据,南,一梯两户,毛坯,70年,未知结构,有,,https://sh.lianjia.com/ershoufang/107100570122.html
浦东,周浦,印象春城,外环外,410,46396,2室2厅1厨1卫,88.37O,高楼层 (共18层),平层,南,两梯四户,精装,70年,钢混结构,有,,https://sh.lianjia.com/ershoufang/107101377936.html
浦东,周浦,安康新村,外环外,440,31395,3室2厅1厨2卫,140.15O,中楼层 (共5层),平层,南,一梯两户,精装,未知,砖混结构,无,,https://sh.lianjia.com/ershoufang/107101050427.html
浦东,周浦,桃园新城中虹佳园,外环外,250,31646,2室2厅1厨1卫,79O,高楼层 (共6层),平层,南 北,一梯两户,精装,70年,钢混结构,无,,https://sh.lianjia.com/ershoufang/107101202392.html
浦东,周浦,申雅苑,外环外,438,33382,3室2厅1厨2卫,131.21O,低楼层 (共11层),平层,南 北,一梯两户,毛坯,70年,钢混结构,有,,https://sh.lianjia.com/ershoufang/107101443644.html
浦东,周浦,瑞阳苑,外环外,265,35334,2室1厅1厨1卫,75O,低楼层 (共11层),暂无数据,南,一梯两户,精装,未知,钢混结构,有,,https://sh.lianjia.com/ershoufang/107100168041.html
浦东,周浦,欧风家园,外环外,370,39088,3室2厅0厨1卫,94.66O,中楼层 (共12层),平层,南,一梯三户,精装,70年,钢混结构,有,,https://sh.lianjia.com/ershoufang/107101459376.html
浦东,周浦,果园二村,外环外,430,41121,3室2厅1厨1卫,104.57O,中楼层 (共5层),平层,南,一梯两户,精装,未知,砖混结构,无,,https://sh.lianjia.com/ershoufang/107100903947.html
浦东,周浦,逸亭佳苑,外环外,270,42188,2室1厅1厨1卫,64O,中楼层 (共6层),平层,南,一梯两户,精装,未知,钢混结构,无,,https://sh.lianjia.com/ershoufang/107101193661.html
浦东,周浦,御沁园(别墅),外环外,1100,47414,5室3厅1厨3卫,232O,低楼层 (共3层),,南,,其他,70年,钢混结构,,联排,https://sh.lianjia.com/ershoufang/107101448326.html
浦东,周浦,金田花园,外环外,346,33593,6室1厅1厨2卫,103O,高楼层 (共6层),平层,南 北,一梯两户,简装,70年,砖混结构,无,,https://sh.lianjia.com/ershoufang/107101117579.html
浦东,周浦,粤亮湾景苑,外环外,485,36195,3室2厅1厨1卫,134O,高楼层 (共18层),平层,南 北,两梯三户,精装,未知,钢混结构,有,,https://sh.lianjia.com/ershoufang/107101247932.html
浦东,周浦,公元新村,外环外,150,36874,1室1厅1厨1卫,40.68O,高楼层 (共5层),平层,南,一梯三户,简装,未知,砖混结构,无,,https://sh.lianjia.com/ershoufang/107101058066.html
浦东,周浦,葡萄园新村,外环外,213,35709,1室2厅1厨1卫,59.65O,高楼层 (共6层),平层,南 北,一梯两户,毛坯,未知,砖混结构,无,,https://sh.lianjia.com/ershoufang/107100078676.html
浦东,周浦,印象春城,外环外,310,48613,1室2厅1厨1卫,63.77O,低楼层 (共16层),平层,南,两梯四户,精装,70年,钢混结构,有,,https://sh.lianjia.com/ershoufang/107101483015.html
浦东,周浦,九龙仓兰廷,外环外,520,57024,3室2厅1厨1卫,91.19O,低楼层 (共18层),平层,南,一梯两户,精装,70年,钢混结构,暂无数据,,https://sh.lianjia.com/ershoufang/107101488074.html
浦东,周浦,圣鑫苑,外环外,410,42052,2室2厅1厨1卫,97.5O,高楼层 (共18层),平层,南,一梯三户,简装,70年,钢混结构,有,,https://sh.lianjia.com/ershoufang/107100951279.html
浦东,周浦,小上海新城,外环外,320,38485,2室2厅1厨1卫,83.15O,低楼层 (共18层),平层,南,一梯三户,简装,未知,钢混结构,有,,https://sh.lianjia.com/ershoufang/107100390008.html
浦东,周浦,繁荣安居,外环外,220,40227,1室1厅1厨1卫,54.69O,高楼层 (共6层),平层,南,一梯两户,毛坯,70年,钢混结构,无,,https://sh.lianjia.com/ershoufang/107101401225.html
浦东,周浦,粤亮湾景苑,外环外,425,37947,2室2厅1厨1卫,112O,低楼层 (共18层),平层,南,两梯三户,精装,未知,钢混结构,有,,https://sh.lianjia.com/ershoufang/107101327129.html
浦东,周浦,圣鑫苑,外环外,310,30694,2室2厅1厨2卫,101O,低楼层 (共6层),平层,南 北,一梯两户,毛坯,未知,钢混结构,无,,https://sh.lianjia.com/ershoufang/107101041162.html
浦东,周浦,御沁园(公寓),外环外,610,53044,3室2厅1厨2卫,115O,高楼层 (共21层),平层,南 北,两梯三户,精装,未知,钢混结构,有,,https://sh.lianjia.com/ershoufang/107100382878.html
浦东,周浦,瑞阳苑,外环外,325,34597,3室2厅1厨1卫,93.94O,低楼层 (共11层),平层,南,一梯三户,毛坯,未知,钢混结构,有,,https://sh.lianjia.com/ershoufang/107101481844.html
浦东,周浦,保利艾庐,外环外,325,40625,3室1厅1厨1卫,80O,高楼层 (共18层),平层,南,一梯两户,精装,70年,钢混结构,暂无数据,,https://sh.lianjia.com/ershoufang/107101345818.html
浦东,周浦,小上海新城,外环外,420,38189,3室1厅1厨1卫,109.98O,高楼层 (共6层),暂无数据,南 北,一梯两户,精装,未知,钢混结构,无,,https://sh.lianjia.com/ershoufang/107100590092.html
浦东,周浦,汇福家园平安里,外环外,295,32418,2室2厅1厨1卫,91O,低楼层 (共18层),平层,南,一梯四户,简装,70年,钢混结构,暂无数据,,https://sh.lianjia.com/ershoufang/107101254358.html
浦东,周浦,金宝公寓,外环外,425,35154,3室2厅1厨2卫,120.9O,低楼层 (共6层),平层,南 北,一梯两户,精装,未知,钢混结构,无,,https://sh.lianjia.com/ershoufang/107101368506.html
浦东,周浦,瑞和苑,外环外,247,32720,2室2厅1厨1卫,75.49O,中楼层 (共14层),平层,南 北,一梯四户,精装,未知,钢混结构,有,,https://sh.lianjia.com/ershoufang/107101349825.html
浦东,周浦,欧风家园,外环外,315,33239,3室2厅1厨1卫,94.77O,低楼层 (共12层),平层,南 北,一梯三户,其他,70年,钢混结构,有,,https://sh.lianjia.com/ershoufang/107101511966.html
浦东,周浦,圣鑫苑,外环外,388,47318,4室1厅1厨2卫,82O,高楼层 (共6层),平层,南 北,一梯两户,简装,未知,钢混结构,无,,https://sh.lianjia.com/ershoufang/107101435082.html
浦东,周浦,绿地东上海,外环外,500,48096,2室2厅1厨1卫,103.96O,高楼层 (共14层),平层,南 北,一梯两户,精装,未知,钢混结构,有,,https://sh.lianjia.com/ershoufang/107101386816.html
浦东,周浦,欧风家园,外环外,338,35760,3室2厅1厨2卫,94.52O,低楼层 (共5层),平层,南,一梯两户,简装,未知,钢混结构,无,,https://sh.lianjia.com/ershoufang/107101460048.html
浦东,周浦,莲花公寓(浦东),外环外,285,33400,3室1厅1厨1卫,85.33O,中楼层 (共5层),平层,南 北,一梯两户,精装,70年,砖混结构,无,,https://sh.lianjia.com/ershoufang/107101070107.html
浦东,周浦,南郊花园(公寓),外环外,415,44716,2室2厅1厨1卫,92.81O,高楼层 (共6层),平层,南 北,一梯两户,精装,未知,钢混结构,无,,https://sh.lianjia.com/ershoufang/107101210796.html
浦东,周浦,绿地梧桐院(别墅),外环外,1500,44248,4室2厅1厨4卫,339O,低楼层 (共2层),,南,,毛坯,未知,钢混结构,,联排,https://sh.lianjia.com/ershoufang/107100251858.html
浦东,周浦,繁荣安居,外环外,230,39994,1室1厅1厨1卫,57.51O,低楼层 (共11层),平层,南,一梯三户,毛坯,70年,钢混结构,有,,https://sh.lianjia.com/ershoufang/107100047838.html
浦东,周浦,海通花苑(公寓),外环外,305,30443,2室2厅1厨2卫,100.19O,高楼层 (共6层),平层,南,一梯两户,精装,未知,砖混结构,无,,https://sh.lianjia.com/ershoufang/107101079638.html
浦东,周浦,明天华城,外环外,485,49826,2室2厅1厨1卫,97.34O,高楼层 (共18层),平层,南,两梯三户,毛坯,未知,钢混结构,有,,https://sh.lianjia.com/ershoufang/107101132117.html
浦东,周浦,繁荣安居,外环外,305,44403,2室2厅1厨1卫,68.69O,高楼层 (共6层),暂无数据,南,一梯两户,简装,70年,钢混结构,无,,https://sh.lianjia.com/ershoufang/107101454388.html
浦东,周浦,周东路137-139号,外环外,300,31946,3室1厅1厨1卫,93.91O,低楼层 (共6层),平层,南 北,一梯两户,精装,70年,砖混结构,无,,https://sh.lianjia.com/ershoufang/107101406710.html
浦东,周浦,汇丽苑,外环外,410,37488,3室2厅1厨1卫,109.37O,高楼层 (共6层),平层,南,一梯四户,毛坯,未知,钢混结构,无,,https://sh.lianjia.com/ershoufang/107101115808.html
浦东,周浦,慧晶国际,外环外,158,33725,2室1厅1厨1卫,46.85O,中楼层 (共17层),暂无数据,西,一梯三十户,精装,50年,钢混结构,暂无数据,,https://sh.lianjia.com/ershoufang/107000288139.html
浦东,周浦,御沁园(别墅),外环外,1200,52174,4室2厅1厨5卫,230O,低楼层 (共3层),,南 北,,毛坯,70年,钢混结构,,联排,https://sh.lianjia.com/ershoufang/107001021707.html
浦东,周浦,印象春城,外环外,390,44068,2室2厅1厨1卫,88.5O,中楼层 (共15层),暂无数据,东,两梯四户,毛坯,未知,钢混结构,有,,https://sh.lianjia.com/ershoufang/107100279055.html
浦东,周浦,绿地东上海,外环外,955,51089,4室2厅1厨2卫,186.93O,高楼层 (共18层),跃层,南,两梯三户,毛坯,未知,钢混结构,有,,https://sh.lianjia.com/ershoufang/107001703793.html
浦东,周浦,印象春城,外环外,410,45698,2室2厅1厨1卫,89.72O,低楼层 (共18层),暂无数据,南,两梯三户,简装,未知,钢混结构,有,,https://sh.lianjia.com/ershoufang/107100288245.html
浦东,周浦,小上海新城,外环外,320,42804,2室2厅1厨1卫,74.76O,中楼层 (共6层),平层,南,一梯三户,精装,未知,钢混结构,无,,https://sh.lianjia.com/ershoufang/107101284117.html
浦东,周浦,绿地景汇佳苑,外环外,485,41811,3室2厅1厨1卫,116O,低楼层 (共21层),平层,南,一梯三户,毛坯,未知,钢混结构,有,,https://sh.lianjia.com/ershoufang/107101180163.html
浦东,周浦,绿地东上海,外环外,630,47100,3室2厅1厨2卫,133.76O,中楼层 (共19层),平层,南,两梯三户,毛坯,70年,钢混结构,有,,https://sh.lianjia.com/ershoufang/107100864325.html
浦东,周浦,龙凤公寓,外环外,198,20342,2室2厅1厨1卫,97.34O,中楼层 (共5层),平层,南,一梯两户,简装,未知,钢混结构,无,,https://sh.lianjia.com/ershoufang/107101287457.html
浦东,周浦,中金海棠湾(公寓),外环外,610,41653,3室2厅0厨2卫,146.45O,低楼层 (共7层),暂无数据,南,一梯两户,其他,70年,钢混结构,无,,https://sh.lianjia.com/ershoufang/107101445541.html
浦东,周浦,安康新村,外环外,370,39607,2室2厅1厨1卫,93.42O,中楼层 (共5层),平层,南 北,一梯两户,精装,未知,砖混结构,无,,https://sh.lianjia.com/ershoufang/107101283792.html
浦东,周浦,安阁苑,外环外,175,34281,1室1厅1厨1卫,51.05O,低楼层 (共5层),暂无数据,南,一梯两户,简装,未知,钢混结构,无,,https://sh.lianjia.com/ershoufang/107000098075.html
浦东,周浦,中金海棠湾(公寓),外环外,650,46429,3室2厅1厨2卫,140O,中楼层 (共7层),暂无数据,南,一梯两户,毛坯,70年,钢混结构,暂无数据,,https://sh.lianjia.com/ershoufang/107001007695.html
浦东,周浦,圣鑫苑,外环外,410,36667,2室2厅1厨1卫,111.82O,低楼层 (共18层),平层,南 北,一梯两户,精装,未知,钢混结构,有,,https://sh.lianjia.com/ershoufang/107100613641.html
浦东,周浦,南郊花园(公寓),外环外,300,46875,2室1厅1厨1卫,64O,高楼层 (共6层),暂无数据,南,一梯三户,精装,未知,钢混结构,无,,https://sh.lianjia.com/ershoufang/107101104475.html
浦东,周浦,御沁园(别墅),外环外,1250,60036,4室2厅1厨5卫,208.21O,低楼层 (共3层),,南,,毛坯,未知,钢混结构,,联排,https://sh.lianjia.com/ershoufang/107100919140.html
浦东,周浦,御沁园(公寓),外环外,850,51719,3室2厅1厨2卫,164.35O,中楼层 (共21层),平层,南 北,两梯两户,精装,70年,钢混结构,有,,https://sh.lianjia.com/ershoufang/107100873706.html
浦东,周浦,绿地东上海,外环外,455,39913,3室2厅1厨1卫,114O,低楼层 (共19层),平层,南 北,两梯三户,其他,70年,钢混结构,有,,https://sh.lianjia.com/ershoufang/107101491009.html
浦东,周浦,上南嘉园,外环外,520,42277,3室2厅1厨2卫,123O,低楼层 (共6层),暂无数据,南,一梯两户,其他,未知,钢混结构,无,,https://sh.lianjia.com/ershoufang/107100837309.html
浦东,周浦,九龙仓兰廷,外环外,760,58462,4室2厅1厨2卫,130O,低楼层 (共18层),平层,南 北,一梯两户,其他,70年,钢混结构,暂无数据,,https://sh.lianjia.com/ershoufang/107101426427.html
浦东,周浦,桃园新城中城苑,外环外,180,33229,1室1厅1厨1卫,54.17O,高楼层 (共6层),平层,南,一梯两户,精装,未知,钢混结构,无,,https://sh.lianjia.com/ershoufang/107101221596.html
浦东,周浦,鑫源物业小区,外环外,350,29915,3室2厅1厨1卫,117O,高楼层 (共6层),平层,南,一梯两户,简装,未知,钢混结构,有,,https://sh.lianjia.com/ershoufang/107101364347.html
浦东,周浦,汇丽苑,外环外,380,41305,3室2厅1厨1卫,92O,低楼层 (共6层),平层,南,一梯三户,简装,未知,钢混结构,无,,https://sh.lianjia.com/ershoufang/107101056776.html
浦东,周浦,莫奈庄园,外环外,1750,75458,5室2厅1厨3卫,231.92O,低楼层 (共3层),,北,,毛坯,未知,钢混结构,,联排,https://sh.lianjia.com/ershoufang/107000625745.html
浦东,周浦,桃园新城中虹佳园,外环外,282,32727,2室1厅1厨1卫,86.17O,高楼层 (共14层),平层,南,一梯两户,简装,70年,钢混结构,有,,https://sh.lianjia.com/ershoufang/107101093082.html
浦东,周浦,万达广场(周浦),外环外,110,18966,1室1厅1厨1卫,58O,中楼层 (共28层),暂无数据,东,一梯九户,其他,50年,钢混结构,暂无数据,,https://sh.lianjia.com/ershoufang/107100948135.html
浦东,周浦,圣鑫苑,外环外,285,37270,2室1厅1厨1卫,76.47O,高楼层 (共11层),平层,南,一梯三户,精装,70年,钢混结构,有,,https://sh.lianjia.com/ershoufang/107100552281.html
浦东,周浦,安阁苑,外环外,202,37408,1室1厅1厨1卫,54O,低楼层 (共6层),平层,南,一梯两户,其他,未知,钢混结构,无,,https://sh.lianjia.com/ershoufang/107101492067.html
浦东,周浦,绿地东上海,外环外,680,51751,4室2厅1厨2卫,131.4O,低楼层 (共21层),暂无数据,南,一梯两户,精装,70年,钢混结构,有,,https://sh.lianjia.com/ershoufang/107100762716.html
浦东,周浦,小上海新城,外环外,299,41078,2室1厅1厨1卫,72.79O,中楼层 (共6层),暂无数据,南,一梯三户,简装,未知,钢混结构,无,,https://sh.lianjia.com/ershoufang/107100176898.html
浦东,周浦,小上海新城,外环外,450,43378,3室1厅1厨1卫,103.74O,中楼层 (共18层),暂无数据,南,一梯三户,精装,未知,钢混结构,有,,https://sh.lianjia.com/ershoufang/107002343509.html
浦东,周浦,龙威茗庭,外环外,570,43182,3室2厅1厨2卫,132O,低楼层 (共9层),平层,南,一梯两户,精装,70年,钢混结构,有,,https://sh.lianjia.com/ershoufang/107100322866.html
浦东,周浦,西南弄35弄,外环外,465,25000,4室2厅1厨2卫,186O,高楼层 (共5层),平层,南,一梯两户,其他,70年,砖混结构,无,,https://sh.lianjia.com/ershoufang/107100695659.html
浦东,周浦,东南二村,外环外,218,31728,3室1厅1厨1卫,68.71O,高楼层 (共5层),暂无数据,南 北,一梯三户,简装,未知,砖混结构,无,,https://sh.lianjia.com/ershoufang/107101331984.html
浦东,周浦,安康新村,外环外,310,36536,3室1厅1厨1卫,84.85O,中楼层 (共5层),平层,南,一梯两户,精装,未知,砖混结构,无,,https://sh.lianjia.com/ershoufang/107101369995.html
浦东,周浦,东南一村,外环外,335,31905,3室1厅1厨1卫,105O,中楼层 (共6层),暂无数据,南,一梯两户,精装,未知,砖混结构,无,,https://sh.lianjia.com/ershoufang/107002108817.html
浦东,周浦,逸亭佳苑,外环外,210,37162,1室1厅1厨1卫,56.51O,低楼层 (共8层),平层,南,一梯三户,毛坯,未知,钢混结构,有,,https://sh.lianjia.com/ershoufang/107101412172.html
浦东,周浦,绿地东海岸时尚广场,外环外,162,27019,1室1厅1厨1卫,59.96O,中楼层 (共13层),暂无数据,东,一梯二十二户,其他,未知,钢混结构,暂无数据,,https://sh.lianjia.com/ershoufang/107101376668.html
浦东,周浦,御沁园(公寓),外环外,800,45704,3室2厅1厨2卫,175.04O,低楼层 (共21层),暂无数据,南 北,两梯两户,其他,70年,钢混结构,有,,https://sh.lianjia.com/ershoufang/107101485173.html
浦东,周浦,绿地景汇佳苑,外环外,540,45763,3室2厅1厨2卫,118O,低楼层 (共21层),平层,暂无数据,两梯四户,毛坯,70年,钢混结构,有,,https://sh.lianjia.com/ershoufang/107001885439.html
浦东,周浦,海通花苑,外环外,2000,45282,5室3厅1厨5卫,441.68O,低楼层 (共3层),,南 北,,毛坯,70年,砖混结构,,暂无数据,https://sh.lianjia.com/ershoufang/107100561523.html
浦东,周浦,小上海新城,外环外,385,35692,2室2厅1厨1卫,107.87O,低楼层 (共6层),平层,南 北,一梯两户,简装,未知,钢混结构,无,,https://sh.lianjia.com/ershoufang/107100692207.html
浦东,周浦,绿地东海岸时尚广场,外环外,130,25146,2室1厅1厨1卫,51.7O,中楼层 (共13层),暂无数据,北,一梯二十二户,其他,50年,钢混结构,暂无数据,,https://sh.lianjia.com/ershoufang/107101448387.html
浦东,周浦,绿地东海岸时尚广场,外环外,187,32120,1室1厅1厨1卫,58.22O,中楼层 (共13层),暂无数据,南,一梯二十二户,其他,未知,钢混结构,暂无数据,,https://sh.lianjia.com/ershoufang/107101245278.html
浦东,周浦,汇丽苑,外环外,260,46223,1室1厅1厨1卫,56.25O,高楼层 (共12层),平层,南,一梯四户,精装,未知,钢混结构,有,,https://sh.lianjia.com/ershoufang/107101353484.html
浦东,周浦,小上海新城,外环外,340,44231,2室2厅1厨1卫,76.87O,低楼层 (共11层),平层,南 北,一梯三户,精装,未知,钢混结构,有,,https://sh.lianjia.com/ershoufang/107101426302.html
浦东,周浦,绿地东上海,外环外,460,51311,2室2厅1厨1卫,89.65O,低楼层 (共17层),平层,南,一梯两户,其他,70年,钢混结构,有,,https://sh.lianjia.com/ershoufang/107101487369.html
浦东,周浦,葡萄园新村,外环外,300,38502,2室1厅1厨1卫,77.92O,中楼层 (共5层),暂无数据,南 北,一梯两户,其他,未知,砖混结构,无,,https://sh.lianjia.com/ershoufang/107101449194.html
浦东,周浦,沈默花苑,外环外,295,50009,2室1厅1厨1卫,58.99O,低楼层 (共6层),平层,南 北,一梯两户,其他,未知,钢混结构,无,,https://sh.lianjia.com/ershoufang/107100229986.html
浦东,周浦,慧晶国际,外环外,330,52691,2室2厅1厨1卫,62.63O,高楼层 (共17层),暂无数据,南,一梯三十户,精装,50年,钢混结构,暂无数据,,https://sh.lianjia.com/ershoufang/107001523837.html
浦东,周浦,绿地东上海,外环外,325,48522,2室1厅1厨1卫,66.98O,低楼层 (共17层),平层,南 北,一梯两户,精装,70年,钢混结构,有,,https://sh.lianjia.com/ershoufang/107101298769.html
浦东,周浦,御沁园(公寓),外环外,540,55751,2室2厅1厨1卫,96.86O,中楼层 (共18层),平层,南,两梯三户,精装,70年,钢混结构,有,,https://sh.lianjia.com/ershoufang/107101283750.html
浦东,周浦,绿地东上海,外环外,560,49046,2室2厅1厨2卫,114.18O,高楼层 (共18层),暂无数据,南 北,两梯三户,精装,未知,钢混结构,有,,https://sh.lianjia.com/ershoufang/107100572801.html
浦东,周浦,万达广场(周浦),外环外,180,25922,1室1厅1厨1卫,69.44O,高楼层 (共27层),平层,暂无数据,一梯二十五户,其他,50年,钢混结构,暂无数据,,https://sh.lianjia.com/ershoufang/107000993747.html
浦东,周浦,金田花园,外环外,380,38384,3室1厅1厨1卫,99O,高楼层 (共6层),平层,南,一梯两户,其他,70年,砖混结构,无,,https://sh.lianjia.com/ershoufang/107101372094.html
浦东,周浦,桃园新城中城苑,外环外,320,34825,3室2厅1厨1卫,91.89O,高楼层 (共5层),暂无数据,南,一梯两户,精装,未知,钢混结构,无,,https://sh.lianjia.com/ershoufang/107100710556.html
浦东,周浦,中金海棠湾(公寓),外环外,650,44227,3室2厅1厨2卫,146.97O,中楼层 (共7层),平层,南,一梯两户,精装,70年,钢混结构,有,,https://sh.lianjia.com/ershoufang/107101252916.html
浦东,周浦,安康新村,外环外,230,37411,2室1厅1厨1卫,61.48O,高楼层 (共5层),平层,南,一梯一户,简装,70年,砖混结构,无,,https://sh.lianjia.com/ershoufang/107101153418.html
浦东,周浦,日月星城,外环外,245,37077,1室2厅1厨1卫,66.08O,低楼层 (共12层),暂无数据,南,一梯四户,精装,未知,钢混结构,有,,https://sh.lianjia.com/ershoufang/107101369044.html
浦东,周浦,安阁苑,外环外,270,37516,2室1厅1厨1卫,71.97O,中楼层 (共4层),平层,南 北,一梯两户,精装,未知,钢混结构,无,,https://sh.lianjia.com/ershoufang/107101495134.html
浦东,周浦,小上海新城,外环外,270,43782,1室2厅1厨1卫,61.67O,中楼层 (共11层),平层,南 北,一梯三户,精装,70年,钢混结构,有,,https://sh.lianjia.com/ershoufang/107100654327.html
浦东,周浦,明天华城,外环外,475,48554,2室1厅1厨1卫,97.83O,高楼层 (共18层),平层,南,两梯三户,简装,未知,钢混结构,有,,https://sh.lianjia.com/ershoufang/107101470056.html
浦东,周浦,欧风家园,外环外,250,34641,2室1厅1厨1卫,72.17O,低楼层 (共5层),平层,南 北,一梯两户,毛坯,70年,钢混结构,无,,https://sh.lianjia.com/ershoufang/107101176839.html
浦东,周浦,南郊花园(别墅),外环外,1025,50493,4室2厅1厨2卫,203O,低楼层 (共1层),,南 北,,精装,未知,钢混结构,,联排,https://sh.lianjia.com/ershoufang/107101219188.html
浦东,周浦,小上海新城,外环外,598,40772,4室2厅1厨2卫,146.67O,高楼层 (共12层),暂无数据,南,一梯三户,精装,未知,钢混结构,有,,https://sh.lianjia.com/ershoufang/107100571782.html
浦东,周浦,汇丽苑,外环外,455,36057,3室2厅1厨2卫,126.19O,低楼层 (共6层),平层,南,一梯两户,精装,未知,钢混结构,无,,https://sh.lianjia.com/ershoufang/107101463930.html
浦东,周浦,周浦新村,外环外,299,38492,2室1厅1厨1卫,77.68O,高楼层 (共5层),平层,南,一梯两户,其他,70年,砖混结构,无,,https://sh.lianjia.com/ershoufang/107101411580.html
浦东,周浦,安阁苑,外环外,212,38757,2室1厅1厨1卫,54.7O,高楼层 (共5层),平层,南 北,一梯两户,精装,未知,钢混结构,无,,https://sh.lianjia.com/ershoufang/107101301528.html
浦东,周浦,圣鑫苑,外环外,270,34554,2室2厅1厨1卫,78.14O,低楼层 (共12层),暂无数据,南,一梯四户,其他,未知,钢混结构,有,,https://sh.lianjia.com/ershoufang/107101424922.html
浦东,周浦,金田花园,外环外,320,32033,3室1厅1厨1卫,99.9O,高楼层 (共6层),平层,南,一梯两户,其他,70年,砖混结构,无,,https://sh.lianjia.com/ershoufang/107101028826.html
浦东,周浦,瑞和苑,外环外,253,33515,2室2厅1厨1卫,75.49O,高楼层 (共14层),平层,南,一梯四户,毛坯,未知,钢混结构,有,,https://sh.lianjia.com/ershoufang/107100081434.html
浦东,周浦,菱翔苑,外环外,350,48077,2室1厅1厨1卫,72.8O,高楼层 (共6层),平层,南,一梯两户,精装,未知,钢混结构,无,,https://sh.lianjia.com/ershoufang/107100907341.html
浦东,周浦,公元三村,外环外,365,28077,3室2厅1厨2卫,130O,高楼层 (共6层),平层,南 北,一梯两户,其他,未知,砖混结构,无,,https://sh.lianjia.com/ershoufang/107101415518.html
浦东,周浦,桃园新城中城苑,外环外,260,36187,2室1厅0厨1卫,71.85O,中楼层 (共5层),平层,南,一梯两户,简装,未知,钢混结构,无,,https://sh.lianjia.com/ershoufang/107101464493.html
浦东,周浦,印象生活广场,外环外,180,31915,2室1厅1厨1卫,56.4O,低楼层 (共15层),暂无数据,南,一梯十九户,其他,40年,钢混结构,暂无数据,,https://sh.lianjia.com/ershoufang/107101473437.html
浦东,周浦,东丰林居,外环外,910,44565,4室2厅1厨3卫,204.2O,中楼层 (共4层),暂无数据,南 北,一梯两户,其他,70年,钢混结构,无,,https://sh.lianjia.com/ershoufang/107101323318.html
浦东,周浦,申雅苑,外环外,410,38172,3室2厅1厨1卫,107.41O,低楼层 (共6层),平层,南,一梯两户,精装,未知,钢混结构,无,,https://sh.lianjia.com/ershoufang/107100861724.html
浦东,周浦,日月星城,外环外,670,39459,3室2厅1厨2卫,169.8O,高楼层 (共16层),暂无数据,南 北,一梯四户,精装,未知,钢混结构,有,,https://sh.lianjia.com/ershoufang/107101049984.html
浦东,周浦,万达广场(周浦),外环外,130,25491,1室1厅1厨1卫,51O,低楼层 (共27层),暂无数据,西,一梯二十五户,其他,50年,钢混结构,暂无数据,,https://sh.lianjia.com/ershoufang/107100771068.html
浦东,周浦,逸亭佳苑,外环外,215,38047,1室1厅1厨1卫,56.51O,中楼层 (共8层),暂无数据,南,一梯三户,其他,未知,钢混结构,有,,https://sh.lianjia.com/ershoufang/107100929146.html
浦东,周浦,周东二村,外环外,280,35444,3室1厅1厨1卫,79O,低楼层 (共6层),平层,南,一梯两户,简装,未知,砖混结构,无,,https://sh.lianjia.com/ershoufang/107101232202.html
浦东,周浦,泰苑公寓,外环外,460,36056,3室2厅1厨2卫,127.58O,高楼层 (共12层),暂无数据,南,一梯两户,精装,未知,钢混结构,有,,https://sh.lianjia.com/ershoufang/107001635311.html
浦东,周浦,金田花园,外环外,365,34113,3室1厅1厨1卫,107O,高楼层 (共6层),平层,南,一梯两户,精装,70年,砖混结构,无,,https://sh.lianjia.com/ershoufang/107101112887.html
浦东,周浦,东南三村,外环外,245,36041,2室1厅1厨1卫,67.98O,中楼层 (共5层),平层,南 北,一梯两户,毛坯,70年,砖混结构,无,,https://sh.lianjia.com/ershoufang/107101151089.html
浦东,周浦,绿地东上海,外环外,850,51578,4室2厅1厨2卫,164.8O,高楼层 (共21层),平层,南,一梯两户,其他,70年,钢混结构,有,,https://sh.lianjia.com/ershoufang/107101363023.html
浦东,周浦,繁荣安居,外环外,395,41746,2室2厅1厨1卫,94.62O,中楼层 (共14层),平层,南 北,一梯两户,精装,70年,钢混结构,有,,https://sh.lianjia.com/ershoufang/107001763035.html
浦东,周浦,印象春城,外环外,455,50958,2室2厅1厨1卫,89.29O,高楼层 (共18层),平层,南 北,两梯四户,精装,70年,钢混结构,有,,https://sh.lianjia.com/ershoufang/107101449856.html
浦东,周浦,绿地东上海,外环外,620,49207,3室2厅1厨2卫,126O,低楼层 (共21层),平层,南 北,一梯两户,精装,70年,钢混结构,有,,https://sh.lianjia.com/ershoufang/107100083213.html
浦东,周浦,九龙仓兰廷,外环外,638,56461,3室2厅1厨1卫,113O,高楼层 (共18层),平层,南,一梯两户,精装,70年,钢混结构,暂无数据,,https://sh.lianjia.com/ershoufang/107100716795.html
浦东,周浦,印象春城,外环外,430,47922,2室2厅0厨1卫,89.73O,低楼层 (共18层),平层,南 北,两梯四户,精装,未知,钢混结构,有,,https://sh.lianjia.com/ershoufang/107101430449.html
浦东,周浦,保利艾庐,外环外,350,42271,3室2厅1厨1卫,82.8O,中楼层 (共18层),平层,南,一梯两户,精装,未知,钢混结构,暂无数据,,https://sh.lianjia.com/ershoufang/107101460713.html
浦东,周浦,欧风家园,外环外,228,36088,2室1厅1厨1卫,63.18O,中楼层 (共5层),平层,南,一梯两户,精装,未知,钢混结构,无,,https://sh.lianjia.com/ershoufang/107101197055.html
浦东,周浦,绿地景汇佳苑,外环外,390,47842,2室1厅1厨1卫,81.52O,中楼层 (共21层),暂无数据,南,一梯四户,精装,未知,钢混结构,有,,https://sh.lianjia.com/ershoufang/107100007243.html
浦东,周浦,南郊花园(公寓),外环外,400,44569,2室2厅1厨1卫,89.75O,低楼层 (共6层),暂无数据,南,一梯两户,精装,未知,钢混结构,无,,https://sh.lianjia.com/ershoufang/107002079359.html
浦东,周浦,绿地东海岸时尚广场,外环外,140,24047,2室1厅1厨1卫,58.22O,低楼层 (共13层),暂无数据,南,一梯二十二户,其他,未知,钢混结构,暂无数据,,https://sh.lianjia.com/ershoufang/107101351229.html
浦东,周浦,安康新村,外环外,295,34780,2室2厅1厨1卫,84.82O,中楼层 (共5层),平层,南 北,一梯两户,精装,70年,砖混结构,无,,https://sh.lianjia.com/ershoufang/107101275032.html
浦东,周浦,绿地景汇佳苑,外环外,900,49865,4室2厅1厨3卫,180.49O,低楼层 (共18层),暂无数据,南,一梯两户,精装,未知,钢混结构,有,,https://sh.lianjia.com/ershoufang/107101501103.html
浦东,周浦,桃园新城中城苑,外环外,265,33802,2室2厅0厨1卫,78.4O,高楼层 (共5层),暂无数据,南 北,一梯两户,精装,未知,钢混结构,无,,https://sh.lianjia.com/ershoufang/107101393735.html
浦东,周浦,印象春城,外环外,400,45352,2室1厅1厨1卫,88.2O,低楼层 (共18层),平层,南,两梯四户,精装,未知,钢混结构,有,,https://sh.lianjia.com/ershoufang/107101487444.html
浦东,周浦,绿地景汇佳苑,外环外,465,48182,2室2厅1厨1卫,96.51O,中楼层 (共15层),平层,南,两梯四户,简装,70年,钢混结构,有,,https://sh.lianjia.com/ershoufang/107101462380.html
浦东,周浦,绿地东上海,外环外,580,50669,2室2厅1厨2卫,114.47O,高楼层 (共18层),平层,南 北,两梯三户,精装,未知,钢混结构,有,,https://sh.lianjia.com/ershoufang/107101357395.html
浦东,周浦,汇福家园安康里(东区),外环外,190,31520,1室1厅1厨1卫,60.28O,低楼层 (共25层),平层,南,一梯五户,其他,70年,钢混结构,暂无数据,,https://sh.lianjia.com/ershoufang/107101378387.html
浦东,周浦,菱翔苑,外环外,385,42679,2室1厅1厨1卫,90.21O,高楼层 (共6层),平层,南,一梯两户,精装,未知,钢混结构,无,,https://sh.lianjia.com/ershoufang/107101252935.html
浦东,周浦,桃园新城中城苑,外环外,208,38313,1室1厅1厨1卫,54.29O,高楼层 (共4层),暂无数据,南,一梯两户,精装,未知,钢混结构,无,,https://sh.lianjia.com/ershoufang/107100957251.html
浦东,周浦,金田花园,外环外,275,36376,2室1厅1厨1卫,75.6O,中楼层 (共5层),平层,南,一梯两户,其他,70年,砖混结构,无,,https://sh.lianjia.com/ershoufang/107100700022.html
浦东,周浦,圣鑫苑,外环外,250,42787,1室1厅0厨1卫,58.43O,中楼层 (共18层),平层,南,一梯三户,简装,未知,钢混结构,有,,https://sh.lianjia.com/ershoufang/107101401331.html
浦东,周浦,欣欣家园,外环外,320,34240,2室2厅1厨2卫,93.46O,高楼层 (共6层),平层,南 北,一梯两户,简装,未知,砖混结构,无,,https://sh.lianjia.com/ershoufang/107101453062.html
浦东,周浦,印象春城,外环外,375,42436,2室1厅1厨1卫,88.37O,低楼层 (共18层),平层,南,两梯四户,精装,未知,钢混结构,有,,https://sh.lianjia.com/ershoufang/107100922884.html
浦东,周浦,圣鑫苑,外环外,400,39885,2室2厅1厨1卫,100.29O,高楼层 (共18层),平层,南,一梯三户,其他,未知,钢混结构,有,,https://sh.lianjia.com/ershoufang/107100261454.html
浦东,周浦,印象春城,外环外,280,44033,1室2厅1厨1卫,63.59O,低楼层 (共13层),平层,南,两梯四户,简装,未知,钢混结构,有,,https://sh.lianjia.com/ershoufang/107100122008.html
浦东,周浦,绿地东上海,外环外,445,48083,2室1厅1厨2卫,92.55O,高楼层 (共18层),平层,南,两梯三户,精装,未知,钢混结构,有,,https://sh.lianjia.com/ershoufang/107101157796.html
浦东,周浦,明天华城,外环外,540,47788,3室2厅1厨2卫,113O,低楼层 (共6层),平层,南 北,一梯两户,精装,70年,钢混结构,无,,https://sh.lianjia.com/ershoufang/107100756008.html
浦东,周浦,印象春城,外环外,545,47808,2室2厅1厨1卫,114O,低楼层 (共18层),平层,暂无数据,两梯三户,精装,未知,钢混结构,有,,https://sh.lianjia.com/ershoufang/107002321523.html
浦东,周浦,中金海棠湾(公寓),外环外,299,41134,1室2厅1厨1卫,72.69O,低楼层 (共19层),平层,南,两梯四户,毛坯,70年,钢混结构,有,,https://sh.lianjia.com/ershoufang/107101064326.html
浦东,周浦,莲花公寓(浦东),外环外,320,37502,2室2厅1厨1卫,85.33O,中楼层 (共5层),平层,南,一梯两户,精装,未知,砖混结构,无,,https://sh.lianjia.com/ershoufang/107101123313.html
浦东,周浦,海通新村,外环外,180,41533,1室1厅1厨1卫,43.34O,中楼层 (共6层),平层,南,一梯四户,简装,未知,砖混结构,无,,https://sh.lianjia.com/ershoufang/107100235493.html
浦东,周浦,果园一村,外环外,360,35818,3室2厅1厨2卫,100.51O,高楼层 (共6层),平层,南 北,一梯两户,精装,未知,砖混结构,无,,https://sh.lianjia.com/ershoufang/107101478022.html
浦东,周浦,绿地东上海,外环外,470,50921,2室2厅1厨1卫,92.3O,中楼层 (共19层),暂无数据,南,两梯三户,精装,70年,钢混结构,有,,https://sh.lianjia.com/ershoufang/107002047559.html
浦东,周浦,保利艾庐,外环外,350,41323,3室2厅1厨1卫,84.7O,低楼层 (共18层),平层,南,一梯两户,其他,未知,钢混结构,暂无数据,,https://sh.lianjia.com/ershoufang/107101487247.html
浦东,周浦,圣鑫苑,外环外,320,39279,2室1厅1厨1卫,81.47O,高楼层 (共11层),平层,南,一梯四户,精装,未知,钢混结构,有,,https://sh.lianjia.com/ershoufang/107101175829.html
浦东,周浦,汇康公寓,外环外,485,42211,3室2厅1厨2卫,114.9O,低楼层 (共9层),平层,南,一梯两户,精装,未知,钢混结构,有,,https://sh.lianjia.com/ershoufang/107101435593.html
浦东,周浦,绿地东上海,外环外,450,53017,2室2厅1厨1卫,84.88O,低楼层 (共21层),暂无数据,南,一梯三户,简装,70年,钢混结构,有,,https://sh.lianjia.com/ershoufang/107100585214.html
浦东,周浦,月桂苑,外环外,360,35174,2室2厅1厨1卫,102.35O,低楼层 (共6层),平层,南,一梯两户,精装,未知,钢混结构,无,,https://sh.lianjia.com/ershoufang/107101402833.html
浦东,周浦,保利艾庐,外环外,390,39796,3室2厅1厨2卫,98O,低楼层 (共18层),平层,南 北,一梯两户,精装,未知,钢混结构,暂无数据,,https://sh.lianjia.com/ershoufang/107100647297.html
浦东,周浦,桃园新城中城苑,外环外,255,35491,2室1厅1厨1卫,71.85O,中楼层 (共5层),平层,南 北,一梯两户,毛坯,未知,钢混结构,无,,https://sh.lianjia.com/ershoufang/107101406018.html
浦东,周浦,周浦新村,外环外,300,33483,3室1厅1厨2卫,89.6O,高楼层 (共5层),平层,南,一梯两户,其他,70年,砖混结构,无,,https://sh.lianjia.com/ershoufang/107101477620.html
浦东,周浦,龙泽家园,外环外,430,48886,2室2厅1厨1卫,87.96O,高楼层 (共8层),平层,南,一梯两户,精装,未知,钢混结构,有,,https://sh.lianjia.com/ershoufang/107101467120.html
浦东,周浦,小上海新城,外环外,420,40161,2室2厅1厨1卫,104.58O,中楼层 (共20层),平层,南,一梯三户,毛坯,未知,钢混结构,有,,https://sh.lianjia.com/ershoufang/107000134669.html
浦东,周浦,御沁园(公寓),外环外,950,46713,4室2厅1厨3卫,203.37O,高楼层 (共21层),平层,南,两梯两户,毛坯,70年,钢混结构,有,,https://sh.lianjia.com/ershoufang/107001516033.html
浦东,周浦,明天华城,外环外,565,41465,3室2厅1厨2卫,136.26O,低楼层 (共14层),平层,南 北,一梯四户,精装,70年,钢混结构,有,,https://sh.lianjia.com/ershoufang/107100075686.html
浦东,周浦,御沁园(别墅),外环外,1190,53364,4室2厅1厨3卫,223O,低楼层 (共1层),,东,,毛坯,70年,钢混结构,,暂无数据,https://sh.lianjia.com/ershoufang/107100542212.html
浦东,周浦,龙泽家园,外环外,470,49350,2室2厅1厨1卫,95.24O,中楼层 (共8层),暂无数据,南,一梯两户,精装,未知,钢混结构,有,,https://sh.lianjia.com/ershoufang/107100648058.html
浦东,周浦,小上海新城,外环外,410,39078,2室1厅1厨1卫,104.92O,低楼层 (共20层),暂无数据,南,一梯三户,毛坯,未知,钢混结构,有,,https://sh.lianjia.com/ershoufang/107100465745.html
浦东,周浦,绿地东上海,外环外,430,46959,2室2厅1厨1卫,91.57O,低楼层 (共14层),平层,南,一梯两户,毛坯,未知,钢混结构,有,,https://sh.lianjia.com/ershoufang/107101312274.html
浦东,周浦,东八公寓,外环外,165,31622,2室1厅1厨1卫,52.18O,高楼层 (共4层),平层,南,一梯三户,简装,70年,砖混结构,无,,https://sh.lianjia.com/ershoufang/107100207273.html
浦东,周浦,汇福家园安康里(东区),外环外,265,32508,2室1厅1厨1卫,81.52O,中楼层 (共25层),平层,南,两梯五户,毛坯,70年,钢混结构,有,,https://sh.lianjia.com/ershoufang/107101344984.html
浦东,周浦,瑞和苑,外环外,195,35813,1室1厅1厨1卫,54.45O,高楼层 (共14层),暂无数据,南,一梯四户,简装,未知,钢混结构,有,,https://sh.lianjia.com/ershoufang/107101516917.html
浦东,周浦,圣鑫苑,外环外,400,39885,2室2厅1厨1卫,100.29O,中楼层 (共18层),暂无数据,南,一梯三户,精装,未知,钢混结构,有,,https://sh.lianjia.com/ershoufang/107101433333.html
浦东,周浦,绿地景汇佳苑,外环外,490,41379,3室2厅1厨2卫,118.42O,低楼层 (共21层),暂无数据,南,一梯四户,毛坯,未知,钢混结构,有,,https://sh.lianjia.com/ershoufang/107101212834.html
浦东,周浦,周东二村,外环外,278,35190,3室1厅1厨1卫,79O,低楼层 (共6层),平层,南,一梯两户,精装,未知,砖混结构,无,,https://sh.lianjia.com/ershoufang/107100723016.html
浦东,周浦,百花新村,外环外,339,33591,2室2厅1厨1卫,100.92O,中楼层 (共6层),暂无数据,南 北,一梯两户,精装,未知,砖混结构,无,,https://sh.lianjia.com/ershoufang/107101221041.html
浦东,周浦,欧风家园,外环外,268,38286,2室2厅1厨1卫,70O,中楼层 (共6层),平层,南,一梯两户,精装,未知,钢混结构,无,,https://sh.lianjia.com/ershoufang/107101261831.html
浦东,周浦,汇福家园平安里,外环外,236,31053,2室1厅1厨1卫,76O,低楼层 (共18层),平层,南,一梯四户,毛坯,70年,钢混结构,暂无数据,,https://sh.lianjia.com/ershoufang/107100964810.html
浦东,周浦,海通新村,外环外,375,38728,2室2厅1厨2卫,96.83O,中楼层 (共6层),平层,南,一梯两户,简装,未知,砖混结构,无,,https://sh.lianjia.com/ershoufang/107100796303.html
浦东,周浦,瑞阳苑,外环外,270,35531,2室1厅1厨1卫,75.99O,中楼层 (共11层),平层,南,一梯两户,精装,未知,钢混结构,有,,https://sh.lianjia.com/ershoufang/107101499807.html
浦东,周浦,印象春城,外环外,400,45455,2室1厅1厨1卫,88O,低楼层 (共18层),平层,西,两梯四户,精装,未知,钢混结构,有,,https://sh.lianjia.com/ershoufang/107101335000.html
浦东,周浦,汇康公寓,外环外,510,38020,4室2厅1厨2卫,134.14O,高楼层 (共6层),平层,南 北,一梯两户,精装,未知,钢混结构,无,,https://sh.lianjia.com/ershoufang/107101384629.html
浦东,周浦,欣周花园,外环外,463,35850,3室2厅1厨2卫,129.15O,中楼层 (共6层),平层,南,一梯两户,其他,未知,砖混结构,无,,https://sh.lianjia.com/ershoufang/107101499601.html
浦东,周浦,保利艾庐,外环外,930,61590,4室2厅1厨3卫,151O,低楼层 (共3层),跃层,南 北,一梯两户,精装,未知,钢混结构,无,,https://sh.lianjia.com/ershoufang/107100755654.html
浦东,周浦,汇福家园安康里(东区),外环外,199,32640,1室2厅1厨1卫,60.97O,高楼层 (共25层),平层,南,两梯五户,其他,70年,钢混结构,有,,https://sh.lianjia.com/ershoufang/107101416794.html
浦东,周浦,瑞和苑,外环外,210,38568,1室1厅1厨1卫,54.45O,中楼层 (共14层),平层,南,一梯四户,精装,未知,钢混结构,有,,https://sh.lianjia.com/ershoufang/107101507563.html
浦东,周浦,慧晶国际,外环外,200,33756,2室1厅1厨1卫,59.25O,低楼层 (共17层),暂无数据,东南,一梯三十户,其他,50年,钢混结构,暂无数据,,https://sh.lianjia.com/ershoufang/107101181625.html
浦东,周浦,佰田大富苑,外环外,480,38165,3室2厅1厨2卫,125.77O,中楼层 (共6层),平层,南,一梯两户,精装,未知,钢混结构,无,,https://sh.lianjia.com/ershoufang/107100055327.html
浦东,周浦,绿地东上海,外环外,470,52809,2室2厅1厨1卫,89O,低楼层 (共17层),平层,南,一梯两户,精装,70年,钢混结构,有,,https://sh.lianjia.com/ershoufang/107101166593.html
浦东,周浦,繁荣安居,外环外,290,42318,2室1厅1厨1卫,68.53O,低楼层 (共6层),平层,南,一梯两户,简装,70年,钢混结构,无,,https://sh.lianjia.com/ershoufang/107101014086.html
浦东,周浦,圣鑫苑,外环外,430,38750,2室2厅1厨2卫,110.97O,低楼层 (共18层),平层,南,一梯两户,其他,未知,钢混结构,有,,https://sh.lianjia.com/ershoufang/107101313451.html
浦东,周浦,东南二村,外环外,190,32149,3室1厅1厨1卫,59.1O,高楼层 (共5层),平层,南,一梯三户,简装,未知,砖混结构,无,,https://sh.lianjia.com/ershoufang/107100773656.html
浦东,周浦,龙威茗庭,外环外,530,44617,3室2厅1厨2卫,118.79O,低楼层 (共10层),暂无数据,南,一梯三户,其他,未知,钢混结构,有,,https://sh.lianjia.com/ershoufang/107101198043.html
浦东,周浦,绿地东上海,外环外,410,44775,2室2厅1厨1卫,91.57O,低楼层 (共14层),平层,南,一梯两户,精装,未知,钢混结构,有,,https://sh.lianjia.com/ershoufang/107100195638.html
浦东,周浦,小上海新城,外环外,430,37185,3室2厅1厨2卫,115.64O,高楼层 (共6层),平层,南 北,一梯两户,精装,未知,钢混结构,无,,https://sh.lianjia.com/ershoufang/107101163707.html
浦东,周浦,东方晶华园,外环外,550,44701,3室2厅1厨2卫,123.04O,高楼层 (共17层),暂无数据,西南,一梯两户,精装,未知,钢混结构,有,,https://sh.lianjia.com/ershoufang/107101341526.html
浦东,周浦,瑞阳苑,外环外,285,37935,2室1厅1厨1卫,75.13O,中楼层 (共11层),平层,南,一梯两户,毛坯,未知,钢混结构,有,,https://sh.lianjia.com/ershoufang/107101455315.html
浦东,周浦,欣欣家园,外环外,350,32516,2室2厅1厨2卫,107.64O,中楼层 (共6层),平层,南 北,一梯两户,简装,未知,砖混结构,无,,https://sh.lianjia.com/ershoufang/107101353777.html
浦东,周浦,保利艾庐,外环外,370,44579,3室2厅1厨1卫,83O,高楼层 (共18层),平层,南,一梯两户,精装,未知,钢混结构,暂无数据,,https://sh.lianjia.com/ershoufang/107101418205.html
浦东,周浦,绿地景汇佳苑,外环外,580,48728,3室2厅1厨2卫,119.03O,高楼层 (共21层),平层,南,两梯四户,精装,70年,钢混结构,有,,https://sh.lianjia.com/ershoufang/107100055342.html
浦东,周浦,龙威茗庭,外环外,560,48065,3室2厅1厨2卫,116.51O,低楼层 (共6层),平层,南,一梯两户,其他,未知,钢混结构,无,,https://sh.lianjia.com/ershoufang/107100143181.html
浦东,周浦,永恒公寓,外环外,330,36007,3室2厅1厨1卫,91.65O,高楼层 (共6层),平层,南,一梯两户,精装,70年,砖混结构,无,,https://sh.lianjia.com/ershoufang/107002269761.html
浦东,周浦,绿地东上海,外环外,630,47142,3室2厅1厨2卫,133.64O,低楼层 (共18层),平层,南,两梯两户,其他,70年,钢混结构,有,,https://sh.lianjia.com/ershoufang/107101412497.html
浦东,周浦,汇丽苑,外环外,348,44616,2室2厅1厨1卫,78O,高楼层 (共6层),跃层,南 北,一梯两户,精装,未知,钢混结构,无,,https://sh.lianjia.com/ershoufang/107100713863.html
浦东,周浦,中金海棠湾(公寓),外环外,625,41891,3室2厅1厨2卫,149.2O,低楼层 (共7层),平层,南 北,一梯两户,毛坯,70年,钢混结构,无,,https://sh.lianjia.com/ershoufang/107100989408.html
浦东,周浦,百花新村,外环外,280,36139,4室1厅1厨2卫,77.48O,高楼层 (共6层),跃层,南,一梯两户,其他,未知,砖混结构,无,,https://sh.lianjia.com/ershoufang/107101468329.html
浦东,周浦,明天华城,外环外,450,50000,2室2厅1厨1卫,90O,中楼层 (共17层),平层,南 北,两梯三户,精装,未知,钢混结构,有,,https://sh.lianjia.com/ershoufang/107101230953.html
浦东,周浦,圣鑫苑,外环外,370,34506,3室1厅0厨1卫,107.23O,高楼层 (共6层),平层,南,一梯两户,其他,未知,钢混结构,无,,https://sh.lianjia.com/ershoufang/107101462157.html
浦东,周浦,公元三村,外环外,465,33567,3室2厅1厨2卫,138.53O,低楼层 (共6层),平层,南,一梯两户,精装,未知,砖混结构,无,,https://sh.lianjia.com/ershoufang/107101407826.html
浦东,周浦,圣鑫苑,外环外,265,42077,1室1厅1厨1卫,62.98O,高楼层 (共18层),平层,南 北,一梯三户,精装,未知,钢混结构,有,,https://sh.lianjia.com/ershoufang/107100903958.html
浦东,周浦,安康新村,外环外,360,38873,2室1厅1厨1卫,92.61O,中楼层 (共5层),平层,南,一梯两户,精装,未知,砖混结构,无,,https://sh.lianjia.com/ershoufang/107100596877.html
浦东,周浦,保利艾庐,外环外,395,40307,3室2厅1厨2卫,98O,低楼层 (共18层),平层,南 北,一梯两户,精装,未知,钢混结构,暂无数据,,https://sh.lianjia.com/ershoufang/107101158215.html
浦东,周浦,葡萄园新村,外环外,290,38244,2室2厅1厨1卫,75.83O,中楼层 (共6层),平层,南,一梯两户,简装,70年,砖混结构,无,,https://sh.lianjia.com/ershoufang/107101268043.html
浦东,周浦,颐谷南苑,外环外,275,34414,2室2厅1厨1卫,79.91O,中楼层 (共11层),平层,南,一梯三户,毛坯,未知,钢混结构,暂无数据,,https://sh.lianjia.com/ershoufang/107101438219.html
浦东,周浦,南郊花园(别墅),外环外,980,60123,3室1厅1厨3卫,163O,低楼层 (共1层),,南,,其他,未知,钢混结构,,联排,https://sh.lianjia.com/ershoufang/107101037189.html
浦东,周浦,御沁园(别墅),外环外,1650,50925,4室3厅1厨5卫,324.01O,低楼层 (共3层),,南,,其他,70年,钢混结构,,联排,https://sh.lianjia.com/ershoufang/107101292717.html
浦东,周浦,龙泽家园,外环外,324,49793,2室1厅1厨1卫,65.07O,高楼层 (共6层),暂无数据,南,一梯两户,精装,未知,钢混结构,无,,https://sh.lianjia.com/ershoufang/107002229855.html
浦东,周浦,川周公路4491号,外环外,450,36886,3室1厅1厨1卫,122O,中楼层 (共11层),暂无数据,南,一梯两户,其他,70年,钢混结构,有,,https://sh.lianjia.com/ershoufang/107100923764.html
浦东,周浦,瑞阳苑,外环外,221,39507,2室1厅1厨1卫,55.94O,高楼层 (共5层),平层,南 北,一梯两户,精装,未知,钢混结构,无,,https://sh.lianjia.com/ershoufang/107101513776.html
浦东,周浦,安康新村,外环外,280,41792,2室1厅1厨1卫,67O,中楼层 (共5层),暂无数据,南,一梯两户,简装,未知,砖混结构,无,,https://sh.lianjia.com/ershoufang/107101482013.html
浦东,周浦,汇福家园安康里(东区),外环外,202,33667,1室1厅1厨1卫,60O,低楼层 (共25层),暂无数据,南,两梯五户,其他,70年,钢混结构,有,,https://sh.lianjia.com/ershoufang/107101508811.html
浦东,周浦,圣鑫苑,外环外,290,37786,1室1厅1厨1卫,76.75O,高楼层 (共18层),平层,南,一梯三户,精装,未知,钢混结构,有,,https://sh.lianjia.com/ershoufang/107101462362.html
浦东,周浦,绿地景汇佳苑,外环外,950,47241,4室2厅1厨3卫,201.1O,低楼层 (共18层),平层,南,一梯两户,毛坯,70年,钢混结构,有,,https://sh.lianjia.com/ershoufang/107101102617.html
浦东,周浦,琉森公馆,外环外,280,31949,2室2厅1厨1卫,87.64O,低楼层 (共11层),平层,南,一梯十三户,其他,50年,未知结构,暂无数据,,https://sh.lianjia.com/ershoufang/107100449659.html
浦东,周浦,绿地东上海,外环外,880,52341,4室2厅1厨2卫,168.13O,低楼层 (共21层),平层,南,一梯两户,其他,70年,钢混结构,有,,https://sh.lianjia.com/ershoufang/107101363020.html
浦东,周浦,欣欣家园,外环外,430,37444,3室2厅1厨2卫,114.84O,高楼层 (共5层),平层,南 北,一梯两户,精装,70年,砖混结构,无,,https://sh.lianjia.com/ershoufang/107101369151.html
浦东,周浦,申雅苑,外环外,380,41985,2室2厅1厨1卫,90.51O,低楼层 (共11层),平层,南,一梯两户,简装,70年,钢混结构,有,,https://sh.lianjia.com/ershoufang/107101301954.html
浦东,周浦,小上海新城,外环外,520,40226,3室2厅1厨2卫,129.27O,中楼层 (共18层),平层,南 北,一梯三户,精装,70年,钢混结构,有,,https://sh.lianjia.com/ershoufang/107101481311.html
浦东,周浦,安阁苑,外环外,278,38854,2室2厅1厨1卫,71.55O,高楼层 (共6层),平层,南,一梯两户,精装,未知,钢混结构,无,,https://sh.lianjia.com/ershoufang/107101161741.html
浦东,周浦,桃园新城中虹佳园,外环外,185,32030,1室1厅1厨1卫,57.76O,低楼层 (共14层),平层,南,一梯两户,简装,70年,钢混结构,有,,https://sh.lianjia.com/ershoufang/107101336186.html
浦东,周浦,绿地东上海,外环外,560,49205,2室2厅1厨2卫,113.81O,高楼层 (共19层),平层,南,两梯三户,精装,70年,钢混结构,有,,https://sh.lianjia.com/ershoufang/107100770053.html
浦东,周浦,瑞和苑,外环外,356,37216,3室1厅1厨1卫,95.66O,高楼层 (共12层),平层,南,一梯两户,精装,未知,钢混结构,有,,https://sh.lianjia.com/ershoufang/107101415141.html
浦东,周浦,粤亮湾景苑,外环外,340,41647,2室2厅1厨1卫,81.64O,低楼层 (共18层),平层,南,两梯四户,精装,未知,钢混结构,有,,https://sh.lianjia.com/ershoufang/107101509316.html
浦东,周浦,桃园新城中虹佳园,外环外,190,38369,1室1厅1厨1卫,49.52O,中楼层 (共5层),平层,南,一梯两户,简装,70年,钢混结构,无,,https://sh.lianjia.com/ershoufang/107101172624.html
浦东,周浦,公元三村,外环外,300,32591,3室2厅1厨1卫,92.05O,高楼层 (共6层),平层,南 北,一梯两户,精装,70年,砖混结构,无,,https://sh.lianjia.com/ershoufang/107101052831.html
浦东,周浦,欧风家园,外环外,300,37314,2室2厅1厨1卫,80.4O,中楼层 (共5层),暂无数据,南 北,一梯两户,精装,未知,钢混结构,无,,https://sh.lianjia.com/ershoufang/107101162164.html
浦东,周浦,海通新村,外环外,280,31822,2室2厅1厨2卫,87.99O,高楼层 (共6层),平层,南 北,一梯两户,简装,未知,砖混结构,无,,https://sh.lianjia.com/ershoufang/107101457657.html
浦东,周浦,汇枫公寓,外环外,260,33793,2室1厅1厨1卫,76.94O,低楼层 (共17层),平层,南,两梯四户,毛坯,70年,钢混结构,有,,https://sh.lianjia.com/ershoufang/107101354585.html
浦东,周浦,御沁园(别墅),外环外,1380,48486,4室2厅1厨5卫,284.62O,低楼层 (共3层),,南,,毛坯,70年,钢混结构,,联排,https://sh.lianjia.com/ershoufang/107100893588.html
浦东,周浦,保利艾庐,外环外,380,38776,3室2厅1厨2卫,98O,低楼层 (共18层),暂无数据,南,一梯两户,其他,未知,钢混结构,暂无数据,,https://sh.lianjia.com/ershoufang/107101505186.html
浦东,周浦,赵沟浜小区,外环外,175,34147,1室1厅1厨1卫,51.25O,高楼层 (共6层),平层,南,一梯四户,简装,70年,砖混结构,无,,https://sh.lianjia.com/ershoufang/107100185783.html
浦东,周浦,绿地东上海,外环外,645,48493,3室2厅1厨2卫,133.01O,高楼层 (共14层),平层,南,一梯两户,精装,70年,钢混结构,有,,https://sh.lianjia.com/ershoufang/107100134437.html
浦东,周浦,绿地梧桐院(别墅),外环外,1350,47039,5室3厅1厨4卫,287O,低楼层 (共2层),,南,,其他,未知,钢混结构,,联排,https://sh.lianjia.com/ershoufang/107101065794.html
浦东,周浦,南郊花园东区,外环外,320,38559,2室2厅1厨1卫,82.99O,低楼层 (共11层),平层,东南,两梯六户,简装,70年,钢混结构,有,,https://sh.lianjia.com/ershoufang/107002147393.html
浦东,周浦,中金海棠湾(公寓),外环外,630,42288,4室2厅1厨2卫,148.98O,低楼层 (共7层),平层,南,一梯两户,精装,70年,钢混结构,无,,https://sh.lianjia.com/ershoufang/107101359071.html
浦东,周浦,御沁园(公寓),外环外,950,46117,4室2厅1厨3卫,206O,中楼层 (共21层),平层,南,两梯两户,毛坯,70年,钢混结构,有,,https://sh.lianjia.com/ershoufang/107101293633.html
浦东,周浦,万达广场(周浦),外环外,160,31590,1室1厅1厨1卫,50.65O,中楼层 (共27层),暂无数据,东,一梯二十五户,其他,50年,钢混结构,暂无数据,,https://sh.lianjia.com/ershoufang/107100055776.html
浦东,周浦,小上海新城,外环外,578,41583,3室2厅1厨2卫,139O,中楼层 (共19层),平层,南,一梯三户,精装,70年,钢混结构,有,,https://sh.lianjia.com/ershoufang/107100586695.html
浦东,周浦,信诚丽都苑,外环外,350,45443,2室1厅1厨1卫,77.02O,高楼层 (共5层),平层,南,一梯两户,其他,未知,钢混结构,无,,https://sh.lianjia.com/ershoufang/107100889827.html
浦东,周浦,安阁苑,外环外,260,34099,2室2厅1厨1卫,76.25O,中楼层 (共6层),平层,南,一梯两户,毛坯,未知,钢混结构,无,,https://sh.lianjia.com/ershoufang/107100744646.html
浦东,周浦,周东一村,外环外,217,40186,3室1厅1厨1卫,54O,中楼层 (共5层),平层,南,一梯两户,精装,70年,砖混结构,无,,https://sh.lianjia.com/ershoufang/107101285824.html
浦东,周浦,申雅苑,外环外,200,38611,1室1厅1厨1卫,51.8O,高楼层 (共6层),平层,南,一梯三户,毛坯,未知,钢混结构,无,,https://sh.lianjia.com/ershoufang/107101441621.html
浦东,周浦,惠浦公寓,外环外,360,41861,2室2厅1厨1卫,86O,低楼层 (共5层),平层,南,一梯两户,简装,未知,钢混结构,无,,https://sh.lianjia.com/ershoufang/107100708411.html
浦东,周浦,汇丽苑,外环外,260,40000,2室1厅1厨1卫,65O,低楼层 (共6层),平层,南,一梯三户,精装,未知,钢混结构,无,,https://sh.lianjia.com/ershoufang/107100029904.html
浦东,周浦,桃园新城中城苑,外环外,200,36901,1室1厅1厨1卫,54.2O,中楼层 (共5层),平层,南 北,一梯两户,精装,未知,钢混结构,无,,https://sh.lianjia.com/ershoufang/107100732375.html
浦东,周浦,绿地景汇佳苑,外环外,460,47035,2室2厅1厨1卫,97.8O,高楼层 (共20层),平层,南,十梯四户,简装,未知,钢混结构,有,,https://sh.lianjia.com/ershoufang/107101339137.html
浦东,周浦,慧晶国际,外环外,170,31628,2室1厅1厨1卫,53.75O,低楼层 (共17层),暂无数据,东,一梯三十户,精装,50年,钢混结构,暂无数据,,https://sh.lianjia.com/ershoufang/107101339974.html
浦东,周浦,汇丽苑,外环外,260,39526,1室2厅1厨1卫,65.78O,中楼层 (共6层),平层,南,一梯三户,精装,未知,钢混结构,无,,https://sh.lianjia.com/ershoufang/107101254912.html
浦东,周浦,绿地东上海,外环外,598,47863,3室2厅1厨2卫,124.94O,低楼层 (共14层),平层,南,一梯两户,精装,70年,钢混结构,有,,https://sh.lianjia.com/ershoufang/107101148161.html
浦东,周浦,百花新村,外环外,265,33325,3室1厅1厨1卫,79.52O,中楼层 (共6层),平层,南 北,一梯两户,简装,未知,砖混结构,无,,https://sh.lianjia.com/ershoufang/107100230887.html
浦东,周浦,金源商厦,外环外,360,29110,3室2厅1厨1卫,123.67O,中楼层 (共6层),平层,南,一梯两户,其他,70年,砖混结构,无,,https://sh.lianjia.com/ershoufang/107101441328.html
浦东,周浦,汇康公寓,外环外,540,41075,3室2厅1厨2卫,131.47O,中楼层 (共9层),平层,南,一梯两户,毛坯,未知,钢混结构,有,,https://sh.lianjia.com/ershoufang/107101386824.html
浦东,周浦,圣鑫苑,外环外,410,37382,2室2厅1厨2卫,109.68O,低楼层 (共11层),平层,南,一梯两户,精装,未知,钢混结构,有,,https://sh.lianjia.com/ershoufang/107101325642.html
浦东,周浦,新城公寓,外环外,285,35881,3室1厅1厨1卫,79.43O,高楼层 (共6层),平层,南 北,一梯两户,其他,未知,砖混结构,无,,https://sh.lianjia.com/ershoufang/107101005159.html
浦东,周浦,公元三村,外环外,258,32206,2室1厅1厨1卫,80.11O,中楼层 (共6层),平层,南,一梯两户,简装,未知,砖混结构,无,,https://sh.lianjia.com/ershoufang/107101069921.html
浦东,周浦,桃园新城中城苑,外环外,248,34517,2室2厅1厨1卫,71.85O,高楼层 (共5层),平层,南 北,一梯两户,简装,未知,钢混结构,无,,https://sh.lianjia.com/ershoufang/107100651148.html
浦东,周浦,印象春城,外环外,405,46076,2室1厅1厨1卫,87.9O,中楼层 (共18层),暂无数据,南,两梯四户,精装,未知,钢混结构,有,,https://sh.lianjia.com/ershoufang/107101235461.html
浦东,周浦,印象春城,外环外,380,43182,2室2厅1厨1卫,88O,低楼层 (共18层),暂无数据,南,两梯四户,精装,未知,钢混结构,有,,https://sh.lianjia.com/ershoufang/107000935971.html
浦东,周浦,瑞和苑,外环外,337,35229,3室2厅1厨1卫,95.66O,中楼层 (共12层),平层,南,一梯两户,精装,未知,钢混结构,有,,https://sh.lianjia.com/ershoufang/107101109378.html
浦东,周浦,桃园新城中城苑,外环外,200,33507,1室1厅1厨1卫,59.69O,低楼层 (共6层),平层,南,一梯两户,毛坯,未知,钢混结构,无,,https://sh.lianjia.com/ershoufang/107100428099.html
浦东,周浦,明天华城,外环外,470,48454,2室2厅1厨1卫,97O,低楼层 (共18层),平层,南 北,两梯三户,其他,70年,钢混结构,有,,https://sh.lianjia.com/ershoufang/107101466812.html
浦东,周浦,御沁园(别墅),外环外,1260,39623,4室2厅1厨5卫,318O,低楼层 (共3层),,南 北,,毛坯,70年,钢混结构,,联排,https://sh.lianjia.com/ershoufang/107001571821.html
浦东,周浦,莫奈庄园,外环外,1700,73853,4室2厅1厨2卫,230.19O,低楼层 (共3层),,南,,精装,未知,钢混结构,,联排,https://sh.lianjia.com/ershoufang/107100795886.html
浦东,周浦,明天华城,外环外,430,48315,2室2厅1厨1卫,89O,低楼层 (共17层),平层,南 北,两梯三户,简装,70年,钢混结构,有,,https://sh.lianjia.com/ershoufang/107101290354.html
浦东,周浦,桃园新城中虹佳园,外环外,283,33123,2室2厅1厨1卫,85.44O,低楼层 (共13层),暂无数据,南,一梯两户,其他,70年,钢混结构,有,,https://sh.lianjia.com/ershoufang/107101505849.html
浦东,周浦,龙泽家园,外环外,320,53566,2室1厅1厨2卫,59.74O,高楼层 (共6层),平层,南,一梯两户,精装,未知,钢混结构,无,,https://sh.lianjia.com/ershoufang/107100512421.html
浦东,周浦,安阁苑,外环外,260,36112,2室1厅1厨1卫,72O,低楼层 (共5层),平层,南,一梯两户,毛坯,未知,钢混结构,无,,https://sh.lianjia.com/ershoufang/107101384628.html
浦东,周浦,文苑新村,外环外,320,33742,3室1厅1厨1卫,94.84O,中楼层 (共5层),暂无数据,南 北,一梯两户,其他,70年,砖混结构,无,,https://sh.lianjia.com/ershoufang/107101022448.html
浦东,周浦,万达广场(周浦),外环外,92,21396,1室1厅1厨1卫,43O,中楼层 (共28层),暂无数据,北,一梯十六户,精装,50年,钢混结构,暂无数据,,https://sh.lianjia.com/ershoufang/107000866637.html
浦东,周浦,南郊花园东区,外环外,350,42174,2室1厅1厨1卫,82.99O,中楼层 (共11层),暂无数据,南,两梯六户,其他,70年,钢混结构,有,,https://sh.lianjia.com/ershoufang/107101354085.html
浦东,周浦,康林公寓,外环外,380,35098,4室2厅0厨2卫,108.27O,高楼层 (共6层),暂无数据,南,一梯两户,其他,未知,砖混结构,无,,https://sh.lianjia.com/ershoufang/107101440856.html
浦东,周浦,中金海棠湾(公寓),外环外,430,42524,3室1厅1厨1卫,101.12O,低楼层 (共18层),平层,南,一梯两户,毛坯,70年,钢混结构,有,,https://sh.lianjia.com/ershoufang/107101142323.html
浦东,周浦,桃园新城中虹佳园,外环外,205,35492,1室1厅1厨1卫,57.76O,低楼层 (共14层),平层,南,一梯两户,简装,70年,钢混结构,有,,https://sh.lianjia.com/ershoufang/107101453161.html
浦东,周浦,九龙仓兰廷,外环外,780,59835,4室2厅1厨2卫,130.36O,中楼层 (共18层),平层,南,一梯两户,精装,70年,钢混结构,暂无数据,,https://sh.lianjia.com/ershoufang/107101078973.html
浦东,周浦,圣鑫苑,外环外,400,36634,2室2厅1厨1卫,109.19O,高楼层 (共11层),平层,南,一梯两户,精装,未知,钢混结构,有,,https://sh.lianjia.com/ershoufang/107101474572.html
浦东,周浦,万达广场(周浦),外环外,128,20984,2室0厅1厨0卫,61O,中楼层 (共28层),暂无数据,东,一梯十一户,精装,50年,钢混结构,暂无数据,,https://sh.lianjia.com/ershoufang/107000955007.html
浦东,周浦,安阁苑,外环外,263,36211,2室1厅1厨1卫,72.63O,中楼层 (共6层),暂无数据,南,一梯两户,简装,未知,钢混结构,无,,https://sh.lianjia.com/ershoufang/107101452793.html
浦东,周浦,绿地东上海,外环外,645,50597,3室2厅1厨2卫,127.48O,高楼层 (共21层),平层,南,一梯两户,毛坯,70年,钢混结构,有,,https://sh.lianjia.com/ershoufang/107101469867.html
浦东,周浦,申雅苑,外环外,385,37038,3室2厅1厨1卫,103.95O,低楼层 (共6层),平层,南,一梯两户,简装,未知,钢混结构,无,,https://sh.lianjia.com/ershoufang/107100467232.html
浦东,周浦,创欣公寓,外环外,310,36796,2室2厅1厨1卫,84.25O,低楼层 (共6层),平层,南 北,一梯两户,精装,未知,钢混结构,无,,https://sh.lianjia.com/ershoufang/107100699605.html
浦东,周浦,汇枫公寓,外环外,220,38631,1室1厅1厨1卫,56.95O,中楼层 (共17层),暂无数据,南,两梯四户,毛坯,70年,钢混结构,有,,https://sh.lianjia.com/ershoufang/107100567399.html
浦东,周浦,桃园新城中城苑,外环外,255,32526,2室2厅1厨1卫,78.4O,低楼层 (共5层),平层,南,一梯两户,精装,未知,钢混结构,无,,https://sh.lianjia.com/ershoufang/107100974726.html
浦东,周浦,万达广场(周浦),外环外,105,18104,1室1厅1厨1卫,58O,高楼层 (共28层),暂无数据,南,一梯十九户,其他,50年,钢混结构,暂无数据,,https://sh.lianjia.com/ershoufang/107101180849.html
浦东,周浦,汇福家园吉祥里,外环外,265,35044,2室1厅1厨1卫,75.62O,高楼层 (共18层),平层,南,两梯四户,毛坯,未知,钢混结构,有,,https://sh.lianjia.com/ershoufang/107101243296.html
浦东,周浦,御沁园(公寓),外环外,800,22223,3室1厅1厨2卫,360O,低楼层 (共20层),平层,南,两梯两户,毛坯,70年,钢混结构,有,,https://sh.lianjia.com/ershoufang/107100705918.html
浦东,周浦,周东一村,外环外,225,40910,3室2厅1厨1卫,55O,中楼层 (共5层),平层,南,一梯两户,精装,70年,砖混结构,无,,https://sh.lianjia.com/ershoufang/107100980507.html
浦东,周浦,鑫源物业小区,外环外,250,34219,2室1厅1厨1卫,73.06O,高楼层 (共6层),平层,南,一梯两户,简装,未知,砖混结构,无,,https://sh.lianjia.com/ershoufang/107101477392.html
浦东,周浦,中金海棠湾(公寓),外环外,670,47858,3室2厅1厨2卫,140O,中楼层 (共7层),平层,南 北,一梯两户,精装,70年,钢混结构,暂无数据,,https://sh.lianjia.com/ershoufang/107101290441.html
浦东,周浦,莫奈庄园,外环外,1790,55570,6室3厅1厨4卫,322.12O,低楼层 (共3层),,南,,精装,未知,钢混结构,,联排,https://sh.lianjia.com/ershoufang/107100204293.html
浦东,周浦,瑞和苑,外环外,192,35262,1室1厅1厨1卫,54.45O,中楼层 (共14层),暂无数据,南,一梯四户,简装,未知,钢混结构,有,,https://sh.lianjia.com/ershoufang/107100540293.html
浦东,周浦,绿地东上海,外环外,460,51668,2室2厅1厨1卫,89.03O,低楼层 (共21层),平层,南,一梯三户,精装,70年,钢混结构,有,,https://sh.lianjia.com/ershoufang/107101460186.html
浦东,周浦,汇丽苑,外环外,485,33016,3室2厅1厨2卫,146.9O,低楼层 (共6层),暂无数据,南,一梯两户,简装,未知,钢混结构,无,,https://sh.lianjia.com/ershoufang/107101122741.html
浦东,周浦,万达广场(周浦),外环外,125,21552,1室1厅1厨1卫,58O,低楼层 (共28层),暂无数据,南,一梯十八户,其他,50年,钢混结构,暂无数据,,https://sh.lianjia.com/ershoufang/107101448234.html
浦东,周浦,东南三村,外环外,170,34254,1室1厅1厨1卫,49.63O,中楼层 (共5层),平层,南,一梯四户,简装,未知,砖混结构,无,,https://sh.lianjia.com/ershoufang/107101135525.html
浦东,周浦,周东一村,外环外,192,37648,2室1厅1厨1卫,51O,中楼层 (共6层),平层,东,一梯四户,简装,70年,砖混结构,无,,https://sh.lianjia.com/ershoufang/107101332301.html
浦东,周浦,瑞和苑,外环外,233,31242,2室1厅1厨1卫,74.58O,低楼层 (共14层),平层,南,一梯四户,精装,未知,钢混结构,有,,https://sh.lianjia.com/ershoufang/107101220769.html
浦东,周浦,印象春城,外环外,440,49439,2室2厅1厨1卫,89O,低楼层 (共18层),平层,南,两梯四户,精装,未知,钢混结构,有,,https://sh.lianjia.com/ershoufang/107000656641.html
浦东,周浦,绿地景汇佳苑,外环外,565,47559,3室2厅1厨2卫,118.8O,中楼层 (共21层),平层,南,两梯四户,精装,70年,钢混结构,有,,https://sh.lianjia.com/ershoufang/107101501311.html
浦东,周浦,汇福家园兴盛里,外环外,185,33036,1室1厅1厨1卫,56O,高楼层 (共18层),暂无数据,南,两梯四户,其他,未知,未知结构,有,,https://sh.lianjia.com/ershoufang/107101431069.html
浦东,周浦,上南嘉园,外环外,320,47762,2室1厅1厨1卫,67O,中楼层 (共5层),平层,南,一梯两户,精装,未知,钢混结构,无,,https://sh.lianjia.com/ershoufang/107101204087.html
浦东,周浦,绿地东上海,外环外,430,42915,2室2厅1厨1卫,100.2O,低楼层 (共19层),平层,南,一梯两户,精装,70年,钢混结构,有,,https://sh.lianjia.com/ershoufang/107100387512.html
浦东,周浦,百花新村,外环外,263,32875,3室1厅1厨1卫,80O,高楼层 (共6层),平层,南,一梯两户,精装,70年,未知结构,暂无数据,,https://sh.lianjia.com/ershoufang/107002344453.html
浦东,周浦,沈默花苑,外环外,235,49277,1室1厅1厨1卫,47.69O,中楼层 (共5层),暂无数据,东南,一梯十八户,精装,未知,钢混结构,无,,https://sh.lianjia.com/ershoufang/107100585430.html
浦东,周浦,绿地东上海,外环外,720,49976,3室2厅1厨2卫,144.07O,低楼层 (共18层),平层,南,一梯两户,精装,未知,钢混结构,有,,https://sh.lianjia.com/ershoufang/107000582441.html
浦东,周浦,圣鑫苑,外环外,375,39907,2室2厅1厨1卫,93.97O,低楼层 (共11层),平层,南 北,一梯两户,精装,未知,钢混结构,有,,https://sh.lianjia.com/ershoufang/107100712088.html
浦东,周浦,绿地东上海,外环外,438,47833,2室2厅1厨1卫,91.57O,低楼层 (共17层),平层,南,一梯两户,精装,70年,钢混结构,有,,https://sh.lianjia.com/ershoufang/107100960478.html
浦东,周浦,中金海棠湾(别墅),外环外,1500,30801,4室2厅1厨3卫,487O,低楼层 (共4层),,南 北,,毛坯,70年,钢混结构,,暂无数据,https://sh.lianjia.com/ershoufang/107100700920.html
浦东,周浦,印象春城,外环外,380,43002,2室2厅1厨1卫,88.37O,低楼层 (共18层),平层,南,两梯四户,精装,70年,钢混结构,有,,https://sh.lianjia.com/ershoufang/107101264431.html
浦东,周浦,东南一村,外环外,250,33468,2室1厅1厨1卫,74.7O,中楼层 (共5层),暂无数据,南,一梯两户,简装,未知,砖混结构,无,,https://sh.lianjia.com/ershoufang/107001213051.html
浦东,周浦,汇福家园安康里(东区),外环外,183,30359,1室1厅1厨1卫,60.28O,低楼层 (共25层),平层,南,两梯五户,毛坯,70年,钢混结构,有,,https://sh.lianjia.com/ershoufang/107101191140.html
浦东,周浦,南郊花园(公寓),外环外,770,43750,4室2厅1厨2卫,176O,高楼层 (共6层),暂无数据,南,一梯两户,其他,未知,钢混结构,无,,https://sh.lianjia.com/ershoufang/107101044333.html
浦东,周浦,万达广场(周浦),外环外,108,25117,1室1厅1厨1卫,43O,中楼层 (共28层),暂无数据,暂无数据,一梯十九户,其他,50年,钢混结构,暂无数据,,https://sh.lianjia.com/ershoufang/107002245061.html
浦东,周浦,九龙仓兰廷,外环外,760,58462,4室1厅1厨2卫,130O,中楼层 (共18层),平层,南,一梯两户,精装,70年,钢混结构,暂无数据,,https://sh.lianjia.com/ershoufang/107101331509.html
浦东,周浦,欧风家园,外环外,270,38315,2室1厅1厨1卫,70.47O,中楼层 (共6层),平层,南 北,一梯两户,简装,70年,钢混结构,无,,https://sh.lianjia.com/ershoufang/107101402176.html
浦东,周浦,东南一村,外环外,165,32014,2室1厅1厨1卫,51.54O,高楼层 (共5层),平层,南,一梯四户,简装,70年,砖混结构,无,,https://sh.lianjia.com/ershoufang/107101450840.html
浦东,周浦,绿地东上海,外环外,530,42064,3室2厅1厨2卫,126O,低楼层 (共21层),暂无数据,南,一梯两户,毛坯,70年,钢混结构,有,,https://sh.lianjia.com/ershoufang/107002134869.html
浦东,周浦,安阁苑,外环外,340,35987,3室2厅1厨1卫,94.48O,高楼层 (共6层),平层,南,一梯两户,毛坯,未知,钢混结构,无,,https://sh.lianjia.com/ershoufang/107100609836.html
浦东,周浦,莫奈庄园,外环外,1650,45569,5室2厅1厨4卫,362.09O,低楼层 (共3层),,南 北,,毛坯,未知,钢混结构,,联排,https://sh.lianjia.com/ershoufang/107101174951.html
浦东,周浦,绿地东上海,外环外,480,47549,2室2厅1厨1卫,100.95O,低楼层 (共14层),平层,南,一梯两户,精装,70年,钢混结构,有,,https://sh.lianjia.com/ershoufang/107101387086.html
浦东,周浦,欧风家园,外环外,345,36474,3室2厅1厨1卫,94.59O,中楼层 (共5层),平层,南 北,一梯两户,精装,未知,钢混结构,无,,https://sh.lianjia.com/ershoufang/107101412600.html
浦东,周浦,印象春城,外环外,428,46381,2室2厅1厨1卫,92.28O,低楼层 (共18层),平层,南,两梯三户,精装,未知,钢混结构,有,,https://sh.lianjia.com/ershoufang/107101245282.html
浦东,周浦,万达广场(周浦),外环外,165,19187,1室1厅1厨1卫,86O,低楼层 (共29层),暂无数据,西,一梯十二户,其他,50年,钢混结构,暂无数据,,https://sh.lianjia.com/ershoufang/107101185627.html
浦东,周浦,桃园新城中城苑,外环外,255,35491,2室1厅1厨1卫,71.85O,低楼层 (共5层),平层,南,一梯两户,简装,未知,钢混结构,无,,https://sh.lianjia.com/ershoufang/107101327928.html
浦东,周浦,小上海新城,外环外,385,38051,2室2厅1厨1卫,101.18O,低楼层 (共6层),平层,南,一梯两户,简装,未知,钢混结构,无,,https://sh.lianjia.com/ershoufang/107100049835.html
浦东,周浦,保利艾庐,外环外,370,43736,3室2厅1厨1卫,84.6O,中楼层 (共18层),平层,南 北,一梯两户,精装,未知,钢混结构,暂无数据,,https://sh.lianjia.com/ershoufang/107101377206.html
浦东,周浦,汇丽苑,外环外,318,41203,2室1厅1厨1卫,77.18O,中楼层 (共6层),平层,南,一梯两户,精装,未知,钢混结构,无,,https://sh.lianjia.com/ershoufang/107101311861.html
浦东,周浦,绿地梧桐院(别墅),外环外,1500,44033,4室2厅1厨3卫,340.66O,低楼层 (共12层),,南,,精装,70年,钢混结构,,联排,https://sh.lianjia.com/ershoufang/107001740989.html
浦东,周浦,南郊花园东区,外环外,308,37113,2室2厅1厨1卫,82.99O,中楼层 (共11层),平层,南,两梯六户,毛坯,70年,钢混结构,有,,https://sh.lianjia.com/ershoufang/107100331085.html
浦东,周浦,鑫源物业小区,外环外,370,28721,3室2厅1厨2卫,128.83O,低楼层 (共6层),平层,南 北,一梯两户,毛坯,未知,砖混结构,无,,https://sh.lianjia.com/ershoufang/107101354264.html
浦东,周浦,阳光城丽景湾,外环外,800,52288,3室2厅1厨3卫,153O,低楼层 (共3层),暂无数据,南,一梯两户,精装,70年,钢混结构,无,,https://sh.lianjia.com/ershoufang/107101340040.html
浦东,周浦,桃园新城中城苑,外环外,270,34439,2室2厅1厨1卫,78.4O,低楼层 (共5层),平层,南,一梯两户,精装,未知,钢混结构,无,,https://sh.lianjia.com/ershoufang/107101199720.html
浦东,周浦,欧风家园,外环外,345,36703,3室2厅1厨1卫,94O,低楼层 (共12层),平层,南,一梯三户,精装,70年,钢混结构,有,,https://sh.lianjia.com/ershoufang/107101336788.html
浦东,周浦,明天华城,外环外,440,49589,2室2厅1厨1卫,88.73O,高楼层 (共16层),暂无数据,南,两梯三户,毛坯,70年,钢混结构,有,,https://sh.lianjia.com/ershoufang/107101419495.html
浦东,周浦,印象春城,外环外,385,43503,2室2厅1厨1卫,88.5O,低楼层 (共15层),平层,南,两梯四户,简装,70年,钢混结构,有,,https://sh.lianjia.com/ershoufang/107101276371.html
浦东,周浦,汇丽苑,外环外,560,33752,4室2厅1厨3卫,165.92O,高楼层 (共5层),暂无数据,南 北,一梯两户,精装,70年,钢混结构,无,,https://sh.lianjia.com/ershoufang/107100646220.html
浦东,周浦,瑞阳苑,外环外,265,36567,2室1厅1厨1卫,72.47O,高楼层 (共5层),平层,南,一梯两户,精装,未知,钢混结构,无,,https://sh.lianjia.com/ershoufang/107101464213.html
浦东,周浦,明天华城,外环外,450,46392,2室2厅1厨1卫,97O,低楼层 (共18层),平层,南 北,两梯三户,精装,70年,钢混结构,有,,https://sh.lianjia.com/ershoufang/107100321088.html
浦东,周浦,沈默花苑,外环外,650,29967,6室3厅1厨2卫,216.91O,高楼层 (共6层),暂无数据,南,一梯两户,精装,未知,钢混结构,无,,https://sh.lianjia.com/ershoufang/107000809045.html
浦东,周浦,小上海新城,外环外,360,47369,2室1厅1厨2卫,76O,高楼层 (共6层),暂无数据,南,一梯三户,精装,未知,钢混结构,无,,https://sh.lianjia.com/ershoufang/107002245083.html
浦东,周浦,万达广场(周浦),外环外,95,22620,1室1厅1厨1卫,42O,高楼层 (共28层),暂无数据,南,一梯十八户,其他,50年,钢混结构,暂无数据,,https://sh.lianjia.com/ershoufang/107100883001.html
浦东,周浦,瑞阳苑,外环外,195,35584,1室1厅1厨1卫,54.8O,中楼层 (共11层),暂无数据,南,一梯四户,精装,未知,钢混结构,有,,https://sh.lianjia.com/ershoufang/107002266003.html
浦东,周浦,梓潼新村,外环外,195,34447,2室1厅1厨1卫,56.61O,高楼层 (共6层),平层,南 北,一梯两户,简装,未知,砖混结构,无,,https://sh.lianjia.com/ershoufang/107101360285.html
浦东,周浦,菱翔苑,外环外,595,43613,3室2厅1厨2卫,136.43O,中楼层 (共14层),暂无数据,南,一梯两户,毛坯,未知,钢混结构,有,,https://sh.lianjia.com/ershoufang/107101148741.html
浦东,周浦,日月星城,外环外,255,38831,1室2厅1厨1卫,65.67O,高楼层 (共15层),平层,南,一梯四户,精装,未知,钢混结构,有,,https://sh.lianjia.com/ershoufang/107100610111.html
浦东,周浦,果园二村,外环外,485,43362,3室1厅1厨1卫,111.85O,中楼层 (共5层),平层,南 西北,一梯两户,精装,未知,砖混结构,无,,https://sh.lianjia.com/ershoufang/107101339055.html
浦东,周浦,安阁苑,外环外,242,37043,2室1厅1厨1卫,65.33O,低楼层 (共5层),平层,南,一梯两户,精装,未知,钢混结构,无,,https://sh.lianjia.com/ershoufang/107101505505.html
浦东,周浦,御沁园(公寓),外环外,830,47418,3室2厅1厨2卫,175.04O,中楼层 (共21层),暂无数据,南,两梯两户,简装,70年,钢混结构,有,,https://sh.lianjia.com/ershoufang/107101148693.html
浦东,周浦,汇福家园吉祥里,外环外,180,31425,1室1厅1厨1卫,57.28O,低楼层 (共18层),暂无数据,南,两梯四户,毛坯,未知,钢混结构,有,,https://sh.lianjia.com/ershoufang/107101473406.html
浦东,周浦,汇福家园吉祥里,外环外,197,34393,1室1厅1厨1卫,57.28O,高楼层 (共18层),暂无数据,南,两梯四户,其他,未知,钢混结构,有,,https://sh.lianjia.com/ershoufang/107101404424.html
浦东,周浦,东南二村,外环外,190,37580,2室1厅1厨1卫,50.56O,中楼层 (共5层),平层,南,一梯三户,精装,未知,砖混结构,无,,https://sh.lianjia.com/ershoufang/107101493487.html
浦东,周浦,颐谷北苑,外环外,310,33359,2室1厅1厨2卫,92.93O,中楼层 (共12层),暂无数据,南,一梯三户,毛坯,未知,钢混结构,暂无数据,,https://sh.lianjia.com/ershoufang/107101295635.html
浦东,周浦,安阁苑,外环外,208,38082,1室1厅1厨1卫,54.62O,高楼层 (共6层),平层,南 北,一梯两户,精装,未知,钢混结构,无,,https://sh.lianjia.com/ershoufang/107101481294.html
浦东,周浦,绿地东上海,外环外,540,43221,3室2厅1厨2卫,124.94O,低楼层 (共14层),暂无数据,南,一梯两户,精装,70年,钢混结构,有,,https://sh.lianjia.com/ershoufang/107002049385.html
浦东,周浦,莫奈庄园,外环外,1650,79638,4室2厅1厨4卫,207.19O,低楼层 (共3层),,南,,精装,未知,钢混结构,,联排,https://sh.lianjia.com/ershoufang/107101498039.html
浦东,周浦,中金海棠湾(公寓),外环外,405,40626,2室1厅1厨1卫,99.69O,中楼层 (共18层),平层,南,两梯四户,精装,70年,钢混结构,有,,https://sh.lianjia.com/ershoufang/107101185748.html
浦东,周浦,粤亮湾景苑,外环外,550,41295,3室2厅1厨2卫,133.19O,低楼层 (共18层),平层,南 北,两梯三户,简装,未知,钢混结构,有,,https://sh.lianjia.com/ershoufang/107100309636.html
浦东,周浦,圣鑫苑,外环外,405,43728,2室2厅1厨1卫,92.62O,低楼层 (共13层),平层,北 南,一梯两户,精装,未知,钢混结构,有,,https://sh.lianjia.com/ershoufang/107101458418.html
浦东,周浦,印象春城,外环外,410,46396,2室2厅1厨1卫,88.37O,中楼层 (共18层),平层,南,两梯四户,精装,70年,钢混结构,有,,https://sh.lianjia.com/ershoufang/107101289308.html
浦东,周浦,绿地东上海,外环外,480,47771,2室2厅1厨1卫,100.48O,低楼层 (共14层),平层,南,一梯两户,其他,70年,钢混结构,有,,https://sh.lianjia.com/ershoufang/107101293006.html
浦东,周浦,汇福家园兴盛里,外环外,249,31740,2室2厅1厨1卫,78.45O,高楼层 (共26层),暂无数据,南,两梯六户,毛坯,未知,未知结构,有,,https://sh.lianjia.com/ershoufang/107101119780.html
浦东,周浦,圣鑫苑,外环外,230,39364,1室1厅1厨1卫,58.43O,低楼层 (共18层),平层,南,一梯三户,精装,未知,钢混结构,有,,https://sh.lianjia.com/ershoufang/107101175820.html
浦东,周浦,中金海棠湾(公寓),外环外,450,37500,3室2厅1厨2卫,120O,低楼层 (共18层),平层,暂无数据,一梯两户,简装,70年,钢混结构,有,,https://sh.lianjia.com/ershoufang/107002344903.html
浦东,周浦,海通花苑,外环外,1050,41177,4室2厅1厨3卫,255O,低楼层 (共2层),,南 北,,精装,未知,砖混结构,,暂无数据,https://sh.lianjia.com/ershoufang/107101092406.html
浦东,周浦,桃园新城中虹佳园,外环外,275,38137,2室1厅1厨1卫,72.11O,中楼层 (共5层),平层,南,一梯两户,简装,70年,钢混结构,无,,https://sh.lianjia.com/ershoufang/107101299382.html
浦东,周浦,百花新村,外环外,310,35228,2室2厅1厨1卫,88O,高楼层 (共6层),平层,南,一梯两户,其他,未知,砖混结构,无,,https://sh.lianjia.com/ershoufang/107101452530.html
浦东,周浦,龙凤公寓,外环外,185,29530,1室1厅1厨1卫,62.65O,高楼层 (共5层),暂无数据,南,一梯两户,其他,未知,钢混结构,无,,https://sh.lianjia.com/ershoufang/107101327760.html
浦东,周浦,印象春城,外环外,400,45198,2室2厅1厨1卫,88.5O,中楼层 (共15层),平层,南,两梯四户,精装,70年,钢混结构,有,,https://sh.lianjia.com/ershoufang/107101078981.html
浦东,周浦,葡萄园新村,外环外,253,40807,2室1厅1厨1卫,62O,高楼层 (共6层),暂无数据,暂无数据,一梯两户,精装,未知,砖混结构,无,,https://sh.lianjia.com/ershoufang/107002228873.html
浦东,周浦,绿地东上海,外环外,470,52339,2室2厅1厨1卫,89.8O,低楼层 (共17层),平层,南,一梯两户,精装,70年,钢混结构,有,,https://sh.lianjia.com/ershoufang/107101291630.html
浦东,周浦,周浦新村,外环外,218,47392,1室1厅1厨1卫,46O,中楼层 (共5层),平层,南,一梯两户,毛坯,未知,砖混结构,无,,https://sh.lianjia.com/ershoufang/107100996398.html
浦东,周浦,欧风家园,外环外,232,36721,1室1厅1厨1卫,63.18O,中楼层 (共5层),平层,南,一梯两户,精装,未知,钢混结构,无,,https://sh.lianjia.com/ershoufang/107101312185.html
浦东,周浦,小上海新城,外环外,370,46836,2室1厅1厨1卫,79O,高楼层 (共12层),暂无数据,南,一梯三户,简装,未知,钢混结构,有,,https://sh.lianjia.com/ershoufang/107101195488.html
浦东,周浦,小上海新城,外环外,480,46154,3室2厅1厨1卫,104O,中楼层 (共18层),平层,南,一梯三户,精装,未知,钢混结构,有,,https://sh.lianjia.com/ershoufang/107101344653.html
浦东,周浦,御沁园(公寓),外环外,650,44457,3室2厅1厨2卫,146.21O,高楼层 (共20层),平层,南,两梯两户,毛坯,70年,钢混结构,有,,https://sh.lianjia.com/ershoufang/107100367885.html
浦东,周浦,菱翔苑,外环外,430,44722,2室2厅1厨1卫,96.15O,低楼层 (共14层),平层,南,一梯两户,精装,70年,钢混结构,有,,https://sh.lianjia.com/ershoufang/107100731498.html
浦东,周浦,安康新村,外环外,510,39081,5室2厅1厨2卫,130.5O,高楼层 (共5层),跃层,南,一梯两户,精装,未知,砖混结构,无,,https://sh.lianjia.com/ershoufang/107100612136.html
浦东,周浦,安阁苑,外环外,173,32391,1室1厅1厨1卫,53.41O,高楼层 (共6层),平层,南,一梯两户,简装,未知,钢混结构,无,,https://sh.lianjia.com/ershoufang/107100550137.html
浦东,周浦,汇丽苑,外环外,390,39534,3室2厅1厨1卫,98.65O,中楼层 (共6层),平层,南,一梯两户,简装,未知,钢混结构,无,,https://sh.lianjia.com/ershoufang/107101405793.html
浦东,周浦,莲花二村(别墅),外环外,1050,38603,7室3厅1厨4卫,272O,低楼层 (共2层),,南 北,,精装,未知,砖混结构,,暂无数据,https://sh.lianjia.com/ershoufang/107100371992.html
浦东,周浦,百花新村,外环外,255,37683,2室2厅1厨1卫,67.67O,低楼层 (共6层),平层,南 北,一梯两户,精装,未知,砖混结构,无,,https://sh.lianjia.com/ershoufang/107101064563.html
浦东,周浦,印象春城,外环外,430,46598,2室2厅1厨1卫,92.28O,高楼层 (共18层),平层,南 北,两梯三户,精装,未知,钢混结构,有,,https://sh.lianjia.com/ershoufang/107101053358.html
浦东,周浦,创欣公寓,外环外,440,34051,3室2厅1厨2卫,129.22O,中楼层 (共5层),平层,南,一梯两户,精装,未知,钢混结构,无,,https://sh.lianjia.com/ershoufang/107101150734.html
浦东,周浦,南郊花园(公寓),外环外,530,33763,4室2厅1厨2卫,156.98O,高楼层 (共6层),暂无数据,南,一梯两户,其他,未知,钢混结构,无,,https://sh.lianjia.com/ershoufang/107101318409.html
浦东,周浦,圣鑫苑,外环外,420,45162,2室2厅1厨1卫,93O,低楼层 (共11层),平层,南 北,一梯两户,精装,未知,钢混结构,有,,https://sh.lianjia.com/ershoufang/107100725627.html
浦东,周浦,菱翔苑,外环外,435,43241,2室2厅1厨2卫,100.6O,低楼层 (共12层),平层,南,一梯两户,精装,未知,钢混结构,有,,https://sh.lianjia.com/ershoufang/107101415852.html
浦东,周浦,保利艾庐,外环外,800,51283,4室2厅1厨4卫,156O,低楼层 (共3层),跃层,南,一梯两户,精装,未知,钢混结构,无,,https://sh.lianjia.com/ershoufang/107101438179.html
浦东,周浦,明天华城,外环外,435,49539,2室2厅1厨1卫,87.81O,高楼层 (共18层),暂无数据,南,两梯三户,简装,未知,钢混结构,有,,https://sh.lianjia.com/ershoufang/107101301843.html
浦东,周浦,印象春城,外环外,410,46068,2室1厅1厨1卫,89O,高楼层 (共18层),暂无数据,南,两梯四户,精装,未知,钢混结构,有,,https://sh.lianjia.com/ershoufang/107101297953.html
浦东,周浦,南郊花园(别墅),外环外,930,58173,3室2厅1厨3卫,159.87O,低楼层 (共1层),,南,,精装,未知,钢混结构,,联排,https://sh.lianjia.com/ershoufang/107101002478.html
浦东,周浦,东南三村,外环外,250,37153,2室1厅1厨1卫,67.29O,中楼层 (共5层),暂无数据,南,一梯两户,简装,70年,砖混结构,无,,https://sh.lianjia.com/ershoufang/107101514310.html
浦东,周浦,绿地东海岸时尚广场,外环外,160,30770,1室1厅1厨2卫,52O,中楼层 (共13层),暂无数据,北,一梯二十二户,其他,未知,钢混结构,暂无数据,,https://sh.lianjia.com/ershoufang/107101325282.html
浦东,周浦,万达广场(周浦),外环外,118,20345,1室1厅1厨1卫,58O,高楼层 (共28层),平层,南,一梯十一户,其他,50年,钢混结构,暂无数据,,https://sh.lianjia.com/ershoufang/107101338195.html
浦东,周浦,汇腾南苑,外环外,270,34126,2室1厅1厨1卫,79.12O,低楼层 (共14层),平层,南 北,一梯四户,其他,70年,钢混结构,有,,https://sh.lianjia.com/ershoufang/107101514882.html
浦东,周浦,南郊花园(公寓),外环外,470,38914,3室2厅1厨2卫,120.78O,低楼层 (共6层),平层,南,一梯两户,毛坯,未知,钢混结构,无,,https://sh.lianjia.com/ershoufang/107001056709.html
浦东,周浦,创欣公寓,外环外,350,40258,2室1厅1厨1卫,86.94O,中楼层 (共6层),平层,南,一梯两户,简装,未知,钢混结构,无,,https://sh.lianjia.com/ershoufang/107101256113.html
浦东,周浦,永恒公寓,外环外,268,40000,2室1厅1厨1卫,67O,低楼层 (共6层),暂无数据,南,一梯两户,其他,70年,砖混结构,无,,https://sh.lianjia.com/ershoufang/107101467171.html
浦东,周浦,加盟圣蓝,外环外,410,31144,3室2厅1厨2卫,131.65O,中楼层 (共6层),平层,南,一梯两户,简装,未知,砖混结构,无,,https://sh.lianjia.com/ershoufang/107101281160.html
浦东,周浦,桃园新城中虹佳园,外环外,340,35991,3室1厅1厨1卫,94.47O,中楼层 (共5层),平层,南,一梯两户,精装,70年,钢混结构,无,,https://sh.lianjia.com/ershoufang/107101440214.html
浦东,周浦,瑞和苑,外环外,248,32376,2室1厅1厨1卫,76.6O,中楼层 (共14层),平层,南,一梯四户,精装,未知,钢混结构,有,,https://sh.lianjia.com/ershoufang/107101155767.html
浦东,周浦,东南二村,外环外,165,32353,2室1厅1厨1卫,51O,高楼层 (共5层),平层,暂无数据,一梯三户,简装,未知,砖混结构,无,,https://sh.lianjia.com/ershoufang/107002246963.html
浦东,周浦,周东公寓,外环外,275,37770,2室1厅1厨1卫,72.81O,高楼层 (共6层),平层,南,一梯两户,简装,未知,砖混结构,无,,https://sh.lianjia.com/ershoufang/107101063598.html
浦东,周浦,安康新村,外环外,320,37577,3室1厅1厨1卫,85.16O,中楼层 (共6层),平层,南 北,一梯两户,简装,未知,砖混结构,无,,https://sh.lianjia.com/ershoufang/107101262579.html
浦东,周浦,中金海棠湾(公寓),外环外,510,42858,3室2厅1厨2卫,119O,低楼层 (共18层),平层,南,一梯两户,毛坯,70年,钢混结构,暂无数据,,https://sh.lianjia.com/ershoufang/107101096996.html
浦东,周浦,瑞阳苑,外环外,210,35000,1室1厅1厨1卫,60O,中楼层 (共11层),平层,南,一梯四户,精装,未知,钢混结构,有,,https://sh.lianjia.com/ershoufang/107101265864.html
浦东,周浦,汇福家园吉祥里,外环外,415,35956,3室2厅1厨2卫,115.42O,低楼层 (共16层),暂无数据,南,两梯三户,精装,未知,钢混结构,有,,https://sh.lianjia.com/ershoufang/107101298211.html
浦东,周浦,绿地东上海,外环外,1120,47940,6室2厅1厨2卫,233.63O,高楼层 (共18层),暂无数据,南,一梯两户,精装,未知,钢混结构,有,,https://sh.lianjia.com/ershoufang/107100368838.html
浦东,周浦,圣鑫苑,外环外,375,37837,2室2厅1厨2卫,99.11O,高楼层 (共11层),平层,南,一梯三户,精装,未知,钢混结构,有,,https://sh.lianjia.com/ershoufang/107101414155.html
浦东,周浦,万达广场(周浦),外环外,100,23256,1室1厅1厨1卫,43O,高楼层 (共28层),暂无数据,暂无数据,一梯十二户,其他,50年,钢混结构,暂无数据,,https://sh.lianjia.com/ershoufang/107002272219.html
浦东,周浦,颐谷北苑,外环外,285,37709,2室2厅1厨1卫,75.58O,高楼层 (共6层),平层,南,一梯两户,毛坯,未知,钢混结构,无,,https://sh.lianjia.com/ershoufang/107101430525.html
浦东,周浦,琉森公馆,外环外,260,25344,2室2厅1厨1卫,102.59O,中楼层 (共11层),暂无数据,南,一梯十三户,其他,50年,未知结构,暂无数据,,https://sh.lianjia.com/ershoufang/107101497998.html
浦东,周浦,上南嘉园,外环外,350,47946,2室1厅1厨1卫,73O,高楼层 (共6层),暂无数据,南,一梯两户,精装,未知,钢混结构,无,,https://sh.lianjia.com/ershoufang/107101416732.html
浦东,周浦,安康新村,外环外,380,42167,2室1厅1厨1卫,90.12O,低楼层 (共5层),平层,南,一梯两户,其他,70年,砖混结构,无,,https://sh.lianjia.com/ershoufang/107100525571.html
浦东,周浦,中金海棠湾(别墅),外环外,1450,31454,5室2厅1厨4卫,461O,低楼层 (共4层),,南 北,,毛坯,70年,钢混结构,,暂无数据,https://sh.lianjia.com/ershoufang/107101110032.html
浦东,周浦,欧风家园,外环外,290,37939,2室1厅0厨1卫,76.44O,中楼层 (共5层),平层,南 北,一梯两户,精装,70年,钢混结构,无,,https://sh.lianjia.com/ershoufang/107101451782.html
浦东,周浦,汇腾东苑,外环外,285,36022,2室1厅1厨1卫,79.12O,高楼层 (共14层),暂无数据,南,一梯四户,简装,未知,钢混结构,有,,https://sh.lianjia.com/ershoufang/107101300562.html
浦东,周浦,万达广场(周浦),外环外,116,20000,1室1厅1厨1卫,58O,中楼层 (共28层),暂无数据,南,一梯十六户,其他,50年,钢混结构,暂无数据,,https://sh.lianjia.com/ershoufang/107101215418.html
浦东,周浦,圣鑫苑,外环外,500,38131,3室2厅1厨1卫,131.13O,低楼层 (共18层),平层,南 北,一梯两户,精装,未知,钢混结构,有,,https://sh.lianjia.com/ershoufang/107100792308.html
浦东,周浦,欧风家园,外环外,285,37575,2室1厅1厨1卫,75.85O,高楼层 (共5层),复式,南,一梯两户,精装,70年,钢混结构,无,,https://sh.lianjia.com/ershoufang/107100255158.html
浦东,周浦,瑞和苑,外环外,240,32415,2室1厅1厨1卫,74.04O,低楼层 (共14层),暂无数据,南,一梯三户,简装,未知,钢混结构,有,,https://sh.lianjia.com/ershoufang/107101469698.html
浦东,周浦,新育公寓,外环外,210,38134,1室1厅1厨1卫,55.07O,高楼层 (共6层),平层,南,一梯两户,精装,未知,砖混结构,无,,https://sh.lianjia.com/ershoufang/107100759255.html
浦东,周浦,印象春城,外环外,400,45337,2室1厅1厨1卫,88.23O,中楼层 (共18层),平层,南,两梯四户,精装,未知,钢混结构,有,,https://sh.lianjia.com/ershoufang/107100871826.html
浦东,周浦,万达广场(周浦),外环外,85,19768,1室1厅1厨1卫,43O,低楼层 (共28层),平层,北,一梯十九户,精装,50年,钢混结构,暂无数据,,https://sh.lianjia.com/ershoufang/107000814589.html
浦东,周浦,绿地东上海,外环外,685,49381,3室2厅1厨2卫,138.72O,低楼层 (共14层),暂无数据,南,一梯两户,其他,未知,钢混结构,有,,https://sh.lianjia.com/ershoufang/107101368229.html
浦东,周浦,绿地东上海,外环外,480,48945,2室2厅1厨1卫,98.07O,低楼层 (共14层),暂无数据,南,一梯两户,其他,70年,钢混结构,有,,https://sh.lianjia.com/ershoufang/107101493524.html
浦东,周浦,万达广场(周浦),外环外,110,25859,1室0厅1厨1卫,42.54O,低楼层 (共28层),暂无数据,南,一梯十八户,精装,50年,钢混结构,暂无数据,,https://sh.lianjia.com/ershoufang/107000830529.html
浦东,周浦,绿地东上海,外环外,335,49815,2室1厅1厨1卫,67.25O,低楼层 (共17层),平层,南,一梯两户,毛坯,70年,钢混结构,有,,https://sh.lianjia.com/ershoufang/107100197299.html
浦东,周浦,富康苑,外环外,520,40118,3室2厅1厨2卫,129.62O,低楼层 (共6层),平层,南,一梯两户,精装,70年,钢混结构,无,,https://sh.lianjia.com/ershoufang/107100734534.html
浦东,周浦,百花新村,外环外,270,38528,2室1厅1厨1卫,70.08O,中楼层 (共5层),平层,南 北,一梯两户,精装,未知,砖混结构,无,,https://sh.lianjia.com/ershoufang/107101244468.html
浦东,周浦,阳光城丽景湾,外环外,550,58511,3室2厅1厨1卫,94O,高楼层 (共11层),平层,南,一梯两户,精装,70年,钢混结构,暂无数据,,https://sh.lianjia.com/ershoufang/107101241687.html
浦东,周浦,小上海新城,外环外,548,41478,3室1厅1厨1卫,132.12O,低楼层 (共12层),暂无数据,南 北,一梯两户,简装,未知,钢混结构,有,,https://sh.lianjia.com/ershoufang/107101374532.html
浦东,周浦,繁荣安居,外环外,390,40444,2室2厅1厨1卫,96.43O,低楼层 (共6层),暂无数据,南,一梯两户,简装,70年,钢混结构,无,,https://sh.lianjia.com/ershoufang/107002124955.html
浦东,周浦,小上海新城,外环外,630,37952,5室2厅1厨2卫,166O,高楼层 (共18层),暂无数据,南,一梯三户,其他,未知,钢混结构,有,,https://sh.lianjia.com/ershoufang/107101417890.html
浦东,周浦,菱翔苑,外环外,360,39131,3室2厅1厨1卫,92O,中楼层 (共6层),暂无数据,南 北,一梯两户,精装,未知,砖混结构,无,,https://sh.lianjia.com/ershoufang/107100838976.html
浦东,周浦,绿地东上海,外环外,740,52647,3室2厅1厨2卫,140.56O,高楼层 (共14层),暂无数据,南,一梯两户,毛坯,未知,钢混结构,有,,https://sh.lianjia.com/ershoufang/107101332083.html
浦东,周浦,桃园新城中虹佳园,外环外,365,34935,3室2厅0厨1卫,104.48O,低楼层 (共5层),暂无数据,南,一梯两户,其他,70年,钢混结构,无,,https://sh.lianjia.com/ershoufang/107101519909.html
浦东,周浦,欧风家园,外环外,370,38948,3室2厅1厨1卫,95O,高楼层 (共5层),暂无数据,南,一梯两户,精装,未知,钢混结构,无,,https://sh.lianjia.com/ershoufang/107002113489.html
浦东,周浦,汇丽苑,外环外,450,36840,3室2厅1厨2卫,122.15O,高楼层 (共6层),平层,南,一梯两户,精装,未知,钢混结构,无,,https://sh.lianjia.com/ershoufang/107100287937.html
浦东,周浦,富康苑,外环外,320,40620,2室2厅1厨1卫,78.78O,中楼层 (共14层),平层,南 北,一梯两户,简装,未知,钢混结构,暂无数据,,https://sh.lianjia.com/ershoufang/107101416540.html
浦东,周浦,汇丽苑,外环外,430,37697,3室2厅1厨1卫,114.07O,高楼层 (共12层),平层,南,一梯四户,精装,未知,钢混结构,有,,https://sh.lianjia.com/ershoufang/107101402153.html
浦东,周浦,桃园新城中城苑,外环外,265,34659,2室2厅1厨1卫,76.46O,低楼层 (共6层),平层,南,一梯两户,精装,未知,钢混结构,无,,https://sh.lianjia.com/ershoufang/107101361876.html
浦东,周浦,绿地东上海,外环外,680,49498,3室2厅1厨2卫,137.38O,低楼层 (共18层),暂无数据,南,一梯两户,其他,未知,钢混结构,有,,https://sh.lianjia.com/ershoufang/107101450561.html
浦东,周浦,周东二村,外环外,265,33545,3室1厅1厨1卫,79O,中楼层 (共6层),平层,南,一梯两户,简装,未知,砖混结构,无,,https://sh.lianjia.com/ershoufang/107101412061.html
浦东,周浦,绿地东上海,外环外,480,47771,2室2厅1厨1卫,100.48O,中楼层 (共14层),暂无数据,南,一梯两户,毛坯,70年,钢混结构,有,,https://sh.lianjia.com/ershoufang/107101232564.html
浦东,周浦,安阁苑,外环外,265,37038,2室1厅1厨1卫,71.55O,低楼层 (共6层),平层,南 北,一梯两户,其他,未知,钢混结构,无,,https://sh.lianjia.com/ershoufang/107101323683.html
浦东,周浦,九龙仓兰廷,外环外,508,56811,3室2厅1厨1卫,89.42O,低楼层 (共18层),平层,南,一梯两户,精装,70年,钢混结构,暂无数据,,https://sh.lianjia.com/ershoufang/107101409246.html
浦东,周浦,万达广场(周浦),外环外,145,24618,1室1厅1厨1卫,58.9O,高楼层 (共28层),暂无数据,南,一梯十九户,精装,50年,钢混结构,暂无数据,,https://sh.lianjia.com/ershoufang/107000888761.html
浦东,周浦,创欣公寓,外环外,420,33403,3室2厅1厨2卫,125.74O,低楼层 (共5层),平层,南,一梯两户,简装,未知,钢混结构,无,,https://sh.lianjia.com/ershoufang/107101417544.html
浦东,周浦,琉森公馆,外环外,310,31466,2室2厅1厨2卫,98.52O,中楼层 (共11层),暂无数据,南,一梯十三户,其他,50年,未知结构,暂无数据,,https://sh.lianjia.com/ershoufang/107100486806.html
浦东,周浦,绿地东上海,外环外,495,50671,2室2厅0厨1卫,97.69O,中楼层 (共14层),平层,南,一梯两户,精装,70年,钢混结构,有,,https://sh.lianjia.com/ershoufang/107101440960.html
浦东,周浦,绿地东上海,外环外,670,52756,3室2厅1厨2卫,127O,高楼层 (共21层),平层,南,一梯两户,精装,70年,钢混结构,有,,https://sh.lianjia.com/ershoufang/107101244230.html
浦东,周浦,繁荣安居,外环外,230,40351,2室1厅1厨1卫,57O,低楼层 (共5层),平层,南 北,一梯两户,简装,70年,钢混结构,无,,https://sh.lianjia.com/ershoufang/107101357671.html
浦东,周浦,绿地景汇佳苑,外环外,930,45983,4室2厅1厨2卫,202.25O,低楼层 (共18层),暂无数据,南,一梯两户,精装,70年,钢混结构,有,,https://sh.lianjia.com/ershoufang/107101136472.html
浦东,周浦,公元新村,外环外,190,34901,2室1厅1厨1卫,54.44O,高楼层 (共6层),平层,南,一梯六户,简装,未知,砖混结构,无,,https://sh.lianjia.com/ershoufang/107100850676.html
浦东,周浦,汇丽苑,外环外,450,38992,3室2厅1厨1卫,115.41O,低楼层 (共12层),平层,南 北,一梯四户,精装,未知,钢混结构,有,,https://sh.lianjia.com/ershoufang/107101385648.html
浦东,周浦,公元新村,外环外,160,39891,1室1厅1厨1卫,40.11O,高楼层 (共5层),平层,南,一梯六户,精装,未知,砖混结构,无,,https://sh.lianjia.com/ershoufang/107101165514.html
浦东,周浦,印象春城,外环外,390,44369,2室1厅1厨1卫,87.9O,高楼层 (共18层),平层,南,两梯四户,简装,未知,钢混结构,有,,https://sh.lianjia.com/ershoufang/107101259596.html
浦东,周浦,金源商厦,外环外,320,32990,3室2厅1厨1卫,97O,中楼层 (共6层),暂无数据,南,一梯两户,简装,70年,砖混结构,无,,https://sh.lianjia.com/ershoufang/107101199695.html
浦东,周浦,瑞阳苑,外环外,208,34702,1室1厅1厨1卫,59.94O,中楼层 (共11层),平层,南 北,一梯四户,毛坯,未知,钢混结构,有,,https://sh.lianjia.com/ershoufang/107101406907.html
浦东,周浦,公元三村,外环外,339,28620,3室1厅1厨1卫,118.45O,高楼层 (共5层),平层,南 北,一梯两户,简装,70年,砖混结构,无,,https://sh.lianjia.com/ershoufang/107101211098.html
浦东,周浦,中金海棠湾(公寓),外环外,460,46130,2室2厅1厨1卫,99.72O,低楼层 (共18层),暂无数据,南,两梯四户,其他,70年,钢混结构,有,,https://sh.lianjia.com/ershoufang/107101480020.html
浦东,周浦,周东一村,外环外,188,36392,2室1厅1厨1卫,51.66O,中楼层 (共5层),平层,南,一梯三户,简装,70年,砖混结构,无,,https://sh.lianjia.com/ershoufang/107101341447.html
浦东,周浦,阳光城丽景湾,外环外,528,30000,3室2厅1厨2卫,176O,低楼层 (共11层),暂无数据,南 北,一梯两户,精装,70年,钢混结构,暂无数据,,https://sh.lianjia.com/ershoufang/107101200168.html
浦东,周浦,印象春城,外环外,440,49201,2室2厅1厨1卫,89.43O,高楼层 (共18层),平层,南,两梯四户,精装,未知,钢混结构,有,,https://sh.lianjia.com/ershoufang/107100179399.html
浦东,周浦,公元新村,外环外,195,37307,2室1厅1厨1卫,52.27O,高楼层 (共6层),平层,南,一梯四户,简装,未知,砖混结构,无,,https://sh.lianjia.com/ershoufang/107101206163.html
浦东,周浦,桃园新城中城苑,外环外,258,33948,2室2厅1厨1卫,76O,高楼层 (共5层),平层,南,一梯两户,简装,未知,钢混结构,无,,https://sh.lianjia.com/ershoufang/107101118942.html
浦东,周浦,印象春城,外环外,510,44248,2室2厅1厨1卫,115.26O,高楼层 (共18层),平层,南,两梯三户,简装,未知,钢混结构,有,,https://sh.lianjia.com/ershoufang/107100548671.html
浦东,周浦,汇福家园兴盛里,外环外,265,34389,2室2厅1厨1卫,77.06O,低楼层 (共18层),平层,南 北,两梯四户,毛坯,未知,未知结构,有,,https://sh.lianjia.com/ershoufang/107101381476.html
浦东,周浦,信诚丽都苑,外环外,245,38877,1室1厅1厨1卫,63.02O,中楼层 (共18层),平层,南,两梯七户,毛坯,未知,钢混结构,有,,https://sh.lianjia.com/ershoufang/107101050026.html
浦东,周浦,保利艾庐,外环外,900,57693,4室2厅1厨3卫,156O,低楼层 (共3层),暂无数据,南 北,一梯两户,精装,未知,钢混结构,无,,https://sh.lianjia.com/ershoufang/107101055287.html
浦东,周浦,绿地东上海,外环外,480,50421,2室2厅1厨1卫,95.2O,中楼层 (共14层),暂无数据,南,一梯两户,简装,70年,钢混结构,有,,https://sh.lianjia.com/ershoufang/107101411792.html
浦东,周浦,安康新村,外环外,230,37411,2室1厅1厨1卫,61.48O,中楼层 (共5层),平层,南,一梯两户,精装,未知,砖混结构,无,,https://sh.lianjia.com/ershoufang/107100618096.html
浦东,周浦,瑞阳苑,外环外,255,33942,2室1厅1厨1卫,75.13O,低楼层 (共11层),平层,南 北,一梯两户,毛坯,未知,钢混结构,有,,https://sh.lianjia.com/ershoufang/107100738718.html
浦东,周浦,绿地东上海,外环外,599,44822,3室2厅1厨2卫,133.64O,中楼层 (共18层),平层,南,两梯两户,毛坯,70年,钢混结构,有,,https://sh.lianjia.com/ershoufang/107101256446.html
浦东,周浦,瑞和苑,外环外,195,35813,1室1厅1厨1卫,54.45O,中楼层 (共14层),平层,南,一梯四户,精装,未知,钢混结构,有,,https://sh.lianjia.com/ershoufang/107101503408.html
浦东,周浦,汇枫公寓,外环外,300,38992,2室1厅1厨1卫,76.94O,高楼层 (共17层),平层,南 北,两梯四户,毛坯,70年,钢混结构,有,,https://sh.lianjia.com/ershoufang/107101422739.html
浦东,周浦,御沁园(别墅),外环外,1250,53607,5室3厅1厨5卫,233.18O,低楼层 (共3层),,南,,精装,70年,钢混结构,,联排,https://sh.lianjia.com/ershoufang/107100237008.html
浦东,周浦,公元三村,外环外,300,35166,2室2厅1厨2卫,85.31O,低楼层 (共6层),平层,南,一梯两户,精装,未知,砖混结构,无,,https://sh.lianjia.com/ershoufang/107101245285.html
浦东,周浦,欧风家园,外环外,340,32870,3室2厅1厨1卫,103.44O,低楼层 (共11层),平层,南,一梯三户,毛坯,70年,钢混结构,有,,https://sh.lianjia.com/ershoufang/107101140464.html
浦东,周浦,欧风家园,外环外,260,34019,2室1厅1厨1卫,76.43O,低楼层 (共5层),平层,南,一梯两户,毛坯,70年,钢混结构,无,,https://sh.lianjia.com/ershoufang/107101177068.html
浦东,周浦,御沁园(别墅),外环外,1150,51973,5室2厅1厨5卫,221.27O,低楼层 (共3层),,南,,精装,70年,钢混结构,,联排,https://sh.lianjia.com/ershoufang/107101012596.html
浦东,周浦,瑞阳苑,外环外,269,34051,2室1厅1厨1卫,79O,高楼层 (共11层),暂无数据,南,一梯三户,其他,未知,钢混结构,有,,https://sh.lianjia.com/ershoufang/107101517127.html
浦东,周浦,公元三村,外环外,285,32903,2室2厅1厨1卫,86.62O,中楼层 (共6层),暂无数据,南,一梯两户,毛坯,未知,砖混结构,无,,https://sh.lianjia.com/ershoufang/107100466640.html
浦东,周浦,莫奈庄园,外环外,1450,48952,4室2厅1厨3卫,296.21O,低楼层 (共3层),,南,,其他,未知,钢混结构,,联排,https://sh.lianjia.com/ershoufang/107101408861.html
浦东,周浦,绿地东上海,外环外,720,51224,3室2厅1厨2卫,140.56O,中楼层 (共14层),平层,南,一梯两户,精装,70年,钢混结构,有,,https://sh.lianjia.com/ershoufang/107100238171.html
浦东,周浦,汇丽苑,外环外,455,38560,3室2厅1厨2卫,118O,高楼层 (共6层),跃层,南,一梯两户,精装,未知,钢混结构,无,,https://sh.lianjia.com/ershoufang/107100950494.html
浦东,周浦,印象春城,外环外,440,49439,2室2厅1厨1卫,89O,中楼层 (共16层),平层,南,两梯四户,毛坯,70年,钢混结构,有,,https://sh.lianjia.com/ershoufang/107002011907.html
浦东,周浦,绿地东上海,外环外,460,50235,2室2厅1厨1卫,91.57O,低楼层 (共14层),平层,南,一梯两户,毛坯,未知,钢混结构,有,,https://sh.lianjia.com/ershoufang/107100458507.html
浦东,周浦,绿地东上海,外环外,550,44499,3室2厅1厨2卫,123.6O,低楼层 (共14层),暂无数据,南 北,一梯两户,精装,70年,钢混结构,有,,https://sh.lianjia.com/ershoufang/107101120724.html
浦东,周浦,汇丽苑,外环外,460,41267,3室2厅1厨1卫,111.47O,低楼层 (共11层),暂无数据,南,一梯两户,其他,未知,钢混结构,有,,https://sh.lianjia.com/ershoufang/107101274622.html
浦东,周浦,圣鑫苑,外环外,420,38182,3室2厅1厨2卫,110O,低楼层 (共11层),平层,南 北,一梯两户,精装,未知,钢混结构,有,,https://sh.lianjia.com/ershoufang/107100178428.html
浦东,周浦,桃园新城中虹佳园,外环外,258,35809,2室1厅0厨1卫,72.05O,低楼层 (共5层),平层,南,一梯两户,其他,70年,钢混结构,无,,https://sh.lianjia.com/ershoufang/107101456868.html
浦东,周浦,粤亮湾景苑,外环外,590,40916,3室2厅1厨2卫,144.2O,低楼层 (共18层),平层,南,一梯两户,精装,未知,钢混结构,有,,https://sh.lianjia.com/ershoufang/107101147399.html
浦东,周浦,信诚丽都苑,外环外,275,41889,2室1厅1厨1卫,65.65O,中楼层 (共6层),平层,南 北,一梯两户,精装,未知,钢混结构,无,,https://sh.lianjia.com/ershoufang/107101089155.html
浦东,周浦,绿地景汇佳苑,外环外,960,47563,4室2厅1厨3卫,201.84O,低楼层 (共18层),暂无数据,南 北,一梯两户,精装,70年,钢混结构,有,,https://sh.lianjia.com/ershoufang/107100801306.html
浦东,周浦,万达广场(周浦),外环外,120,20513,1室1厅0厨1卫,58.5O,中楼层 (共28层),平层,南,一梯十六户,其他,50年,钢混结构,暂无数据,,https://sh.lianjia.com/ershoufang/107101112023.html
浦东,周浦,莫奈庄园,外环外,2050,62793,6室3厅2厨5卫,326.47O,低楼层 (共3层),,南,,精装,未知,钢混结构,,联排,https://sh.lianjia.com/ershoufang/107100277755.html
浦东,周浦,公元新村,外环外,183,37834,2室1厅1厨1卫,48.37O,高楼层 (共5层),平层,南,一梯四户,其他,未知,砖混结构,无,,https://sh.lianjia.com/ershoufang/107101512371.html
浦东,周浦,安阁苑,外环外,250,35152,2室1厅1厨1卫,71.12O,高楼层 (共6层),平层,南,一梯两户,精装,未知,钢混结构,无,,https://sh.lianjia.com/ershoufang/107101496281.html
浦东,周浦,印象春城,外环外,390,42591,2室2厅1厨1卫,91.57O,低楼层 (共18层),平层,南 北,两梯四户,精装,未知,钢混结构,有,,https://sh.lianjia.com/ershoufang/107101474158.html
浦东,周浦,富康苑,外环外,300,41238,2室2厅1厨1卫,72.75O,高楼层 (共6层),暂无数据,南 北,一梯两户,其他,未知,钢混结构,无,,https://sh.lianjia.com/ershoufang/107101518724.html
浦东,周浦,周东一村,外环外,165,36537,2室1厅1厨1卫,45.16O,中楼层 (共5层),暂无数据,南,一梯三户,简装,70年,砖混结构,无,,https://sh.lianjia.com/ershoufang/107101416404.html
浦东,周浦,绿地东上海,外环外,670,46506,3室2厅1厨2卫,144.07O,中楼层 (共18层),平层,南,一梯两户,毛坯,未知,钢混结构,有,,https://sh.lianjia.com/ershoufang/107000584407.html
浦东,周浦,印象生活广场,外环外,164,33490,1室1厅1厨1卫,48.97O,低楼层 (共15层),跃层,南,一梯十九户,精装,40年,钢混结构,暂无数据,,https://sh.lianjia.com/ershoufang/107101503419.html
浦东,周浦,汇福家园兴盛里,外环外,260,33767,2室2厅1厨1卫,77O,中楼层 (共18层),暂无数据,南 北,两梯四户,毛坯,未知,未知结构,有,,https://sh.lianjia.com/ershoufang/107101215664.html
浦东,周浦,绿地景汇佳苑,外环外,1005,49976,4室2厅1厨3卫,201.1O,中楼层 (共18层),暂无数据,南,一梯两户,精装,70年,钢混结构,有,,https://sh.lianjia.com/ershoufang/107101210294.html
浦东,周浦,鑫源物业小区,外环外,320,30761,3室1厅1厨1卫,104.03O,中楼层 (共6层),平层,南,一梯两户,简装,未知,砖混结构,无,,https://sh.lianjia.com/ershoufang/107101346388.html
浦东,周浦,印象春城,外环外,420,47192,2室2厅1厨1卫,89O,高楼层 (共18层),平层,南,两梯四户,简装,未知,钢混结构,有,,https://sh.lianjia.com/ershoufang/107101287490.html
浦东,周浦,印象春城,外环外,440,49075,2室2厅1厨1卫,89.66O,高楼层 (共18层),平层,南,两梯四户,精装,未知,钢混结构,有,,https://sh.lianjia.com/ershoufang/107101211381.html
浦东,周浦,绿地东上海,外环外,510,50521,2室2厅1厨1卫,100.95O,中楼层 (共14层),平层,南 北,一梯两户,精装,70年,钢混结构,有,,https://sh.lianjia.com/ershoufang/107100609643.html
浦东,周浦,欧风家园,外环外,260,36817,2室1厅1厨1卫,70.62O,高楼层 (共5层),平层,南 北,一梯两户,毛坯,70年,钢混结构,无,,https://sh.lianjia.com/ershoufang/107101374664.html
浦东,周浦,金宝公寓,外环外,380,36623,2室2厅1厨1卫,103.76O,中楼层 (共6层),暂无数据,南 北,一梯两户,精装,未知,钢混结构,无,,https://sh.lianjia.com/ershoufang/107002280285.html
浦东,周浦,欧风家园,外环外,264,37069,2室1厅1厨1卫,71.22O,中楼层 (共5层),平层,南,一梯两户,精装,未知,钢混结构,无,,https://sh.lianjia.com/ershoufang/107101429257.html
浦东,周浦,瑞和苑,外环外,252,33600,2室1厅1厨1卫,75O,低楼层 (共14层),平层,南,一梯四户,精装,未知,钢混结构,有,,https://sh.lianjia.com/ershoufang/107101306499.html
浦东,周浦,绿地东上海,外环外,490,48539,2室2厅1厨1卫,100.95O,高楼层 (共14层),平层,南,一梯两户,精装,70年,钢混结构,有,,https://sh.lianjia.com/ershoufang/107100749515.html
浦东,周浦,桃园新城中虹佳园,外环外,330,34785,3室1厅1厨1卫,94.87O,低楼层 (共4层),平层,南 北,一梯两户,精装,70年,钢混结构,无,,https://sh.lianjia.com/ershoufang/107101465204.html
浦东,周浦,保利艾庐,外环外,430,44463,3室2厅1厨2卫,96.71O,中楼层 (共18层),平层,南 北,一梯两户,精装,70年,钢混结构,暂无数据,,https://sh.lianjia.com/ershoufang/107101192542.html
浦东,周浦,瑞和苑,外环外,245,32374,2室1厅1厨1卫,75.68O,中楼层 (共14层),平层,南,一梯四户,简装,未知,钢混结构,有,,https://sh.lianjia.com/ershoufang/107101119248.html
浦东,周浦,沈默花苑,外环外,400,39074,2室2厅1厨1卫,102.37O,低楼层 (共8层),平层,南,一梯两户,简装,未知,钢混结构,有,,https://sh.lianjia.com/ershoufang/107000810179.html
浦东,周浦,御沁园(公寓),外环外,800,48565,3室2厅1厨2卫,164.73O,中楼层 (共19层),暂无数据,南,两梯两户,简装,70年,钢混结构,有,,https://sh.lianjia.com/ershoufang/107101131443.html
浦东,周浦,南郊花园东区,外环外,390,44684,2室1厅1厨1卫,87.28O,低楼层 (共11层),平层,南,两梯五户,其他,未知,钢混结构,有,,https://sh.lianjia.com/ershoufang/107101454750.html
浦东,周浦,明天华城,外环外,475,45854,3室1厅1厨1卫,103.59O,高楼层 (共6层),平层,南,一梯两户,精装,70年,钢混结构,无,,https://sh.lianjia.com/ershoufang/107101209090.html
浦东,周浦,汇腾南苑,外环外,192,36924,1室1厅1厨1卫,52O,低楼层 (共14层),平层,南,一梯四户,精装,70年,钢混结构,有,,https://sh.lianjia.com/ershoufang/107101364256.html
浦东,周浦,桃园新城中城苑,外环外,265,36883,2室2厅1厨1卫,71.85O,中楼层 (共5层),平层,南 北,一梯两户,精装,未知,钢混结构,无,,https://sh.lianjia.com/ershoufang/107101329225.html
浦东,周浦,绿地景汇佳苑,外环外,555,46769,3室2厅1厨2卫,118.67O,高楼层 (共21层),平层,南,一梯四户,毛坯,未知,钢混结构,有,,https://sh.lianjia.com/ershoufang/107100607226.html
浦东,周浦,新育公寓,外环外,300,35715,2室1厅1厨1卫,84O,中楼层 (共6层),暂无数据,南 北,一梯两户,精装,未知,砖混结构,无,,https://sh.lianjia.com/ershoufang/107100147779.html
浦东,周浦,印象春城,外环外,400,43836,3室2厅1厨1卫,91.25O,低楼层 (共18层),平层,南 北,两梯四户,简装,70年,钢混结构,有,,https://sh.lianjia.com/ershoufang/107101003782.html
浦东,周浦,明天华城,外环外,390,46116,2室2厅1厨1卫,84.57O,中楼层 (共6层),平层,南 北,一梯三户,毛坯,未知,钢混结构,无,,https://sh.lianjia.com/ershoufang/107101327442.html
浦东,周浦,印象春城,外环外,430,48353,2室2厅1厨1卫,88.93O,高楼层 (共18层),平层,南,两梯四户,简装,未知,钢混结构,有,,https://sh.lianjia.com/ershoufang/107100655826.html
浦东,周浦,明天华城,外环外,460,51750,2室2厅1厨1卫,88.89O,中楼层 (共12层),平层,南,一梯三户,精装,70年,钢混结构,有,,https://sh.lianjia.com/ershoufang/107100493848.html
浦东,周浦,鑫源物业小区,外环外,375,32256,3室1厅1厨1卫,116.26O,高楼层 (共6层),平层,南,一梯两户,其他,未知,砖混结构,无,,https://sh.lianjia.com/ershoufang/107101238705.html
浦东,周浦,菱翔苑,外环外,445,45436,2室2厅1厨1卫,97.94O,中楼层 (共14层),平层,南,一梯两户,精装,未知,钢混结构,有,,https://sh.lianjia.com/ershoufang/107101381184.html
浦东,周浦,沈默花苑,外环外,378,47304,2室2厅1厨1卫,79.91O,高楼层 (共6层),平层,南 北,一梯两户,简装,未知,钢混结构,无,,https://sh.lianjia.com/ershoufang/107101480778.html
浦东,周浦,瑞和苑,外环外,250,33334,2室1厅1厨1卫,75O,高楼层 (共14层),平层,南,一梯四户,精装,未知,钢混结构,有,,https://sh.lianjia.com/ershoufang/107101270318.html
浦东,周浦,汇福家园兴盛里,外环外,200,37038,1室1厅1厨1卫,54O,中楼层 (共24层),暂无数据,南,两梯四户,毛坯,未知,未知结构,有,,https://sh.lianjia.com/ershoufang/107101197411.html
浦东,周浦,繁荣安居,外环外,420,34111,3室2厅1厨2卫,123.13O,中楼层 (共5层),平层,南 北,一梯两户,简装,70年,钢混结构,无,,https://sh.lianjia.com/ershoufang/107101341963.html
浦东,周浦,康林公寓,外环外,370,34174,3室1厅1厨1卫,108.27O,低楼层 (共6层),平层,南,一梯两户,其他,未知,砖混结构,无,,https://sh.lianjia.com/ershoufang/107100502256.html
浦东,周浦,绿地东上海,外环外,660,49024,3室2厅1厨2卫,134.63O,低楼层 (共18层),平层,南 西南,两梯三户,精装,未知,钢混结构,有,,https://sh.lianjia.com/ershoufang/107100593299.html
浦东,周浦,慧晶国际,外环外,180,28572,2室2厅1厨1卫,63O,中楼层 (共17层),暂无数据,南,一梯三十户,精装,50年,钢混结构,暂无数据,,https://sh.lianjia.com/ershoufang/107002071047.html
浦东,周浦,圣鑫苑,外环外,345,33824,2室2厅1厨2卫,102O,低楼层 (共6层),暂无数据,暂无数据,一梯两户,简装,未知,钢混结构,无,,https://sh.lianjia.com/ershoufang/107002262607.html
浦东,周浦,九龙仓兰廷,外环外,612,51865,3室2厅1厨2卫,118O,低楼层 (共18层),平层,南 北,一梯两户,精装,70年,钢混结构,暂无数据,,https://sh.lianjia.com/ershoufang/107101282183.html
浦东,周浦,欧风家园,外环外,267,37606,2室1厅1厨1卫,71O,高楼层 (共6层),暂无数据,南 北,一梯两户,毛坯,70年,钢混结构,无,,https://sh.lianjia.com/ershoufang/107101174432.html
浦东,周浦,惠浦公寓,外环外,450,36000,3室2厅1厨2卫,125O,低楼层 (共6层),暂无数据,南 北,一梯两户,简装,未知,钢混结构,无,,https://sh.lianjia.com/ershoufang/107101423276.html
浦东,周浦,龙凤公寓,外环外,202,24320,2室1厅1厨1卫,83.06O,高楼层 (共5层),平层,南 北,一梯两户,精装,未知,钢混结构,无,,https://sh.lianjia.com/ershoufang/107100924668.html
浦东,周浦,汇丽苑,外环外,460,37445,3室2厅0厨2卫,122.85O,低楼层 (共6层),平层,南,一梯两户,其他,未知,钢混结构,无,,https://sh.lianjia.com/ershoufang/107101433313.html
浦东,周浦,申雅苑,外环外,210,40440,1室1厅1厨1卫,51.93O,高楼层 (共6层),平层,南,一梯三户,其他,未知,钢混结构,无,,https://sh.lianjia.com/ershoufang/107101414779.html
浦东,周浦,绿地东上海,外环外,450,50545,2室2厅1厨1卫,89.03O,中楼层 (共21层),暂无数据,南,一梯三户,其他,70年,钢混结构,有,,https://sh.lianjia.com/ershoufang/107101478222.html
浦东,周浦,年家浜路321号,外环外,180,41861,1室1厅1厨1卫,43O,中楼层 (共6层),平层,南,一梯六户,其他,70年,砖混结构,无,,https://sh.lianjia.com/ershoufang/107101399881.html
浦东,周浦,安阁苑,外环外,205,38383,1室1厅1厨1卫,53.41O,高楼层 (共6层),平层,南,一梯两户,毛坯,未知,钢混结构,无,,https://sh.lianjia.com/ershoufang/107101297872.html
浦东,周浦,新育公寓,外环外,310,33305,2室2厅1厨1卫,93.08O,中楼层 (共5层),平层,南,一梯两户,简装,未知,砖混结构,无,,https://sh.lianjia.com/ershoufang/107101261939.html
浦东,周浦,公元新村,外环外,190,35461,2室1厅1厨1卫,53.58O,高楼层 (共5层),平层,南,一梯四户,简装,未知,砖混结构,无,,https://sh.lianjia.com/ershoufang/107100975616.html
浦东,周浦,颐谷北苑,外环外,182,35687,1室1厅1厨1卫,51O,高楼层 (共6层),平层,南,一梯两户,毛坯,未知,钢混结构,无,,https://sh.lianjia.com/ershoufang/107101363275.html
浦东,周浦,瑞阳苑,外环外,220,32797,1室2厅1厨1卫,67.08O,低楼层 (共14层),暂无数据,南,一梯两户,简装,未知,钢混结构,有,,https://sh.lianjia.com/ershoufang/107101497674.html
浦东,周浦,汇枫公寓,外环外,288,36943,2室1厅1厨1卫,77.96O,中楼层 (共17层),平层,南 北,两梯四户,毛坯,70年,钢混结构,有,,https://sh.lianjia.com/ershoufang/107101472572.html
浦东,周浦,圣鑫苑,外环外,270,42864,1室1厅1厨1卫,62.99O,中楼层 (共18层),暂无数据,南,一梯三户,精装,未知,钢混结构,有,,https://sh.lianjia.com/ershoufang/107101296461.html
